Pos X(inch),Pos Y(inch),Pos Z(inch)
-0.669,-0.669,0.0
-0.6606021533682154,-0.6575935898971669,-0.004115407583232594
-0.6632390931454787,-0.6452550117581634,-0.01061872372789714
-0.6646585185178421,-0.6612058315405904,-0.0010708770499104066
-0.6963232261975371,-0.6590260966307027,-0.003758979130143289
-0.6952412878508539,-0.6550052607390755,-0.013741661662981138
-0.6580453734059488,-0.6419358260164949,-0.013305779202681204
-0.6691822244201229,-0.6555834947566013,-0.003454664030310155
-0.6633521976867907,-0.659770883222902,0.023293637432258027
-0.6704250849461292,-0.6397937744960127,-0.0006453412212699924
-0.669,-0.634,0.0
-0.6710362551864866,-0.5779330483665278,-0.013260903268215366
-0.6585737768318817,-0.5387593174179268,0.0037981541582178804
-0.6471480059074325,-0.4799234406085991,0.0014790606176600456
-0.6713119611029321,-0.4094090022613669,-0.00959024190998985
-0.6572273488756974,-0.3870823055218756,-0.008478832435458708
-0.6677105231630287,-0.3360981617960116,0.009911186169349813
-0.6741189950213808,-0.28072031910184814,-0.004851685690770453
-0.6675230627091976,-0.22981368474812358,-0.011718580999155235
-0.6795687794797858,-0.19521413039520102,-0.0018834553406956887
-0.669,-0.134,0.0
-0.6792004681546244,-0.09285370934891578,0.0018989022770811875
-0.6735982199474913,-0.03546688453322744,0.009056340840433682
-0.6838089167010641,0.014717175959103605,-0.015630842960828478
-0.6469414856711388,0.0679462668460922,-0.005150242225050405
-0.6763189659660832,0.11006144560232045,0.011260146165060948
-0.6585718066675802,0.16701400463464275,0.011009693468241565
-0.6774112457840744,0.20865885662674635,0.0137919940050844
-0.6627726280215797,0.24645584037737758,-0.00313761517335605
-0.6675287315054264,0.30405765492534315,-0.001547006139472013
-0.669,0.366,0.0
-0.6614088957687588,0.4001229807120081,0.004361676357053565
-0.6316516684257718,0.42219909227858604,0.015529992999811905
-0.5916827008672072,0.4548507177333362,0.01688654073212609
-0.5977218173522468,0.4908351489479847,0.00683814111978523
-0.5861956686084064,0.5245017564675518,-0.001984324106472219
-0.5533318441797849,0.545832029183854,0.013087174431571981
-0.5528643822601756,0.5712400314432395,-0.0006002358550509815
-0.5129414245081589,0.6195996854779614,0.010585018193326131
-0.4957024868769472,0.6440723719205771,-0.01005540722999967
-0.478,0.669,0.0
-0.43153245396464723,0.6808282644148377,-0.014036710378566429
-0.3883414469422562,0.6646586830709165,-0.0018123939175054866
-0.3224357536329968,0.6495711378039334,-0.0016161508101611123
-0.2804339840983636,0.6694789371775228,-0.010191982038537951
-0.21633001555882644,0.6913150192405371,0.017196976806583594
-0.17845430117787284,0.6636386399750173,0.008079273662593384
-0.12232718896632493,0.6498464655157203,-0.014223911419960288
-0.08383017196027198,0.6473073384303345,-0.01079132111725738
-0.018621841562440872,0.650144727071014,0.001973901244271901
0.022,0.669,0.0
0.06981308482339835,0.6740258532136367,0.00235283094480744
0.1447496826846465,0.6638591979151384,-0.0059717373013867875
0.17923356112517788,0.6643742079343364,-0.011424483725330043
0.2218482072278875,0.6736465508859569,-0.010112854202932002
0.29347470647049917,0.6621454560413506,-0.001025559490489113
0.3383080691397493,0.6679307083391333,0.006957332629476062
0.37527238696977405,0.6707529760109716,-0.010464971414987749
0.4566829294902761,0.6668090312896956,0.0030909507911482366
0.5166666063176802,0.6681802812150182,0.0025276843644420426
0.547,0.669,0.0
0.5696080887709214,0.6337372646851364,0.0009786832390172437
0.5757903186823929,0.5915836114258701,0.021506816413527936
0.5781313652038736,0.5472908526742255,0.001660316099000635
0.5981741429272922,0.5091103542566173,0.009059471183538262
0.6200565576217597,0.49495933197742964,0.013181621150746933
0.6028758950841675,0.4528050610245381,-0.0053829399949715615
0.639578406231231,0.40725140787849,0.00351440619616429
0.65402181070257,0.37131577761418455,0.013428403731305502
0.6684810756551774,0.33387136814873497,-0.006007843688487882
0.669,0.297,0.0
0.673404728954959,0.2670163354346447,0.0017664762696433583
0.6708545734839004,0.2026625689173116,0.010658370512567308
0.6820569196139719,0.1407725075701897,0.006396737112252423
0.662318312738905,0.10599440373594882,-0.001981887171227893
0.6593318584265274,0.05162091615852768,0.0011519932560330951
0.6709119098484359,0.004709438264268752,-0.0037673382801979368
0.6710926679722634,-0.055019102882289415,0.0013869848052145905
0.6477184602045085,-0.10018838737332475,-0.0005587642077034353
0.6679059671413634,-0.1349692254056872,0.002023402810649924
0.669,-0.203,0.0
0.674898659521692,-0.26772230436280575,-0.011655852407642796
0.660499136406663,-0.2917593234439757,-0.0046489207531930825
0.6522159940303576,-0.3508050467622253,-0.024541465086218347
0.6631929231910041,-0.38105668814268806,-0.009149140367912733
0.6537470701157817,-0.44759208595524497,-0.004597341195827409
0.6489732008353047,-0.48309291111944036,0.011872106119565476
0.6646791841915275,-0.5386578815672588,-0.004879203065745897
0.6448904122155672,-0.5589142605434526,0.0005717417143969032
0.6270652398385579,-0.618786981830446,-0.00102129270810851
0.64,-0.669,0.0
0.5834306680225875,-0.6676765459719873,0.0027924151871225426
0.5366401486066508,-0.6790720566855687,-0.0009171152868415343
0.487907241984377,-0.6708793849573553,-0.00012876590222350771
0.4237905035889663,-0.667659584705905,-0.0055221647235113224
0.3629147282317427,-0.6667334792769316,-0.02322491274129565
0.34744179299794264,-0.6699179844494616,-0.0065414231507817016
0.2736268901792593,-0.6760939165345901,0.011041453077716642
0.21640771442353063,-0.6566421040640055,0.013104294661633653
0.1757460295493475,-0.6844182042918129,-0.001108221338411587
0.115,-0.669,0.0
0.07301805405246126,-0.6713745768386266,-0.009966624705798828
0.010159953288468722,-0.6597796764242494,-0.006019824622798975
-0.028745304529652592,-0.676634354572706,-0.020981909985042263
-0.08139321063384759,-0.6721239029849019,0.0032614727636271646
-0.11794446435724597,-0.6628968792963382,-0.01085341717872036
-0.20272042963979123,-0.6797940774518881,-0.007545905926865466
-0.23304598003835622,-0.6799410196603433,-0.00959933543650163
-0.29666610440208735,-0.6541867943653112,8.980041466708138e-05
-0.334532189999688,-0.6789497487905236,-0.016234839332029072
-0.385,-0.669,0.0
-0.4070090472136548,-0.6615418158687786,0.013716534517156515
-0.40479220276770483,-0.6586490644509185,-0.010065902381939123
-0.4128764537834397,-0.664099277356908,-0.004478826984797142
-0.4542170850275088,-0.6498044204182933,-0.009456577680209586
-0.4447944061245459,-0.6560154247561852,0.002489220552161386
-0.4814992336514182,-0.6404847343306161,0.008700434009501134
-0.47472648563293296,-0.656422357762342,-0.013419691714151558
-0.48488075993401186,-0.6364086720038808,0.01108918546089832
-0.5150723381752632,-0.6327272625931876,-0.011907530039665421
-0.516,-0.624,0.0
-0.4640340773612788,-0.6230913990566547,0.008802915002587628
-0.4192891987906399,-0.6147470208221162,0.008011824693398147
-0.3654616705013886,-0.638002424911041,-0.023502256787712273
-0.29289836697080807,-0.6251678646507781,0.02370386701033882
-0.2564334636603437,-0.6204928947302772,-0.010528050227565408
-0.22621834175192185,-0.6236133605008047,-0.0030872861002290714
-0.1675983812195862,-0.6217314335950634,-0.0010533955133324154
-0.11741821536792664,-0.642986941945,0.004673522578180865
-0.0668032618167186,-0.6229872969547378,-0.010028539781344341
-0.016,-0.624,0.0
0.022282556824564648,-0.6339713333938768,0.0019155681921976548
0.10030921732516453,-0.6297320301482672,0.0010072267478865161
0.13429566461843942,-0.6260540732196803,0.005520929854976437
0.2008897415869262,-0.6138496805779615,0.0039602548712594264
0.2358556872861674,-0.6427148393214059,0.005184950514781397
0.2875275374905108,-0.6345039495427001,-0.0028609645364122177
0.34408997781258305,-0.6271699626112076,-0.0001498703154766024
0.37582607658574624,-0.6144153928855081,-0.016104703509444783
0.4275856439531944,-0.6416178900569651,0.00678037320494411
0.484,-0.624,0.0
0.4786027410002068,-0.6115400890930979,0.00940917369303532
0.47791749872648515,-0.609472100486061,0.004073706744928874
0.43679112811848697,-0.5858347317191034,0.00028077244998044786
0.432825796453796,-0.6112503941929751,0.00377559296404365
0.4263173485364288,-0.6000529446384137,0.0021092514920773853
0.4228947705280047,-0.5701453994877139,-0.009256109049931
0.42043290826424046,-0.5944029621757487,-0.008151493143269812
0.4075168022018793,-0.5949739353498089,0.0046022150390663446
0.39716366168976885,-0.5886240742494657,0.006140939584580083
0.382,-0.579,0.0
0.31623790778935973,-0.5834287224463672,-0.004039940878272603
0.2724547667382269,-0.5680173407403759,-0.010302614355411122
0.2035317212458843,-0.595640045808539,0.002697669356958924
0.17923945980710845,-0.6003888701902,-0.007516587041606715
0.13420383800412802,-0.584392268941127,0.0006563368733286508
0.08722610114589434,-0.5764050448397984,0.015237039986058019
0.03151020833753714,-0.5687705520275063,-0.002497605542008363
-0.022321525800512967,-0.5767071202732689,0.014457304328168025
-0.06470133813658815,-0.5897655774908523,0.00042439486163263685
-0.118,-0.579,0.0
-0.16973264007852423,-0.5785951853599083,-0.003198703705084305
-0.21997499908590323,-0.5813948136496272,-0.004039020286944592
-0.24694555783207592,-0.5885172965096553,-0.002042857241008255
-0.32332851724774636,-0.5762858400795009,-0.02104971408093775
-0.37972493033321303,-0.5818986317230854,-0.009771179516382606
-0.4337125768756467,-0.5833373800587217,0.008258245361267978
-0.4656777895244343,-0.5827034824746576,0.012867509602463275
-0.5203165765619061,-0.5851133312299774,-0.008564761139304407
-0.5638382205005353,-0.5881350165555111,0.008070845316926001
-0.618,-0.579,0.0
-0.5778280101266651,-0.5762934748201148,-0.00799602318148757
-0.56047924162823,-0.5644312474902073,-0.005290941197633407
-0.5040498253462239,-0.5662432147057813,-0.019057355261972924
-0.4832114866773978,-0.5563588896817455,0.002668000139560402
-0.4368028860733796,-0.5440675508192945,0.00649401187358272
-0.4013952555904378,-0.5374704773701109,-0.008689486490784824
-0.3704157482793558,-0.5460178972219377,0.004407763962888039
-0.3518927699222269,-0.5555488401527957,0.0020925842749176795
-0.30890187214419157,-0.5271446960912319,-0.01736377200351779
-0.273,-0.534,0.0
-0.21910460200768725,-0.5315609554805415,0.003461889262016454
-0.16135591926250917,-0.5376606520463613,-0.013731297806263382
-0.10869481368936178,-0.5418309007325316,0.006678111746913628
-0.054328127646051674,-0.5386656015597371,0.0065952531630267125
0.0009693225158416315,-0.5420468047001559,0.013887464577907785
0.04248213079930174,-0.527933656688524,-0.001220006677139047
0.07792373378762023,-0.5316765634626617,-0.008796288260922467
0.14335616168606646,-0.5300503382163423,-0.014842064767293658
0.20565715209761506,-0.5239198220032432,0.003635597616665092
0.252,-0.534,0.0
0.29345339911925594,-0.5217797526604626,0.01051021875535208
0.3383052821155608,-0.513921792600285,0.000138885458386797
0.3625473099660966,-0.5183503566507945,-0.001765118839576906
0.4058472434609334,-0.5193483164761317,-0.01584523508279532
0.4358401389983103,-0.5118085346343666,-2.8910348463099307e-05
0.47878456863558366,-0.508380449243933,0.005364260322705146
0.5222622367853441,-0.48932362438602983,0.014981873568739956
0.5511911880311203,-0.5127423753701678,-0.001531860916271344
0.5993304006271901,-0.5124772262221083,2.7886208692743396e-06
0.639,-0.489,0.0
0.6023135247611323,-0.5025218052201462,-0.019333289745113696
0.5438794266925925,-0.49454773677589436,0.018280995014166405
0.48862259001231195,-0.4806270851335804,-0.006836568298068675
0.43852584428129876,-0.4824724824773037,0.012606400634885256
0.3777046221418636,-0.47785719329578014,0.013286468612740465
0.32970672756653274,-0.47809345190345554,-0.004137621257342127
0.2961837156228327,-0.5089926634389222,-0.0031336224253247264
0.23387679190699281,-0.4932117194016778,0.0029719612303077993
0.178276937015194,-0.4866168322266352,-0.006413392260059143
0.139,-0.489,0.0
0.088059262946984,-0.47228982349368775,-0.006246525243239392
0.030403383329826186,-0.4970237006812876,-0.0012323713467569828
-0.012075200650773542,-0.4859843035764389,0.003317575819405571
-0.05367506304546533,-0.49180613764431885,-0.0010753430297088618
-0.11845614991958688,-0.49715374509244986,-0.0059089558969542865
-0.16078501812583737,-0.49097720704689957,-0.009778018742405178
-0.20467959890956366,-0.4814091978522205,-0.010849485008797987
-0.25465606613885516,-0.4953895175008854,0.002409249222042755
-0.31878352508128505,-0.4868284714287382,0.01565670243961396
-0.361,-0.489,0.0
-0.37545180815869567,-0.481860013659191,-0.0235995638153804
-0.3967542830656036,-0.4902262811931225,0.02633987714848424
-0.4112552410478346,-0.4647474685971259,0.011643588289990072
-0.41677435989446526,-0.48959494547963384,0.0033581285275102834
-0.4362854119833018,-0.46847328305056063,0.010079265699201706
-0.4473763705218381,-0.488730781515741,0.011593485382692049
-0.4371432947716926,-0.4738614681660191,-0.001835214283810462
-0.4773209342470898,-0.44858606358117964,-0.005037804626014445
-0.5000189877621415,-0.4579410427638077,-0.01676315697953686
-0.505,-0.444,0.0
-0.4461613365432837,-0.45863600938077814,0.0093546927231118
-0.40257127239048307,-0.43783662009645985,0.0013768935523325724
-0.3529016715210938,-0.44746092947445204,-0.006212383544721603
-0.2827086052536904,-0.4355227868016245,-0.007401896731739754
-0.2483991449034324,-0.45132984267955567,0.00591802869344516
-0.2048276625424099,-0.45930511978403515,0.0033819324603352385
-0.16278508531031796,-0.4562964506186258,-0.011570651291867106
-0.09292280467289563,-0.43754580974533497,-0.013602798888371721
-0.0479507822703943,-0.4372563537143643,0.017992648271935217
-0.005,-0.444,0.0
0.03742605463482951,-0.4344748018271584,-0.006044646176101247
0.08182982509386835,-0.4387767689294088,0.0006616424373006853
0.1616595966138128,-0.45734434382743755,-0.0020548339357134714
0.18042101390465923,-0.44705404654792985,-0.004603961571131272
0.24479359386002691,-0.4386366619693158,-0.00997814600633289
0.30843799063922306,-0.4467221488931189,-0.018372937142823013
0.3445129905428546,-0.44241410319056934,-0.006052626896405585
0.401026017742702,-0.4441582815974785,-0.0022269085167425542
0.4561858934373856,-0.45646057527959694,-0.012267205878608222
0.495,-0.444,0.0
0.5024984731636258,-0.434873067759292,-0.009298931445951534
0.47528040273703587,-0.4341746561283295,0.01493190246479621
0.4607374986770115,-0.41983193595926516,-0.00569211632029032
0.45018916977864054,-0.41755265514378437,-0.009298507449863805
0.42981731261447004,-0.44312118163937647,-0.0013332356547883582
0.4258029756991036,-0.41427281334375365,0.006879448308022932
0.4332235427757335,-0.4010705803205513,0.00989965231990117
0.408812720520511,-0.4264588576586892,-0.005911627056198755
0.40520460277773185,-0.4031555021745846,-0.0037503622310669643
0.396,-0.399,0.0
0.32977508385967885,-0.39529856963647325,0.0010873388760122686
0.28951601437934604,-0.40493817637559276,-0.002108053664026307
0.23812665544824718,-0.37631348095092537,0.002665940091530021
0.187358756582041,-0.40678670928159183,-0.022339068527157908
0.15576145595114418,-0.40048110454328084,0.008004299677285207
0.09944322396881768,-0.40917226774081755,-0.010160833706757386
0.049361049122757024,-0.41289420638491614,-0.005727455033720265
-0.01890224158725915,-0.3919431308457772,0.006897688316393003
-0.0615124442512724,-0.40656482747915185,0.01395027744732407
-0.104,-0.399,0.0
-0.1508381370081795,-0.38922403116158133,0.0032694269222307277
-0.2092387111747056,-0.4053248096403309,-0.010673399403370056
-0.24756452954376948,-0.39020668243381873,0.016028365330206528
-0.31454176786043025,-0.4028000437183347,0.01356566274813121
-0.3741137737294825,-0.39977357713178635,0.013619940855242854
-0.4362433718123089,-0.38538400581215143,-0.007990168854133234
-0.4853443016697006,-0.3992354200776238,0.012288096161459164
-0.5180499292749926,-0.39377838374819435,0.001224718393091545
-0.5889272803643322,-0.3840003319073529,0.012605642590757589
-0.629,-0.399,0.0
-0.5761178727923636,-0.39538954665868803,0.004824196064540406
-0.5539987831436932,-0.38830491681657514,0.028208391137758276
-0.5143331347358283,-0.38191386427212864,-0.0036193894251415953
-0.4824985469551469,-0.3839598758948527,-0.0024307710305988385
-0.44359790516939906,-0.3737209793195667,-0.006244089631917824
-0.4351756843641735,-0.3594438545563628,-0.007044758626947875
-0.37258684871514236,-0.3700494201653653,-0.003695993595431787
-0.3327377990998915,-0.3639897645474978,0.0113142077818463
-0.2930651964381897,-0.36586915628534844,0.010914754002535651
-0.262,-0.354,0.0
-0.20438867224096038,-0.3527528163486263,-0.018411891623037517
-0.17303368791557344,-0.3525265195739506,-0.0014679806191187695
-0.10802416642089499,-0.349832097746163,0.007818530421116384
-0.04965050950348992,-0.34252188825433644,0.005316384481272454
-0.01781419149946551,-0.3596576251872024,-0.012246830132297343
0.040591402301139466,-0.346439957368181,-0.006797842380627698
0.07552553979015166,-0.3624986003273107,0.0001409473542811773
0.14178297553445068,-0.3718568034156299,-0.009998536991770716
0.18834865683721724,-0.34934094282020156,0.0005139619128791428
0.238,-0.354,0.0
0.29280202668969174,-0.3472968423061271,0.009731735302349205
0.33106440027753403,-0.34721330922743665,0.015419223751547043
0.36323220758254676,-0.3384075768914733,-0.005644961363341284
0.3967572533176897,-0.3597050530192153,-0.008816547867992644
0.4305168725231092,-0.34529333145618324,-0.0030480415388499243
0.46577741805096706,-0.31969623045308765,0.013967163998125953
0.5231545384387468,-0.32724648879159357,-0.006050908639251374
0.5710853386046932,-0.3285392461048502,-0.0058187588248384626
0.6039454398358678,-0.31215913394371614,0.0037575976231409235
0.653,-0.309,0.0
0.5978048197502711,-0.30266032402416365,-0.012858826516582628
0.5462766366703403,-0.292074681578493,-0.013757653262174074
0.49198201190058277,-0.3054559963565243,-0.0012473672196148104
0.4331890987955921,-0.2960774156898064,0.00436927637079446
0.3820646476508659,-0.304719149134543,0.01070082834640458
0.3182246664319,-0.3012066465282282,0.015119139799052222
0.2902968308348083,-0.3048210040361243,-0.0036437661133612935
0.22526702231585158,-0.3086978709168723,-0.014833234992395009
0.18406493814153976,-0.32053293831280355,0.004349840775480243
0.128,-0.309,0.0
0.07545405164725523,-0.3099309298745019,-0.0029472955651261884
0.043312330593388,-0.29883988522577776,-0.016484151183864763
-0.006864245002940134,-0.29901502295051796,-0.007937270422130499
-0.06978559838854999,-0.3393150840067169,-0.007777790525560057
-0.13154019936624256,-0.29802180551405805,0.005112211419885448
-0.16489872445045708,-0.3105321195044394,-0.00894435983466543
-0.22167190114606197,-0.3144607614337257,0.007072391391281561
-0.2787249018082137,-0.3150442082290643,0.012409759233251218
-0.3178980384105234,-0.3023260667917038,-0.009623401300181713
-0.372,-0.309,0.0
-0.3892387464647753,-0.31593753300219507,-0.004116517733907755
-0.397541819633428,-0.2999720494753532,0.008672329585897727
-0.4209170543904086,-0.29446269357153004,0.01041428590188879
-0.4281973567125496,-0.31378622115055416,-0.007350183808010397
-0.4458614372114626,-0.2775660763398587,-0.007127223823866621
-0.4547540728866003,-0.27240734629015373,0.0331240759904515
-0.4840275051973634,-0.28688767781694213,0.006625313404650205
-0.482035062568136,-0.2621390728093478,-0.015465704242692535
-0.5108038812563438,-0.2673176131734207,-0.0057499555069766
-0.519,-0.264,0.0
-0.4674708906208709,-0.25618902122890636,0.005289118117605089
-0.43744557839075315,-0.2755507071113724,-0.003188515820909158
-0.34106378036767665,-0.27278372853986504,0.012915581528045157
-0.3304695829857108,-0.2616577702033869,-0.007189203357459024
-0.2668866034849789,-0.27246521184953476,0.0042697628337284525
-0.21677323877099575,-0.26978117863861123,-0.01578873131541232
-0.17285950770814024,-0.28776762530183697,-0.013910232818155455
-0.1300274650894362,-0.2576134327919932,0.005629238127283806
-0.07132154176435518,-0.23946945296811342,0.022486190872043982
-0.019,-0.264,0.0
0.02106147125377032,-0.2578653334294912,-0.00959681604029687
0.0871876284705862,-0.24383417705154595,-0.009127402224194668
0.14335458339779772,-0.2618422358136141,-0.007895126137021181
0.18743665788422278,-0.25893695561318414,-0.006054703147892668
0.23146206580833179,-0.2566512773957711,0.010780725935724066
0.27758293906471854,-0.2547487037976578,0.007892946732825772
0.3327729439180613,-0.27368267587071093,-0.015046382029171508
0.38362823371405014,-0.24975987956120474,0.016915183134523514
0.4313550168875625,-0.2553134662069843,0.016729809260052988
0.481,-0.264,0.0
0.4604498103595161,-0.25560302332880386,-0.014170670612177066
0.464081205505008,-0.25475667051013184,0.004754172077128786
0.43952981484081893,-0.24108284867036275,0.007279556734619336
0.43955599392859224,-0.23960521153260278,0.009187706393276193
0.4402994058216903,-0.24040298451785672,-0.016061643052099846
0.4346845536878491,-0.25964129871784236,0.0003745029295755208
0.4181090608898251,-0.24557095779321023,0.0001223971561813755
0.3952500083621183,-0.2111186886389714,-0.0013189408220053772
0.3979985664022872,-0.23966663948096117,0.007204899928341512
0.385,-0.219,0.0
0.3638714773973468,-0.23223746433917647,0.012809436834919294
0.29720291114056796,-0.21693446665760285,0.029862335385883145
0.23624866669680972,-0.2221780482247084,-0.010097293558550411
0.17150637079125616,-0.20821990535741852,-0.005515419424718295
0.1476520781236728,-0.22583356356719556,0.004717469864669611
0.09593223285729907,-0.21771842287506163,-0.00718787875972769
0.02650638191108441,-0.20053898455809213,0.007689146143585594
-0.019112327202882036,-0.21845604115176384,0.016501020608147263
-0.06203413650045537,-0.22493708979497706,0.006813158733323533
-0.115,-0.219,0.0
-0.16499587212638572,-0.21499692564899014,-0.0007818450713155394
-0.20366937249571462,-0.2000914149593041,0.0029261233152808254
-0.27143075003890865,-0.20855348077370875,0.009569460279866224
-0.31327582541657834,-0.23203844379743258,0.004201878117305783
-0.379862666377724,-0.22588463937981626,0.009426163262315199
-0.39683657805970085,-0.22716747362117595,-0.011793971473681705
-0.4814010003189518,-0.21151283007206645,-0.018554170412484857
-0.5143024631848286,-0.22703148208092258,-0.004446891737582046
-0.542057772174797,-0.22028217696801827,0.008802815525790705
-0.615,-0.219,0.0
-0.5815068475559978,-0.23829884551062003,-0.015102008270163067
-0.5408907059107946,-0.19574281565154408,-0.0031406564643454045
-0.5113994322690388,-0.21038530553967702,0.007127169669091413
-0.4964579079241258,-0.19570799886208756,-0.012733753547660591
-0.42837312068263456,-0.1875214534839291,0.003556966287042295
-0.41196171219209476,-0.1830423909366678,-0.00876611388211695
-0.38876193480564436,-0.18238710705466427,0.00425600131616481
-0.3439468971428705,-0.16972095151859562,0.008277899853939846
-0.31312120163808627,-0.1872969103237466,0.011069433669660457
-0.276,-0.174,0.0
-0.21899071493494657,-0.18010171515117687,-0.008447893472961964
-0.18143479721195005,-0.17903625875751122,0.007912136954019688
-0.10694434387697865,-0.18072972247921984,0.022050495076003953
-0.06518727835198442,-0.18261829053516254,-0.002633322685200052
-0.025105953887197247,-0.17922094246078632,0.0049918553680819286
0.04949703236080649,-0.17146999242638858,-0.026072159113067372
0.08867117498059111,-0.1524229252325195,-0.01695948503921011
0.14829929555280932,-0.16328349249958327,-0.004964150787314691
0.18943728398763227,-0.18120846403586438,-0.0008468654625770511
0.249,-0.174,0.0
0.2994505240580069,-0.1617319612488617,0.015223582365170586
0.3283053264720067,-0.16822313560297095,-0.005176801224771538
0.35575188893791665,-0.16170460535974573,0.00838593685047198
0.3998516995035612,-0.16480665536474873,0.012725612999930237
0.43713685674245195,-0.16808579937839027,-0.017239872978259577
0.4841526725548446,-0.11917355060195299,0.017898257159570972
0.510521868588399,-0.14873109217700486,-0.015174884024574911
0.5695307460956771,-0.12312628466257036,0.01717145892489428
0.5892594664662381,-0.14160092805698407,-0.003831785586709139
0.642,-0.129,0.0
0.5927644630181281,-0.12510028701193193,-0.0007593151733482577
0.5357826837235636,-0.1353694173164867,-0.0040655495359040155
0.5032501826232327,-0.12683337184075877,0.006847093350000028
0.4431711066543091,-0.15902860636691946,0.019673758663791056
0.38305735928260976,-0.12511422573489422,0.002049088626660986
0.34822505122456393,-0.1312726006004261,-0.005536626403047386
0.2831012639550227,-0.1253367941854891,0.0019210039297558388
0.23568976839596767,-0.1278408381622243,-0.00027388093876442985
0.19640058465146468,-0.13530525396866158,-0.014540891114680534
0.142,-0.129,0.0
0.09181480994130851,-0.11978610054995084,0.006763580559974106
0.03095702126010543,-0.14251771410328193,-0.005028046875799145
0.007755000368184908,-0.12068737839208861,0.019679767441794154
-0.07005120861123391,-0.12643589983875644,0.016977772071843786
-0.10268316460535856,-0.09935300269402425,-0.0037236279588520483
-0.15698973339418523,-0.13208235234984717,-0.016171562934027352
-0.2018614478201166,-0.13061831986755887,0.004613157531690793
-0.2702530687745366,-0.13377012557751253,-0.009319828741408532
-0.30661846089943184,-0.11585547272084565,-0.0023569169222045776
-0.358,-0.129,0.0
-0.3956066478166433,-0.11284120524901099,-0.010187265067233157
-0.38274670060150806,-0.12175564211424222,0.011475225700106688
-0.3936103391724859,-0.09391275022348514,0.0029098935276045314
-0.441126705992374,-0.10951058723159691,0.0036673701681242173
-0.42444862497419056,-0.1151588250180835,0.013172886637250502
-0.43089726891705493,-0.11291586265621259,0.01748144514216631
-0.459625284194021,-0.09842624535299062,-0.004679885413497811
-0.487820201730113,-0.09971391063190886,-0.015203307605834047
-0.49008674568837746,-0.08242167583468943,0.0011739146273228483
-0.508,-0.084,0.0
-0.4758140121538821,-0.08519304939641494,0.0010905298142650523
-0.38294142744342696,-0.07734198166324625,0.0005196830371498862
-0.3593736833884743,-0.08919941145346394,0.004621392511595397
-0.2939786217462777,-0.07723378657302124,0.0013805050290286636
-0.24998127350470156,-0.08922433114412077,-0.014313030786020071
-0.2085474889734329,-0.08921634901675864,-0.00013934718092503264
-0.15747746818342465,-0.09125210439709465,0.0041023306871824875
-0.11908757981106359,-0.0678291363237818,-0.008897357347010078
-0.049652515660040746,-0.057103229870237554,-0.0012271879491477697
-0.008,-0.084,0.0
0.04462944088522473,-0.08050120223500269,-0.004054668847327346
0.09014146524505882,-0.06518010061135943,-0.0009219834659369355
0.1527538672220127,-0.0831398096289145,-0.003048536468720196
0.17572705487842685,-0.07827484511090393,-0.005976081536481784
0.24641336773801914,-0.0706490866940816,-0.019888488575420585
0.3084251000508611,-0.09264125517758003,-0.003994682782155225
0.36564205960385676,-0.09415212989086509,0.0020807578995337426
0.39202728488254107,-0.06823271355370378,-0.010539726722363942
0.43070710565174614,-0.09001352764504574,-0.02207741932174232
0.492,-0.084,0.0
0.46989921008791136,-0.07343862060926652,-0.01201617773704207
0.4702269767244215,-0.08962630789013024,-0.007263146118022047
0.4675169014482643,-0.060831712375982325,-0.00291167813678781
0.4716427374964438,-0.08374932948760533,0.034075312432464866
0.44071391192308,-0.044599450561313876,-0.018244134921670128
0.43701670857702846,-0.06141544989988676,0.008265156012120235
0.42660615611570074,-0.04966044712887955,-0.0023101000913640095
0.43198268796460515,-0.0594857708047172,-0.01322134665046126
0.39253734682083796,-0.05886467800042014,-0.01181657513408256
0.399,-0.039,0.0
0.34827755503145047,-0.03823591505485986,-0.010448587099222672
0.280187203614666,-0.041087625516717255,-0.0037426272386355693
0.22581997505707413,-0.036220845287073845,0.006607476695663626
0.20995144420000467,-0.04061901308069189,-0.009045120792335484
0.14717159103388383,-0.03317080953733595,-0.004961753943844685
0.10073168540982179,-0.037960399046308914,0.01516891266906926
0.03493082674750323,-0.02728825110626245,0.015782115975189713
-0.02488192556080209,-0.04543339677806516,-0.0032181997807388253
-0.07513786966315848,-0.04554822109903363,0.00316221295802087
-0.126,-0.039,0.0
-0.1667156724750573,-0.04573095356518068,0.0002928936921003196
-0.21838551699721603,-0.031054969809937938,-0.004142101050258721
-0.2755769794021813,-0.036726003464725786,-0.004833004859908521
-0.32602516392275777,-0.030680554856469033,-0.0037882779311448384
-0.38382151736094167,-0.025234153075995122,0.00950491227765253
-0.4287703668612432,-0.045358887579153094,-0.015627348011482717
-0.4673771315397113,-0.03440583427488251,-0.004983115110708698
-0.5323668118382874,-0.03379907322480196,0.015269856860195387
-0.5722470944134739,-0.04126967548847819,-0.017639656971081576
-0.626,-0.039,0.0
-0.5899994037197773,-0.035246177353939326,-0.004589300256030309
-0.5643252779148897,-0.020388764702739662,0.005629032090933087
-0.5132870910520203,-0.03764522972833301,0.003132344853010116
-0.4788510511926242,-0.0175031240826597,0.012439534737883323
-0.4301877402690714,-0.005347006195955906,0.009624962895523092
-0.4215310500477365,-0.009989877698426256,0.014605204958284495
-0.37608724022694134,-0.014289006816043528,-0.02194503260740787
-0.3268039571262485,-0.010923909298724676,-0.004617835222300472
-0.293534160977008,-0.00102288861903501,-0.012140312802174978
-0.265,0.006,0.0
-0.21255685186379403,-0.002019653762578299,-0.007852659541536975
-0.1614673641710815,0.003693065614159896,0.002820154273901448
-0.12559674816417662,0.011842558068664676,0.013315215282267277
-0.05546820830730949,0.007455245226900241,0.006464760146016903
-0.0189146801405433,0.008098316561978118,-0.005137643061726713
0.029251588796504694,0.013628040056103394,0.014701372095321795
0.09551459248593,-0.012705467097024912,-0.022113587672474483
0.1359588460576838,0.011134716750088636,0.0003291756784310995
0.18892875125342312,0.011632527542219436,0.03043242211044953
0.235,0.006,0.0
0.2890077274180079,0.012329011562896886,0.0199412052151198
0.30237024912751986,0.0030784822013849075,-0.007892601680264072
0.3577344518790237,0.022155578407505733,-0.004806826565286773
0.4003291495453097,0.032766339956595794,-0.012225241056931195
0.43866457419235627,0.032067995443053034,0.008305848229795526
0.47489782190784097,0.04472903756765706,0.0016422660323390493
0.5267310933405024,0.028085921572024244,0.004589060979786059
0.5629222377537024,0.03945228633834734,-0.006890996145431202
0.6165026550264453,0.03256256249710432,0.0007161312720049423
0.656,0.051,0.0
0.6005259347109876,0.05401115932469734,0.0007728134958053437
0.553359875259856,0.048553517611251006,0.006304738592445433
0.48755513041538834,0.05779740985822176,-0.0025578404761514985
0.45223685851236767,0.05155587845077201,-0.0009440135329885059
0.390203523238569,0.04476629356859886,0.005553498204349468
0.36020754053911275,0.05484960084724691,0.00469404218139289
0.27316565884302274,0.04110465226286597,0.01674325882423326
0.24977556837359807,0.07082596283182055,0.00748666058557748
0.1882604250177384,0.04639503214765411,0.008193720961637204
0.131,0.051,0.0
0.07334235050101437,0.04061880787226394,-0.0011647471112911736
0.03718079808216147,0.05885782349943323,0.003581524763916677
-0.02735571710911989,0.04238373903050282,0.0006001606364719721
-0.05722363559798448,0.04857556214962572,-0.0043670987409250425
-0.11996166289552487,0.04803981691931689,-0.010735849236495384
-0.1567664951438745,0.05506782106993063,-0.025724481903982018
-0.23221517023712773,0.048340731258695764,0.005655347864547446
-0.2644638008739212,0.03215260015753209,0.005105890444413714
-0.3210006666130399,0.04516461223602441,0.002074822636846619
-0.369,0.051,0.0
-0.3638190441144962,0.042938274047559025,-0.005252070084934514
-0.3696871892353734,0.06308371380053554,0.01206381593027485
-0.41992516369093474,0.05756301340385845,0.005027378266760925
-0.4300561078518909,0.07883903802907569,-0.009046269972114822
-0.42960569811846566,0.0718087870325851,-0.006016580579253979
-0.47498920069464257,0.07362023259001348,-0.01564353054873385
-0.4876441835394595,0.09250007462922737,0.011783396374735614
-0.4804257295856662,0.09097288737659928,-0.014608733529521935
-0.5051407833310454,0.09400915643578243,0.012379698465359192
-0.522,0.096,0.0
-0.46449339179646953,0.10153999616144185,-0.0031616729660724208
-0.40698319201968536,0.09177933343869474,0.004761340787695432
-0.3510252583218395,0.08934283184118007,0.002337417785509801
-0.29874404368293556,0.10353677539284127,-0.016499973065427404
-0.24956315535799853,0.09745608758383802,-0.0026887230423250684
-0.21842879686136202,0.09220739509958152,-0.0254695356107163
-0.16529374786740347,0.08354651018681888,0.010227659514245632
-0.09380525391004511,0.08385510749835237,0.02548245927842415
-0.04307454295757436,0.08883783265199968,-0.012367962235501634
0.003,0.096,0.0
0.046484807983598296,0.0947251243630088,0.0019146935888310086
0.10552616686912589,0.10042542286996517,-0.0020443706513466266
0.16176635911590548,0.0890379807642873,0.012373243267745235
0.21766387906606188,0.0863291391886626,0.004097244573410174
0.25465028438475695,0.11557726903052773,-0.01268068486231458
0.315745687255401,0.09534561744573,0.015035073470588614
0.36217000469973765,0.10591174700607454,0.0015002309960741598
0.3937080437034645,0.10846252023574998,0.0020577998208184444
0.4492184705817214,0.08229832632125998,0.016974831904390638
0.503,0.096,0.0
0.49826835097058925,0.09891812074100516,-0.0071934176535537984
0.4850884806349584,0.113512493125529,0.008628172308904976
0.47705022175680467,0.09401966224907636,-0.005130458583003399
0.4643707092717516,0.11702558816885246,-0.012394429424858902
0.4356688801817472,0.13497166384462436,0.004806898288640461
0.4422534032935528,0.1397387765242966,-0.01969730177983706
0.4280471522517752,0.13124646454434322,0.006082894010641231
0.3991444682695583,0.12236315096134194,0.009655010146367046
0.4068063978307555,0.14825965978557654,0.023595470308686913
0.388,0.141,0.0
0.3560111631305497,0.15636286785840303,0.011507496358457124
0.29977946469836725,0.12340397566024555,-0.010784391945075087
0.2332565593636347,0.1360827804193453,0.011589228622080911
0.19453822881592073,0.1550534127065415,0.007995260414579194
0.14430510104796904,0.15545197889818263,0.009883311468165528
0.06981042675603577,0.15625113311065553,-0.016111683288855455
0.017800679920359917,0.1509616954317354,-0.0017445342119485321
-0.011946846174529875,0.14568104612329327,0.0037103305927893753
-0.06963775248479294,0.1534859691691687,-0.007946285374263229
-0.112,0.141,0.0
-0.17599668893252196,0.1566769871464918,-0.007631721931956899
-0.2093255705191678,0.13339944638585183,0.009570065560674674
-0.28687330353065243,0.15333310639535538,0.009095156818715129
-0.33736698084833755,0.15446389800985136,-0.003575549895087503
-0.3564521389446647,0.14412477645584645,0.0011843401485964519
-0.4257810141086003,0.1496153134254451,0.01100795008346147
-0.4508573018515913,0.12969217344589792,0.0032410364755920858
-0.5219848015806248,0.17218086019506987,0.0026665061959372477
-0.5639360410945402,0.12152721171894468,-0.02356596026181208
-0.612,0.141,0.0
-0.5605813559854206,0.14350185072489804,0.01634904990945409
-0.5271090091774001,0.15723481676500012,0.0016452736384318831
-0.5145700755237201,0.15800325342283003,-0.004387098024135766
-0.4773852710343498,0.1655428182425923,0.010630141323856075
-0.43136736871486053,0.15815837424434498,-0.010368712484797793
-0.4036799649271371,0.16414356045864126,0.016713277999635793
-0.3606617234636889,0.1671726601125391,9.333823862434085e-05
-0.3286382398058882,0.1831192948639203,-0.01954387256791348
-0.2869407729827145,0.17243209680083674,-0.012972601991044502
-0.254,0.186,0.0
-0.18838544856497821,0.19105394346780843,0.009357610761884435
-0.15346631691477658,0.17120683464557315,-0.010172415509019348
-0.10289778881112079,0.19504443189143583,0.0054376430898204235
-0.04809145909206948,0.21086368306684908,0.006091656967734297
-0.011364165701941365,0.18577479422427268,-0.0001440851989434603
0.019372842115262082,0.1777244194064166,0.0073408109087658244
0.1191608816238908,0.17983888569113754,0.0026914088695644714
0.1484853717791827,0.19121027777156804,-0.002048458049991559
0.21645313810938785,0.19979503755578273,0.01733154263497801
0.246,0.186,0.0
0.2919209703138413,0.1888211196967753,-0.010051531870013144
0.32119539907401584,0.1935501534584569,-0.01937233580455482
0.37173593007763694,0.2044285019660356,0.004735496699444277
0.40665056241831826,0.21280519748549095,-0.009921890078167607
0.44305314742663454,0.20759860132124916,0.0009468784423822729
0.4923592840813841,0.227976087078011,0.007476109720623306
0.5232655033480458,0.21330113897923064,-0.0010888701407960877
0.5686630715588846,0.21990277504484382,0.007887252521630958
0.614430559587355,0.23247871116126376,0.005040462739763303
0.645,0.231,0.0
0.5982713363319014,0.2401417685952425,-0.01058630098960321
0.5183580474085923,0.23599639687933338,0.007405603135848164
0.4881417089883709,0.22051786599096668,-0.009217130921141788
0.43313905069420566,0.2385800447155677,0.019675470148679625
0.38964021957935296,0.2257918051977309,-0.011752042039610472
0.3401978076654349,0.23170093504238995,0.010453481268653734
0.30161158432636054,0.22878725837708036,-0.0027640248425084965
0.24403374059006502,0.21512250991275336,-0.010836920964092108
0.19911660751044122,0.2268094617390576,-0.0026299924647049462
0.145,0.231,0.0
0.09523083990528151,0.21725753814443896,-0.008948357851864595
0.03789713599529855,0.22575315206970348,0.012978470718206377
0.00781986855672593,0.23689207304421858,-0.012341651073333702
-0.06345328271231958,0.23841827921008354,-0.022078103870250214
-0.1396415645051513,0.22583368302161316,0.011226401736992304
-0.1828346306839634,0.22473689655978488,0.008413806061400587
-0.21487155844594333,0.2490112964211743,0.010495754125309538
-0.27061033702821874,0.22297841962952947,-0.013577148366154096
-0.3273217049212946,0.25857969296519445,-0.002057114907911379
-0.38,0.231,0.0
-0.38328589605945906,0.22038564715363274,0.01076167344856099
-0.41862902043491135,0.2535708663313712,0.011821012876122075
-0.4134064708536927,0.23063602355307633,-0.004086725516065929
-0.44588213571532836,0.24054788475441377,-0.001708536838359002
-0.45069535627950424,0.26019646471106483,0.008957295896777408
-0.4563721647041955,0.2734826791832104,-0.02383166533011733
-0.474480913394432,0.25893784678599224,0.005833652919609871
-0.46967446681857916,0.27128211109111205,0.002875413368581284
-0.5079582666596222,0.28932771958292297,0.00055433050829779
-0.511,0.276,0.0
-0.4506238480763051,0.2672930949989147,-0.012744631268659212
-0.41683993649493245,0.2663308887350243,0.004482711091538524
-0.36159193543939133,0.2698809312244118,-0.007687052049608368
-0.31352806190205806,0.28000052816498355,0.01517138427790457
-0.2543395299210777,0.2791819351960357,-0.017451898371994484
-0.2076878105854602,0.2885854657658447,-0.002217251380126887
-0.16976922983159662,0.2799926437384376,-0.014651785042464553
-0.11638151017819934,0.26209435179554796,-0.008480328117626933
-0.053983259650625094,0.2710285969917474,0.0018439907315778792
-0.011,0.276,0.0
0.03943376574072317,0.29817612337692073,0.008620334034629315
0.08415915662689581,0.2765286966169831,-0.015499898708095365
0.13080210341246323,0.2752947077292723,-0.025058224950291752
0.18833027180890574,0.2540208270365578,-0.007289815042492462
0.2581411884430461,0.2870827135984476,-0.01093774058939793
0.29004189068951947,0.2819940439709954,0.010256495418950464
0.3288424974241016,0.2832352521540634,0.0061353924868937796
0.3914020081858977,0.2704105391531198,-0.008849915005051268
0.42393708532575713,0.2764373732067356,0.005007510503470663
0.489,0.276,0.0
0.46350223577713473,0.27097955727820683,0.004787642088337149
0.4709392846408513,0.2892113972729697,0.003480079002366704
0.46264411305660746,0.29825402312899246,0.011337528724650584
0.4504207479144739,0.283532383098052,0.00358245686846324
0.4344029014391941,0.30375232317210077,0.01659242614999737
0.4165383106520702,0.3104612812646383,-0.007803191490324274
0.4134297354644764,0.3193137758865158,-0.008320544637311248
0.3828853552394602,0.31415093969770413,0.010716843092643497
0.38438661364765503,0.30500056815443105,-0.012962995406316
0.377,0.321,0.0
0.34106487970679844,0.32120345061148686,0.018982459265870763
0.2850564828205428,0.3404715803321292,0.0010736233880452308
0.21639446822954006,0.3126570956985498,0.005414691889299289
0.17561350163882078,0.323446200549688,-0.004357617255095289
0.10866049986930967,0.3028741690371155,-0.01760098770692439
0.07105552520068878,0.31518780770284677,-0.025195816065831617
0.027328766281099436,0.31288834506849417,0.0016932981838818969
-0.023086366008910793,0.32508762456155327,-0.013626465192733299
-0.07197887322670164,0.3118941021199623,0.0009337118074484051
-0.123,0.321,0.0
-0.19244180076083486,0.3261942793954868,-0.0006027539403303369
-0.22298744738542897,0.325643501861432,-0.008698229533579408
-0.27498145675236774,0.3151410149927641,-0.011873233222326467
-0.3262451683663803,0.31540111263407034,-0.012964175885694285
-0.34685356892669683,0.3242613087015824,0.003783947419221994
-0.42034523050206274,0.33535146547245387,-0.0003829810980446466
-0.4829010401779717,0.32215335817650914,0.012903170368014057
-0.5285627468697499,0.31748957817910667,-0.0014593267239388313
-0.5692596961256984,0.32297671231919994,0.0061828034339660234
-0.623,0.321,0.0
-0.5926103186474019,0.313685732729438,0.015026254241074103
-0.5602668053090297,0.3255660689179505,-0.0028126900424570384
-0.5255623581937049,0.3351963333231477,0.0016472164236807638
-0.48186541472727135,0.33820360982857683,0.005495780230994064
-0.44209442139113,0.34836946786596346,-0.007802998054982997
-0.3998621067924092,0.3508283243521075,0.013404587264453465
-0.3622683732898328,0.34979994326343883,0.005323139925848882
-0.3269324240772566,0.3647943803759891,-0.00022968763255089758
-0.3104345137639269,0.3638059360744494,0.005799427173979474
-0.268,0.366,0.0
-0.2290670326469848,0.3821273410382827,0.0031219954058682186
-0.17532906138017196,0.3648380421511083,-0.011102712980690424
-0.09516479219343323,0.36165303332121823,0.014261054788451983
-0.05849704609254012,0.37150934644092454,-0.017827686373472845
-0.002861301911001104,0.37847314968009077,0.007459675134899607
0.04498176294291287,0.3616011887668641,-0.002362994722206939
0.09090481234711098,0.3623304290493397,0.0014116593632971023
0.16301947407567685,0.3621088080670564,0.012694606984228411
0.20834597539887437,0.36107934918145373,0.006947899597372258
0.257,0.366,0.0
0.29330058540259446,0.3848716780443099,-0.007932696821054932
0.3300510139555239,0.37008168070725117,-0.007632891986330623
0.3699645701942232,0.3861622245921889,-0.007927673086897312
0.39090012713499134,0.3948456404483409,0.011699012123823422
0.4488509410017622,0.4068379054141043,-0.008290181131013772
0.4884416374242197,0.4088931986624662,-0.007652927486959612
0.5317087775396904,0.4016909799090842,0.0024916311850562813
0.5572132259478222,0.3970783899046687,0.014839074548740783
0.6010003870724854,0.4020716269996944,0.011582263131438356
0.634,0.411,0.0
0.591796825268023,0.43047048754451017,-0.000623622006184037
0.5179390272079334,0.4160336176028424,-0.0037921953234410907
0.4852882792852215,0.4343401550177514,-0.015882837083227155
0.4244327238609032,0.4198756276807696,0.0071605422957721114
0.4008976908365642,0.4365013044294722,0.017512760611483325
0.34697405241888735,0.42137514719607266,0.003914473508808325
0.2855438140400389,0.41605687067657354,0.008831804513004226
0.25782491687555464,0.39581124201675333,0.004113794627495346
0.16790437853956852,0.3982803963654694,0.005734598740744829
0.134,0.411,0.0
0.08271510302726132,0.40338498067069956,0.004670989781606697
0.04620795896544232,0.4181657520507893,-0.009089181725620041
-0.008811812009720216,0.4200391889302478,0.005380244051838861
-0.07657483463386076,0.40661458345469403,-0.010218660433165579
-0.11590564487457455,0.3963385094907565,-0.010048812425795061
-0.16769214756216724,0.407270448154361,0.011923320598235221
-0.2025455382377823,0.39918357802838494,0.013593692572362011
-0.26647789934066546,0.4172829398810818,0.0011663457988875343
-0.3243169393759182,0.42024002363418766,-0.019503726571380012
-0.366,0.411,0.0
-0.3736982991198213,0.4142612724102864,-0.005714770854626259
-0.38867134677260495,0.41475641978854966,-0.0026917869496916108
-0.4240200756920098,0.4178185288345514,-0.0035456773768523103
-0.43195163083769433,0.4448867451481032,-0.0017946287417158035
-0.43084792530292715,0.4506576366389096,0.003208647303445774
-0.452404541933003,0.44020765318868726,0.004061323213212507
-0.47427219947222676,0.452048231495161,-0.01368202247403505
-0.4876566149355685,0.4526943372346993,0.0009337420502295211
-0.5003570045423821,0.4361028115081972,-0.004434577966837988
-0.525,0.456,0.0
-0.4798411354524563,0.4632280819897632,0.01589302518932389
-0.4094638978223688,0.46883215340292644,-0.00946058919144239
-0.36096043774962644,0.46440766411130785,-0.006475101697334773
-0.30645134123921386,0.4430812678005344,0.009337609579728533
-0.25606504747906417,0.4452298437301595,0.010837413066131849
-0.19993699870031503,0.46139542986139426,0.012459357838102836
-0.14348137280789253,0.44730937778204244,0.021470676263925452
-0.1138768869524201,0.45200773427331625,-0.012766088452588406
-0.06218048254046847,0.4511397694517143,0.00604071027160186
0.0,0.456,0.0
0.0554683419613758,0.49211473800179967,-0.019500042025211314
0.0993010940238747,0.43789882027585736,0.003946579602244306
0.13525878925213608,0.45521967312698847,-0.019184952971872
0.16895000813382102,0.4660044713613052,-0.004506034103214239
0.2533037948591555,0.4526506244892443,-0.023578660572200878
0.28880984210770005,0.4543924340291649,-0.023295217600666933
0.3476318379471081,0.45361029826298943,0.015369499414216089
0.40745449219933916,0.4498439927840334,-0.0030613296915319188
0.4599928301546279,0.4669119935894982,0.022685894653764437
0.5,0.456,0.0
0.47679042299867674,0.4508313344173202,-0.015149633964818967
0.4787727846175523,0.4694437247965301,-0.01230261843460045
0.46095379386111923,0.47567815447875117,0.017120549525870252
0.45464142700396676,0.4634753571552479,0.0087506950625354
0.44856471356538585,0.4828682728494087,-0.0013510877911159039
0.42880977047140845,0.4862298990061166,-0.006332205098306076
0.41296294512437964,0.47950081432111613,0.014141315480384062
0.4214961910088822,0.49101873717743855,-0.012476191497313065
0.41845554137570007,0.47943470677415484,0.012069167529055538
0.391,0.501,0.0
0.3476564804845215,0.4775533228896573,0.008171046625964521
0.2886447148314553,0.5110886140164441,0.005869788383065361
0.22548340839153858,0.5053552052904056,0.012504973077352315
0.20362382948866506,0.5029708827497009,0.020658319901781668
0.12505862505663598,0.49762020575640165,0.013989337436494376
0.08747771398945343,0.5019078711863344,-0.005595728665262185
0.017154263566416847,0.5105614183307993,0.0016037788459140312
-0.031026476516785882,0.5143614509395141,0.025114615117057495
-0.06785430898302802,0.5128620164452781,0.004853499045381942
-0.134,0.501,0.0
-0.17631906530330776,0.5028113709489891,-0.0001177950463364167
-0.22284616445168495,0.4966587919376892,0.00697378660195092
-0.28228783689121667,0.5157126843705913,-0.0018767678553608567
-0.3357829722388436,0.5152890079223233,-0.012394212490016725
-0.3840261350732959,0.5070118840418222,-0.00438890802465001
-0.4385227935446002,0.47791611147513036,0.0073758629245232726
-0.5038058282421397,0.5046021073889758,-0.01470418491040345
-0.5274106720097039,0.4950152485282337,0.0005179273549028449
-0.5925630592042046,0.48978874809400447,0.013461826131119658
-0.634,0.501,0.0
-0.5976229527350888,0.49327901078659453,0.006559298839291241
-0.5587637821726107,0.526942114356924,-0.00625653165998945
-0.5117010062229175,0.5310703928216045,0.00013832718042304718
-0.4688008070789683,0.5269993848781506,-0.0004888512507272448
-0.44670063123144027,0.5270810239002616,0.01625325472550237
-0.3915850612680976,0.5289825605652099,0.010987567063040991
-0.37488497104652085,0.5265519362868557,0.0068147190737277395
-0.34011303498009665,0.5562684404495476,0.005691474251687477
-0.29722419424097374,0.5546235035209074,0.0011748331753063442
-0.257,0.546,0.0
-0.20772670042698546,0.5626816167806779,0.00336228637087726
-0.18282617742234672,0.5542385852784649,-0.008694577677420772
-0.11512752618470706,0.5309143965316354,0.006556646846689457
-0.042118724833716696,0.5453302547484399,-0.024716618915954402
0.0008060533647625103,0.5405631325783765,-0.0028905694844914348
0.05156211545436985,0.539597782549588,0.011497956650421493
0.08913601475446686,0.5320735905979406,0.015072841637974912
0.14606583081138516,0.5316700802647251,-0.01093510435678774
0.20284525380254367,0.5430918379203364,0.017361979450737815
0.243,0.546,0.0
0.2791592225754387,0.5454776817705944,0.01008935857795682
0.3315849324999834,0.5381575197953573,-0.00044442966516880365
0.36709299208084306,0.5660107218599417,-0.017336377137678115
0.4088605955976163,0.5754058530469429,0.011656252553581619
0.440175495498862,0.5776209471088136,0.008653391354314014
0.47584538113255387,0.5648277037787975,-0.0007400405625956722
0.540483351248789,0.5926197910220596,-0.01742472342459789
0.5981314348328263,0.5748907153496429,-0.016339504975549694
0.6129715083804229,0.5959418938663357,0.017835458567929133
0.648,0.591,0.0
0.5947201979203353,0.5813563729602423,-0.003683346676745613
0.5538284647232842,0.5905158303737462,-0.002591500189821879
0.4940216283491567,0.5771535216756478,-0.017242102201643603
0.4395940577719784,0.585814658664654,0.0023639074836923238
0.3939040392718815,0.6053016794153738,-0.008889883610714919
0.3300170605649328,0.5871763280113922,-0.0004991724856083101
0.27750012471088814,0.6145939998927608,0.006276700244193942
0.23070353608579136,0.5989837514378878,0.014322577137512494
0.18298120830823844,0.5687530001999447,0.014263654786315612
0.123,0.591,0.0
0.06938790875777896,0.578081812868774,0.0014294158035075392
0.025035880861990968,0.5967076961448423,0.019498379031781324
-0.03435471444128572,0.5994682450449473,-0.005194321028696522
-0.06264988786527652,0.5659402516009867,4.63708303195002e-05
-0.1299512480173237,0.5841938505588186,0.01058880252169722
-0.16694310581147662,0.5822138133551361,-0.0035583343513947764
-0.2235169470551664,0.5941322591431859,0.004196335899020776
-0.2695418451539314,0.5792751875288711,-0.0010764325204371586
-0.33148400276573936,0.5813733871880935,0.0059564832486358
-0.377,0.591,0.0
-0.4047662519319954,0.5873642331205586,0.03145110232132385
-0.3873414032287664,0.5982569324265214,0.006038475941300896
-0.41256049959530866,0.6052319932532002,0.014162000274847765
-0.4435956291220752,0.6042310524783675,9.587199268840738e-06
-0.4356472581831078,0.6207991081996048,0.004575133682216766
-0.47062172729527707,0.609406736138805,0.013605695470170147
-0.4606925412745963,0.6277922935683526,-0.005896180746543305
-0.4991863142373685,0.6216164674932814,-0.0030893954396705105
-0.48797571073834,0.6445409853545172,0.0019363873832307283
-0.514,0.636,0.0
-0.4591099683108503,0.6474957837536715,-0.0020465922864511257
-0.41296179490341356,0.6344044044011397,-0.0018192950705972957
-0.36566108265695535,0.6358557353194872,-0.006011623102785015
-0.3108582370072976,0.632602592837406,-0.005461614915610017
-0.26884491456820747,0.6586173309183886,0.004609284234573206
-0.19984996537228178,0.6289998526387234,0.005585973497358674
-0.1761415744836873,0.6603045259875479,-0.005066925952917078
-0.11398405603936254,0.622396152082568,-0.014598191006957806
-0.0698483713886191,0.6284575935011228,0.0057603518678201624
-0.014,0.636,0.0
0.03543891071868389,0.6214616957339234,-0.007737015205639558
0.08977972880967439,0.6301168308929105,0.017401019186170458
0.16052042108794895,0.6373554666000021,-0.0011906117439011428
0.21754270324318917,0.631331520188987,0.005192050132076357
0.2477073306603901,0.6344860302601486,0.012641317503264813
0.32442426150415404,0.6359220141757623,-0.006187613687013647
0.34083074212384706,0.6398271946014873,-0.00034966430115677537
0.39706797127777677,0.6264769945078855,-0.0009538682048448369
0.45011276790232857,0.6447068321479938,-0.002352723305049417
0.511,0.636,0.0
0.5346837433500348,0.6401500497959006,0.015116542349135694
0.5384367419312596,0.6328661638114188,0.009974333282130252
0.5602376720049692,0.6325986820230557,0.010351864167335086
0.5751379181864021,0.6208026519655083,0.004336133773076534
0.601349594319978,0.6308633357816456,0.02254128454030348
0.5985117239461292,0.6356394870378125,0.002123242644072626
0.6170479725323368,0.6450454089071972,0.00997031113830597
0.6506982576123,0.6525131891935546,0.01761119041861045
0.6594844730774774,0.6257433999695386,-0.003260822066327459
0.669,0.636,0.015
0.652195630388995,0.6424024507567309,0.01012429089674503
0.6663122941574615,0.6302760443827401,0.02039099489917586
0.6705170355339052,0.6425894185163169,0.02431768449142578
0.6670694502015233,0.6217745684614678,0.011465508605540579
0.6800294319469292,0.6345057863233684,0.022951863295132255
0.6654527594731898,0.6359534518579512,0.008084249650890763
0.6515622523107587,0.6361229786311967,0.03238686819979618
0.6729789055905757,0.6296240713612016,0.027417951049723666
0.6671679965389171,0.6175713010464606,-0.011765373893168823
0.669,0.636,0.015
0.641540990790721,0.6017764719020579,-0.0026972937263738776
0.5987242457927701,0.5695525630943784,0.0017607979937953634
0.5596309937100283,0.5252423621437542,0.01734185225051885
0.5008601319298385,0.487072001839413,0.010087853004602496
0.4563409584941931,0.4504493789528769,0.012105997703719186
0.42375085789001304,0.4114780801453525,0.023069177497317725
0.371898248527366,0.3895190384417861,0.020485657463453173
0.32446834904519367,0.3344227480606507,0.0157247566058282
0.2942656930126047,0.2855944853693791,0.019122349773766756
0.254,0.266,0.015
0.20009903802794757,0.22302952122552402,0.016830312425089845
0.16958143169837245,0.18989302228180632,0.016607962449217226
0.10721076811951138,0.13363680721121762,0.01967268896433553
0.039285851489968326,0.09604578794209867,0.03508363162126314
0.011047045869517526,0.03644463101652154,0.0008372832132075101
-0.047172471444491444,-0.007961429326701748,0.0004510793248681533
-0.09335007656981378,-0.05270337030243964,0.01555328989454562
-0.1304541388184282,-0.09944662027501966,0.012813700142737314
-0.1843947208967873,-0.13159540952600318,0.032883032218277736
-0.244,-0.177,0.015
-0.27473172348064195,-0.23218112334789062,0.009085910161763683
-0.3230015796937376,-0.266361210903697,0.007197683389093642
-0.3544998373329156,-0.3112232187241161,0.03028083998854051
-0.40249441833644034,-0.37016647282126425,0.009437727813876976
-0.45711958080789294,-0.41266979125134334,0.013664837153991428
-0.47372981224777433,-0.4393708415568416,0.025341968528478673
-0.5457476537094846,-0.49788119582315726,0.015338125200387001
-0.5799168417309556,-0.555284604959122,0.014495359191935536
-0.6258895798398929,-0.5968621497107048,0.013857999609115393
-0.669,-0.645,0.015
-0.6348381881118752,-0.6543132384382634,0.02483244896779832
-0.5743979704685118,-0.6651761908681673,-0.003978405892323407
-0.5233561754772732,-0.635940622234774,0.012774186065495144
-0.4686782289482036,-0.6347282072829619,0.002831598310945843
-0.4276381902591775,-0.6585858484992715,0.0030256719480170353
-0.39260065152354884,-0.6441434572332004,0.01479516694658465
-0.34656141558667003,-0.6523038483661928,0.03833547326300191
-0.29143942639721787,-0.6729745881863879,0.015412920060154161
-0.24541271782478943,-0.6487724679545566,0.02684473894412715
-0.199,-0.669,0.015
-0.15599185422222528,-0.6718510893229505,0.007837965988064258
-0.10004586549433685,-0.6608436153985985,0.022729974965051126
-0.050124233929658125,-0.6597631329852048,0.021554475021217274
0.002760772716323833,-0.6437992106177366,0.016599504892023224
0.05794103974842399,-0.685119357239483,0.009700778842597972
0.07223224289924789,-0.6647577657307427,0.019681482671724877
0.15030052010117467,-0.657471688133213,0.02299509164974372
0.21392481679138195,-0.6654608156680126,0.020835531012503117
0.24395032453018978,-0.6708460095431087,0.009023536244212375
0.301,-0.669,0.015
0.34529719891309796,-0.6686524328045608,0.01568708545082421
0.3780313938688495,-0.6515152928127739,0.018316600303251485
0.42255612723367203,-0.6304609208150518,0.031196458712938448
0.4767203911215585,-0.6282037873660606,-0.002591827053909909
0.4770599336738252,-0.5912606218276732,0.01702533509669596
0.5059849011117101,-0.592231766148867,0.01826445800549185
0.5710991132356467,-0.5715243498448974,0.015758246791383136
0.5862108156384994,-0.5712308360563201,0.0164343681089231
0.6441439539466056,-0.5548761956602455,0.029383112837771796
0.669,-0.543,0.015
0.6617543139777725,-0.5065406843847378,0.010772230797987493
0.6625972114670368,-0.4472186306226539,0.013675682476619027
0.665121040163047,-0.3885319494388651,0.006859373316684949
0.6659463253834665,-0.34291179790746834,0.014300336467054663
0.6800895960789418,-0.2937565833564943,0.004536695077766594
0.6571470622374295,-0.2606554513404612,0.02896652524226076
0.6711099499982031,-0.18382924903696146,-0.0009360034182967422
0.662446050214681,-0.1570388205675133,0.01802247102606768
0.6773067159474985,-0.09428376195882138,0.027172261827521336
0.669,-0.043,0.015
0.666212267672669,0.02785768515460762,0.012912442599738876
0.6646383991979532,0.059728413374311395,-0.005366813633972598
0.6676238591337885,0.1207257116487553,0.021852517032513376
0.6844839230719857,0.17756918310274608,0.01676041791172527
0.6710396793981631,0.21029586616676224,0.02685615158351716
0.6752162443627928,0.27144825011206297,0.015319595642602166
0.6696661339237207,0.3176170014210268,0.008322751871462811
0.6514219894835153,0.37952121354868634,0.005016388831296056
0.6709477372437005,0.42240826279183097,0.018862676036433313
0.669,0.482,0.015
0.6655998087531636,0.4891735936934633,0.013701866510930085
0.6137948562659431,0.5102553178717337,0.006403437170260028
0.5782469205397425,0.532078245077439,0.02180509632860897
0.5456861404731407,0.5519705597470431,-0.009108470094658424
0.4978673308353844,0.5948001910602345,0.010414503487798673
0.4924606704147857,0.5910618111064432,0.02200274778871915
0.4557128263217168,0.6062953589741326,0.010551797757616287
0.4353653965429718,0.6295476735264267,0.00744628206192122
0.39681975765935246,0.6636300428752522,0.03500755256855184
0.361,0.669,0.015
0.31569710311002136,0.6780058378966396,0.0025469846026432933
0.2553803686141595,0.6652401899419479,0.007797181397737504
0.1971305470100816,0.6623064151313935,0.018986701185002605
0.15469851925904557,0.6721698392489043,0.024141380447033612
0.10973950817001421,0.666240410603167,0.02169820169187743
0.08134712203904887,0.6577065807324455,0.007187358761647385
0.003763557379231553,0.6724371292507272,0.024379752329950266
-0.043816129436312905,0.6673559289844607,0.01314365635782925
-0.0759234906954922,0.6723231571569095,0.014830035657811928
-0.139,0.669,0.015
-0.18556879255376602,0.6632462962380258,0.026169851521509864
-0.24257363371805127,0.6714174905202482,0.03683205838184456
-0.2878659235284849,0.6757988113557017,-0.0017650830137898275
-0.34461634816239334,0.6727932422763544,0.020807063117597023
-0.38251761916158317,0.6585571243747688,0.01672937775898832
-0.4327066329607232,0.6651059022415444,0.002468386357006438
-0.502289601907456,0.6577804827273589,0.0022152917911469044
-0.5249187059975442,0.6574786621100774,-0.004212176860281032
-0.5866467040583772,0.6426307744893818,0.013665790366959514
-0.639,0.669,0.015
-0.6433375814503345,0.6298505394026578,0.016915421079641974
-0.6387779334608286,0.5776954890876683,0.0165990497777013
-0.6490207098172185,0.5111618204004811,0.011379503038891101
-0.6627727137759851,0.4719047893258647,0.027456300504315294
-0.6409899226859179,0.44215631225254015,0.04413078423339467
-0.6500099834868235,0.3745430516390738,0.012770146721937523
-0.6493853717181016,0.32689549487243785,0.025545641737994652
-0.6552655763890691,0.27771384938762006,-0.0008971407058053285
-0.6715028430510305,0.22468737253459203,0.02197484883444802
-0.669,0.18,0.015
-0.6847607928634428,0.13674290190238708,0.014962642510961004
-0.6660805648104451,0.07698471589106154,0.012979252630961172
-0.6596450581373333,0.02956720246501692,0.01659938380773873
-0.6804402547571334,-0.016158789787356097,0.013119331699179188
-0.6910672612078154,-0.06554577986028962,0.009689145097425782
-0.6738849800734867,-0.0894898183431731,0.024287915629656147
-0.6733725256616595,-0.1571893924553664,0.032287500085343826
-0.6582106596243275,-0.20073925917919352,0.03412071230510487
-0.6719055380658809,-0.251931693859198,0.017278371339165537
-0.669,-0.295,0.015
-0.6650419227785382,-0.3125504079916333,-0.01212606143269725
-0.6522541880960477,-0.3762432607840975,0.014176950998748881
-0.6352186620273758,-0.3973010496950072,0.012573662523475544
-0.6307280119816485,-0.44548863995783083,0.01745639836367037
-0.6165867165965063,-0.48751005489901333,-0.0015884956983878845
-0.642870043119023,-0.5215892240275639,0.026392886363137066
-0.6017750420565479,-0.5410411320632593,0.013879909434802757
-0.5948865274558791,-0.5923518491386637,0.026892562949255256
-0.5866649892914396,-0.643559637397496,-0.0007589285920528016
-0.588,-0.669,0.015
-0.5691456553040057,-0.6620775968727508,0.023363222785929255
-0.5612742894408926,-0.6476370838012397,0.010115825859598828
-0.557047467494523,-0.67542566288472,0.023786908679886323
-0.5543841351748612,-0.673171403414596,-0.003571791963228061
-0.5422514596388596,-0.670669524769581,0.017743792648342884
-0.5159042598720266,-0.6762760040050761,0.009632951059442382
-0.5110315391896639,-0.6701883603007772,0.011611990958341938
-0.5095658670489037,-0.6800694191255601,0.011849852416309375
-0.4904598625501793,-0.6587066320606225,0.026531437409885374
-0.478,-0.669,0.015
-0.49678782749498335,-0.6285384223519611,0.023037903140824254
-0.5239066147385855,-0.6038145983532679,3.949658356349091e-05
-0.5236784064000094,-0.5689448111060255,0.0228456188835174
-0.5539964401771312,-0.5304096888379672,0.014010151637029069
-0.5639609900923642,-0.5071061075068655,0.005724554528447742
-0.5921761843808552,-0.4935051419853379,0.022857424797828714
-0.6140064727152692,-0.460871052862677,0.017391040554112072
-0.6471034543096774,-0.42050226236451677,0.01899597005408738
-0.6432050970548994,-0.3979557791513189,0.026319143126506527
-0.659,-0.361,0.015
-0.6284207109868805,-0.3837902796333019,0.031416551113221246
-0.5988484545447339,-0.4328827207608047,0.012041619387752191
-0.5583681689134863,-0.44654785220334914,0.0010305430036022262
-0.5077322545496951,-0.4954675078158752,-0.014085652333941948
-0.4792186803504549,-0.5208043147231705,0.020374019634940524
-0.43512179557629066,-0.5512622910090217,0.024675604461508547
-0.4051268103618017,-0.5770503721302769,0.011044146311366378
-0.3696054500943172,-0.6010452418892979,0.009723073494240094
-0.330431534921177,-0.6419006871912594,0.028613165840054182
-0.288,-0.669,0.015
-0.3298086247809972,-0.6467544725060421,0.012610964403833113
-0.36711635755310296,-0.6125731980158285,0.014634014363982026
-0.4042569307842861,-0.5757502693557437,0.02252394390197255
-0.41217727823703326,-0.5235783689798186,0.019069625228022025
-0.45527651867537766,-0.4886916050835555,0.013338928482420133
-0.5052522582011124,-0.44847719642303746,0.01648644550870961
-0.5394769392891449,-0.41506171162134314,0.015711681916156767
-0.5844812109043106,-0.37999469468557234,0.013411011047884336
-0.5953111912225499,-0.359118902008492,0.035942206794816176
-0.641,-0.316,0.015
-0.6090094809505697,-0.33977621686714854,0.014644584415776736
-0.5944032545091932,-0.34978237826019765,0.014268558405903124
-0.5552534256060427,-0.3629548415656094,0.031471183917807496
-0.5365579998152622,-0.39562168368215783,0.01808967848961153
-0.5077796961283112,-0.43389517142312584,0.03505243960370358
-0.475625657921454,-0.4389138922581371,0.016397549411034447
-0.44905488567938,-0.4445305929382118,0.012223562870634124
-0.43207846417211976,-0.4761394767410164,0.0014252624316570608
-0.4049141214829436,-0.5075571239280955,0.022129969432378233
-0.372,-0.521,0.015
-0.3480608158736304,-0.5147898916396713,0.012661174690190583
-0.35295729357707245,-0.5205431486006735,0.01709762474103402
-0.3457998832171933,-0.5103239212807615,0.044569624655944017
-0.33281928510013403,-0.505388341437668,-0.0007083016596807941
-0.3373989444233743,-0.5067976016826321,0.006969120306920151
-0.3503003834365512,-0.5103669202473303,0.011439165634744671
-0.32908252367297697,-0.5200415846276132,0.02082624296454378
-0.34955635950875497,-0.5213799176641722,0.021994049838440173
-0.331305419661832,-0.5327921870032735,0.026621312163315796
-0.319,-0.51,0.015
-0.34350648750327123,-0.49040654819829527,0.02040851897070118
-0.3951722133419837,-0.4412443587930089,0.018902284021329298
-0.41530185358854727,-0.4113541285974899,0.02208870907728032
-0.4522279913409279,-0.3794378319080035,0.010307743457135888
-0.47907974396220965,-0.34104063055125905,0.017574031297125505
-0.5143892945756927,-0.2863132185603346,0.004241212185594036
-0.5714207004602002,-0.2674782072928178,0.011504887578748476
-0.5995549935584871,-0.2218877505975169,0.01124441639528656
-0.6295054433791469,-0.20575988398362965,0.0017098826437496224
-0.669,-0.16,0.015
-0.6381799264473622,-0.18400753105333947,0.022058724654088372
-0.6153802158649556,-0.1982192204756418,0.019715790580290153
-0.5797779217492143,-0.22055056955111538,-0.0021920292871859016
-0.5343373041051207,-0.27672905615481386,0.020565640320839053
-0.5307497702947171,-0.2922688751404572,-0.0007150659897985773
-0.4782359548665282,-0.31312323923896224,0.023525291414191286
-0.44550960566369435,-0.3263635376167786,0.009712030108058649
-0.41685806886426163,-0.3837157516161448,0.005569921754380029
-0.40725569391562033,-0.3685084331300128,0.013294461622117417
-0.358,-0.407,0.015
-0.33394365094490985,-0.423600466113761,0.017171393218034257
-0.2956041985384771,-0.4586214008158007,0.021557368313014302
-0.2891045716720126,-0.4577038694669323,0.0058172740196727
-0.25294778951281927,-0.47424095654363413,0.01834452183914952
-0.2201740453285932,-0.5165018184632779,0.015916722096441092
-0.20252494851999403,-0.5250849971714,0.020432628593202093
-0.1482128388010546,-0.5452039593932226,0.016424765160114128
-0.1368234506474479,-0.5546833267074556,0.01573350494946305
-0.10748579416474606,-0.5816124316078851,0.01986071705188025
-0.096,-0.606,0.015
-0.12421949816560945,-0.5810484409108626,0.028431222912876065
-0.17389239448448338,-0.5245111593545158,0.006914920907537788
-0.20708930571024098,-0.5130354202768678,0.006477685189451798
-0.2238646337401138,-0.455543405001148,0.00416540935371386
-0.26589874486941056,-0.4247353786391988,0.007972904440985105
-0.3055121208802635,-0.3959818841375029,0.02710197484713802
-0.3447130837428698,-0.3572239259819089,0.02793689493127073
-0.3840683857045337,-0.322687844721396,0.0020388957627731526
-0.4162075512729069,-0.30473011027372193,0.019312855354972902
-0.45,-0.252,0.015
-0.45512961884979897,-0.2404252864115135,0.011543728241970575
-0.47796260182070266,-0.20796231635980883,0.008303384708772822
-0.503462583197412,-0.1826660056896011,0.01280440582407468
-0.4955271031956005,-0.17313390356398536,0.012062377007061035
-0.5196957732513814,-0.14041852144238245,0.010540915466920256
-0.5218847529424151,-0.13052423212419897,0.02762188074438069
-0.5384445815705113,-0.125122232436997,0.003913818973174041
-0.5385003135535181,-0.09361339375888098,0.019226198928470415
-0.5693210441482803,-0.07479147432800418,0.03605745706030323
-0.581,-0.057,0.015
-0.5432978590283299,-0.08962370506583456,0.006859256062208524
-0.50303682285661,-0.13172011440039463,0.02209433406291668
-0.4612521554879795,-0.17384362216534816,0.015161165246748619
-0.4558959218038401,-0.1745728504016217,0.0049017001441240115
-0.4093339406512415,-0.24183364153235046,0.01984122360458278
-0.36974723751279187,-0.27943520444137054,0.006335184446847534
-0.34906278865929796,-0.2989812167007115,0.003446986755166479
-0.3033671935345075,-0.3359186900852679,0.0253211403722432
-0.2550538928837936,-0.3916932757020004,-0.006334037250593269
-0.227,-0.411,0.015
-0.22223696952042388,-0.4357779520198813,0.01969537356050957
-0.1598323418260746,-0.441294329067079,0.018414331273942847
-0.1400059675844663,-0.4540480969280389,-0.005591055989279423
-0.1365957737729686,-0.5040332887682202,0.038295058723877014
-0.09716997560936684,-0.5033714370387269,0.02446440058509578
-0.06622952052540174,-0.5102642077875352,0.019847892057690057
-0.04304717970870699,-0.5261614237405408,0.010613031820004708
-0.017386660296805998,-0.5532881527266827,0.021206724074694958
-0.0029541927430161872,-0.6037203905522358,0.017228846332539093
0.027,-0.602,0.015
0.00925394444051186,-0.5582276804514725,0.008749461554154894
-0.05709218999325749,-0.5240719509771561,0.017871251046202914
-0.07854151859762705,-0.4998835016652423,0.0157349465766933
-0.1179987673935276,-0.4575572685945801,0.015811984098853257
-0.14109590901477223,-0.4206285528008081,0.023236217544393596
-0.17516399424378437,-0.40595704590944703,0.010520843168441672
-0.22278437829443087,-0.33971728271558055,0.009941033995230952
-0.24038941130742777,-0.32700661886744337,0.00902974520937986
-0.29760519906816685,-0.2678619457259194,0.01311218944103917
-0.326,-0.249,0.015
-0.37242293146433597,-0.21120781264064134,0.006242517932380606
-0.3995300840046856,-0.16527385395754957,0.02481538285691428
-0.4142998750798236,-0.13079612319177378,0.0034705645120742586
-0.4642742638785306,-0.10164006490397691,0.022547322681439642
-0.4881731108948039,-0.054232401774713335,0.02284353291149803
-0.5332486248365124,-0.03355194468703868,0.0057566015878188995
-0.5702808288368703,0.014806219075661115,0.01695208588535114
-0.6018185699532623,0.02944586514639286,0.025965319699174816
-0.6436715825936342,0.07425379931573556,0.009163639262487977
-0.669,0.103,0.015
-0.6210351743445461,0.0611680287229485,0.016120121711757373
-0.5933136726155387,0.058788999355494115,-0.007737482225791008
-0.5876039486532897,0.0376844981021185,0.020092847225153688
-0.5326342944526111,0.00028164534046228994,0.004412551794754638
-0.5002882185021119,-0.03345300655213534,0.014627333455602427
-0.49184648764913325,-0.0720796259723113,0.005374929145240721
-0.4360538214873978,-0.10357377970424378,0.022198383129448843
-0.41452126650022936,-0.11131457773405234,0.03149554124954275
-0.3796167870768474,-0.15353591668923827,0.01498603691275655
-0.351,-0.16,0.015
-0.30940183272769756,-0.19273148132444032,0.020441028703491314
-0.2581266378386282,-0.23377432848787152,0.02114342230359915
-0.22667754904817178,-0.27145649479257233,0.014169104965693975
-0.2042186157737691,-0.29889442287845175,0.007697837094022214
-0.17262222946597958,-0.33907085920609303,0.02441464004311548
-0.13293393606197537,-0.38349463631546327,0.007407031812368524
-0.08956608481288394,-0.4163233735559706,0.021242625236478938
-0.06099377324521604,-0.45510876632566216,0.00513036059951486
-0.014177611458328573,-0.4855710942693518,0.0074724088378451976
0.02,-0.531,0.015
0.011226020078527923,-0.5274665561954638,-0.005775031083727497
0.03152808688052279,-0.49694747549320883,0.016601393722186088
0.016354000142538863,-0.5401536376113869,0.012458868445842618
0.039162335264364564,-0.5168300274363542,-0.0019629071788239
0.047483751870284974,-0.518730882910535,0.01133720119626062
0.035960909831263516,-0.5097262132119844,0.009939077446932504
0.0439260621161258,-0.5155812862083624,0.0396966129410551
0.06390421435790804,-0.49120813794155305,0.01173588538319973
0.03893903652312297,-0.5099820382045375,0.02472226227865742
0.052,-0.5,0.015
0.015969880403465697,-0.4640974900792633,0.023054117029050532
-0.01211372113677808,-0.4391641563162233,0.015173374660399625
-0.056981243807510754,-0.40068004866839524,-0.028852205754068952
-0.07825926599719707,-0.3505936874575587,0.03431569681979367
-0.1247945588947671,-0.3231547079869526,0.01669818529363625
-0.16960670531300154,-0.2855427555789858,0.0012128152702347659
-0.1808871010336341,-0.2537437263303147,0.02647537329437366
-0.2168455020298626,-0.21013425695820664,0.010219280578624276
-0.25831773205559466,-0.1792485095170205,0.0021311959758678334
-0.301,-0.146,0.015
-0.3418288616852789,-0.10771092902274672,0.02156903949759239
-0.3706305444279159,-0.07135878832794638,0.006768854922857906
-0.39061625659721744,-0.04152112244163777,0.009331102144897662
-0.4344477439444742,0.0025099630221978864,0.013437489018728457
-0.4792888929448699,0.04332666382109827,0.021874405455265283
-0.529821036982477,0.069156280667402,0.018293772462875005
-0.5345683285074221,0.10588162827038275,0.027430367322991242
-0.5908013135776439,0.14098043976641655,0.023003942508908484
-0.6184487465502201,0.169667434167105,0.011388287093989436
-0.655,0.207,0.015
-0.6436479228628136,0.1764935889902096,0.013407845286194955
-0.604868685711828,0.14996227366487627,0.0034045250962960617
-0.5739302649179813,0.1431772243103711,0.0283526599232646
-0.5425900372109993,0.10517665234391198,0.008689328471787378
-0.5185154232297721,0.10555273156536454,0.007158588868353509
-0.46986174621521726,0.08353872252618524,0.01055649498662254
-0.4614931854357145,0.060032732774974853,0.01630365016661465
-0.4323523543692858,0.05426654829843859,0.026489113760540566
-0.4096613384008374,0.017093038111144286,0.0087518390235948
-0.376,-0.008,0.015
-0.3423406005589281,-0.04314505244077499,0.011377315042993
-0.3250068677515491,-0.07218593375037001,0.02152273216011386
-0.24644946616545454,-0.11154598455490433,0.009587109248348985
-0.21413260245910043,-0.165945007346682,0.015996809132969955
-0.16521763379289667,-0.18882717243789326,-0.0035010980067946666
-0.13651428339595997,-0.2332737938635942,0.0021087525126806915
-0.12379203524616789,-0.2707238164309367,0.02170493900454837
-0.07191978124890464,-0.30374429453586804,0.01489292779359224
-0.023214544675878142,-0.34269967223669645,0.022383562472475346
-0.005,-0.379,0.015
0.04169827229286164,-0.4049201478878077,0.010993570601129652
0.050005568003715695,-0.41944937837224716,0.006409084003447472
0.10633134558872048,-0.442513635187324,0.01591092206094802
0.12164633589556587,-0.4957506054087404,0.0060518752302427346
0.1625069758610834,-0.5204192662591249,0.024578790557239764
0.19378212785651813,-0.5394553744260767,0.019723012505189923
0.22968439438264976,-0.584816187791805,0.03357299924813806
0.28591500705893325,-0.5956848523170365,0.016413984531517604
0.2846863163570636,-0.6344263195935159,0.00730816427770473
0.331,-0.652,0.015
0.28741665901608304,-0.6070034492327678,0.018108439144153124
0.262353471783882,-0.5763148320686294,0.013035519371625854
0.22489415429595971,-0.5451259268540379,0.014800485676075129
0.1901971615180915,-0.4964991855918188,0.013369984918905687
0.15958081109760006,-0.46792553807182086,0.005065685589207801
0.11142889084809308,-0.44906126658411916,0.0030210488533686745
0.07209591587174782,-0.40558900156257216,0.010228366459672511
0.04174381831725377,-0.35875369573979116,0.013371217264694335
-0.00763894224026173,-0.3346573724567663,0.017975727580525968
-0.022,-0.298,0.015
-0.04786632311839338,-0.27198331371225715,0.01299658000178321
-0.0943713753184636,-0.2303293158289063,0.020350248370399247
-0.11279836576305523,-0.1664416371228239,0.022863995172967805
-0.17618770226264616,-0.15774705796832522,0.005874157087511007
-0.20847633120033804,-0.11515262396132153,0.01033947833091729
-0.21580789922012913,-0.08424854862153668,0.03254589714470957
-0.2747848039797383,-0.0505758842203898,0.02394736686228588
-0.29564058545274463,-0.00863748930395872,0.019600863109751013
-0.3233117090091529,0.019687555211317417,0.024002722532988532
-0.376,0.055,0.015
-0.3949437097558653,0.09687536892364126,0.012888816453339998
-0.43842377780113173,0.11850207903818252,0.01887268707980161
-0.4453263433153107,0.16523088189251717,0.02138654290427147
-0.483431902226758,0.17814363117341556,0.00397746246955815
-0.5164297795131582,0.22918548518506343,0.010723288176692637
-0.5375787613039741,0.2462743495597356,0.01969548890072578
-0.5524229494971515,0.29478444485234534,0.014012838670778035
-0.5913308599231235,0.32526496981602615,-0.002768044515291685
-0.6117929087019923,0.34285232293327267,0.01351002687373702
-0.638,0.381,0.015
-0.5866744545945077,0.3405702900862044,0.027569856035009895
-0.5728428569943753,0.2990773163820146,0.025017090330603522
-0.5345647595662222,0.2668053633186921,-0.0038942540041479526
-0.48864585403184285,0.2470619579365146,-0.0027716421152241405
-0.45886951035287754,0.21077546373822528,0.018639593146382322
-0.4116984838313091,0.17222859927105416,-0.002716846577832197
-0.3866131940291213,0.14863978747607762,0.013488920938927486
-0.35048627863502374,0.08707108376619445,0.008575003150394195
-0.3275571452618598,0.05162804613680442,0.026961022518298915
-0.284,0.027,0.015
-0.2477349871258354,-0.0046936540675099735,0.015629121278079968
-0.1983831473441745,-0.034668956033666785,0.02402193514861307
-0.15303420364941467,-0.09256561361074275,0.014549507472591369
-0.14742857021026187,-0.10715009997705316,-0.0031583072775283327
-0.11194879283886053,-0.1344260613110866,0.009768476585054607
-0.08323674159607378,-0.19323548348648426,0.023529919694036203
-0.03549626868995913,-0.21937661273763262,0.004658398471141991
-0.002418573611959297,-0.2611104101607509,0.03166544989466154
0.037451824220644324,-0.26984333199176536,0.009070503212052633
0.07,-0.326,0.015
0.12426411972563897,-0.3753912007038592,-1.707613245743693e-05
0.14612718818742385,-0.3921907225123703,0.008356229839252305
0.18805147221998778,-0.4246688494778121,0.028328558791650433
0.2052522704940484,-0.4618950155850676,0.031764958226845316
0.2390045113803121,-0.4907167840046547,0.014019218689214175
0.2631702935416811,-0.5244365726351703,0.0025726064829935565
0.3025447681462174,-0.5714006626158218,0.006670919943894243
0.35209919219481955,-0.6009609012165242,0.010679359296361535
0.37702047515763193,-0.6347833999328287,-0.001411516667958173
0.421,-0.669,0.015
0.4011804718201552,-0.6462414096956444,0.007013124901085348
0.37632288236187306,-0.6121493619403457,0.02192900089388858
0.3488559539717537,-0.572112664284404,0.03147008126488418
0.31968494580246043,-0.532131570019848,0.016667076449485153
0.2753148271072368,-0.501198265459792,-0.0020124686914363005
0.23898558206291884,-0.4676297344567868,0.008197485265029435
0.2344531869035809,-0.4269383379615781,0.031680726314032806
0.20076343608919237,-0.3993370451906343,0.024702836036437706
0.170555332487562,-0.36200601340865696,0.028333646847039602
0.141,-0.334,0.015
0.1150340092841045,-0.2975790541141885,0.009421861587793874
0.08359593137820223,-0.28883180622485727,-0.0018818384090329016
0.0538096175848881,-0.2345990566356349,0.0209372892584742
0.00974188261248715,-0.17561380026280157,0.016349669851478725
-0.026727114224269457,-0.1819812532827218,0.009751035954580411
-0.05621459043774747,-0.13825292532604894,0.009331963722336238
-0.08318820049689135,-0.10054051386450436,0.012169721374348342
-0.12177330389757898,-0.06040519624964121,0.03458381905187852
-0.17839288702851197,-0.024838527562114868,-0.0048461897654261295
-0.195,0.002,0.015
-0.2410999548506219,0.05478848909966245,0.017997225399246832
-0.2780593278233926,0.07907295858948449,0.018077201680125648
-0.3019624016183882,0.11585342159671733,0.012780487590233026
-0.3480509524645786,0.16126202015888302,0.014869109298995086
-0.386983789389087,0.1899931716768589,0.01649350734467795
-0.4315799806803803,0.21886823804875546,0.0040425640825133245
-0.46243258084898226,0.28403471434720773,0.0032689483556070827
-0.5010573718836246,0.3057576422734754,-3.390055788389523e-05
-0.5326316943868753,0.32873054359987885,0.002176738386659086
-0.567,0.374,0.015
-0.5577345763167411,0.35325788614783293,0.04183660017415797
-0.5479506019622049,0.35833709032879324,0.0028337723584867212
-0.526026095072103,0.3458672071914806,0.009401254850469762
-0.5349090580579478,0.353099971962641,0.031405607768309196
-0.5247662251423537,0.34820234908622594,0.02774163943544078
-0.5091914023680032,0.3592878182951272,0.019629321174287447
-0.4852676594929717,0.35155462981423335,0.02001843092266964
-0.4693416460749112,0.3564699345804583,0.019691941556226722
-0.46931939871476297,0.3506275727158171,0.008957126469070719
-0.464,0.335,0.015
-0.42253421212832465,0.28958435395156024,0.020563138139573098
-0.3758978655274689,0.2776617477908036,0.021447388073935387
-0.35423363592873885,0.23000390067705287,0.0201945852451166
-0.32003834752769095,0.1800515468071946,0.005737638268640249
-0.2849809222112738,0.1533010201233757,0.022509628747245127
-0.24736975744712594,0.1361239342459024,0.025705394095574936
-0.21089464432761582,0.08127273410863312,0.017124006966938048
-0.18422884516375312,0.048801835409988295,0.005015010675081201
-0.14740512633603908,0.031294592059065,0.023005050209692905
-0.111,-0.019,0.015
-0.08330067142286991,-0.05001565147550266,0.0028449616150687963
-0.03138264830054537,-0.0920444848292201,0.024325284236508198
-0.011555539446364985,-0.13823942383138946,0.03191445631675513
0.039706373683740234,-0.1608043500824211,0.022268510108834738
0.06546251795435552,-0.19188446819942562,0.013952837863074543
0.09753535441720387,-0.22891089714408744,0.015379181262106958
0.14214342859308096,-0.26833115928863777,0.0016568100148546105
0.1879342900871792,-0.2915368421695557,0.004250787057373183
0.18772437405850328,-0.32998459426874216,0.01705104513308993
0.243,-0.372,0.015
0.27980069150103637,-0.40208556619727853,0.0002761347561278278
0.31362419022117,-0.40842510964042766,0.012172218940367794
0.3436195084872197,-0.44655406165211764,0.02312436040551441
0.37223244246541126,-0.47996091905409166,0.016183872516857725
0.4222046198061492,-0.4948248629385031,0.010550985633738644
0.41785938418547325,-0.5216912732077403,0.0020538361669154136
0.45044465830708874,-0.5534516907045608,0.014661015540626947
0.49670287362290927,-0.5868530095953409,0.01070490276204666
0.5383711998589613,-0.6062682789208906,0.022123339998101704
0.575,-0.641,0.015
0.5413097547837074,-0.6058637014661785,0.022995473261049955
0.4880325184875013,-0.5645833268599402,-0.00946388992693914
0.4787700547085831,-0.5442015674329328,0.008000419119028691
0.42563215387748554,-0.514103438789066,0.022259140615934075
0.4026237698923591,-0.4641525391126997,0.02950397737657117
0.3686623890690785,-0.44228565654635055,0.020427212459085728
0.3486569297733096,-0.39742328701674456,0.0099403373317461
0.30758698126150474,-0.3576468297217514,0.017522860237213347
0.24589628011894815,-0.3217918324754734,0.012734279176983948
0.222,-0.288,0.015
0.18381133770487457,-0.24053230500840497,0.01459160090783544
0.13664669021210418,-0.22386740232053748,0.00791219662399561
0.1078513304510731,-0.19094138805202884,0.01572312391753425
0.07509055169029841,-0.148544509168277,0.014396587578880795
0.04790164763526708,-0.10731846390661824,0.013993399422981464
0.02194566868159417,-0.08157522719906032,0.017952997778298854
-0.032703029357466454,-0.056795855971078384,0.021512609106943227
-0.057292010230818924,-0.009639436364330636,-0.0023131427218938336
-0.10620252950201314,0.02100556973116075,0.0016101764225829648
-0.132,0.066,0.015
-0.16248351061772143,0.11337596913102495,0.004703572858815135
-0.2137923720752529,0.137622577739133,-0.001845655608622876
-0.24759054146381085,0.18332140690263915,0.021507488044085366
-0.28389508191129953,0.20355088780564054,0.020054640395993056
-0.3240889615178722,0.24955614257586578,9.168597799323608e-05
-0.35221279037777103,0.29505023767744887,-0.00035515183079638454
-0.3955085106444691,0.34853714971065447,0.033868956996657075
-0.42634028342333036,0.3735238919232513,0.00875276184050363
-0.4737344389701878,0.3895207817490848,0.012241535848500374
-0.503,0.437,0.015
-0.49655811732004523,0.44894255137261235,0.0064989390413002345
-0.5107557171739534,0.43887581049294344,0.030258149507148564
-0.5260627572031277,0.4508614604111259,0.014182002718628395
-0.513276796451281,0.4917650304334166,0.030754570190779835
-0.5100201487189728,0.4747468490429831,0.01916231919136188
-0.49809145979581537,0.46128189796669217,-0.0016884536587525
-0.5252265441131704,0.5093206031839398,0.017619688589034607
-0.5286011538792279,0.5227444457376652,0.014975917951480901
-0.5400444352052838,0.5041500387962045,0.01603152476393546
-0.528,0.526,0.015
-0.498099291401815,0.4884133261925133,0.01832212759706977
-0.44598694646728854,0.456948360684208,0.03107237404761459
-0.4127650619613991,0.40818323111670884,0.027218136406252515
-0.36320031951698334,0.3786641551407808,0.021640707478574245
-0.3506727809797808,0.3334311844455985,-0.0017235199755181903
-0.3193649557567951,0.3281193973769895,0.019140975019745543
-0.2927407319366887,0.2870096618469768,-0.007934269642781797
-0.2474118455507489,0.23356943055690016,0.01069211963431049
-0.21435969528675566,0.20482259435211989,0.03048105445060311
-0.174,0.172,0.015
-0.1348877296841792,0.12493863293137861,0.0015990751428585723
-0.10461292872367854,0.10346888268064774,-0.003691399272556281
-0.08748711287885076,0.07525629554085395,0.02534522873122088
-0.029285803329517825,0.034881054373477424,0.009365756409300655
0.0165112856385234,-0.010159486328666853,0.00495221284386237
0.037038702915358414,-0.024297723170381494,0.015506410829539111
0.07516814956549663,-0.07431803912662241,0.027821227519894902
0.12376342857599791,-0.11490630571611594,0.023347834304961103
0.13142617629180478,-0.1376669021409179,0.014666205861102332
0.179,-0.181,0.015
0.20872737828814425,-0.23356335616416082,0.01956754611298306
0.23459721448086443,-0.2413094590042869,0.007005463231236488
0.27335014025874405,-0.2781060533888572,0.012483446027007222
0.3303658176679814,-0.3273701942784715,0.016639034232130603
0.3692100123896451,-0.3600024043876237,0.005335870211651413
0.3831627767378685,-0.37831229346686296,0.02589959557095716
0.4241305584196148,-0.43071716333795146,0.025356895623509533
0.4734032516659922,-0.44147318931367846,0.028956921788426182
0.5068987022819141,-0.4926230199515075,0.009055945722032747
0.533,-0.535,0.015
0.5146211546951308,-0.53765736486644,0.014089177332011213
0.5386663895029955,-0.5144441212238932,0.011110532859328177
0.5267294311165224,-0.4958225604292225,0.019124286449989092
0.5003317387053448,-0.4815097633678031,0.014356970345491361
0.506099411104683,-0.4776848701296583,0.02999100958573419
0.5020905107448466,-0.45686426379559975,0.02441969137174535
0.48362885310215786,-0.45253502446777777,0.010828855134651504
0.48780319602382977,-0.4367405599214667,0.02465515775759082
0.47881492767338457,-0.4334031452405637,0.017520537995824897
0.477,-0.415,0.015
0.4491361622812037,-0.36863945237844564,0.013818962175925532
0.4213876717959036,-0.3427684862500195,0.023414683548834865
0.3726135847828075,-0.32474252807799947,0.015603151692832783
0.34125040060759537,-0.27168743368537834,0.012985684742853713
0.2886875624780496,-0.23674460822202015,0.017908818321228395
0.27270053866018035,-0.21321024682491663,0.03157553681375792
0.21561180579696607,-0.17755914759508004,0.008287194926339819
0.20242890286245308,-0.14128041873869812,0.018211566261036382
0.1721770990609947,-0.10688422459236113,0.010810538222784619
0.123,-0.062,0.015
0.09256224713080484,-0.022510816539081754,-0.00037569863210252033
0.03448790953242982,0.020566371015767426,0.004030028279016299
0.023086629629378345,0.03866623341622717,0.016128896119112817
-0.016263768171677268,0.07729658100350409,0.029075299138576517
-0.03987594180684555,0.13047540468078275,0.012581079916330555
-0.09425366495167463,0.1545464488538449,0.019322217759897255
-0.10047808119457098,0.19528685919345964,0.0266681529539241
-0.14554240123660867,0.1991178089535067,-0.007355426514142952
-0.17198764013254106,0.2457590746948166,0.02347420295471988
-0.23,0.292,0.015
-0.25757004228082125,0.31450522012228427,0.024304900049789406
-0.3026945558200771,0.3723290245134671,0.02407228843612002
-0.3414732954498491,0.3931309470215046,0.0028845355326516785
-0.38721634973836155,0.455189084041604,0.011501062466322425
-0.3956304078745578,0.4893594869252474,0.022601238351662178
-0.4430805326913389,0.4878020657838059,0.018240198446793855
-0.46593964333790816,0.5430537253288019,0.010825694187515035
-0.5102474991078821,0.571457660154887,-0.016192688703162855
-0.5414000178640201,0.5904680007100616,0.023568125902324655
-0.584,0.645,0.015
-0.5511750834271192,0.6364564873262526,0.020742220339960236
-0.5133438688116163,0.5853898500421929,0.009081269341361196
-0.4958627260489835,0.560323693045437,0.012774391656771852
-0.43868464239322463,0.5260287517934774,0.01688454306683556
-0.41113485789036214,0.516471286502536,0.029086156328441415
-0.37800442404864143,0.4691791784013183,0.011116913605299221
-0.33155017721824154,0.4376892426715615,0.018036516991931414
-0.30612736014329567,0.42922897106962943,0.002352953422203114
-0.27051925681739153,0.4016386957711924,0.015504258275592861
-0.243,0.368,0.015
-0.19366845130385232,0.3207188642919169,0.01578323258813462
-0.15082981431668468,0.30018751233275526,0.019021169578861553
-0.13363917831657104,0.24489708838642665,0.03091276748874505
-0.08754278400470906,0.2233938492143421,0.012504147550934475
-0.05892619680860283,0.1795589509901576,0.02061995729821036
-0.014910897676245673,0.1484916980042715,-0.0026981467888621997
0.003230853656371015,0.1268687026730384,0.02139406240634324
0.030539010940250244,0.08476603493116532,0.012996497451613397
0.07023170081444478,0.04460738180207802,0.0009417606513143929
0.111,0.015,0.015
0.1444590718103685,-0.01999142605514377,0.010376813057987535
0.18327485948252642,-0.053364973087175215,0.019770602500605867
0.21184045486282796,-0.09820533587339302,-0.009708757912087296
0.24278102835130255,-0.12974017689796852,0.018738138506848846
0.2995990699342973,-0.1614289883240829,0.019306023886169747
0.33457920466497304,-0.1994726190617952,0.024916382515874178
0.3590893297654343,-0.23772175786480765,0.00400141242463968
0.4038482540863205,-0.263758342902493,0.020779749097865393
0.44491794546309,-0.298004668622639,0.011624758782104228
0.464,-0.339,0.015
0.4777395748898104,-0.34576949419298164,0.015145956696412792
0.46654960903236153,-0.3360792884637015,0.011907908331315116
0.4958410782649052,-0.3550675049369672,0.015443053329059977
0.5062241900660669,-0.35137559596211276,0.005135480061310833
0.5209409452690877,-0.3844632527577703,0.020373334707856832
0.533855456404592,-0.36285706106156634,0.01968274590245018
0.5381371269546928,-0.3847869009322768,0.0070919233880089964
0.5419564093600899,-0.36748523124806265,0.019320319912503766
0.56510803036986,-0.3689820287163836,0.01080249923661725
0.567,-0.378,0.015
0.5074387980861812,-0.3429552563262638,0.007990280208064204
0.4869986730236607,-0.3199043434408201,0.0009292569312984566
0.492716003573423,-0.2627818195356497,-0.0031249032099980797
0.4326744148851831,-0.23258343175533738,0.028560075231453493
0.3758091284122421,-0.21355001483152622,0.01053033732057658
0.3627858056647775,-0.17184979669318276,0.019948086167038026
0.3174165569206729,-0.14258767068459996,0.0179459292440541
0.27822558579927426,-0.10833775262936167,0.009740797259952475
0.252673027990707,-0.05071648829982075,0.004706986306243924
0.213,-0.024,0.015
0.17806486798808027,-0.0019773457539695987,0.008447699768991852
0.14220555928827638,0.04411199102873852,0.010311115324241123
0.12685974143328893,0.08145195497476211,0.006920071975923271
0.08875584167127457,0.11510389877489176,0.025245423150625463
0.03257941969468756,0.15392828673459963,0.015808066491720684
0.009277470875491464,0.18257136173161687,0.03360204516667007
-0.03891188838565329,0.23675616955505605,0.020571414195640438
-0.06312191467658744,0.26469667492938015,0.004410098329447491
-0.09853899621695912,0.2960058620412726,0.004083491934060048
-0.14,0.329,0.015
-0.17447935981077314,0.3704824581501812,0.014529218905929684
-0.17767861623090894,0.39448033019803064,0.023768311753488897
-0.24660147631926668,0.4267179571161644,0.021675325348132022
-0.2551150584454298,0.4420244581095518,0.009809693201957006
-0.280322504572184,0.5099336756383716,0.009591133682341796
-0.34288293330670366,0.5262731406580261,0.024003559037766138
-0.34468881226844356,0.5735723099580036,0.008373655161054327
-0.3651121952458281,0.6095337592615032,0.019459070861939952
-0.42104201573575256,0.6417548826972049,0.009974976749557322
-0.433,0.669,0.015
-0.4015853975158353,0.625318376237734,0.024236352790968852
-0.35448783987862104,0.597304001378594,0.020660663983024824
-0.31343181797701913,0.5580180870267476,-0.002964846850587965
-0.2912813303343198,0.516830382930623,0.011326957785377328
-0.25241121372369424,0.4944984016256993,0.010607439379219676
-0.21805439483030065,0.46915115911261907,0.03665059496062047
-0.19753193001657518,0.43572570660163784,-0.0005241957919188793
-0.1570357830585861,0.3983183310586236,0.007753334218004304
-0.1022896022188029,0.37062634080882567,0.0009296480924246182
-0.078,0.331,0.015
-0.03523193169768544,0.30207323178260165,0.022254447008538278
-0.010775253913521238,0.27607660501116765,0.007089824008770913
0.025644076564570958,0.22803977057135638,-0.0043612212418867174
0.07035294246489916,0.19131357578946856,0.029631263460433464
0.1036648673314027,0.1439561661507661,0.022947184117982182
0.14658168394085996,0.12475825174655278,0.022449300230767317
0.15761091544691294,0.08040299216136336,0.023242066144326647
0.2023195228325576,0.0615926609676877,0.010289502478915866
0.2504970477437233,0.006824042143860024,-0.0004638338139394075
0.275,-0.023,0.015
0.3282196413106117,-0.059823850497140715,0.024402348777303816
0.33996088241386435,-0.09602431048223779,0.02114803785245134
0.3735762588113815,-0.14027208983783207,0.0028682588959069583
0.41568996946749925,-0.17051814326841555,0.004501148132399499
0.46451659603928264,-0.20002572974218524,0.008673546997022377
0.4898302929764031,-0.23761502661530418,0.019813336162392448
0.5193498407504477,-0.2801684782610627,0.00371731669881184
0.5678798877659399,-0.3004830415886376,-0.00023211782795171804
0.5841488489326067,-0.35046992311838054,0.009957352457951218
0.629,-0.376,0.015
0.5983156171146643,-0.3542635611831692,0.006076848968725273
0.5764427194391555,-0.3149207520114508,0.009302606012871594
0.5558947780967178,-0.2807090117118781,0.00818820947121051
0.5338559488684509,-0.270127793778349,-0.0010834436603678194
0.5229705174781439,-0.24499312391127234,0.021881268204386427
0.510405130089325,-0.2020113661613052,0.031159911059584353
0.45770349363114776,-0.1745865115113842,0.0047060056110787216
0.44117826809374106,-0.12953330672395447,0.004365985284231549
0.4296303755218189,-0.11676458436557428,0.016565604993179394
0.402,-0.086,0.015
0.3705487719676106,-0.04390882734825854,0.0414885781149033
0.3187453042786651,-0.015006628640407292,0.02359237252000198
0.28276094413309616,0.026378079670568887,0.006909886333528317
0.25878000832106046,0.07202894668734848,0.009758518967968062
0.2220277479535678,0.11627882065554516,0.01603642375869586
0.1637582094395999,0.13896722844295045,0.01450545290184169
0.13977066385951203,0.18115029048410022,-0.0005979491435564779
0.10282157501609894,0.22224205135519295,0.006906963045685419
0.059205650582962024,0.2382362104076778,0.020824020522440628
0.031,0.285,0.015
0.002748729731641888,0.3256450415578833,0.009144313780764145
-0.030583834688899886,0.3674711734898946,0.01918295071021184
-0.06658800921011698,0.3989072756054982,0.007184930743694995
-0.1227975655957431,0.4154351233171953,0.030019354420078033
-0.14332942338768417,0.4670911648449998,0.014751140717438091
-0.1819516093475577,0.48631329557901615,0.02105304197908766
-0.2101106663785347,0.5475956304977418,-0.0007106820664161788
-0.260412537802367,0.5751542306905992,0.01574570594778464
-0.29651012729326887,0.6144473126043197,0.014015447257929843
-0.323,0.639,0.015
-0.2908905896827929,0.6359446029407646,0.01134541678147489
-0.24710000189266254,0.5937983474341718,0.019260290706645762
-0.22704806751100115,0.5695603843035385,0.016995083490811674
-0.215326074096734,0.5339413690457347,0.013409418589863177
-0.17807482555908014,0.4918459735030843,0.013643022164524602
-0.1359352709773994,0.4875919027348361,0.013732675607251374
-0.11830350913461413,0.46336003301438067,0.02074293643309404
-0.07376436632763211,0.43497818028955015,0.02297213666608757
-0.05352214993132964,0.42700100455508333,0.010584362796909344
-0.012,0.392,0.015
0.016892879340417086,0.364254626498473,0.01978305740305105
0.0686242551836074,0.3129314205537932,0.009914726196042407
0.11227836015797883,0.2900628166530093,0.021119107865413038
0.14453910953404353,0.22138963005997953,0.018886439289439796
0.1856734219746082,0.18443335340062106,0.02129737666760993
0.1934812588457714,0.173526044583028,-0.0014932249181138883
0.2430732082022903,0.13590467461487282,0.018142827168751884
0.28341087871557613,0.08922018140442724,0.009829557056298358
0.33114304505267045,0.05580918406378212,0.006037716999020575
0.359,0.021,0.015
0.3967083955483367,0.019814867921593152,-0.0027722127286193346
0.4258403008262264,-0.03837239628390496,0.015136261965497501
0.45958219178636284,-0.0387422852513067,0.012968310095629106
0.4819989851747896,-0.06793549939879005,0.018580046381535507
0.5194007041385763,-0.1048416607862396,0.004513415409835306
0.5564870802324849,-0.13170550016494995,0.025790182613339332
0.5635859970360119,-0.14444062890293216,0.0065752661267869765
0.6026485005002801,-0.16797860261925415,0.014792337696926882
0.6343775945099225,-0.18463961357681688,0.011270940983130556
0.669,-0.226,0.015
0.6294434811074809,-0.19298714874980183,-0.003978168337442495
0.6071120911392832,-0.17464001489957712,0.025853813696271325
0.5784921260971897,-0.12311464351632447,0.008494248304805808
0.5249692724471458,-0.08600103999838836,0.023132205805639364
0.49152296746486496,-0.04972159164422286,0.004048900345610144
0.44691423026275157,-0.022105171705479414,0.014988924057835964
0.42180392789353366,0.03399386029541043,-0.0006885119085745274
0.3948209603988343,0.04735239155688216,-0.003796213751131171
0.36102117032560366,0.09661572296920405,0.01978740811796082
0.319,0.125,0.015
0.2852268187010726,0.15234453689350622,0.014856325614274414
0.2585949040643581,0.18625529066094784,0.011742314728865279
0.21030782412418764,0.21992413007583544,0.021520220552163835
0.18605337574349917,0.2626940085603269,0.024595244345982994
0.14816022668427897,0.3074596373149227,0.0074306182871460074
0.10732413021889285,0.35453879974976116,0.005942460463844185
0.048822192416026956,0.3835854982080705,0.013246687905957783
0.015228141970716477,0.4082585096771754,0.007856287403674188
-0.0010845054298167978,0.43272562860259617,0.007816229048132714
-0.035,0.478,0.015
-0.028886097630699627,0.47768280629373605,0.01004922101338021
-0.03374671478407452,0.4864358830630413,0.004162342441729243
-0.022138549351160105,0.4870647362009106,0.012773470578773684
-0.03696881847340831,0.5132342467173339,0.0098051106533837
-0.04526930513717069,0.5134047032070159,0.031066544087409314
-0.046286782237970614,0.5136704859357942,0.00023241566920484402
-0.05742823516391126,0.5282536542236741,0.010512253042493818
-0.04918572729046426,0.56313371732078,0.022141348674359698
-0.048354242855498136,0.5428767123919649,0.019195113730379715
-0.046,0.553,0.015
-2.544658959953948e-05,0.5177888405347398,0.025709938311551453
0.003389652901542601,0.4784830835824962,0.026908219411777998
0.06039330336554696,0.4118875025519375,0.02664826030321928
0.10981843039443145,0.40282385978239,0.0028769965759438305
0.1432321058781065,0.3659166276117053,0.007801973668426608
0.18602911744890915,0.3251419777850422,0.015966738651725945
0.19892483140326125,0.29848173970999353,0.007872657104884537
0.2494108841760862,0.2513142793647226,0.008954189709376042
0.273475139262305,0.22378686327993494,0.004252952955832862
0.326,0.181,0.015
0.3617765977604625,0.1430262772901077,0.030317345648295208
0.3971467568567193,0.10267113675394651,0.00719652208121839
0.4327709281785612,0.06885853605459938,0.03260256841519535
0.4772414994578022,0.05607272936285344,0.008825806917093202
0.4983499690416533,-0.006815160243375595,0.023018969394962736
0.5117101580566892,-0.023383686446952604,0.01169400443618247
0.5581619635790483,-0.03075679566393332,0.01596309746199822
0.5936459205641189,-0.07576208628718735,0.0020734169907458966
0.6176292716761602,-0.13115325330834238,0.012481650520931652
0.669,-0.155,0.015
0.6159059362214585,-0.11102672277603466,0.029015498726707542
0.6115926523475791,-0.07299863759512043,0.01267247578366973
0.5658961353430617,-0.049847475731275875,0.01830325619164975
0.5203902117018377,-0.01185433541864493,0.01084158029994493
0.522977494977639,0.02900025711056365,0.026349466972610057
0.4891832426073986,0.07651463661291828,0.016537694530078754
0.42932721798888557,0.11644498832970598,0.034418181816873714
0.4145445781691393,0.13731713315981942,0.005999300309331533
0.37614640006436706,0.1836859921958835,0.0313227197605777
0.352,0.219,0.015
0.31567325810577307,0.2417041143916444,0.021758622471614385
0.2740718807482815,0.2884967756614954,0.021798801851338357
0.23791456781017198,0.3185088929945914,0.028563084805847516
0.20594584237134828,0.36450094988581977,0.018170041771227354
0.1632003909202383,0.40991042500058483,0.03177519996356075
0.13235428233397026,0.4271861716588137,0.011866850152267138
0.09961216675551071,0.46995914439068015,0.013947200502066246
0.06868766996048434,0.5129835598406118,0.018381492871098457
0.02089895162288558,0.5508525092101756,0.01986296050216697
-0.019,0.59,0.015
0.011275588926470834,0.5802278132558557,-0.0026143873284524936
0.02229663438243023,0.5617728212501816,0.0016220585733899128
0.04343155858016697,0.5383412574647821,0.02521509705639556
0.07783819003156746,0.5281503857336581,0.009909011690587208
0.09080088688957436,0.5133542817958973,0.023436126707728225
0.10360497306251201,0.4794518627629938,0.02555981264525077
0.1328408898652133,0.4871512981705635,0.02090263884487592
0.16388150901887577,0.45185930090486603,0.020981412768951078
0.16620014818670267,0.48667495122366883,-0.0051676522859353535
0.193,0.441,0.015
0.22199595730124622,0.4096631410403575,0.006832039880958443
0.2442793519980653,0.3615769622126614,0.021150410448396884
0.2850564728214261,0.3211582485907798,0.010236527932947756
0.33068009627505485,0.29378091464720135,0.021322405148435742
0.362987461091599,0.26217520388406274,0.010148220100120078
0.40887428148695665,0.24193670053700367,0.013034975596678102
0.4255456830319241,0.1875265536730127,0.028249786273398185
0.47283002098971283,0.17757516346380625,0.024591300796472367
0.5093336296581733,0.11100543414741333,-0.0014945808965658204
0.547,0.087,0.015
0.550638965665459,0.09819486558573426,0.011914560035397075
0.5435448405178535,0.11676194043724449,0.03343345436119301
0.5275946862043427,0.1273231833335874,0.012579077663387929
0.5196815848284828,0.13111087844522049,0.02168130916283501
0.5191504199833826,0.1538459891324898,0.024633876697276375
0.501951121544922,0.15619866790575118,0.011361208551339546
0.49233823959054074,0.17310822498366502,0.018538984179252312
0.4984901368163141,0.17832319332670132,0.008237883553413546
0.5109153867061018,0.20518229248156905,0.03170728292464095
0.484,0.214,0.015
0.4486095298740669,0.24967197090158053,-0.0006030869106745124
0.3985883000868195,0.2910372289494822,0.021381287511044886
0.37321337104981367,0.3231716859234503,0.013711018130224092
0.33296534605995326,0.36947744361128776,0.007138974957680965
0.3080146550953986,0.40851085091279377,0.008565482490699945
0.26689672024252686,0.42082210438597695,0.021911145047290748
0.2298042708638113,0.4889328656394116,0.03022422089768042
0.18893575732540885,0.5041951529568091,0.03824045072177079
0.1480867790861071,0.5430985645885321,0.007161906311114345
0.113,0.585,0.015
0.14175804042811377,0.588200079405511,0.012481705993895144
0.14586658615323678,0.5558126334857023,0.015788289259903235
0.17929890364447368,0.5486458686727762,0.02165081175072064
0.19512279348627495,0.5492621379689261,0.028464641273546785
0.21449054932247905,0.51942720951965,0.014731822012104235
0.24947815756333797,0.5059055675684802,0.015024000454855496
0.24567439204471664,0.4816468062010823,0.010347236491837672
0.274631240747657,0.47654075259950773,0.02472033104823805
0.29254757930054137,0.46002738779845936,0.029140056338023496
0.316,0.446,0.015
0.34673495545728666,0.400775789247488,0.006138646489130433
0.3903397740111022,0.3793182877867031,0.012903377704192849
0.4354717837193974,0.33615427159480116,0.008826464882229039
0.4596630407302625,0.3059210116721483,0.012207061984942175
0.48347418752865273,0.26073511748300915,0.013208284499720736
0.5157140886145419,0.2387118315646684,0.02630939616378499
0.5746464629012048,0.201863545010129,0.018851479947735485
0.6067488152048089,0.17143667521599815,0.010635448932594844
0.6485925084153185,0.14310138327566527,0.0204556286172467
0.669,0.093,0.015
0.6249634258476773,0.12844666132797122,0.007606662634285273
0.6094592591231025,0.14758023651448784,0.015927368209394818
0.5680338312560181,0.20971779152787062,-0.004940860387266002
0.5351889837906253,0.2369353760939076,0.0112823121954672
0.534498119162158,0.2779995494207731,0.01106707075054601
0.4791591167400804,0.3112791579319355,0.028108952102428184
0.45119933928982703,0.35547226812475824,0.007468684542920001
0.4259919175786044,0.4001955468777266,0.026285418117454384
0.39964000929073396,0.4414440899736232,0.008507697635698407
0.362,0.463,0.015
0.35171442404745085,0.5017646560719856,-0.022041956939448618
0.3588024019596594,0.4820687254347523,0.022910628677727758
0.35734049411471885,0.48103115632244825,0.002888691039459431
0.3447908072678034,0.4976158409966223,-0.005088986121254014
0.34979791566137536,0.5097081766465035,0.020249503470891696
0.35183295605264725,0.5220350208028771,0.010767337453393401
0.3513019526024317,0.5146087784814591,0.0072392388072308215
0.3445921572714961,0.5303116559701423,0.01185201252998128
0.3625811752185201,0.521740199987914,0.02910522123935678
0.339,0.55,0.015
0.3671166296370108,0.5323052329162354,0.03310680321820697
0.3967916831982426,0.4932717041642048,0.017413768882279867
0.4416911931271959,0.4573570012082453,0.025694670212394403
0.48984516707493475,0.4320764452860883,0.0037823316677201013
0.5218388426033479,0.39048977706773413,0.02852464701927302
0.5377010132999719,0.36678799476788737,0.027262448666807264
0.5650729377163577,0.3277092664235773,0.019748447763360218
0.5915093832056971,0.3058646761612604,0.022690698934932134
0.652306754488309,0.2781680463107669,0.014565510215493318
0.669,0.252,0.015
0.6404498812883176,0.2890453033215551,0.005182507642634808
0.5980274632428426,0.3108411032882784,0.023700005404058047
0.562152450089962,0.3535552865776709,0.016536930424553602
0.5564401647308359,0.41067331829652687,0.004121307166753104
0.5075806360136115,0.4327118360669903,0.010564933888991154
0.4583449223499616,0.4782012068808569,0.0169514143956425
0.4319345606967672,0.5038162523385863,0.013033921724472576
0.3923745689832306,0.5523485931917536,0.020667935260831546
0.3650665461255882,0.5786647451887328,0.027059597893173908
0.338,0.614,0.015
0.3522892690327645,0.5858526353978151,0.012571801299301527
0.37341552479749657,0.5692962842989365,0.014248946726337077
0.41667764149072556,0.5713689144085877,0.011863342869629749
0.4228501101173361,0.5349322371442754,0.016031023554716185
0.46779040883946965,0.5073470144396883,0.015908969753172977
0.48512746306953397,0.4972215881519421,0.022488557590002886
0.5415008323136019,0.47984911246718753,0.011323361756478911
0.543135998114587,0.4583154093173654,0.007080375068438961
0.5678237118749915,0.4326954218372175,0.02561416251721705
0.599,0.417,0.015
0.5781941280721316,0.43169022769895943,0.012141758750578262
0.5657629064433701,0.4684218004022125,0.014526623385365263
0.5516909566874615,0.47715159745947744,0.020665085991750813
0.5191485424959372,0.525409448832133,-0.008936940222777516
0.5161841817820758,0.5450649866287813,0.002624919445187021
0.5057629795416321,0.5689813541320476,0.032800343016715756
0.4773271375864188,0.5932382609334967,0.034824648087659546
0.46065567383145917,0.592894445102132,0.013238175159889821
0.4332092454804133,0.6364651368257425,0.016510880853700765
0.414,0.666,0.015
0.4352702884980077,0.6456261359774207,0.018212289624369635
0.4442677493191732,0.6477437533810163,0.024929179361222388
0.4598307461691211,0.6666217261045019,0.01828041267482041
0.5060378345824074,0.6368886651656533,0.015078126152814977
0.5217089910232942,0.6278273670081262,0.043289291921705844
0.5223731723850099,0.6335326699609511,0.023748866245998878
0.5535066565472416,0.6281799998267976,0.0048237451750424015
0.5488071006549303,0.6075520321523286,0.015742340296069204
0.587374615832653,0.6055044404425702,0.02594076344021655
0.606,0.601,0.015
0.6052909054366419,0.6110002396754994,0.009394334582744733
0.6231263268390342,0.6064914001643726,0.022502926889761955
0.6177517182133757,0.6121492046856822,0.01710524875907355
0.620486083460093,0.639071190485798,0.025063426325681946
0.6483170047013971,0.648051008691386,0.010711261015524037
0.6438321657014056,0.6317599908407229,0.031005754595804687
0.6496744929686965,0.6569610163052586,0.0209277591162723
0.6354835018324635,0.6434877604285237,0.02216384082221276
0.6793756209235707,0.6769769530113299,0.048843543824783904
0.665,0.669,0.03
0.6579401128759459,0.6639475540111509,0.03404522440369479
0.6594388824052274,0.6710268481356245,0.029383781057794968
0.6506014276693712,0.6539550960955737,0.030146571737310265
0.6658705652206134,0.6644007069806541,0.021038197680831587
0.6662738229655853,0.6529749534368054,0.022311181867338183
0.6611580214738367,0.6630938658704225,0.0692361112631095
0.6660155538087483,0.6737301273697605,0.011267757514265779
0.6746246457054516,0.660816186481388,0.037395394281676486
0.6623529613757719,0.693011435378707,0.031214666056418525
0.665,0.669,0.03
0.633987407987987,0.6510383587007904,0.026645676455309356
0.6013755952284986,0.6307377567113793,0.015948761167873405
0.6060152390083856,0.6117674621103926,0.020622444985145517
0.5791439350423171,0.5873849008573505,0.044048973346532606
0.5578843377013658,0.5879557288489228,0.016448915768138367
0.5155872412791034,0.549119763008829,0.008607081867222501
0.48874819836640515,0.537082455895014,0.02557830113617142
0.48368675169541436,0.5136986572357463,0.02357717160323361
0.45441003275797237,0.5135872757432213,0.02795543054446969
0.446,0.487,0.03
0.39421555385463286,0.4512066961917901,0.038453937822323044
0.32435997621104357,0.41088659637243213,0.02988915389003065
0.3058995546892385,0.3451591524491463,0.025539626549915543
0.2411706500085519,0.3261349137240649,0.03955607650509187
0.19810734472633595,0.2775158769289805,0.017986794443286658
0.14061173183960896,0.21867885789941602,0.02621202711722146
0.09834043820657787,0.1875530070043466,0.04162382188619302
0.038307245705809484,0.1527613599339525,0.015023209777621043
-0.027820217754579442,0.10634921117495497,0.0216014682139044
-0.066,0.06,0.03
-0.10933526967487589,0.0005890006313937039,0.02411307426527326
-0.17276910070414667,-0.022803625765222407,0.01523407937830809
-0.22519937944980367,-0.08687739806869145,0.02580143805601377
-0.29228118435575046,-0.11944396508469281,0.037518530739125436
-0.3565751726285726,-0.15774320751739965,0.03991033733488329
-0.36800470590864753,-0.2170475978730865,0.0257634397154696
-0.4485636674202931,-0.25028230043114846,0.03212966916961822
-0.4962734634819333,-0.30087071659048614,0.04039434177644883
-0.5485818171651423,-0.32892093238047726,0.024506567959442442
-0.604,-0.388,0.03
-0.5969620094584183,-0.3591845725787674,0.0273332963039048
-0.6254872201937756,-0.30683451856589034,0.039785170652671904
-0.624608344074325,-0.2816976976178148,0.00017093217598735874
-0.6231502747747366,-0.2384542240302356,0.03283104612507885
-0.6204338357588259,-0.21101396253600557,0.04568701344611384
-0.6309328534190312,-0.16399076965080311,0.03305922278946305
-0.6507352286877812,-0.12896036821140436,0.03885374778264234
-0.6750828514563127,-0.10003752252961438,0.025533035698328443
-0.6657214164071678,-0.04370773950829723,0.030717013786831542
-0.669,-0.014,0.03
-0.6663365729581079,0.043647289923610416,0.037151493887046305
-0.6757550842937821,0.08314053888981912,0.017369395330229125
-0.652935581906507,0.14737685080969398,0.03228146923474102
-0.6604634460366055,0.19647204287305306,0.020046662229407347
-0.6870545900231692,0.23074507102303815,0.048569941673402194
-0.6735921616254064,0.2776915090079,0.028952433850585546
-0.6684626795207113,0.3493796202739331,0.03724951135288017
-0.6789995863159557,0.3871686293119182,0.03416877930522543
-0.6818814892991301,0.4397448684981293,0.022904731011987423
-0.669,0.486,0.03
-0.6207634813849645,0.4977331201121273,0.038435762024362045
-0.6027693718442523,0.523879336047707,0.04636674098807409
-0.5919718215100053,0.5456119472386631,0.007770277759013771
-0.5443273922115964,0.5664670066532097,0.04059812302615487
-0.5224281095264136,0.5633274103018262,0.044987932979281685
-0.49720063323243796,0.5932067626641111,0.04141902659029885
-0.4517664823921296,0.6025784609304765,0.04347304757755114
-0.4219977213100594,0.630771533689952,0.028236213267544375
-0.38718620463261944,0.644002356489451,0.010769003257727304
-0.358,0.669,0.03
-0.31069325005808746,0.6825694199193104,0.03292503194849937
-0.2297607788625674,0.690779752968041,0.04344341512733579
-0.2217647444052914,0.6793950262600852,0.03768692436717851
-0.13962475063536844,0.6637695218326105,0.036568615492484684
-0.10106078233754934,0.6701174814576697,0.02492251051721987
-0.04167427622286116,0.676099030096929,0.020077062590449238
0.011781870107386707,0.6516045677466907,0.03230455483193092
0.059797151242101734,0.6872880733665816,0.03313510525060177
0.12051846454609541,0.6754972682424755,0.046071812325036196
0.167,0.669,0.03
0.21975753112739552,0.6556275301125034,0.028739071198371532
0.25888325046567245,0.6698327979308805,0.03340457371952684
0.306870355021036,0.675642467713648,0.013526596903697959
0.3604543098987321,0.6861177503923251,0.031329498489452476
0.42124321555981836,0.6587061356798826,0.024227050953399474
0.4676316209126794,0.6712211787417112,0.019774156267079117
0.5099410351476596,0.6810052782805786,0.03279825745189063
0.5464045173704344,0.6551140751889015,0.01562838045900688
0.5745160459781934,0.6692393817816478,0.04246363165047984
0.642,0.669,0.03
0.644931751566633,0.6046692896926201,0.03016240634252533
0.6535923199626265,0.547494468060797,0.021676915723362077
0.6520091772038749,0.5093116809925693,0.020514203989996312
0.6390092597658534,0.4565164022512869,0.03936510768148402
0.653228229617489,0.40835049426861186,0.019832647637424664
0.652956059280182,0.39242442337059014,0.018520455880984228
0.6598249752661195,0.3302805363679413,0.030798939583791415
0.6673608557852433,0.29209082095766903,0.03774789501519429
0.672061288466101,0.22121289662190252,0.020012776159982815
0.669,0.177,0.03
0.6688435165663541,0.1224118012516682,0.03752308445246378
0.6636945032589755,0.061394792291440514,0.019244031854602904
0.6744205703592878,0.038039344440164186,0.033614542237112535
0.6566197439577626,-0.015303836985114828,0.03357058682860919
0.6553256222353295,-0.07693933634747627,0.02961182608978319
0.6766032434679622,-0.10889752347067237,0.042578860755563365
0.6733739701600393,-0.18153291187049914,0.03921612563397026
0.6744717350842961,-0.2427473012638456,0.0203313326696394
0.6821419061218635,-0.2690285401539927,0.036978236971000764
0.669,-0.323,0.03
0.654687585788257,-0.36381585014201073,0.0010872767461098908
0.6348185512277836,-0.39563600531155846,0.0319382605022827
0.6141392584794174,-0.4271175083844586,0.03533739262025677
0.6187365233103357,-0.4629992404829603,0.04315481557402184
0.5906424498532883,-0.4989295403025292,0.045973514605048754
0.5903282461318685,-0.528613600978768,0.035418326968436935
0.5704895851652192,-0.5529525117639356,0.031629801567290346
0.536461184551047,-0.6057897878778237,0.02107965986599931
0.5294182562568104,-0.6326928106585278,0.04595474637423043
0.52,-0.669,0.03
0.46049263475591157,-0.681601766056548,0.019656803725769362
0.4164576975865411,-0.6612679047062355,0.024894533251448397
0.387247884023679,-0.6703500895699613,0.04500308373112252
0.3263661677344633,-0.6605560859423654,0.04047905658199655
0.27187148462489014,-0.672103809985804,0.03614358045712784
0.21987341473869926,-0.6514536430692983,0.03071392724212099
0.16318634235396984,-0.6580120313161234,0.03547855517235137
0.12609397390575888,-0.6822439515592845,0.02299182396955982
0.06154569789903554,-0.6774780215356879,0.03026820304338109
0.02,-0.669,0.03
-0.054024913646747774,-0.6663216520581131,0.036728420237122625
-0.0757947617791841,-0.6874658395246934,0.03566706525269005
-0.13320181261932654,-0.675962581697055,0.009710050910575231
-0.18595508928055202,-0.6498038208868497,0.0188025311918337
-0.23813334882405343,-0.6528463675685692,0.03128517095067818
-0.28907655382978326,-0.6624823038164779,0.02439763684980342
-0.33635535519659504,-0.6748256829871487,0.02558179932846297
-0.40298980261944534,-0.6694396298173271,0.04349237054991614
-0.46560981336266266,-0.6828881163232828,0.030784561424114884
-0.505,-0.669,0.03
-0.5073569895902851,-0.6711079508763992,0.040258391217268034
-0.5235835829378362,-0.6431604101954653,0.028475130291172688
-0.5501819028389171,-0.6382775868731798,0.038171853948471154
-0.5744747730988403,-0.6190895535352996,0.0533194945683995
-0.5759855826320135,-0.6231014412473801,0.00924247445681593
-0.5803488678710178,-0.6030689961615143,0.03682641815775392
-0.6017005020331944,-0.5783678915496601,0.040995104976980445
-0.6164111039730323,-0.5621764030415649,0.025372344697894435
-0.6264467988652161,-0.5778424192252318,0.029048951719071188
-0.647,-0.554,0.03
-0.6461639180060595,-0.52179967187441,0.05338892131301842
-0.6509570875476519,-0.4835963590957333,0.04289052569184833
-0.6443711891918996,-0.4568982263294234,0.04168445783649744
-0.63188476563485,-0.4535524736770555,0.029896179105259945
-0.6494261581592555,-0.4049462735497876,0.03483096143616158
-0.631339554261374,-0.37065309695905907,0.026958090435234883
-0.6291332025684997,-0.3612583031596696,0.03901703811227397
-0.6125121467634749,-0.3296036858513957,0.022564928437571487
-0.6369740853103781,-0.29043519950685986,0.02948436119486547
-0.624,-0.267,0.03
-0.6161363688461243,-0.1969029176315852,0.0297528897502796
-0.6452920267594544,-0.15279347422717932,0.02994755917925525
-0.6072542743852003,-0.11403182827870939,0.03041325110489621
-0.6139338990809184,-0.05643287538696698,0.04330349826776508
-0.6101994794544499,0.005380173036964607,0.03689106422111248
-0.6297254261027441,0.037363151827845865,0.039784375098856906
-0.6195783011824517,0.10178893205227127,0.03133878842528024
-0.6205959878069507,0.14045282204700332,0.042724790266138166
-0.640947953600743,0.21435036398766624,0.02919031338922716
-0.624,0.258,0.03
-0.6086311710885348,0.2922416066191776,0.027234123091031667
-0.6110064906754662,0.32784627800650984,0.02928326430035525
-0.6043582674396661,0.3630696051089603,0.03756513270445172
-0.6189278351437093,0.417641110422532,0.04000525371491019
-0.6080389581956801,0.439282630374834,0.03435236463837091
-0.6014983280964635,0.4777769270801815,0.039515976785325244
-0.5836312045372056,0.5038909919980676,0.04038150069944797
-0.593129260121763,0.5732185855969292,0.027527534073028645
-0.601091302268837,0.5987681705735082,0.04699242899688803
-0.579,0.633,0.03
-0.5825751623918468,0.5880943722618069,0.028269568211166083
-0.5656411996838239,0.5118849724127432,0.02099863862561993
-0.5916421870469405,0.4710695212803402,0.02553093774212285
-0.5974416280075283,0.41875346916212125,0.033532294296334905
-0.5659073981538031,0.39267918788683565,0.020749541646259393
-0.5561362051738077,0.3285921295669692,0.01866112527329008
-0.5745953373963041,0.26232830574365024,0.02903752214241482
-0.569619197825274,0.23388576862159283,0.03690958046499214
-0.57014306598164,0.1823725562767909,0.03642336902173888
-0.579,0.133,0.03
-0.5790497597020869,0.07714006652396689,0.03509008431130053
-0.5867964608196604,0.03815509550470329,0.03589467221393333
-0.5967842365738859,-0.009686100782402769,0.028501082091283103
-0.5581156964912075,-0.08479727623703838,0.027694461204574066
-0.585277376129434,-0.12133852770216044,0.013679217392571767
-0.587481314272729,-0.1640296122938522,0.022121678426217
-0.5594174573003863,-0.20899614381362916,0.022572444502515495
-0.5825508416610343,-0.25359217943767676,0.0116541845538648
-0.5722968886623354,-0.3089796999309591,0.014911020314693829
-0.579,-0.367,0.03
-0.5790488320549343,-0.39089342940108746,0.03290228584079167
-0.5873202588504703,-0.39017989155598265,0.03227937472175961
-0.5579358794432786,-0.4128830887963173,0.02796859122898721
-0.5534271782628823,-0.43123047542890747,0.044121851804644244
-0.5592995999210312,-0.4676029392502169,0.03344494902154857
-0.5557109876252987,-0.46416810288002447,0.0382281525710912
-0.5617268406253647,-0.46100379266511643,0.010085303234300264
-0.5436898805426377,-0.5078116064488035,0.039396279461610506
-0.5467821280307443,-0.5144734567668262,0.04427326737160154
-0.534,-0.524,0.03
-0.5196507822746663,-0.48435223182994663,0.03880566365575242
-0.5325560968976696,-0.42363136189746303,0.024976374783823915
-0.5182403641600909,-0.3700868218562523,0.0343207288725574
-0.5246070470112655,-0.29427677302794913,0.027092520344445984
-0.5430476556855963,-0.27210888368634556,0.02680136340656028
-0.5203178739553155,-0.22119276990892406,0.03420689787491003
-0.5359419984038203,-0.15897022864448282,0.02111206696357682
-0.5202558056889103,-0.09180368807958819,0.03474415218241606
-0.5479714198238004,-0.047703958564079774,0.013412661618999115
-0.534,0.001,0.03
-0.5403042666042008,0.06662259433430277,0.03072887617501463
-0.5501117154822746,0.09813262317589436,0.012951927851279663
-0.5389811662340253,0.16121289298608396,0.042750946716437775
-0.5330723914174201,0.20730132096860157,0.03691014568620601
-0.5519402038244783,0.24396949388821584,0.03710222650977942
-0.5252705764062651,0.3052818193105827,0.03685123433799173
-0.5349595854843977,0.34632160007350304,0.02510015572074623
-0.5298667484668009,0.3822046652207895,0.030092303048591836
-0.5374306577855004,0.45529286721539586,0.03683088049443475
-0.534,0.501,0.03
-0.5135030064660532,0.4873840856503337,0.02624958782960085
-0.515417151257311,0.48626555435432234,0.034006935485104514
-0.5112656639550328,0.45886567411537404,0.03590109201429782
-0.515816326310004,0.4730986570375748,0.02222574917865411
-0.5299054140243323,0.4500771330442766,0.036286044181344304
-0.49909600010106964,0.4439857808920699,0.03384938006699897
-0.4960092343746053,0.4129662112736596,0.015943006167075894
-0.5050111679378907,0.40525042105674586,0.02665045207428737
-0.5032435057809634,0.3750571057068548,0.03209196959454568
-0.489,0.39,0.03
-0.5068174522660246,0.31173354442129764,0.020554281695772395
-0.48479973807919735,0.29492954744691785,0.02108005197201916
-0.4876270326314587,0.23919794293115074,0.025680072078236083
-0.47973855638552715,0.19390118804139242,0.02773357093033937
-0.48596948209072366,0.14810229317803283,0.03650757719358408
-0.4745794836640031,0.1006658822428667,0.06748512580096569
-0.48627788451899256,0.03336987119157574,0.05114255982071404
-0.4938597149784159,-0.00563153953070025,0.04085506077922841
-0.4984223061686475,-0.059262772781361384,0.03959032553117006
-0.489,-0.11,0.03
-0.4898471902966996,-0.15640081983196494,0.03503226963274006
-0.4891100650086986,-0.21277198453836357,0.03169080771720372
-0.5073457996772246,-0.2738297761455157,0.03933120090270414
-0.5053597238117888,-0.3198873559052381,0.0294045238019761
-0.4970518562014082,-0.38335885429110433,0.04285730378775984
-0.48843411217731736,-0.4289273330698743,0.02417964212318873
-0.4766176490442204,-0.4731586317885321,0.04386015089778431
-0.5011145095923286,-0.5447266930587792,0.03043569110795222
-0.4853702089201034,-0.5740587419961712,0.02953751418396719
-0.489,-0.635,0.03
-0.5038101639775009,-0.5903420987436419,0.03959545606202029
-0.4724115950648054,-0.5605092282894786,0.027731209448858783
-0.4732176265942426,-0.528805403773939,0.04048504844703947
-0.46613931220694915,-0.48833989500616787,0.0107452270526023
-0.467667898933352,-0.43611463709072634,0.030150410527470188
-0.4705580990399089,-0.42126700093475605,0.025239589119508087
-0.4663547631669209,-0.38425274698425554,0.03707750724621393
-0.4511057603958667,-0.3470954121439229,0.043822708072574976
-0.4576441274861549,-0.30119687480423346,0.028280739416507775
-0.444,-0.256,0.03
-0.4308982553301499,-0.2196532257799572,0.03598325704394355
-0.4582414639173963,-0.17475954501284818,0.02391602767854519
-0.45979329746428904,-0.08749588930097374,0.04163300682053234
-0.4253428899550686,-0.053812533807221966,0.02708217794937193
-0.4476617227632096,0.006473766387519347,0.045993227640792236
-0.45223316644009515,0.042723027866103866,0.014964592896936513
-0.437615461652439,0.1066601449628234,0.03915079463886787
-0.4299569643386219,0.12347593599795911,0.036260927488920285
-0.44189356951981884,0.1859232116349978,0.04390737274009275
-0.444,0.244,0.03
-0.4462934413495031,0.2743703207345082,0.038627848665284854
-0.43593610498379676,0.3281648796119626,0.028074506902432197
-0.42801574578321594,0.35881359096791976,0.02541194874114733
-0.4350033098718684,0.4112052461767146,0.018569830370730723
-0.4068605982651786,0.4472765494929226,0.022495976520314515
-0.4188753026530889,0.47689769688777967,0.06113925102419583
-0.4006226702726261,0.5381476461159092,0.04168628097682706
-0.40128549019050386,0.5586244620224052,0.027198483433511632
-0.39871884724869117,0.5986079738781342,0.024991874244334876
-0.399,0.647,0.03
-0.4067062418126644,0.5916665360709052,0.02833255901448345
-0.4162243239700142,0.5618225906082759,0.030229840945816
-0.4113430806765925,0.48144985616545266,0.012590639417812542
-0.404481813955316,0.4504704523676854,0.03726195709691651
-0.4059922357771425,0.40699636558960295,0.04673593227973938
-0.39102965287477537,0.33127145331197794,0.025792046869854507
-0.41932808266389265,0.2808940212145162,0.018850747208361295
-0.40164642260261035,0.22816911480307125,0.04637407799951584
-0.4134018541486934,0.17185994333142815,0.02983453457627323
-0.399,0.122,0.03
-0.39089471995116587,0.06975872894805883,0.04234003507266498
-0.39440762853573336,0.013053480100073924,0.036068435769369495
-0.4190522877390078,-0.03159369562505742,0.01764743429141234
-0.4002418399419905,-0.07651939782101926,0.01944562996886243
-0.38411137466224166,-0.10401554560387571,0.011135135972148477
-0.3741889346029185,-0.1877758950555647,0.037632886909847216
-0.38166259072614117,-0.2300852455356275,0.0334609367468211
-0.4013511346662859,-0.2940352052649765,0.030997390892628707
-0.40626547545403685,-0.3180238584286421,0.01912053657512484
-0.399,-0.378,0.03
-0.412939572090832,-0.3961424255710314,0.026597263182815738
-0.3749232494532258,-0.4078173332960415,0.04286654752668648
-0.3904848783880155,-0.40668727477602623,0.046045059161483215
-0.37350922330606684,-0.44981482261630673,0.047415759697952684
-0.3864993377172222,-0.4552039943083915,0.022784767358018293
-0.35543066749663393,-0.4439923227859599,0.03277494614189583
-0.36243559537529424,-0.47620079180243335,0.028659252057562926
-0.3452157881398293,-0.4933628157072726,0.038417618939897785
-0.3430419066471971,-0.4901131906784333,0.019645154547497115
-0.354,-0.513,0.03
-0.34882272103122397,-0.4571043736773329,0.018126941079555772
-0.3421155013056486,-0.4052043118079543,0.019284228122708396
-0.3360740805728839,-0.3657794879332366,0.029072077805150556
-0.3530155999517251,-0.3157332937864801,0.04588512891339855
-0.35134389642527364,-0.28329637206102304,0.026369629023867507
-0.35331875613870545,-0.2258187395259535,0.034489253416381
-0.34766899771443227,-0.1417646123936773,0.0458665825450941
-0.3632048231448012,-0.1121765294363937,0.025389691013290795
-0.36245874570697934,-0.05055791184026412,0.02140618255324349
-0.354,-0.013,0.03
-0.35831354019425193,0.028234122851087645,0.03295634089093322
-0.36395147535408334,0.07435930640115826,0.02826287052621536
-0.3641425493251391,0.14580355616970817,0.01217895964674041
-0.3566105748727035,0.21118882311623524,0.013775885176319218
-0.37575241296266837,0.25393347944982575,0.02604752444124314
-0.35495912494238746,0.31618772601764356,0.044929240544811774
-0.35625130646958014,0.35698903900655443,0.04013723346172554
-0.357657119862338,0.4053431810161084,0.040269980501195596
-0.34886171529761834,0.4742763157486729,0.026229057751622663
-0.354,0.512,0.03
-0.35289606263977474,0.4947508708996079,0.0334271972129446
-0.3426555520709092,0.49275652113274393,0.02511991665707605
-0.34219407429330384,0.48370966331945653,0.027672236523626863
-0.32479199298085704,0.47228713082432133,0.034399581348159895
-0.330476124272732,0.4568257763136148,0.02873299927032913
-0.330244138110298,0.43204778413942735,0.015789276771525564
-0.3093781614791003,0.4237022284477887,0.0417185695151088
-0.2912431086151487,0.4092489227284635,0.0314802709764018
-0.29553081286395677,0.37915174026932974,0.023558395400602207
-0.309,0.379,0.03
-0.3093874130687689,0.3415662457785364,0.03546936444597761
-0.3044812779711692,0.29094651214819,0.054586888005957145
-0.3011260498245054,0.22192280151976967,0.03619446139781129
-0.2943162152936816,0.17668991314565366,0.03655332608850641
-0.30660525100264086,0.10473504487057929,0.03003019895605885
-0.3237082604939396,0.06750220388020932,0.031237189207184612
-0.2925684695364469,0.02047955486761653,0.03487969868759439
-0.3161751126669366,-0.024074673957030016,0.03483856229350274
-0.30237414076520763,-0.07438395291313075,0.03866446281725243
-0.309,-0.121,0.03
-0.3150798800948738,-0.17521244003431738,0.024274088128783837
-0.3057241414856538,-0.22555860818119294,0.02656279554837267
-0.30256719076416505,-0.2590766038383609,0.028259259981666042
-0.29419600792593803,-0.31228972333681493,0.03144515502252946
-0.3110630764777178,-0.38606237690921,0.019055902239347337
-0.28943719300948234,-0.435860612430508,0.0412407992854887
-0.309302506469061,-0.4634938818989632,0.02375462036928431
-0.31039180120345383,-0.5422527077703366,0.00830837760469422
-0.2930190800148541,-0.5723324569104654,0.027663495796118424
-0.309,-0.621,0.03
-0.310234931450135,-0.5648362780058742,0.03498572376902022
-0.31384787229371947,-0.5487033761276946,0.020097340601927114
-0.2833018395711915,-0.5383084081253684,0.04251528357706419
-0.2910565524239874,-0.4654200766220486,0.02342347885905744
-0.2708081730943874,-0.4553073713291521,0.03948268606813498
-0.29160442860942043,-0.4145461482913924,0.05099336568691142
-0.28083833747536985,-0.37924229792696623,0.00885267711971454
-0.27844582194830375,-0.324161259955225,0.030979166703888526
-0.2695611221500359,-0.29665169638974603,0.01789821341726923
-0.264,-0.27,0.03
-0.2558351214216647,-0.22010146255278257,0.019368655150568313
-0.2758437065758714,-0.16496672926574787,0.02159415779030142
-0.2549718515613761,-0.1165097851715043,0.029898792376709345
-0.2683647279103695,-0.07123657138324518,0.049681583815463906
-0.2609732879047882,-0.020481071063047043,0.02291473413313516
-0.25741904319380177,0.06016291334038055,0.02652417602676499
-0.26767250044341023,0.1085598782792104,0.04791656938988123
-0.25963290538739425,0.14016979852082995,0.03981263615117961
-0.2569620516875731,0.20097627298741041,0.028646725327740114
-0.264,0.255,0.03
-0.25435655333746326,0.2749105266779585,0.04548874810667031
-0.26500926050280554,0.32372475947358215,0.016856504749939813
-0.25988384140062415,0.3614163446247042,0.03546006305849035
-0.24837343461900174,0.4022354757942287,0.015310489497068881
-0.2327753274439326,0.45397469108818644,0.034309844850148666
-0.23075524391745783,0.48868869451461217,0.026766804046576845
-0.24357605114534506,0.5039673481962591,0.012637595383137124
-0.22875468807233018,0.5662832256009056,0.030309696906516137
-0.21935965609458796,0.586812543101569,0.017585265280390255
-0.219,0.636,0.03
-0.21613994578072462,0.5777843283472732,0.02065450309923381
-0.22707460450535222,0.5274357170793826,0.03677602985757056
-0.20885965238646653,0.4845766601549065,0.02213817508505085
-0.22719650613431297,0.42944189392832743,0.02591910515379162
-0.23036444050508598,0.37781000705371875,0.03356932384429414
-0.2190264124947746,0.3304953753787266,0.016502662342771215
-0.22633585408008156,0.29252172348023103,0.02398636982674668
-0.22639324659613289,0.24315886245389023,0.04226294350642995
-0.20623867289127967,0.17806779601349862,0.04120712615710979
-0.219,0.136,0.03
-0.23420623941566676,0.07999067907219554,0.02265203184889876
-0.2273555109146058,0.03761725365592199,0.021232490779607927
-0.22303365282667917,-0.017896730048429052,0.025593534824596267
-0.2283228563775183,-0.04659011646541009,0.02762123395689222
-0.19591802233969657,-0.11427406807215137,0.024271964970241408
-0.20356716670334254,-0.16929571485152634,0.03153212306527977
-0.2199768578352186,-0.205222719449924,0.04060692794890373
-0.22322017317131027,-0.2773253162964341,0.026820047397249646
-0.22267416378918983,-0.2968647239493594,0.03488497130075485
-0.219,-0.364,0.03
-0.1939717976620681,-0.39038430703744864,0.03526154190815806
-0.2023385221651636,-0.39174834779481027,0.04052946849748909
-0.19766786341691445,-0.3994417021409423,0.0202550861281098
-0.1930751060508364,-0.43865756509024856,0.05251755580605293
-0.20510300595969344,-0.4461328285953595,0.03989065653931523
-0.19720003876009498,-0.45206649326675563,0.030639563157923346
-0.18886253448794915,-0.4712042193118307,0.03210421579649066
-0.16711468265403479,-0.4896901993245975,0.03760740322901062
-0.17603252286818521,-0.5084443913821661,0.03964140373846087
-0.174,-0.527,0.03
-0.2014398589849893,-0.4628877804592669,0.02457827815644372
-0.16677693408606892,-0.4216060125140896,0.046973412115454485
-0.16831080783199756,-0.35925355114502555,0.046073647320072325
-0.17539483973960807,-0.31488295487439916,0.028471827875528762
-0.17843011139334214,-0.27383544518746383,-0.00025816197316709186
-0.17012396336047564,-0.23330353716516458,0.024272949591959372
-0.18025390824020382,-0.16610475395041013,0.020296153549502052
-0.17095348192956447,-0.1316116445193709,0.03835955836147538
-0.1768076950235886,-0.03303036139492267,0.02597470808393374
-0.174,-0.002,0.03
-0.1718395886526179,0.05722450342111604,0.03866542627785351
-0.1765066252547106,0.09203343710276556,0.011297902653747489
-0.17498674479955703,0.16012558897466705,0.027488368747849684
-0.15746961532978973,0.20683662884996523,0.04277051739165391
-0.16205191922592174,0.2580096421085079,0.03211522848402965
-0.17099156222836853,0.3143058830920425,0.02725733348593941
-0.1678177289918677,0.35246099717940715,0.04362441989643804
-0.15201733247992955,0.39479660028175845,0.03937896138266163
-0.16553608107712425,0.45422406035487106,0.028454308304151087
-0.174,0.498,0.03
-0.16423904990540517,0.47968800940586376,0.020297388902046923
-0.16152977755453968,0.47890287133077514,0.049051849127868564
-0.15225499253369187,0.46657136673519994,0.035744929531432774
-0.15335871706655443,0.45797159890812583,0.023924590365551678
-0.15670809373577294,0.4530551128886352,0.026086910011462485
-0.14117054491174974,0.4570543140631019,0.03317758584636575
-0.14939781649050193,0.42567811192723753,0.022432989407920177
-0.1374415695487058,0.39588135175989364,0.033569933419366274
-0.13713543054326566,0.40653076734771876,0.04298804353436529
-0.129,0.393,0.03
-0.13131303959439294,0.3436007034998082,0.043134827482559215
-0.12451104142517372,0.28678357881454636,0.03810771041261285
-0.13036711997328057,0.2587362963806754,0.0543544231595022
-0.14194397731544717,0.19834488959079358,0.04348083754265086
-0.13332938321257035,0.1292059478905704,0.032479333616968996
-0.1288832010617694,0.08191294206181832,0.024391743541600498
-0.13239950911577436,0.0411486580315245,0.03620477116679124
-0.12826744421609565,-0.006962433474412386,0.018906624573326303
-0.1298620255388747,-0.05001735825896784,0.026115190050520546
-0.129,-0.107,0.03
-0.12517754848639528,-0.15542616994159594,0.02961186823201711
-0.12137257878001882,-0.22318355974931542,0.03568913951925894
-0.1491490503105684,-0.24001290155751526,0.02494959945834098
-0.13591893430935872,-0.30355061062294963,0.03286147945267565
-0.13231811505563085,-0.3587491230333185,0.03881939854663441
-0.13335690645821022,-0.4143482606955727,0.038414756695998066
-0.12676424258712354,-0.43980694286357364,0.035843096265135724
-0.12023533139402619,-0.5091564044808696,0.010133385831037355
-0.12774117905759663,-0.5602313695325085,0.014825935682487412
-0.129,-0.607,0.03
-0.12541052897986574,-0.5675996287140121,0.036921347164443806
-0.11888581177629769,-0.5379785023357713,0.04934839054359449
-0.09838501532585252,-0.5018470944847617,0.021755243043827675
-0.1333065855561674,-0.4769829950865516,0.033373641588131754
-0.12358552629797011,-0.43526317865224534,0.012921220748903294
-0.10894814503632928,-0.393495704276765,0.020841394492267094
-0.10697137248004009,-0.36618859186996816,0.03167116883177648
-0.08910485497531447,-0.3189751502653959,0.0389853278086532
-0.07591014678184925,-0.3115763740016872,0.04117154232609683
-0.084,-0.259,0.03
-0.06994651557133583,-0.22084908939337938,0.015370319554278025
-0.07501179175670264,-0.15407546430371952,0.046002954701854754
-0.06568784761950924,-0.11504911135155686,0.019992124229216354
-0.08023124603100341,-0.06263887490593008,0.03850633208511023
-0.08527782394679917,-0.005965769096720582,0.012777694311396283
-0.10589916091475574,0.04569815873078458,0.036755715560364555
-0.08191157363300751,0.087755141345655,0.02834873932685663
-0.08318336631114043,0.14958199749141343,0.02887531191130569
-0.0808603567817102,0.1815235837466406,0.021176162193247614
-0.084,0.241,0.03
-0.07889297688739798,0.2824419141616061,0.032620958349788405
-0.057984765609410904,0.341827847220447,0.023586599138618658
-0.07959621504299785,0.37410422828746825,0.035249102478160946
-0.07131146968099222,0.4002427685389248,0.022730725275592854
-0.06416142061223117,0.4602416603110349,0.027607733233395628
-0.06026922761244322,0.4698406180388162,0.04352815650308865
-0.04202699404947165,0.5388911142960435,0.027565931943579074
-0.04937919064092975,0.5738560176000781,0.02244090770827865
-0.05500943934043273,0.6142932691613868,0.02949526706975991
-0.039,0.65,0.03
-0.036444945290802305,0.5968579429208472,0.03143817034912922
-0.04627526018017779,0.5416531928500699,0.03237650999426926
-0.04060336649964087,0.5065738508150291,0.021847542872130657
-0.028375332961635698,0.4535138445603063,0.0364644887151897
-0.032897012541589866,0.40099260215201527,0.02897317237195087
-0.0378867489228634,0.3546577312538406,0.03506143460070681
-0.0373493188919123,0.2917524258975953,0.00620923419478743
-0.03783432477661592,0.25062631431315907,0.023569041610503456
-0.036038338225324554,0.18988355760397144,0.05403819903635712
-0.039,0.15,0.03
-0.036244434168100206,0.10174321495140731,0.028254379692663523
-0.023879428188826518,0.06244501225602835,0.031225982802346373
-0.04461756533423292,-0.01311540076910581,0.023510461186580945
-0.02181789337800823,-0.05872796220302796,0.02930503969540552
-0.04116444475751056,-0.10259841781936532,0.024071500480318912
-0.054569387170716216,-0.1810126409576202,0.020915280802103822
-0.03762383060119218,-0.21283433071769292,0.03727156627256612
-0.03262252290576574,-0.27202290666617973,0.0381924378056677
-0.02589655979682351,-0.32292373896107124,0.03692600900900456
-0.039,-0.375,0.03
-0.029601516159018206,-0.36368824625996565,0.03075676393695639
-0.03373116864479958,-0.40674298719260227,0.027721771559695123
-0.019968070353042516,-0.4153949616921239,0.058362039650073166
-0.02593457161628491,-0.4302091010661314,0.04025045429038857
0.005200007838706881,-0.4513393284296257,0.03145469608138134
0.0022896397084893882,-0.45560920784116826,0.03242039716483189
-0.0011881628543304549,-0.48243107188451917,0.02863974003624999
-0.009255470637672247,-0.4746249230146223,0.0268865452265983
0.018772079143952503,-0.49979159226834813,0.012173994444597325
0.006,-0.516,0.03
0.017492831548058037,-0.4494804039769318,0.0365459890542852
-0.000418654806905271,-0.4347183817676199,0.048100058988539335
-0.002080762471003861,-0.3781355686862326,0.017179330662169524
0.006541176021191366,-0.31357831929476926,0.021726459295478787
-0.007202083641744433,-0.24946298587547794,0.03311220624791164
0.005485721591396509,-0.21820163287704863,-0.0011536063432496732
0.015543799416033883,-0.1604680856197734,0.020211694086517247
-0.003822314956212417,-0.0996009227722009,0.027816354095401064
0.0016625437585879926,-0.048576768865257365,0.039350565888760125
0.006,-0.016,0.03
0.0010314932323465947,0.028156038112999267,0.04071046194214582
0.006474409925249998,0.10006386909575465,0.03469262851266815
0.014855091047692255,0.13851077444804902,0.021307987678325244
0.009393454753919032,0.19554623843997251,0.022286636348770806
0.004153090050460683,0.24037302286526355,0.034345978018961075
0.006411302598358653,0.2934979290252082,0.027375236950288463
0.014269115590881735,0.3637769615331155,0.028051066820959945
0.007239985091068914,0.3990068864653409,0.019178890719406264
0.01641024261338369,0.4482287588977655,0.043403245362340845
0.006,0.509,0.03
0.006943886336954828,0.5068515693727967,0.03467736650376581
0.0056118634815626005,0.4732916409567055,0.030631254023025592
0.015819528503697382,0.4793085438410474,0.014866290177882118
0.026570807772900266,0.46017248319986387,0.028426871515554543
0.03370501058845449,0.450880073797295,0.026497420863014796
0.03254439079864687,0.4358860792501128,0.037567242956977435
0.05358750035191924,0.4166281217521241,0.04903270503617486
0.02508047925621455,0.4106551147832573,0.022311462294145455
0.05058557260653385,0.3946424740374358,0.02932163390016733
0.051,0.382,0.03
0.049684927191532315,0.3418239513465117,0.02229191471913042
0.05440017988474553,0.2836474355747623,0.02338215558227363
0.03976982656721463,0.24113304857098664,0.03508572523511215
0.04654700203084526,0.1856874690909227,0.03229488332060314
0.04175782348309297,0.13654317055008416,0.034139856282706785
0.04783137345015249,0.08830056664738771,0.04893062491445907
0.04596979192390846,0.031698349946312626,0.019360394084931308
0.03485414185376112,-0.02376830514552272,0.025660056418183454
0.05058722592660278,-0.0666899794437571,0.03750268232816137
0.051,-0.118,0.03
0.054013895558325704,-0.16202186987298628,0.043757882591980615
0.03706514458576263,-0.2278476662069582,0.029051478059542626
0.0694065593807078,-0.2574531050358399,0.027445568843131655
0.04818171011886736,-0.32960333573977163,0.041558690989216156
0.0503859652030247,-0.3633227983918628,0.02832030744561514
0.050716267752453734,-0.4204090230621175,0.034891854158471916
0.040500566613708155,-0.4580434813448502,0.04736571859785711
0.02620467024908494,-0.5370150565968005,0.028952029582971398
0.05030380705734854,-0.5602013088650882,0.019349219386825794
0.051,-0.618,0.03
0.0518540305813145,-0.559206857062471,0.014799955556913259
0.04949917354535062,-0.5506696610317571,0.008504603572786346
0.0658235448807318,-0.5137028850021342,0.022220663676003685
0.06653207155348852,-0.45367007437986523,0.02000716426741198
0.0674165793590237,-0.4529246366812953,0.03164048010305485
0.08825039788331596,-0.4274302396177657,0.013486240047113074
0.06417058471782758,-0.36586275987606676,0.029405251368879136
0.07741403386914832,-0.34715114875165265,0.036816348278103685
0.10135807808465891,-0.2856868423643074,0.03236498664778452
0.096,-0.273,0.03
0.09425579523065712,-0.23922899484697835,0.045275206605772694
0.09619158003087562,-0.1778482039536228,0.04203706994129072
0.07064405712912206,-0.11505351978411468,0.022496541137759195
0.10405561526307834,-0.07983924341115431,0.01954686813050415
0.10988432217048433,-0.0446155023244295,0.020954961405877118
0.10045919536287395,0.015996156547327486,0.028986071451206623
0.0913165532284835,0.07855836627713753,0.028107380247428277
0.10278805728816359,0.12345951352157623,0.039450844293541294
0.09769563585825686,0.16301551126171013,0.047987611870126234
0.096,0.227,0.03
0.1257144422989937,0.26035969384295404,0.021682789583578194
0.10837848369481203,0.3158237093786098,0.022646644756320507
0.12463561622307387,0.3585511961736045,0.03153904298710117
0.11789430039275181,0.39544648910050295,0.039990356458265056
0.12420656131541805,0.42701492137096203,0.026829365426914435
0.1254677354722728,0.4760360723958609,0.03449323157885096
0.12369691016386601,0.5120875501354636,0.03302660581608187
0.12835758233043912,0.5465207092856097,0.012472909564170489
0.1424540247747033,0.6180083856237326,0.03664622480378784
0.141,0.639,0.03
0.15402819487078745,0.5788895810060202,0.02168145191027719
0.14165329297891988,0.5224454342487107,0.025398816591957002
0.1354437417399148,0.4814218737894339,0.01984329035720109
0.12990210883799003,0.4196902615920802,0.03264460488014536
0.13223542926083323,0.38723505635891065,0.03751606951940695
0.14396079302418147,0.3393093727983137,0.02200743992007906
0.14535237923398828,0.2860942096713819,0.03772735962204587
0.13886335534748953,0.22840307670462665,0.016572174612626632
0.12873567726040705,0.18150374028267888,0.025513922249936698
0.141,0.139,0.03
0.15096783422722718,0.08504023632935687,0.03652447687350377
0.1524747357522613,0.04050827812032908,0.03603285706233799
0.12331093201795358,-0.008586679321909544,0.030731405291976724
0.1456788501298194,-0.0691745991331342,0.020375264932326317
0.15134474997175656,-0.11745107187870134,0.028294196279191795
0.132536444681871,-0.16084717877692808,0.04507221755169948
0.15954500762443635,-0.20599128084918464,0.03967893308353572
0.15731071896141796,-0.271956393334302,0.039469085144929514
0.12907412329111162,-0.3194286365074577,0.020859791826618988
0.141,-0.361,0.03
0.15575768756405836,-0.3801545234482362,0.010862447319965243
0.14672968637103082,-0.39654607602853653,0.03461396272425999
0.16965037672006406,-0.4024974764212062,0.0292373623358078
0.17182364319182258,-0.42252994161484103,0.04631930775335852
0.1713947623767615,-0.4383049787108279,0.03219285763410235
0.1698647071000061,-0.4698784288639919,0.009216080345722445
0.18636624940107127,-0.4960382484198431,0.012050250430810108
0.18482392274249712,-0.5175404754048079,0.02176119515861962
0.18728009385616978,-0.5169240335879269,0.021389227128778554
0.186,-0.53,0.03
0.1857852516946612,-0.47467898121114754,0.03356993533187856
0.19418344769533252,-0.4282919381318229,0.02383663002919947
0.1778298815544142,-0.3723925721460015,0.029360440605165142
0.18879180641680204,-0.31433594859717207,0.026716277304321988
0.19583791476946288,-0.2911039076698696,0.029208733358307738
0.18723916539481641,-0.20928540826074837,0.03992303014102638
0.1859643826104569,-0.16511138698824726,0.02527658575073402
0.17393059526343171,-0.1064975924090595,0.045820215296970786
0.1880342166281829,-0.0662916679933261,0.015611814930062905
0.186,-0.005,0.03
0.18988089331729344,0.05318812518977971,0.02560188448411456
0.19355793642546695,0.10642696151977804,0.044411511095481394
0.19698949875195135,0.14765616409491777,0.0373369071820517
0.18370779178161623,0.17797725576026618,0.026302634015281982
0.1712473546873858,0.24361692207449195,0.024593555914234188
0.1873694682755331,0.30275077869279915,0.02472142281240188
0.18442581381810288,0.34286604049788716,0.038010042451936746
0.1884592028562612,0.39974789622802764,0.021483217612394516
0.20411907393222223,0.441408152743002,0.028482507357687686
0.186,0.495,0.03
0.20287861790393116,0.47977586379979104,0.02264559969018895
0.19841442717905453,0.49118528263542643,0.031733182832231054
0.18672649205097186,0.44327727549291945,0.04221657814917742
0.19213507800920746,0.45099086249371745,0.035521717888980564
0.20289679175647296,0.44087696309818153,0.036250175481437635
0.2160156008372564,0.4204868455303762,0.012434147990102777
0.2167548957174719,0.41938508820910103,0.032870406572983055
0.24043460567860125,0.41254326769938643,0.02811912676551944
0.24134835827045276,0.4022949989934445,0.02554562800507096
0.231,0.396,0.03
0.23947719765375847,0.35331702062545967,0.03794353691417743
0.25209769960786815,0.29266535359999024,0.023042759180642088
0.24248050617275613,0.22770212744631088,0.03919337146135392
0.2317468512665621,0.19539479920695496,0.04409117846065792
0.226227707946905,0.14499654544945825,0.02525811435718703
0.24403741302080703,0.0701357481090383,0.04547492707458701
0.22920097514654195,0.02309160497748797,0.03831924141258167
0.23042630476016504,-0.009390235240786323,0.038572217160972894
0.2151858895558436,-0.07684839254139465,0.026262997578249056
0.231,-0.129,0.03
0.24042700635982833,-0.17019227385691654,0.031259713389805245
0.22772015624789493,-0.24906695629946454,0.031613553152337694
0.2326926760204233,-0.2578074477732723,0.0338784836804922
0.244090522443099,-0.3154338590134304,0.021958433485167413
0.24976690021763207,-0.3763528603109292,0.025634150485775165
0.2386090189308008,-0.43492111181451465,0.022921706085961224
0.22898078668693259,-0.48456781962349227,0.036072457371575044
0.23434303789422692,-0.5352996756354446,0.035654982071545466
0.2381121693411805,-0.5841278224289314,0.02507289184710254
0.231,-0.629,0.03
0.24442861200690577,-0.5982133006121294,0.028188444999636048
0.25536194100616305,-0.5504978534852476,0.024330491733239396
0.2438564265078972,-0.5146816139876288,0.04641430911388745
0.23267987093021095,-0.49107441854174605,0.04407685417682614
0.25057796196438126,-0.4456497060509712,0.028749385087732077
0.25651359704004173,-0.4114385450486064,0.01956701835639979
0.25318430414007326,-0.39872816667299976,0.02804809714560246
0.2702163857468069,-0.34789975133635165,0.003378933141479846
0.2613321623590661,-0.2748204551165473,0.028722327351384944
0.276,-0.262,0.03
0.27227020224571225,-0.18942982830941768,0.04093021321331778
0.27442792104236935,-0.171319764933168,0.027312987942222165
0.2694068018316171,-0.10010968838597087,0.028678767360469575
0.2713212102051721,-0.05702200319062969,0.025463080732684717
0.2683547922498014,0.012720152684454505,0.03766987750662978
0.2945332237944385,0.046769692770603534,0.03755834537875274
0.263558380449802,0.08827407577854632,0.023992634279411354
0.2916561120507317,0.15602565452305092,0.03333079536957459
0.28297226339942705,0.1851162683775657,0.012680829021561646
0.276,0.238,0.03
0.2905871956544085,0.30011115667959604,0.037728111343685616
0.285292163377792,0.3278016721668513,0.046268885056155784
0.289499729508484,0.36116770463647585,0.04562678596499641
0.2853790293556385,0.3974921583122566,0.044995947163940356
0.2944729472891105,0.44036345250847264,0.035578086946677086
0.30893084940592713,0.4837815877604986,0.05141518464912197
0.31578558177675947,0.5227235301652116,0.022148532286825125
0.3154583422180889,0.5594566742252695,0.026274577893647934
0.31514751802240004,0.6186190435085136,0.03099435063865649
0.321,0.653,0.03
0.30740173828840955,0.5982671631479577,0.042735406682852
0.32564620986200465,0.5493105446407783,0.03329833758662804
0.3227250570585474,0.49231873833875306,0.03281708993203639
0.309228585368919,0.4570828017951359,0.02851595432014074
0.3386144333448778,0.39148314720426663,0.028197718155004207
0.31775627306781923,0.3275638641616809,0.021155753593671014
0.31915161278723503,0.28334211074186166,0.04310627986620921
0.32466523275040016,0.2502898982250729,0.038406830250340224
0.3181828643395744,0.18723561296072774,0.024935698701450945
0.321,0.128,0.03
0.31413095007365677,0.0757061901803155,0.036753122061848956
0.31428396270792386,0.012842644934239356,0.011950793345494204
0.3096050523720946,-0.017352364534753764,0.009507732761187597
0.30750424301576307,-0.07259799516701816,0.025506981179099754
0.3091952101926005,-0.1295570416249308,0.03557733916132059
0.33561218934484155,-0.17523491233242805,0.03488614773545298
0.3282715202769295,-0.2048605559336067,0.02510402382369783
0.3262515098471637,-0.26867561125335143,0.03881307371406918
0.32145131402103794,-0.3251192659989947,0.030328516145317584
0.321,-0.372,0.03
0.3178958250286267,-0.38019048629934077,0.016053487689695257
0.31936323144049494,-0.39145031517187706,0.03166205361163711
0.3173501881680128,-0.41883032356844363,0.028458886063745813
0.33413866618900023,-0.42709479625772706,0.0294939375713975
0.34867986866743395,-0.4354527117848345,0.035198233834398775
0.35203154952504145,-0.46731614046248404,0.020657860115498982
0.3560552223075103,-0.48529784763522316,0.03688853614189674
0.34791776528027824,-0.4762801697159954,0.023116192461279397
0.3541283231447262,-0.5103330575165513,0.03168285976556636
0.366,-0.519,0.03
0.37106445109028396,-0.4727607154814414,0.037476269055536894
0.3503020534072129,-0.422489687900072,0.05086213971198975
0.34837604528234795,-0.39194795969527707,0.045938321224985985
0.3644167809087142,-0.3250984995419831,0.02051047197723316
0.3592707800321106,-0.2699682768018137,0.06030921697229054
0.36492729524698825,-0.20217508843605012,0.0371279580900844
0.3833656072386804,-0.1751566294879707,0.04459212543858725
0.37087107285618337,-0.1176499764413517,0.01619504956702866
0.37323978420018655,-0.069736375204723,0.02626954167869984
0.366,-0.019,0.03
0.3513699903253729,0.033826207963081466,0.04546391772170809
0.3724399015266905,0.09058949951201903,0.01472129280218202
0.37787586668950934,0.14248459052152893,0.03676428393204481
0.38198471621965296,0.17473815004891954,0.037499159323119584
0.3716746636615308,0.2237189866095105,0.025960395607877582
0.3690711328653025,0.29441007266800495,0.016126527682365777
0.38085956936051724,0.3587395093214872,0.01901834823296839
0.3470905215100625,0.3854123411562638,0.03177750052664622
0.36174600205730634,0.4364593352468242,0.021447680166211
0.366,0.506,0.03
0.3759083684758604,0.49949554113241046,0.03354509065079679
0.3606836736510562,0.47522167860828185,0.017189671705874307
0.38313913017853035,0.4741573420895096,0.020300690434918015
0.38215667229472217,0.45195756625648553,0.04597692772254068
0.3675033086866252,0.4320287441555622,0.025904040836939528
0.3863754455288381,0.4317826925060374,0.03273776825093805
0.38979126430144606,0.43326038334866396,0.05105977349073489
0.41325207188166024,0.4092197868391604,0.047837882627237954
0.4122234447513198,0.41858214470744975,0.033397155856508806
0.411,0.385,0.03
0.4014975815012002,0.3328607789072091,0.028604547288867868
0.41507256834605744,0.27454430210520386,0.022772095301334692
0.40271116743148533,0.24367324664408158,0.04105324973152292
0.40780182608562243,0.18740270251860247,0.030216587464813913
0.3875482408706768,0.12618904538670436,0.04009903609665921
0.4241016536250997,0.08423052206640548,0.043687603505685
0.42439690375307065,0.03453255027408946,0.029855180821822706
0.422587407363898,0.006175067714554682,0.014810406858810968
0.41495355629708575,-0.0675582563732746,0.02169006165687956
0.411,-0.115,0.03
0.3989543841081593,-0.15878547852909608,0.03867916731673175
0.39746718441652296,-0.21356959297043765,0.03360348840796978
0.41741681214632825,-0.25082546682789436,0.03688486095455222
0.4045252663413255,-0.3236798175478192,0.03168420031623806
0.40459693125609647,-0.36537721183595856,0.03174437748690085
0.41850934938554907,-0.41482894697947137,0.02713378460825915
0.4014059986705655,-0.4669958480687701,0.043102269625324874
0.4123818109997025,-0.5123461058646621,0.029003890310745194
0.42580135686889425,-0.5433079379906363,0.017712435469426073
0.411,-0.615,0.03
0.4241418548685165,-0.5863633217662839,0.036150411178847555
0.42722903015614605,-0.5551871934843556,0.0226522737602746
0.4335374890272824,-0.5211471593813272,0.036085554081895795
0.43285402662051464,-0.4840306293464322,0.048865898843580224
0.45691060548929185,-0.432941805159454,0.04178186749459373
0.43811044167584673,-0.40665981500309073,0.027673733274378932
0.4454550963468771,-0.36334433632909713,0.016211734511812962
0.4419149695983413,-0.345318331337563,0.033074479530474384
0.47262167512029174,-0.3126219356466042,0.029196835283270217
0.456,-0.276,0.03
0.4571284116655415,-0.22960158642249096,0.030638061147430843
0.4497606532509285,-0.19015322567623238,0.041193426895749743
0.47260513258826387,-0.11702028743602026,0.02195181008560948
0.44943835771583857,-0.06798548004390005,0.04245400181017529
0.4611892911079988,-0.02953286367037168,0.02979688776054219
0.46458096420817985,0.02979806951732175,0.04339797535154524
0.45914517196129206,0.0747048905589844,0.023974533216778875
0.47558817348631793,0.15792704396017962,0.015583117670973399
0.4538919782186719,0.19692099027032764,0.03369335424824448
0.456,0.249,0.03
0.4671586061001744,0.2954087227441887,0.02596910716176711
0.4624682228146023,0.33978593739173685,0.021232081065536604
0.4719182191753658,0.3699601809115003,0.0333038406755628
0.4808910738495661,0.4020572390266755,0.03711568766657362
0.47217857474189545,0.44388001757985,0.03172389317840308
0.4698634223889272,0.4722798258576614,0.03246190902840398
0.48309967255431585,0.5321744912263385,0.05585539216450841
0.5013791157898978,0.5722564692982677,0.03745708158542928
0.4952826286643939,0.5817732072210725,0.02441899069086957
0.501,0.642,0.03
0.4912604333985936,0.5818000645410286,0.03769147846439415
0.4877104640968746,0.5435790997927533,0.03201438062261076
0.4970605063656119,0.4879955529470069,0.012818382015036385
0.49745790791439304,0.4458956751672348,0.03870750783719949
0.4844948941433616,0.3785651097412814,0.03231960344007703
0.493419744068566,0.3394767818098513,0.033505861395201536
0.4934929511207572,0.2678148354012811,0.029532256645205476
0.49781032473750253,0.23863143175337037,0.0444184043102577
0.5102492578864898,0.19083444762483842,0.03286088634329261
0.501,0.142,0.03
0.49705301774697924,0.09156098604339445,0.05022367650284343
0.4976240089298791,0.03759800300537326,0.028934306594304265
0.5015087634440865,-0.010615202992846443,0.050984008934992595
0.502774968084796,-0.039116178641009997,0.036378181623117664
0.5121571886055731,-0.11607785092483375,0.026914920434907775
0.5058387945128964,-0.152793698440955,0.023394825961209207
0.5142798922272308,-0.21227157643580913,0.03474505698372865
0.4911360338840292,-0.25960843170923503,0.0348104998354347
0.5026055638209127,-0.29866286360444627,0.015578496827167151
0.501,-0.358,0.03
0.5131442710365736,-0.36226298746322705,0.024576247831045457
0.5192237162918271,-0.3982376106216019,0.022269919224478785
0.5246439678136912,-0.4170737362436586,0.032743049749851545
0.5126619324473002,-0.41833808366465586,0.026803083567200403
0.5112769630535569,-0.45968957063748483,0.04362849208561258
0.5247220250456752,-0.46418216463707607,0.014237154738891793
0.5363553330483757,-0.49437152497859155,0.04085708145140364
0.5516055018337371,-0.5038349450384453,0.03396459671767628
0.5463248184849929,-0.4833095895540248,0.02465242601074993
0.546,-0.533,0.03
0.5533143499304731,-0.4824510158826585,0.022506042903206035
0.5509866074019231,-0.4184207273018205,0.04005137161562322
0.5412266018636825,-0.36343875124709846,0.017540520003021982
0.5434158700422218,-0.31126720953276743,0.009515756814365572
0.5427863384968012,-0.27617475387470225,0.025433149211800066
0.5341206684032634,-0.23701459234194605,0.02786663856384559
0.5389290781364046,-0.15775100534305161,0.028809670828872872
0.5315998238385902,-0.12174433922703051,0.048118483389452654
0.5524356903784353,-0.06223131561591203,0.03024692384764013
0.546,-0.008,0.03
0.5479614345139675,0.05547443842731324,0.012581042645297472
0.5371371478119731,0.08317816205560448,0.048418522509654685
0.5474583485645516,0.150331732877056,0.018607352383729063
0.5482061735711026,0.17740678680223632,0.04569278634870669
0.5439538275090093,0.25222570276779466,0.026185864251039883
0.5482358375052648,0.30600164621099196,0.035695418827221846
0.5490075023514803,0.35948763607839146,0.028720920034579763
0.5492416977440109,0.3770889923851778,0.027312411106593004
0.5444208244473612,0.4264139260839045,0.01978100906094385
0.546,0.492,0.03
0.5671852987795638,0.47795768605659245,0.04384530395628512
0.546267602448204,0.47943092760644,0.03093371781841453
0.5684123236051049,0.49099770360651473,0.046509639515653095
0.5663484832829232,0.45212826464052486,0.046923095304111234
0.5582342737962476,0.46826646179649034,0.03413917062032373
0.571305549508077,0.4255988690325448,0.023574005433428587
0.5892345205823343,0.41184569715603786,0.011607226966025189
0.5843017104993858,0.40544356479350085,0.037431448954877156
0.5770953995048178,0.41051611447700787,0.0317766737336333
0.591,0.399,0.03
0.5651306020484304,0.3610954856016426,0.02989508900062811
0.6015358939347633,0.3056062341169786,0.03309584918883152
0.5794973571339969,0.23361011911045448,0.02627845651357172
0.5876989728187475,0.2102582847086749,0.034765088252122364
0.5825222411844366,0.16119415872074727,0.020514727706115763
0.562068374689183,0.08827205453325612,0.03079922596008625
0.6002329210154311,0.05751787372561241,0.04421296711926889
0.5938313937268743,0.009849835394508717,0.023087267562132707
0.5875224139290083,-0.042866107581857306,0.021031630470981125
0.591,-0.101,0.03
0.6022076093623561,-0.1607151808187261,0.03889460569223714
0.6006785000747894,-0.2101054071148983,0.020472256432025215
0.5953025719261916,-0.26946454599624486,0.02948242801119644
0.5985769111924191,-0.31390030440301686,0.03626295000880845
0.5918994353407656,-0.36060416342869,0.021030028839814162
0.5833101526976483,-0.42260369109955953,0.03009737580057934
0.5888533300021365,-0.4750352498508983,0.016348649481107695
0.5950543725184482,-0.5180748468296694,0.026250710758650653
0.6001550839876284,-0.5805735645410558,0.023292723229882847
0.591,-0.626,0.03
0.6002303566005714,-0.5909037803244531,0.040062614260336735
0.600730935745509,-0.5437108067398895,0.03742959523520791
0.5954892580590208,-0.5041662566644256,0.06850210798044518
0.6207061833060862,-0.4709411118161163,0.024221749466019623
0.6207844583628664,-0.45163722306922693,0.03165236975042479
0.6200013836087193,-0.40344625217761987,0.028123201342257802
0.6134866158821017,-0.37439286581375864,0.02792948839813968
0.624435202611931,-0.34758967522905404,0.031926213684247
0.6252591164706119,-0.3221690602258621,0.014516600281394032
0.636,-0.265,0.03
0.6295248143050564,-0.21484459082855428,0.011218116852483744
0.6130718717655178,-0.17308833972369017,0.02620543632246843
0.6246392786502917,-0.09572481352106134,0.03961372040655656
0.6341542283541939,-0.08410670925594535,0.023499250124040867
0.6443132240895144,-0.023325629888764448,0.025565381398700966
0.6317632959675307,0.026957318849842656,0.03048223047602572
0.6438248125531252,0.0953882308282977,0.028582821926981652
0.6380539582349806,0.1312948957084914,0.02457805627267993
0.6360474369518125,0.17757460663355748,0.031333994724693566
0.636,0.235,0.03
0.6492801113061837,0.2902438955253171,0.035079473031406176
0.6311085311739787,0.3109845340375612,0.037567107112565445
0.6403934152356882,0.3641785696749468,0.03439027431877998
0.6243880610153406,0.40314749590090837,0.03453638674488513
0.6457519125688871,0.45214704626481406,0.03316235338101804
0.6358508152089368,0.4892693629077905,0.030431681673930726
0.6395677939679028,0.5577014603752383,0.0336719626963471
0.6201439160788552,0.5796904986954573,0.0469894564122878
0.6450865316334192,0.6391410113067295,0.04384835655515147
0.636,0.669,0.045
0.6557320087658229,0.6730730310418919,0.03206426387155563
0.6276112066237652,0.6742878782002978,0.057728548039205844
0.6411965900286234,0.6759339638596547,0.05960735759334701
0.6346354969440617,0.6895412052755447,0.04913974937955683
0.6300295492207728,0.6515302632077296,0.03016309757916201
0.6180253083978788,0.6578809015902237,0.0390346569530571
0.6393853632247501,0.6691641958339055,0.0403815261639676
0.628492745601799,0.6720094056531194,0.05035833761658975
0.6323199514348424,0.6601513859147443,0.04246239293760793
0.636,0.669,0.045
0.6282956022192648,0.6618571043215392,0.035641605222109074
0.6043847432146815,0.6485268100133748,0.050888277626627364
0.5926406227052915,0.6289480975293866,0.05075078883389958
0.5864049179306241,0.5939323659601509,0.04310262869062892
0.5597896255836122,0.590461121722487,0.046856606366462265
0.5315273200062128,0.5826922363838745,0.04305146706760936
0.5452880633572867,0.5670201679487095,0.046808905591529365
0.507922499930271,0.5629222751006602,0.041046742491199245
0.5071892607848126,0.5231585120069345,0.029290357313627995
0.49,0.52,0.045
0.45365874834787084,0.4727639276361685,0.04909120969393323
0.40163143354544883,0.40653549212503215,0.03213559375354184
0.3652829442646262,0.38925518123500996,0.032586877583566064
0.31011774987142565,0.33481015584073776,0.035139925408084714
0.2546545539607096,0.2829904496903777,0.03616621075387341
0.21549698066347997,0.234659205790208,0.0667574197971622
0.17212905116141555,0.1917736197998932,0.029726519018343084
0.12263609661986058,0.1449457907236807,0.05885365823564655
0.07744957387471069,0.07910353562879449,0.04345183439661138
0.025,0.043,0.045
-0.01823325643414332,-0.00150601600079371,0.05035733631015949
-0.06487632738048342,-0.06415039624675455,0.03122094811633906
-0.11480503030114231,-0.10348176833755916,0.045356717266918666
-0.1569538085930834,-0.16762149787802064,0.0422626508221346
-0.22689139123963195,-0.1856233324542956,0.045029466075978304
-0.2469013666601255,-0.23123572451211152,0.03487439527230003
-0.29511593904992484,-0.2880193779105052,0.02938760136571912
-0.33202728394880393,-0.3346419531470455,0.03626488433308697
-0.39868368350448674,-0.37805803076621514,0.05550696379643797
-0.44,-0.435,0.045
-0.4584091425350531,-0.4541264246604965,0.045231691911265866
-0.41897722199282084,-0.474840430186875,0.0551918896449769
-0.42960672250394905,-0.5027008270780744,0.05564516307135067
-0.42857132420555116,-0.527953449774633,0.04829564533128819
-0.45533156311137013,-0.5623799458885499,0.04079054017158196
-0.41981191327367035,-0.5904908876577932,0.04191319370955478
-0.42531409728188346,-0.6258213352098683,0.04972169115240556
-0.435135105331089,-0.6326704497233454,0.04707341774777962
-0.44463940970122917,-0.6289742231372067,0.04849833577721072
-0.424,-0.669,0.045
-0.37863574259201904,-0.654293336524586,0.033769018054413506
-0.33797669546907044,-0.6860913407523458,0.02958326817987407
-0.26932640787955264,-0.6689959899030363,0.05238121481817099
-0.20083306915211027,-0.6499467691044302,0.046009703049699695
-0.16101315345165382,-0.6687748313390302,0.05356153688695694
-0.10617285549922025,-0.681178018340836,0.04091333958154231
-0.0494731756343241,-0.6534691626633437,0.024830442019626735
0.005907728890533046,-0.6623710460334556,0.04392474818469534
0.04251745310818251,-0.6678836300773371,0.030790207626339286
0.101,-0.669,0.045
0.16185891308478847,-0.6541132432493997,0.04627462295586712
0.18415442251215128,-0.6593641338033909,0.047723135418098514
0.2532655553679339,-0.6733458276414028,0.03395742972907467
0.2977677565214712,-0.6786758424501905,0.03694426428065943
0.353486067328962,-0.669324005172963,0.03528606501314492
0.4043396550794618,-0.6772440833345803,0.040602771927443826
0.4620942975136917,-0.6766958953674254,0.04484426658739578
0.49461361193000647,-0.6640937134452364,0.03501418810058809
0.542807620732727,-0.6629814344253262,0.04661786299595705
0.601,-0.669,0.045
0.5968036208670484,-0.6303944831324629,0.033789122239785516
0.6318466474436701,-0.5840129655174295,0.0419468921165834
0.6184115050641686,-0.5403064188151756,0.03475315939749292
0.6337173972503157,-0.4978826491304185,0.05485664681481787
0.6426724880276797,-0.45689962846471627,0.039659228525493875
0.6330441170563132,-0.4125963961201651,0.03991601043608626
0.6534825876171987,-0.37854958250691717,0.05539400953867678
0.6598644896880835,-0.345670681341941,0.040014566029346395
0.6659569622076601,-0.2928706285253142,0.0589276729726565
0.669,-0.243,0.045
0.6662065328720399,-0.1958892186083281,0.04850135255708341
0.6771421511350688,-0.15166129587771235,0.05052896905130287
0.6685556170344301,-0.08126881943619722,0.04192946556963772
0.6624558515243634,-0.036256125652815,0.03164538211386711
0.6813163969751824,0.02023005964167266,0.04090921215597692
0.6520708895200381,0.035467757738841914,0.02332121040155784
0.668878757263884,0.11141694247763044,0.0276816932932631
0.6616840616220394,0.1671431924403108,0.059788089348148526
0.6710872157645752,0.20596581670445097,0.04795026124533505
0.669,0.257,0.045
0.6463913379057638,0.2797780409695451,0.045890676826661085
0.6653069669201956,0.3505790129224939,0.046822868160403396
0.6470558675586355,0.3837172023061957,0.03986742496177312
0.6245607462241768,0.4295420438986057,0.04337824689802746
0.6137265054462298,0.4673430612555081,0.05552364035357308
0.6183727244615512,0.5118509224297426,0.03183915629500472
0.6147666530228987,0.5582054462400883,0.033835990649701296
0.6060857635244409,0.5863395832562136,0.06282792182138874
0.6002155138503973,0.62505611361856,0.06961429296052109
0.587,0.669,0.045
0.5415391735636588,0.6753595067154908,0.047745739690767744
0.4680541807577966,0.6682228143204507,0.0657165446964006
0.42570350884578684,0.687496902487929,0.05912995265452993
0.3724428484549423,0.6743315311384073,0.053472676384252675
0.33198103371478477,0.6682489020606582,0.05582718452506479
0.26657211201926717,0.6641437485571962,0.040082831326171076
0.21755795214023566,0.6412990237778867,0.050226225549295185
0.17090631725069616,0.6656539446386096,0.04314417885065309
0.11588020460100673,0.6696777235428947,0.05859990047266171
0.062,0.669,0.045
0.016291960631746795,0.6561726623060249,0.03454381272803125
-0.04481642402530835,0.673938584750562,0.03193904124231823
-0.09003435189688844,0.6609956749081054,0.04170181575807343
-0.1273740327724597,0.6910271990479827,0.04233321112013538
-0.18455963877316586,0.6611022856401167,0.044660620655301096
-0.24954793064000164,0.6578659539021979,0.06417523288007136
-0.2971204323042437,0.6723663473675753,0.04604775886494687
-0.3388505617366284,0.6777369123223208,0.04193959075345823
-0.4105616800481797,0.6720164058675634,0.048071580320561816
-0.438,0.669,0.045
-0.45527846321849746,0.6442186609740633,0.04969067743870245
-0.4819284688006461,0.6302765577531431,0.03902113683534737
-0.4940711609944205,0.5880520810944943,0.04424995965905313
-0.5428916013687668,0.5812021451476673,0.05404037257297799
-0.5575494385428097,0.5226808763200367,0.03816178328601437
-0.5776542586423382,0.4943762031183998,0.0529470793154668
-0.6069855240829753,0.473817411792118,0.030146896727130133
-0.6286849200972311,0.4573348598368824,0.05166531288146646
-0.6421726239211709,0.45214403455368557,0.06519580183113417
-0.669,0.405,0.045
-0.6695688687219371,0.3655366197253377,0.04469875893167629
-0.6798577493587222,0.30047203999798155,0.0436791276744902
-0.6709694681882076,0.250342852125751,0.05334573420463962
-0.6482376786819134,0.2181495731751405,0.05498597485801033
-0.6562988422474065,0.15822708444937034,0.06032607135413372
-0.6801748745008525,0.11632763249665179,0.06249416806543416
-0.6905868256878465,0.047098342092773374,0.052267600730963135
-0.6600983050706198,0.004102966061096771,0.05067906281929356
-0.6771919089524008,-0.046436553770776774,0.026115568091910003
-0.669,-0.095,0.045
-0.6659528917766957,-0.15187623699125022,0.0361483325736227
-0.6671008453027799,-0.18655466006647475,0.04590169831996757
-0.6809386897692585,-0.2538455501438845,0.0424497279449877
-0.6913229543541991,-0.30741943951485196,0.035503797477456085
-0.6714192575304413,-0.34570676018770885,0.047026579172140634
-0.6583036038054946,-0.38766610990160927,0.05741592417820144
-0.670725031134998,-0.4402065727988641,0.041190465118357014
-0.660935960066539,-0.5007382304496565,0.04042228785295503
-0.6750160269210435,-0.5287369730829367,0.03223869964799926
-0.669,-0.595,0.045
-0.6492834466044207,-0.5763603650319431,0.05039708305412692
-0.597725100097396,-0.5604757358900134,0.028444197763283538
-0.5693192486278188,-0.5257311661543417,0.05111960069375366
-0.5547613047428156,-0.5127663424496608,0.03712267548394988
-0.5268740646330257,-0.4616833831967033,0.05612380417094351
-0.49775724377546027,-0.44669924529601446,0.037267015429850836
-0.44775031567156376,-0.43755039808179463,0.03277879901990051
-0.42361852625705443,-0.41369767351497805,0.04622108670203515
-0.40262608372778547,-0.39363815050280515,0.04826059696372265
-0.372,-0.37,0.045
-0.3387280912321694,-0.33810545898361805,0.04116102867307837
-0.28417537778745344,-0.3028192871380515,0.04733691668937516
-0.25655398533028256,-0.2610121803674132,0.05302731627260977
-0.22454153436244687,-0.21454419595127613,0.043885105092710236
-0.1893300909928445,-0.20219375751670188,0.03639167398794553
-0.16314151766575635,-0.159793206986871,0.02723155019143518
-0.14405053012199562,-0.109854592440969,0.05137629948608776
-0.0800635000199422,-0.06878002714465525,0.06637101944498673
-0.06953091315090915,-0.06479498249217272,0.03139875380253793
-0.019,-0.017,0.045
0.013755873401857589,0.015519858647143902,0.0361038424858347
0.04847588129426731,0.055538967135913775,0.04198756537400499
0.07981497562104295,0.09133902410409954,0.05821106281369079
0.13497499635178686,0.13190291429207818,0.03188037995774517
0.15239022250062273,0.15432866082856805,0.05976308943103602
0.20089800606959324,0.19452669833349773,0.05188152483609177
0.22181798626648574,0.2411896075937852,0.038247025044296556
0.26053160498978584,0.2713134992461086,0.04378243796395156
0.3041015696000888,0.29833833127709664,0.0427620978597994
0.335,0.337,0.045
0.36575183318739884,0.3829710630142674,0.05116837787210566
0.3996156505053018,0.39647350628937605,0.018490682182965682
0.43541226929536353,0.4299332035399369,0.04165241259428087
0.47948019256261337,0.4684904165057173,0.05448042243556245
0.49003549941732283,0.49850719967080337,0.03759882194007885
0.5571649687139859,0.5075855912370558,0.04537192853230767
0.562362872070359,0.5480969039014344,0.054543392523181494
0.6029873150311152,0.597992888462678,0.03643733370828109
0.6411745680879091,0.6161239640210541,0.06130099454276733
0.668,0.641,0.045
0.6356636385835905,0.5919594131893297,0.043488903969757735
0.584813050057989,0.5681581102146601,0.0712844612563518
0.5656225814959538,0.5411434328919458,0.05840000172501571
0.5498524603474806,0.4882602919177893,0.04772282346648297
0.489490123666603,0.4522374176701326,0.03321930228148282
0.4698669956118342,0.4032653180299858,0.038007931206631915
0.43775017633838453,0.37270843097758294,0.04797214833698213
0.382698059363454,0.33689143116946296,0.04552477147766831
0.36672517148779277,0.30023173403780473,0.03493461827673032
0.321,0.26,0.045
0.29766183306072097,0.20154319661879744,0.03112435176436843
0.24514141011959475,0.20109683668926667,0.041595934303467086
0.22140577045038984,0.14932136528620532,0.035090926698363875
0.17871256347170283,0.13320633108261193,0.04248694345836629
0.15218292700728744,0.08756864796634811,0.0630056919740971
0.10620415494110762,0.05758493009561756,0.04981218989875846
0.06979460030092378,0.015701931659031273,0.04255913204283451
0.03836050966102293,-0.018874740918006623,0.04782878365737909
-0.0012439792156026695,-0.07744877611896825,0.04952159935741907
-0.032,-0.094,0.045
-0.07289134658246627,-0.13319163253038402,0.04588319969411549
-0.09837224606945598,-0.16673989712119525,0.022792847369664384
-0.13539382159534294,-0.21279100800579834,0.024224700918290928
-0.1787881333289982,-0.2423096615723259,0.060840303161162734
-0.19409026917877328,-0.27432283982720507,0.048768484228449795
-0.23990550711884917,-0.30442365872775395,0.047727229552817045
-0.28461661425551976,-0.34649198776660245,0.038748048693920095
-0.3186142198346195,-0.36355326105408,0.042721819336463476
-0.34743373346371836,-0.4265034913763964,0.056266619409426996
-0.386,-0.447,0.045
-0.39722363498520524,-0.46111702009591005,0.042393389829541356
-0.4053923047363151,-0.48619635931485766,0.04014697568844522
-0.4141174014655726,-0.4827185753009595,0.03966846037175755
-0.4113189169803411,-0.5009688922768265,0.05562960674586239
-0.412693535168127,-0.5083738066563729,0.038168914161113426
-0.41343768398526903,-0.5346143550311498,0.04005852066649611
-0.43105440112123494,-0.5506228079326464,0.06917871114685024
-0.4301490471277847,-0.5553918157826396,0.03560663885413635
-0.4624992560136635,-0.5665094605882137,0.036156182100710664
-0.459,-0.584,0.045
-0.43869130536319717,-0.5464406468035384,0.04269895510777593
-0.39495045999356854,-0.5138894069289861,0.054327930933261825
-0.34310349808377993,-0.47135320375147455,0.0332832315732436
-0.32682617820276016,-0.44519287977990596,0.02767896136252736
-0.28764258388065156,-0.4143452762654742,0.06462450403351105
-0.24087778626810674,-0.36978104596896744,0.012572669920150686
-0.20593941178342515,-0.3323768016853842,0.025875185299364705
-0.16126841860846258,-0.29351521665002306,0.03047359198345094
-0.14440058853604826,-0.25119400308036055,0.04511603468838071
-0.105,-0.23,0.045
-0.06250835353861499,-0.1819275998486621,0.05874445570388383
-0.01082985932612179,-0.15417580751049445,0.04465567384619532
0.004080594710656298,-0.11557988812472733,0.03843572617839118
0.032059291924407325,-0.09866800982299583,0.03271811325503577
0.055185295553870514,-0.06751916721437312,0.02696469752415838
0.13109592142155646,-0.009768154033154113,0.030435418739952647
0.13592596290902403,0.01787370093601497,0.03809068265992727
0.19396224011570135,0.03771729964138611,0.03813943497025524
0.21993378244143183,0.09628753302389184,0.023825446709880144
0.248,0.123,0.045
0.2931086508978157,0.14171391479700565,0.04354485850700852
0.30718088887640516,0.19497312003562411,0.05001186061822372
0.36566307591870095,0.23556962754777827,0.044768629051969974
0.4033797462533497,0.28117100739429285,0.045722119856743904
0.44206115661488665,0.29651445985363395,0.03778042329703013
0.4731561334382822,0.34587267330229654,0.0301706188393168
0.5068034751017779,0.40942386656878604,0.05286464680926922
0.5322551870167703,0.4074677132828184,0.04697319417999162
0.5844594584844656,0.43416099971617345,0.04280725188953756
0.62,0.495,0.045
0.5862311596038398,0.4561200585523819,0.039714393646245225
0.5769057896134789,0.4329497613786437,0.029588046991610967
0.5734020883132114,0.41220558206557956,0.04374936265998054
0.5321126743448211,0.38524850691183155,0.06404792075613197
0.5261061528820574,0.3560629800373835,0.03734748447394386
0.5080110973027264,0.3324139930078084,0.03975140918258902
0.46940461413100043,0.32665112502269517,0.05212104525304665
0.4386273389923617,0.25768842317052343,0.03971374095939948
0.43022790011364437,0.26419533270185735,0.04229832453566949
0.411,0.222,0.045
0.37744883859157674,0.19102213572901147,0.04588611169986181
0.3341900514361321,0.15088334731560693,0.06877814174944646
0.3087873902231323,0.12116111015386277,0.035831416772048486
0.24666642977833406,0.08529797828454785,0.04736608269350984
0.217205742752464,0.049399374794527426,0.04645580593130323
0.2030905584641669,0.01603785022569417,0.03402194530009182
0.1591949448175503,-0.02257464149072229,0.042999671206647196
0.12328953738303004,-0.06403441220711918,0.04333289739253116
0.07622115418079002,-0.08226455272073355,0.04825661563486313
0.058,-0.131,0.045
0.006863565527555069,-0.15867293148477146,0.0560356559044346
-0.029948879914020485,-0.21185221551954878,0.056460809036067705
-0.055130492851598524,-0.2475553532161174,0.059433185096828475
-0.10265054890255272,-0.27829126781394464,0.046915595515744736
-0.11095836236270976,-0.3003319281498342,0.05793007561570008
-0.15993560530307913,-0.343511423744694,0.04868172695526971
-0.18399201466625117,-0.3840095727707061,0.05206422553357107
-0.23793902870060638,-0.42796582922992754,0.027914319610688403
-0.26325558749183914,-0.4782997552207117,0.03931857471024785
-0.313,-0.502,0.045
-0.29291405768728185,-0.4915010401106616,0.04844086596638278
-0.295121831222013,-0.5149482115729547,0.047124880403855096
-0.29630362319558645,-0.5127959953397583,0.050012513405612045
-0.29897361885731144,-0.5098675135256351,0.037972762030975285
-0.2986388171878143,-0.5139627803421176,0.057751620900696125
-0.2909621029281121,-0.5246388107874981,0.03171760606810453
-0.28449836733864325,-0.5143554003664129,0.03901044387388098
-0.2782609474211879,-0.5350243760879142,0.04557420346315703
-0.2633405136286549,-0.5106271969586668,0.056337266763532415
-0.276,-0.529,0.045
-0.2482928327859777,-0.505020152983273,0.05625189241072089
-0.20771583448327122,-0.4535771326433531,0.056778570690950485
-0.17444102482222204,-0.43311013199819176,0.0659091210516349
-0.12807488004984266,-0.3759802314370999,0.04353749978773616
-0.11004323201855974,-0.3677089469355042,0.04763804897159018
-0.06991172797062785,-0.3208902994972774,0.041633182908294195
-0.013724125485216714,-0.265463975208741,0.03360399831424926
0.01535261841570389,-0.2666757886257062,0.046554552770243535
0.026695375382357393,-0.20573857879415838,0.03943690884995703
0.077,-0.175,0.045
0.10927244512894102,-0.14000622128973222,0.05884397703520705
0.16264040574194408,-0.08945761131581112,0.04368161005314894
0.1884349741349334,-0.06314807238618202,0.05538237477789752
0.22356062532294022,-0.033575367275487676,0.030080265253612147
0.2460110080272725,-0.011527812095878871,0.0612900936107546
0.28939119871616414,0.04144795632142513,0.04968086729412405
0.336488808625262,0.0717431032473629,0.05165068228274583
0.35600801828051337,0.10545685347134674,0.038738525720315706
0.3884796491121403,0.15868658912293385,0.04890976077499933
0.431,0.178,0.045
0.44221222480645306,0.18212242192245953,0.05446088900092472
0.45243680288456634,0.20114764648178632,0.0476158017057305
0.47048944178294627,0.21065468604659596,0.03887497551367717
0.4878678145453505,0.20550128701443304,0.02534900474418641
0.5168427102737032,0.23497883595772928,0.053605178396863254
0.5141745743666322,0.23651803806205404,0.04239889720931325
0.5344674947464718,0.22543276562330108,0.04886191737405304
0.5444881593213725,0.22968308185662298,0.05124234392439875
0.578632698548506,0.2523200302621798,0.04301793832621416
0.582,0.266,0.045
0.5457716558543843,0.22364838099878592,0.03152274424974037
0.5070692767958505,0.18221507694104214,0.04267073499038985
0.45264722665093043,0.1683509839727771,0.049339073477652984
0.44818705413121884,0.1262910598408423,0.041839668850552326
0.40989583006593105,0.09736162271867506,0.023903996297244184
0.37018521893390405,0.07576175701044402,0.048685327535678447
0.3481182573908316,0.0051730682787509055,0.045348694282050565
0.32132054975195756,-0.0016972168659150806,0.04449559917103208
0.24029848778919768,-0.051667066277731655,0.050877939374577935
0.229,-0.087,0.045
0.20480686414276433,-0.1196882804723637,0.039267539738271226
0.14803741900293055,-0.16698360613837504,0.03552135214768369
0.13477953760388323,-0.18773335206278624,0.03653531457666388
0.0876007392339002,-0.22258482667427712,0.035511337116323025
0.04801266666681416,-0.24269129284514232,0.04523995430653601
0.02696787154277539,-0.30183117833175144,0.041134606731557874
-0.03517219992736517,-0.3522970753198099,0.040098710486822564
-0.037150029702615196,-0.35854023718771455,0.05373045177329219
-0.11061524097472791,-0.3986935966492129,0.027817335012653217
-0.125,-0.441,0.045
-0.15684275868766975,-0.4362551902568431,0.024525558034646754
-0.1522550864250112,-0.4666801137860273,0.0558859767470161
-0.14654249357667481,-0.4715661807456221,0.04028695603821942
-0.16514386670104403,-0.4987921256144665,0.040458017143655996
-0.1850883833794186,-0.5079601464765464,0.04901971887459282
-0.18873471185525775,-0.5295846798967945,0.05076700004382252
-0.20358902285665367,-0.5431703501444295,0.036123674327115524
-0.19568597590312198,-0.5651598050140823,0.058448921181211456
-0.2145075568122009,-0.5631277890879608,0.03863301021983875
-0.21,-0.59,0.045
-0.19260324130394468,-0.5747687630380024,0.04209252593240761
-0.12545851919960943,-0.529494144532719,0.02213644610659188
-0.09611051226453844,-0.48062918881311884,0.05594846201091501
-0.06295084037112254,-0.4225083438469208,0.03500740996931773
-0.029517895197414077,-0.4087907414555764,0.0621176536433877
0.022078538704505393,-0.3667736429442645,0.034483066353535416
0.04715015453298175,-0.3242974593211459,0.05306059527843284
0.10245426718861786,-0.2909859585319628,0.03183414637145679
0.0931714705126006,-0.2501215446776986,0.032794322948962285
0.161,-0.219,0.045
0.20259079643652608,-0.1796487561944326,0.029783615433169174
0.2303816470195303,-0.13848147928944543,0.05188604884535092
0.27464890336988257,-0.10848484694831491,0.041540362311593276
0.2855730004542644,-0.08761686470081817,0.035681494921428414
0.343048975768505,-0.05447876410488014,0.05132051369292024
0.3827800303093225,-0.01858425281082293,0.04930432379683686
0.4090039761544557,0.0263024271318696,0.05080312157735366
0.45365319933351345,0.07011950607872304,0.037765181727813006
0.4894214107210131,0.10316610438783265,0.041506619227436314
0.514,0.135,0.045
0.5159314026412305,0.12274072613917929,0.03791336953073531
0.511052126697346,0.11273491690422635,0.05113809284970126
0.5255975766631713,0.1359688778850534,0.038717174749934
0.5057650285689139,0.11651010324310065,0.04487039781797887
0.5196368160699185,0.10309373321492105,0.035355872334545096
0.49911258048193724,0.1067134492441768,0.029112756984034562
0.5109604411441847,0.08630418394255526,0.030997127471785846
0.5231839556264426,0.08414030198495527,0.040820208382096844
0.5107611990098906,0.0839959570291993,0.03532724013613232
0.517,0.073,0.045
0.47593335179824026,0.03681391637153357,0.02715510193787885
0.4434573877360446,-0.01064137242935427,0.025069046826468412
0.41878124601867067,-0.026103023405627437,0.047644746337852345
0.37527608991810907,-0.060854415293537634,0.043321687275861526
0.3536053198194769,-0.09801494888008075,0.03602526383988128
0.3080775851149147,-0.13144905640925478,0.04732030086012071
0.2583947337607319,-0.16693339169929705,0.055995746285909705
0.23750048601160734,-0.2043816596809219,0.04510437628262303
0.20123200874562552,-0.22194036687001736,0.05185955733748083
0.163,-0.28,0.045
0.13056817715403146,-0.32419889082099224,0.06509733389102901
0.09058714985999268,-0.3371676720700509,0.04769817813342896
0.04026209687689423,-0.4056194794258187,0.03890869626902236
0.004135142016184045,-0.43085864908836036,0.061281087158506976
-0.03170224930765046,-0.46456782558957993,0.038203229191478255
-0.051326318345280834,-0.504381177000642,0.0425345015505578
-0.09588493796939764,-0.5203643934338527,0.02890404369824282
-0.1345474725347166,-0.5835279752727909,0.03432248299139457
-0.17837869141389778,-0.6234886876265173,0.04367087051623681
-0.208,-0.652,0.045
-0.1857325948353803,-0.6492085171739794,0.04437398691830667
-0.14395131870136582,-0.6170470740389254,0.06026697422337196
-0.10838348316958107,-0.576802390478944,0.04214202760733875
-0.08646742585282693,-0.5515957687481399,0.05647567074892211
-0.035545272912059514,-0.5079418095144368,0.07042762556954071
0.006270517680154866,-0.4811267019168191,0.045766208022828075
0.034426157937562,-0.46545003423092157,0.036658312310915285
0.0652410792626394,-0.42872259510971655,0.04710525693371794
0.08102599375710136,-0.40803078054005604,0.0428965793329693
0.128,-0.379,0.045
0.16180687260083906,-0.3425141183276659,0.03463061083090081
0.17710734307880646,-0.31279037196895865,0.04807994363893363
0.21318637142938252,-0.26809534569893784,0.043878555689572316
0.26579797066545235,-0.23473928104232267,0.05201015876974039
0.30461540050676705,-0.20701454396328997,0.05028658221193397
0.3461230111404176,-0.16784038770445703,0.0407207307387563
0.3646763772538726,-0.1424965682271284,0.03459878830838606
0.413125414166419,-0.12869668789620153,0.057491807855913866
0.4377986422874233,-0.052327274139335855,0.07190149487021877
0.481,-0.026,0.045
0.4983978069969259,-0.03255883091311313,0.035753300057905106
0.5013272675208577,-0.02854284131424098,0.041358321183104126
0.49446324466713837,-0.04030777812745584,0.05709436272011688
0.5175970295933581,-0.022896817087707213,0.037367170200045756
0.5308657086208586,-0.04881013365879392,0.05480153395126092
0.5071454609711822,-0.02866680523260841,0.05701568816292061
0.5296754586735466,-0.0287313208740552,0.0330968987161394
0.541730232182533,-0.006886686106390368,0.04913123451561503
0.548213894569801,-0.027344313454912023,0.03713257011503092
0.55,-0.021,0.045
0.5194765158691688,-0.048449578587366454,0.04695227699346647
0.47345362575203276,-0.08427009057807269,0.043245265350135204
0.44090731374924397,-0.12211637434145706,0.037121144969630274
0.3979608706280824,-0.17299853359796186,0.04525380392131474
0.3629682721254779,-0.21033630053321048,0.07034078844949113
0.3415916586403606,-0.23133964324328582,0.04250405632212241
0.30157144028614163,-0.27576199290823,0.06483240891525573
0.28558179060500855,-0.3020223732793163,0.049188627272725244
0.21735848615725564,-0.3537772789639178,0.04858996786627195
0.196,-0.374,0.045
0.1788370196140834,-0.4015037910839835,0.04350986885793397
0.15302841555470534,-0.44592185809763435,0.03747337993696883
0.1287845545259733,-0.45111433564117415,0.04313917830528216
0.11816829739426625,-0.47953546601391106,0.054736767730964545
0.08063724055928494,-0.49984643299183684,0.0427636640503797
0.06171526988614182,-0.5320915015738361,0.038778613774545334
0.05196817424087165,-0.5647490240239186,0.05891744330327916
0.025116388050468494,-0.5842300247084198,0.056286315959899864
0.006023035151902344,-0.5917244614732342,0.03695658444341518
-0.005,-0.639,0.045
0.040730172195088725,-0.6255566688999844,0.05061729339371406
0.06080295217151675,-0.5495797585709062,0.05341553120123657
0.0759693837587167,-0.5215947388942128,0.04588428870051952
0.14378859896526872,-0.5026054629762462,0.03933524381329694
0.1627050354156478,-0.45615241292537034,0.028473508354431725
0.21107047669943818,-0.4241865998759924,0.04237282612202374
0.23639648388843743,-0.39977223794305966,0.03735463611735131
0.27656193628176323,-0.34761841562524637,0.03898907975868979
0.3161548021915148,-0.32936580207105254,0.04985323531514228
0.349,-0.285,0.045
0.37550770526071486,-0.2383893307188677,0.06165729206968015
0.41638857678384517,-0.23544023591274124,0.04544414394349231
0.451678070303813,-0.20211405020383735,0.04394023275137359
0.4685656879042775,-0.1821097680589427,0.048621891868501146
0.5185683458346746,-0.1549600010425813,0.06146169738277124
0.5374408629304278,-0.13166375032140337,0.03684110232475437
0.5767283774117237,-0.1019325566654975,0.05768063357857211
0.5907329959060766,-0.0622960424128348,0.04158187706944574
0.6238596964662899,-0.03750727802613225,0.04682442995481967
0.669,-0.016,0.045
0.6270028194073425,-0.05979600393252675,0.05460259241126534
0.6148313015361326,-0.096127405531787,0.03818956315688053
0.5657173259448787,-0.10945951442413868,0.02866061351980738
0.5132627264983337,-0.16692394421797063,0.03319833570054553
0.4968336388669978,-0.18623331537510723,0.04017285481614778
0.47800434657237245,-0.23159850998826592,0.03205170253517875
0.4458763897687324,-0.267647519596136,0.03894471212245512
0.3867880170568328,-0.28955468686861113,0.031025157185663663
0.3481760030201311,-0.3374629464142741,0.03869741177630855
0.329,-0.369,0.045
0.3184513817870178,-0.40905123034319146,0.0590921490476011
0.28182835484565505,-0.4155240921744895,0.05869240932691973
0.2594268809114739,-0.43984093901778637,0.04454556140970072
0.24639238543104383,-0.4715037771653491,0.06331514758625179
0.20964177776505707,-0.5189554878917201,0.03503476024467275
0.20333432702364942,-0.5295808521320757,0.04615658528657724
0.17382573055991568,-0.5628441424508007,0.03677344850308176
0.147217088944275,-0.5745774772432347,0.06046874988252755
0.14761174112789435,-0.611378932281865,0.037603867733328716
0.118,-0.644,0.045
0.13644553545099652,-0.5999825324221113,0.030124129849255082
0.18458087260665185,-0.5661665092471975,0.03810968898463064
0.24558024119360386,-0.5434249995839286,0.04659540465794145
0.261647896770463,-0.5040769519929771,0.0336956066469568
0.30250561225070144,-0.4795399455955511,0.04457342525739592
0.3319170123012678,-0.4466473897167588,0.02850830990979359
0.36705115724669357,-0.4025201196714105,0.06163495051766024
0.4089415170504575,-0.3749183402437885,0.046366172347259045
0.4274466139087594,-0.3372306744750723,0.04179721363014193
0.471,-0.29,0.045
0.4698975875323765,-0.2764362132845887,0.05062511860144485
0.4726199186441818,-0.2807405310580352,0.06360677119625535
0.4888745633025524,-0.28118372898972216,0.04584293200462744
0.5139363225825835,-0.2875347346148073,0.055465027518580234
0.5040675191941377,-0.29746837069615717,0.056894142184025207
0.5240139442400182,-0.27822108461579703,0.025990209580097262
0.5330677265254983,-0.261888795599657,0.046429015744827384
0.5481877659300549,-0.28407999225389446,0.043682473749012504
0.5571456695508186,-0.2678579760581972,0.04904213485422849
0.56,-0.265,0.045
0.522269464894877,-0.3051737665305685,0.03367381914853036
0.49518764952787525,-0.3362310900850192,0.03805577188889636
0.43255191506734186,-0.3732449613461956,0.017519473958317742
0.4343507029093548,-0.41776697184677686,0.02795819625138273
0.3784651301281609,-0.4475135341542752,0.038187183089230595
0.3507101733876746,-0.4595474065550386,0.042505325805729716
0.3170081235130995,-0.5066247367699762,0.04689838911880212
0.29891569870889545,-0.5388925906744246,0.06562400090035977
0.25276905310374026,-0.580865664426157,0.04893350054232828
0.206,-0.619,0.045
0.2516160067474958,-0.6064210887614242,0.04074445582126582
0.27050626837414593,-0.5794658415313324,0.026585872872472157
0.2887550350834334,-0.5559383246936709,0.03597388528259101
0.3151638196087322,-0.5474824685480006,0.05003425498004273
0.3192900739735161,-0.5116768644716326,0.050164965573670575
0.3622791426250956,-0.484242836182419,0.052912087163110355
0.38637657479730503,-0.4757809700770271,0.04194411983659977
0.43168686095923003,-0.44432405556169285,0.052617849744300976
0.44614445920757745,-0.43804475258030917,0.05275709049945133
0.477,-0.412,0.045
0.4748850413828243,-0.40931088981529595,0.044063300834387545
0.48292503426606065,-0.4183833193314693,0.0417526206733277
0.5074558426175165,-0.41851257418364796,0.0506697951116388
0.505814906029703,-0.4197659666038801,0.03875304952195241
0.49801753678098615,-0.42943976760230473,0.057747669242820696
0.4936220700708074,-0.3954833928479807,0.04367929906830794
0.5098644650665378,-0.4177507647595585,0.047424808772681154
0.5123974923949655,-0.4146836457131662,0.05563899777278411
0.52973581600989,-0.4163345242157956,0.05326314889054479
0.536,-0.416,0.045
0.5094941479329729,-0.44705109029972473,0.026363657198070087
0.5239121288724968,-0.4572930598506192,0.033128916907945324
0.4894017152789034,-0.4834098314867054,0.04791278424590013
0.48718776957045734,-0.48897860890185835,0.041775451988447156
0.46892966928881824,-0.5231901673840859,0.04446743142763494
0.46080741562627625,-0.5337733037755026,0.037773633563512855
0.442902856795834,-0.5464420856728178,0.054701295566532034
0.43087608060165455,-0.578645575783548,0.04156149435752496
0.4052023234650594,-0.5967668859417437,0.05646861692800273
0.401,-0.615,0.045
0.41400131502763715,-0.6152957956892143,0.04616396690210983
0.44194673260574874,-0.5697217092956861,0.05610216996884023
0.47471599899580064,-0.5536062423774374,0.02501153360130104
0.4770961725729234,-0.5332380117069152,0.05667725554713414
0.5252086975060012,-0.5318603063921686,0.053218727889919604
0.5357887299807461,-0.5124188265034978,0.03044614381456691
0.5572812202992349,-0.5060872955230872,0.04526115238635348
0.5864264092191066,-0.48623612868152477,0.049852111205450717
0.5894001710014669,-0.4665458977102301,0.03838694328668043
0.63,-0.45,0.045
0.6074391583013261,-0.45683965851517233,0.04374917346479232
0.6190078132322757,-0.4724173169856898,0.033917654692841186
0.6152775603302014,-0.49275430182034746,0.05249570811553599
0.6077129526015704,-0.4895866136356541,0.05734896050257773
0.6111110721009552,-0.5353637871278043,0.04761515185152072
0.5799707454442804,-0.5344864426830858,0.05181062544109393
0.577985539762697,-0.5562187103562812,0.05041163702317201
0.5795296357997056,-0.5315419197720459,0.03828196315087602
0.5597627116361489,-0.5607158030623655,0.04394841918320508
0.562,-0.581,0.045
0.5586513933353177,-0.5892493911366234,0.041692759503830897
0.5857324066993008,-0.5897814711649106,0.05060223105313399
0.5940297719426146,-0.5946001342290402,0.04470717259567227
0.5771247462896176,-0.5887282192530296,0.046152316729289114
0.6039928245235153,-0.6149473854292469,0.0629766852141887
0.6189856315198226,-0.6083882730783253,0.046929776317196456
0.6093742027615962,-0.6281683507136838,0.04519878430789441
0.6214153047449694,-0.6120082038169001,0.05673492816390589
0.6439524943740128,-0.627567438724605,0.03680143937581412
0.642,-0.628,0.045
0.6035320762539867,-0.6277379599177015,0.04647385727318026
0.5495921996922418,-0.6328068090661719,0.046041423812335946
0.48892925019107203,-0.6288516557368871,0.0539925880397024
0.4566005207558482,-0.631943878524306,0.03670993293502877
0.41506660062445705,-0.6291588469698806,0.0486417770559119
0.34001096391213126,-0.6480640228564408,0.05645163896732146
0.2976653293660899,-0.6484452866596084,0.0362583289011006
0.25229868128054894,-0.6419222437568199,0.03602665041101177
0.21111453487023166,-0.6418458128416952,0.03658465056613501
0.156,-0.644,0.045
0.0925309437856158,-0.6405892541140422,0.027697671403046166
0.009568117812504771,-0.6372245321103687,0.055643166523174366
-0.03552057037191616,-0.6455606379448452,0.03913041333782635
-0.11791115290006306,-0.634149122730782,0.03421150696045325
-0.17283124636416308,-0.6122748477429333,0.05666750066923201
-0.23822802175403143,-0.6130112915666375,0.056721983971704464
-0.298701164900453,-0.6054522544759996,0.04533057052085576
-0.3703754664214208,-0.6106693507983266,0.037327876018911334
-0.43685125420563653,-0.595576766804794,0.036755232363283596
-0.51,-0.611,0.045
-0.5057406355728773,-0.5807600309747586,0.05040333719241667
-0.48390607897528115,-0.5531093293052166,0.04488060518001639
-0.4764167542316073,-0.5451559605817112,0.05911422427535933
-0.46170104404360074,-0.49746059817313437,0.05926096939809717
-0.4552308544040676,-0.4714476101409932,0.03094676766825115
-0.4504823792599032,-0.4427332407757295,0.056822080757581245
-0.43645042772327275,-0.40633778024958883,0.028603706822823587
-0.4438500803585948,-0.3873019115308659,0.05919450741205848
-0.4104785065555943,-0.36473497034625546,0.04570288458953308
-0.406,-0.341,0.045
-0.37075458776721615,-0.2994455208160452,0.07014480438120779
-0.3344697905590954,-0.2815544086675725,0.05022032768370996
-0.30806856476735517,-0.2348546358086213,0.06614461678888364
-0.2613411950659962,-0.1841571048972844,0.04724908757633149
-0.23465786603674796,-0.15155447908879927,0.038766785022993744
-0.1844419688050213,-0.1340008014959977,0.030323514502906053
-0.175986781810439,-0.10281839008005575,0.0649995405138562
-0.1248999872507401,-0.05617875443340773,0.021137862607716943
-0.09835143416720546,-0.009798851433081837,0.049447598401628594
-0.053,0.013,0.045
-0.02806358552337042,0.050792385800881086,0.05035511716571377
0.026251681709270766,0.08056722939268013,0.048017382886392235
0.04191760463218807,0.13389808511614482,0.0479323226348237
0.08980916045061928,0.16707347083644494,0.04826096859052091
0.14307212168380892,0.18743012402212916,0.020868700063043873
0.16349659519095489,0.2493957292091731,0.05237170908919146
0.20163951437766464,0.26840425202961943,0.031006108656561164
0.2508469249138366,0.30980464857871187,0.0365220813103319
0.2977186854221629,0.3502167377576083,0.04272906444518993
0.318,0.384,0.045
0.3307531961340855,0.4173499691933464,0.05389865638570779
0.36298980401628556,0.44937046034342704,0.044929198129516575
0.3740875179485055,0.45052175343951556,0.030275896083167022
0.41885695469187595,0.4853836589271787,0.052290620041507745
0.4059576522412731,0.5081616606808261,0.05710034915370476
0.44382300704860145,0.5553106246744554,0.042568666022749745
0.45793245046127423,0.5701043952062026,0.03163889453587237
0.5042125146571093,0.5915599223905741,0.034841012518088174
0.49200255525804376,0.6126310355107446,0.051635773369029844
0.517,0.647,0.045
0.4799342095968978,0.5942625247775749,0.038781585391886454
0.43791271500835177,0.6023807874723113,0.03681650010149891
0.4137085737201515,0.5503418792552186,0.04282081380168834
0.3750138412169137,0.501178429626722,0.04946865625498875
0.31964681913817794,0.4663689779242833,0.04920197507953148
0.3137441957757529,0.44841370926827556,0.041599711456405085
0.28096895542939626,0.4167311930081535,0.05148158205866659
0.23667123049777258,0.37206047239089896,0.05168294902117317
0.2071500569870496,0.32541378416270145,0.03812186609966062
0.164,0.293,0.045
0.13439330308110356,0.26047075287777854,0.05011386121751485
0.09263715081739086,0.22902082584142108,0.04325441898876864
0.054737127625558414,0.18241498764819453,0.053190587463597595
0.0361397404520062,0.1390037645545571,0.031938171358853684
-0.02038284451856395,0.1285219205437495,0.03304837517552011
-0.02398293223420368,0.07336762509168315,0.031899047803208416
-0.07000379908219347,0.03589515365757539,0.046259240440744594
-0.11867089479666863,0.0017290630067448107,0.045384375493052555
-0.1421818812561004,-0.02106816897343064,0.06506799898005859
-0.19,-0.06,0.045
-0.22322545895559445,-0.07879459253002949,0.0320514137166323
-0.25326642199620636,-0.14944227145907432,0.031955620443195
-0.3100906551582148,-0.1751787147164685,0.04722662427422313
-0.3404918055627971,-0.22111940461621457,0.04121003414555533
-0.36715529657620977,-0.25747348549507154,0.030015428520884298
-0.414809665309395,-0.27242145886722896,0.05529722074702242
-0.44922889114884573,-0.33900585162526237,0.022367766854611334
-0.5059400665189225,-0.3745477862298033,0.03316295958531932
-0.5220137565231338,-0.3877119297956622,0.03176640029504882
-0.561,-0.432,0.045
-0.5578057520547456,-0.432944299836107,0.029590599941959554
-0.5433064187532762,-0.4224185814416415,0.05293534922011142
-0.5363220350512432,-0.4032052806381624,0.04077426469119748
-0.5211464058360343,-0.364090868391221,0.06753949847667427
-0.5061790255647234,-0.3529600141605493,0.0358178738473673
-0.49038592835667927,-0.3548877774198169,0.04780541312948973
-0.49571656996254504,-0.3168733354621399,0.043484976095963544
-0.4760349365408539,-0.3069187277045751,0.03898483732371681
-0.4879587648223922,-0.3142835365068033,0.04888909100900746
-0.47,-0.277,0.045
-0.4290680312689711,-0.24951682448488482,0.04064149250696682
-0.4071226817519304,-0.2201342139751233,0.04144354262255112
-0.3599330550105298,-0.15072373842159897,0.04445952551436188
-0.34453036639783957,-0.1393193542728385,0.03179072765591881
-0.30739409514177124,-0.08367095902882066,0.05922259681355616
-0.2546652046997046,-0.06282860599748157,0.0495704236837278
-0.2011601840196086,-0.028651452838668323,0.051571044783739056
-0.20048144138790752,0.018531402234143235,0.050391260042376075
-0.15017865370983066,0.04638025066384339,0.04452072279466694
-0.116,0.077,0.045
-0.07971392702426805,0.11727833628987197,0.03881953836438578
-0.03536241222686157,0.14886682909019053,0.03928347957168413
-0.014791053729787052,0.18863074883793823,0.051289489611788176
0.027155784809425782,0.22490470216688543,0.05899733032583728
0.05762236484501854,0.2634220060449776,0.03596072021965059
0.08036064489694066,0.2807191853904449,0.03976769344092948
0.11673858133729188,0.33145197939191295,0.058948575440677345
0.16029533716648506,0.34587454445390126,0.05383584531497031
0.18034674740143952,0.3887297563811814,0.05486268795233122
0.237,0.43,0.045
0.278998517197307,0.4512593521668337,0.046963886195186676
0.25909962788481233,0.45728235946552476,0.04478582787361673
0.25908783660634327,0.4562733381016961,0.03605342917737076
0.2816587314715893,0.49441409566707273,0.05432509403677241
0.28600354564174696,0.5100386456176046,0.038952933624018186
0.29535648046326013,0.5352465545571544,0.05658541535601888
0.3243548703595679,0.5444814438451141,0.03857961219394473
0.3321753338433166,0.5773863218255988,0.04310381857934868
0.326906746272429,0.5927728539566184,0.0569573410705527
0.344,0.601,0.045
0.29682218819429984,0.5632904223940002,0.037274537448760824
0.27676335355652915,0.5248147844340899,0.04739805831082341
0.2393735887571739,0.4883346221771411,0.012095694298515203
0.20382963439317967,0.4707721454737464,0.023055355389207707
0.15084195788321728,0.4014782331030067,0.054986664935733745
0.1324940493922289,0.3724255815545096,0.056098177098805366
0.1001220571688467,0.33354027474802533,0.06239089717281851
0.034295921341492376,0.3167276980606245,0.05524961174664162
0.01978677435172734,0.2568196566706629,0.03624110629639935
-0.027,0.23,0.045
-0.06752732071669007,0.19441647429059122,0.04648151163063954
-0.0934938157577189,0.1665489802962763,0.039718131476866494
-0.128013592581584,0.11204582896749248,0.030157882599163986
-0.15724491145721103,0.09853967223342389,0.04044325641817076
-0.2072963680478346,0.06891357637354624,0.03835688489333464
-0.23496937827434425,0.014999507411255743,0.06732528133246463
-0.28456306761308386,-0.031234357196615034,0.05555150389934067
-0.3137181713243202,-0.048168402408129404,0.052826728641280636
-0.3320064235479578,-0.09938658650404285,0.044576318576971044
-0.381,-0.124,0.045
-0.4088508059458041,-0.1474398752508075,0.05754920881016777
-0.4328212396608119,-0.16898389713879514,0.05803834229499262
-0.46924097552758703,-0.1943068863427447,0.04710994181791017
-0.4938104965939787,-0.2169657665360849,0.03342436740850173
-0.5083427420219896,-0.22969968828335618,0.04834309788909142
-0.5393632977254487,-0.257101721667574,0.07327332108348254
-0.5518185761133982,-0.27814079196323926,0.036634505107788096
-0.6095721843886424,-0.2933292847289639,0.04446041856772949
-0.6323915898460288,-0.29776252283082544,0.04482280841492384
-0.65,-0.33,0.045
-0.6163963622870585,-0.29568302940121727,0.05099057260471998
-0.5784381265657348,-0.26030934216145707,0.05025978985032849
-0.5505850219392701,-0.2186479177430441,0.04239182700893289
-0.48984621528312794,-0.19819855075448606,0.04049738973125233
-0.4782089563297193,-0.16488623340468403,0.06162203458239766
-0.4413719316342107,-0.11724476393873777,0.0473490239165688
-0.39292010390223675,-0.07455704064566332,0.03973618628374773
-0.3802475420680617,-0.04331415154636996,0.05227896875737206
-0.31771859439537975,-0.01671449022061086,0.025052071924752138
-0.297,0.024,0.045
-0.2676671955472415,0.05508605201329776,0.046883543030237146
-0.22775141009239708,0.0871785140694482,0.0487783317033293
-0.20799440140732878,0.13679790413369916,0.0452483504175007
-0.15471508317497945,0.1864353393206883,0.035979692134902236
-0.11964224653172659,0.1953845087806835,0.05909662681133948
-0.08060045459290748,0.2618520020935175,0.04036157068322126
-0.0404515888507298,0.2975580692966473,0.048042977660282496
0.01505327169089012,0.30968665732677464,0.04430224557746714
0.012662326145859226,0.3678723843821589,0.048269948017878046
0.074,0.395,0.045
0.08101828903945149,0.4127347336238113,0.04451698355675974
0.10525476789395827,0.4481402542577573,0.05488446547883603
0.1267587563394042,0.4783029551110011,0.061515723440751145
0.14350337987872974,0.4889155460484215,0.04664297758277137
0.16803873574162725,0.5297971100913624,0.039690033977032406
0.1839785365541742,0.540642295120089,0.062009489980247676
0.18272372087821426,0.5732006785988053,0.05081319953856419
0.22792713451467958,0.5909821505749954,0.02625404031764094
0.22979454095496643,0.5989962316200471,0.02882017688018969
0.252,0.636,0.045
0.2126806050945946,0.6113538542345954,0.05846255516930171
0.1643865437074512,0.5422138978406182,0.030667204002447775
0.16245626933764362,0.521704086914114,0.04213695209841124
0.10288666725897497,0.5235115897715232,0.03295272244386521
0.06256762116377883,0.45876058216172244,0.05789483038770083
0.045070432691903375,0.4256735076682993,0.03343285870741651
-0.010069390267894435,0.3802492499631368,0.05312359415108674
-0.03004282331814344,0.3541978552344471,0.038174417621453995
-0.07320658665086625,0.31659759424372197,0.03838652689181905
-0.101,0.283,0.045
-0.14226619729753467,0.23131223790640143,0.05931636260516247
-0.1580873339970294,0.20090310330103195,0.032229814483791086
-0.20022434291581515,0.16143375082520606,0.04044569538572232
-0.24661544751198516,0.13238943584091878,0.03898695221628215
-0.26691247831518744,0.10254623782109619,0.05049166550005689
-0.30127868551105014,0.06275205187738352,0.03890396505325879
-0.3396145859082856,0.04871668443551386,0.049674404551763
-0.4066362041219663,-0.004315478112332245,0.058951020661147116
-0.4091688653271329,-0.02828864079870535,0.03921094989417236
-0.455,-0.071,0.045
-0.4643311369445052,-0.080623036497008,0.04179084961745516
-0.4777853042991002,-0.08560356333057058,0.04347814451423043
-0.5030501972430399,-0.07462219297395901,0.04935117222726976
-0.5097872289983686,-0.10905138271175874,0.05756921885033956
-0.512441769421726,-0.10668815647436151,0.0575689784313988
-0.49852158808544667,-0.11000760529371341,0.03549962995786562
-0.54461120073088,-0.11422339418559871,0.04519511918861317
-0.5684793736582892,-0.11459932218315778,0.04060978688931198
-0.5859085203959716,-0.14250610089228632,0.05391373173037217
-0.576,-0.129,0.045
-0.5526055517806988,-0.07955070702022393,0.0403726716964231
-0.5044923315235152,-0.06940027115695079,0.040819300572844254
-0.47599139433941373,-0.015386012306964951,0.042243738964310606
-0.4234146738670487,0.02650261455591884,0.045649671817473106
-0.37428175307423517,0.062484597304372044,0.0506094703354571
-0.36016313816570517,0.09256708438873389,0.034461111163204515
-0.31945386600294534,0.14622453651692568,0.04391784698760137
-0.27953673030730286,0.196419371736948,0.043052881142502206
-0.2519814942180867,0.20514477450924803,0.0554217601378036
-0.205,0.243,0.045
-0.1705510602357494,0.273733852153766,0.0571473188513186
-0.13093112596909132,0.31810571106060515,0.05388722220061299
-0.10172203363314634,0.33969837133275044,0.052542285593889
-0.06719947276575575,0.39999781960141156,0.057329661803322385
-0.04433489142380336,0.41606631737918415,0.051285720191791874
0.020497068963456957,0.46976558299560683,0.04515202094456808
0.0380793428092455,0.5034553569075078,0.060769047657534214
0.07780151551843287,0.5336427538959336,0.046023304997228814
0.10313228849309283,0.5629919341536884,0.03659797076234096
0.149,0.596,0.045
0.10217426533502416,0.5997264559095599,0.04546829848360496
0.10745663898893552,0.5555090696659125,0.035051136281074896
0.10696354258539559,0.5707409045397497,0.04177632153739887
0.06404040131496391,0.5348075646419336,0.04768270319627164
0.025134654243232944,0.5012725514380425,0.03714264301024677
0.006226182491346021,0.48860538770752454,0.04852633546074471
-0.007594072267102402,0.4785544410507021,0.061339692893076975
-0.035497120817292074,0.4773608017246935,0.031092047656699158
-0.05074522875370886,0.45393148359203367,0.030613589819147663
-0.077,0.435,0.045
-0.11504064189593594,0.38357102354019457,0.04299334040908056
-0.13941070003562261,0.36193321883135354,0.04534386715109757
-0.17014491429689999,0.3299136440552639,0.04002927304740755
-0.22166326393768032,0.28601336626039336,0.046180274299973956
-0.25344713183004663,0.23056789350981752,0.05493535793558758
-0.2943900637553973,0.2360222695893172,0.046104499543524205
-0.2959341640854227,0.20339212233350018,0.03387340473006209
-0.3664844371735653,0.14876847185275716,0.04423705996368935
-0.3902237911133135,0.115927196620954,0.03801228630895739
-0.43,0.081,0.045
-0.44747009049890174,0.06687110678014711,0.04083257250865064
-0.46065517897495806,0.07112150246710537,0.04767693395005352
-0.47035670969922094,0.041255011777990604,0.0382628332960582
-0.4892696321018993,0.04749652378211258,0.06048987796828274
-0.5119509451700927,0.032556054427884874,0.02981830850383544
-0.5106786008101716,0.04353652201230125,0.042151671077369994
-0.5415833989364549,0.027498451704726694,0.04921514650547677
-0.5255646256963479,0.009954386211115239,0.04027263105642691
-0.5655588096672529,0.011011049350169376,0.060701369830930156
-0.583,-0.008,0.045
-0.5534046946850749,0.036352450111191384,0.037370521701351245
-0.5178708135086231,0.05697045152294858,0.04188295768924941
-0.48588004790630596,0.10732102097955279,0.04158617686601974
-0.4473486356202436,0.15379579657497763,0.06175723601347694
-0.3980775424698136,0.1628919638112664,0.0465416710491053
-0.3661092064911105,0.1953516506655015,0.04715644917284721
-0.3459117388066758,0.2288774843361458,0.03412909096835649
-0.2848486713884842,0.2845529967447949,0.03900826677966589
-0.2635021855542467,0.3117829238371589,0.04829812191987159
-0.23,0.345,0.045
-0.22022873138923438,0.3865199791414798,0.04288342031993309
-0.17813533981303223,0.40935353088437343,0.025506303876596678
-0.15297559151056372,0.4269375907103678,0.037308637329177254
-0.1239213219928669,0.467416968381952,0.03883913858907539
-0.09159396916642026,0.4873615040410262,0.02558919374135142
-0.05483403126600076,0.5262680915338998,0.05766331211362443
-0.0292609898613097,0.5674668620337369,0.01591309443401256
-0.013509878723996584,0.5961914935049897,0.07200242250125752
0.01948873647045618,0.6312078465000517,0.04373670502431219
0.05,0.669,0.045
-0.011132608186335498,0.6267884772547887,0.03727566139251846
-0.025603217909768595,0.586641195935524,0.04463633440012721
-0.05984266551270034,0.5759013021577502,0.06366023782391711
-0.09827909022869005,0.5277796726651961,0.045784113286964835
-0.1347045952498727,0.5014178439460377,0.04716352389983313
-0.1670935437958735,0.4692683864619109,0.046904704854823356
-0.1946168212325437,0.42197854387279493,0.04613090981737726
-0.23691249639972153,0.40131039018562364,0.04823919959431543
-0.2668426679159472,0.38542071693299274,0.028040144725907313
-0.306,0.332,0.045
-0.346869502785798,0.2806076562316638,0.05003063933729865
-0.3724040103369885,0.27287240461613754,0.05786590382096812
-0.42385937278266184,0.23253871471948726,0.04774132363976435
-0.4648340013666234,0.17942839664505683,0.030741177528526224
-0.48171543556171165,0.15588696193006965,0.05747391235006015
-0.5178892739554579,0.1089293141663731,0.04919709993427846
-0.5692931683012252,0.08944224603076396,0.019150089502722942
-0.6122580526353683,0.03546415862070756,0.02111724317458281
-0.6298981097718479,-0.005973676748862556,0.04970576770430693
-0.669,-0.026,0.045
-0.6477735247060497,0.0011818341056468624,0.04136141750912546
-0.606000576358013,0.06360861705766428,0.04926788146068328
-0.5948880747337687,0.0898201947830539,0.03110917654867643
-0.5415679683419072,0.12214257610785013,0.04326881224971995
-0.494001359386611,0.13760977699442717,0.02356568272466748
-0.4830079510412006,0.19651844954718223,0.05037767448537725
-0.4340284407444217,0.22798933024761533,0.0451223402262613
-0.40957157049400494,0.28465894465382596,0.059506287189694904
-0.37261991739545847,0.3233110330930345,0.04839102670334204
-0.353,0.349,0.045
-0.3270501970517043,0.35517105188719017,0.04008891585007079
-0.3012391983807619,0.4170224812250599,0.034098130925512754
-0.2826134516458843,0.4503887313814682,0.044618491820854346
-0.2457736061460425,0.46602073217271983,0.05142261019716253
-0.2180290888168414,0.49494128237637774,0.0474176772642001
-0.2047664789941033,0.5273746549836075,0.04693579668723629
-0.18359402709658237,0.5767357017036583,0.03965856686431748
-0.1441447369769427,0.6025123044079904,0.03166789031183046
-0.11111734205414228,0.6181877770004147,0.027700452255888856
-0.084,0.669,0.045
-0.12002638167982999,0.6413611749522199,0.048917245692941265
-0.1479765646193645,0.5927256700181598,0.043057028567531526
-0.19913157784892377,0.5662783246244157,0.031814109632939166
-0.24806206371980263,0.5127292905295493,0.056291245385712216
-0.25203149584755447,0.4864351559274407,0.060033412348218
-0.28035842397048755,0.448626545840387,0.043144598881838005
-0.316338103392771,0.4293170071881879,0.036071149978687836
-0.3749752590346029,0.41503025747222777,0.04860539243536592
-0.398988264615929,0.373303218210875,0.043576988650732756
-0.437,0.329,0.045
-0.45718681276030876,0.31930541670391804,0.03915852694741174
-0.4812709789111097,0.30989893607708413,0.03209618393912107
-0.4959100792596959,0.2978331908953883,0.04870934254777883
-0.49241815808648925,0.3021917031155546,0.034970948460570556
-0.518558294141332,0.28169703465434004,0.03693290507238581
-0.5312574472315765,0.27655647602706035,0.05286123001430869
-0.558351551987597,0.27619415340232717,0.029899825890265238
-0.5650496343727269,0.2529382265762635,0.05117887951696663
-0.5735411727214749,0.22893449744366762,0.048267002245457886
-0.594,0.236,0.045
-0.5454263449839654,0.27495256882053104,0.04920046437536885
-0.509689035060032,0.2939415356658054,0.04225179217863854
-0.47227068831834607,0.34764878691494094,0.0777653851016811
-0.44444109830010853,0.3749835784207764,0.029220806081024498
-0.4062868038965024,0.42858125214024256,0.05269797814765962
-0.3835245819095007,0.45630120801282137,0.02702550612728064
-0.33944311180806686,0.47761306582325946,0.04132344567454878
-0.2867481832894125,0.510389576292804,0.05301532260286853
-0.2675412185291209,0.5741681702434145,0.04905613726100271
-0.222,0.607,0.045
-0.23788456962159682,0.5943657450865771,0.026504565122725837
-0.2562110152530536,0.5754381957823098,0.04853909083291947
-0.28369492084401526,0.5717461480382156,0.03655951387839525
-0.30864600333606695,0.5279577912190164,0.05057480163184483
-0.36142643857504375,0.511925507774293,0.04992403400849993
-0.36153077260682825,0.508494423556763,0.039619553485812226
-0.38836630026349683,0.47148301305586304,0.032605222290817325
-0.4187537932335234,0.45087401542699207,0.03606483504568103
-0.45823050772723206,0.42912958266824835,0.03292711939411249
-0.469,0.424,0.045
-0.4853564493972596,0.41450559705320733,0.05831667782418256
-0.494423062120285,0.3943779603662034,0.045868600208484385
-0.4919088493507137,0.4216198917792619,0.04358490056366592
-0.5204098562688255,0.41197789954033603,0.0342029602240262
-0.5278241230861478,0.40386215775390544,0.04142828466754936
-0.5180654799815922,0.41022041673530396,0.05701394079346821
-0.5226656461447503,0.4016900428730531,0.03684411570482117
-0.539728406697303,0.38701813013391867,0.03735316935382816
-0.5437853202132044,0.3966496698781646,0.03512753892863964
-0.562,0.395,0.045
-0.5505744011128867,0.4073357488807219,0.04805496546214752
-0.523701655206946,0.4431016589692249,0.03136922304470324
-0.5070369612604552,0.46967776507325915,0.045765794082535255
-0.4931073161601789,0.49563204667344335,0.04675318306750134
-0.4850865042907466,0.515775754147482,0.036604768818169965
-0.4589249606551079,0.5452379637125142,0.05008719453792842
-0.44056048141670906,0.5503136280244985,0.05437175307740305
-0.4145039972428798,0.608631490764775,0.056139782026946805
-0.4022603100218202,0.6178503074837253,0.03363770761955521
-0.384,0.636,0.045
-0.4129362839879743,0.6227772171655861,0.04117824709809477
-0.4497146258930653,0.6029412273487079,0.05709889077258769
-0.4529008385095904,0.5656791154218677,0.0481577952606128
-0.48521608614314127,0.5606378890515361,0.048121635440738254
-0.5027620362103458,0.5355626244484247,0.03382100133249345
-0.5307218024370842,0.5337279539013867,0.05271650807338338
-0.5611226873870561,0.5221974037709339,0.028576659399534736
-0.5716544203312128,0.5027483442906104,0.04312664507933377
-0.6057507018996614,0.48519222590068267,0.052863293550012444
-0.629,0.455,0.045
-0.6299638796645833,0.46080811149392487,0.04275755182119261
-0.6162526372184369,0.4775632562803283,0.04402846527524683
-0.6200288002545323,0.48506559629999507,0.03815423687475919
-0.6055441752571634,0.4935843463544207,0.05583397880935615
-0.6048197546396382,0.4993659310781317,0.056521504276040524
-0.5854938155657559,0.5361582257562343,0.04340561815424464
-0.5869276654683175,0.5241679805971622,0.036547023014514575
-0.594361277248876,0.561447098546801,0.05061649175869483
-0.5675868619983199,0.5666839052665339,0.04462506370663828
-0.572,0.576,0.045
-0.5800942287237122,0.5667553057758434,0.028177618557596016
-0.5756276611724364,0.5915261779231454,0.03588434247852214
-0.5993385090778428,0.5784486772230539,0.03727449012150217
-0.6041308120425841,0.5994665016752024,0.04934418062611519
-0.603560090580118,0.6214702707052279,0.052962706921256694
-0.6112738267287159,0.6155150745690724,0.05236828915240135
-0.6263611421348878,0.6260280305292512,0.03587314687573855
-0.6319867810160182,0.6147001562946361,0.05353193701132665
-0.6262607510048839,0.6215094318663781,0.04079285513470749
-0.642,0.633,0.045
-0.6588010924193733,0.6183650509310068,0.031080872091975208
-0.6702905899967754,0.6074661223344989,0.03579458592624787
-0.6457186481713111,0.6300150384679467,0.045819610097118726
-0.6559617718113949,0.6280839102781369,0.0700492298415002
-0.6884293442649284,0.6436391925398883,0.05610628501798949
-0.6492429184073188,0.6341857047496687,0.07027803280494269
-0.6455906815192901,0.6201023512537328,0.06972285069801507
-0.6680878662282088,0.6063944366402496,0.047281797308861076
-0.6736824807097543,0.6198357395493427,0.04907562825188539
-0.669,0.606,0.06
-0.6695059419828765,0.6017538852068997,0.055794997916871425
-0.6623923220652699,0.6109289572249328,0.05294797071649544
-0.6722634580145231,0.6042739526709372,0.06071485671962381
-0.6754501592346255,0.6021823651383751,0.05622736297739687
-0.6807547888068365,0.6362465503027424,0.05160739708178905
-0.6696887590627502,0.603312711998337,0.0631412255089214
-0.6803263301452123,0.6120534315496879,0.05004712668118616
-0.6852010735107958,0.6121678404751234,0.06954212363419018
-0.6812114756285484,0.6170142641778189,0.05167446620607949
-0.669,0.606,0.06
-0.6093156793125106,0.5834275155700919,0.04699425676685503
-0.546268913107302,0.6150313506943225,0.057156636790094126
-0.4892375534704044,0.6221429575938608,0.06507052638096462
-0.4290903038095352,0.6144545091428855,0.07800994268107218
-0.3787795971713048,0.6167722667209772,0.06392989640178791
-0.32683776478061777,0.6184446884483819,0.05908088341004909
-0.2542441303141522,0.6183327040131501,0.06975773366112233
-0.19234574677810407,0.6374150883500016,0.07078397012623855
-0.15764024663641832,0.6326575660036908,0.060962314377587076
-0.084,0.633,0.06
-0.02538727904540233,0.6378495857448827,0.07393113680687939
0.04983413052806665,0.6365171665096223,0.05670244063083615
0.11074692699494676,0.6522773970245326,0.05830172282786549
0.20244094748253558,0.6324144854058676,0.05162266857496969
0.27611368066656383,0.6533030652606782,0.06590547423299352
0.32672379936369317,0.6726804621474483,0.05740586375648346
0.3960032599811316,0.6588252682276896,0.0626498571323834
0.4613137603017163,0.6533072258900094,0.06140336355021882
0.5479914698339827,0.6724863715449604,0.07779451329441567
0.615,0.667,0.06
0.6216164494239365,0.6311912163666251,0.06228943955400559
0.6268409612660607,0.5531648475638794,0.054364014818849546
0.6434914587331634,0.5268700385829326,0.06051224285075982
0.6382762725301235,0.47403087388114473,0.06892069400430959
0.6471186377500427,0.44778496108166554,0.056949378563937884
0.6566542226152187,0.39791942006361786,0.06244505646767988
0.6390490575877054,0.35059947294897365,0.06425105072408208
0.6529327190504004,0.30456847622256034,0.059338922104444525
0.6761115828771354,0.26306093715239903,0.07481045242902146
0.669,0.219,0.06
0.6763179153975228,0.16015637567937607,0.062384574872770236
0.6620524894373234,0.12576938327991255,0.07297798980059654
0.662561781093301,0.08267622556303793,0.054165100494727815
0.6759183383181309,0.019102958643319734,0.061081758696486896
0.6689308261115493,-0.03896151869995256,0.061906488850156684
0.6551709787507783,-0.08365125983189572,0.06798071614228467
0.6584617235511179,-0.12732327924348688,0.06535909082038596
0.6731176639075656,-0.19719410410259286,0.0454135809305398
0.6737848958161211,-0.22814085014359606,0.04097093149818458
0.669,-0.281,0.06
0.6819930310678133,-0.3045543717506969,0.058075094571189874
0.6402890753883324,-0.36077385544237817,0.059857153272045445
0.6317077961696055,-0.4021945890501748,0.07536757775515783
0.6289024676867463,-0.43510031189108966,0.04836267493123654
0.6213131935293689,-0.4706012552982077,0.06222280103813433
0.6006302025844726,-0.5096156248805002,0.06460922182043081
0.6044034323676005,-0.5388410291253722,0.055018852626470244
0.5743931292630697,-0.584526575490757,0.05333732977810289
0.5641837976704802,-0.6132079486476608,0.05879603041762386
0.563,-0.669,0.06
0.5297366591743077,-0.6769590664116995,0.08714091979901811
0.4596610567387887,-0.6868847109208467,0.06363959278188437
0.4101328049824718,-0.6758455282657587,0.07385182760761447
0.33449789143367403,-0.68266105011751,0.06914613909302526
0.31487324473315115,-0.6618474379605468,0.05315935160894271
0.24895433921898916,-0.6686233252880867,0.0454054538656561
0.19097490457128263,-0.6736668711145792,0.059868774933785396
0.14475499126255612,-0.6826728093232447,0.05788584353030425
0.08443087476226332,-0.6743626218203131,0.050751703018625034
0.038,-0.669,0.06
-0.029404953182412447,-0.6693515964515544,0.055266745591077866
-0.049767293861905926,-0.6778473998787199,0.046641279536395956
-0.11117936703587421,-0.6736331421234577,0.06604468225881668
-0.1511857610879638,-0.6713413424765124,0.0596978240922611
-0.21887445017859947,-0.6421480927561908,0.05636384821850573
-0.26080430359862994,-0.6620075776421387,0.04816637655362033
-0.31920455234674266,-0.658946364381114,0.06435464126473663
-0.3723094006565219,-0.646454655278306,0.05873407952669278
-0.43208935757173816,-0.6819933684171781,0.04764047866938034
-0.462,-0.669,0.06
-0.4976964409709013,-0.6379958345351131,0.05712171358213999
-0.48589891536146707,-0.6273722647611404,0.057096726134385115
-0.5122758694303138,-0.5890443815490789,0.06316449942581037
-0.5408241584471688,-0.5329059239599143,0.063444206115002
-0.5619165615047373,-0.5212526959197871,0.051106151093741725
-0.5733182228659153,-0.5039088786896535,0.0482931076177237
-0.5911658547156844,-0.477743719669235,0.054326926323692404
-0.6294368239767522,-0.4554206576550924,0.05864707685159755
-0.6284969963542615,-0.42039040185219184,0.07456369143331959
-0.669,-0.382,0.06
-0.6616636254573098,-0.3328649823500868,0.057559001126369885
-0.6766636022015566,-0.2731412341454445,0.06722693857077867
-0.6886160037121463,-0.23922485212140843,0.06491864753883778
-0.6859576412157828,-0.18072140598561698,0.04498901592024568
-0.6820801576312104,-0.13663146632058285,0.04496719542594057
-0.6713107087002251,-0.09613599256315396,0.05466242136753591
-0.6779429114008165,-0.023548241730792993,0.059042742306526876
-0.6625093464060463,0.015720517430645328,0.06739171360083074
-0.7021021956586646,0.05920879216632234,0.06550605675084666
-0.669,0.118,0.06
-0.660440494384175,0.16344567653936834,0.07240929888249525
-0.6682711795182151,0.21848696676059243,0.0647278236057279
-0.6749637642359356,0.27729739585995866,0.061531989714842354
-0.6602976460971005,0.3253102273104936,0.06857412691962173
-0.6881239200249888,0.38987357754404217,0.05265517165845592
-0.6771878548808872,0.42832336367459123,0.06631211144564461
-0.6735521696195013,0.4840635826786848,0.06768330347867087
-0.6719474535728364,0.5376276100517194,0.05507992599040317
-0.6675151001631381,0.587155799214841,0.056104056589195386
-0.669,0.643,0.06
-0.6299665550089384,0.6517618321157203,0.05939191691789126
-0.5761008440027507,0.6621258806249871,0.04623290019852481
-0.541678158429914,0.6424785656303297,0.04712446627819125
-0.4812727432700996,0.6518054409378581,0.05532207683156695
-0.4448130810909326,0.648200190574467,0.03025054066610729
-0.39609751952968636,0.6561940978566744,0.05108027384206538
-0.3487898333301183,0.6591919224159867,0.0654327054014007
-0.28144048909541963,0.6617813546980007,0.05378312988218016
-0.25161839609205405,0.6829753937529711,0.051786612540897885
-0.2,0.669,0.06
-0.13713774547042432,0.6659128680465982,0.06921941426416338
-0.09620547778010773,0.6740779095557738,0.04208973373959121
-0.059855639326870685,0.6594526826707293,0.05318175710119366
0.007094129002068698,0.6593308437709389,0.06496191119540969
0.04330210959224279,0.6605154781668066,0.05323284642911009
0.09108509612129785,0.67493425933169,0.04693542707364988
0.1439970158399235,0.6813248085412831,0.07547933543710607
0.21228510062119615,0.6689009662709038,0.041513517298518404
0.2496425685040564,0.6779046629123776,0.06065452591799392
0.3,0.669,0.06
0.3334020165899357,0.6680647293293095,0.06813672714011347
0.34300656086663345,0.6677622240761366,0.053036869100161185
0.39865114035089566,0.6816959957442488,0.06188852041615306
0.4237268780847291,0.6532546865428757,0.06526438566592199
0.4548391828486825,0.6281562446379126,0.06171196139119328
0.46885804320176255,0.6435697832697955,0.062321668608774264
0.5049621550602952,0.6368025292928712,0.06288257940597329
0.5259448928085807,0.6431582276518066,0.08003964463220756
0.5508808353869868,0.6388798873878528,0.04119836552333113
0.604,0.624,0.06
0.5608155420830384,0.6223728681092241,0.062029377156168145
0.4811037696779063,0.6153688307683077,0.06200343562338366
0.42585158103282494,0.6380243645269518,0.05879736016802203
0.39977752029343583,0.6242975442126782,0.05836200239066135
0.3248568166518882,0.6268913169221652,0.0732606319553403
0.28982731887433727,0.6308767791590502,0.06550170633489545
0.2436083787405453,0.6236229154153039,0.07016356694594943
0.16605616755334246,0.6340608181475444,0.06862852202629577
0.13285944159163002,0.6075855666842687,0.0720653354569306
0.079,0.624,0.06
0.010060999006097696,0.6170909879871943,0.06891432644912023
-0.011309651677282232,0.6596032079149781,0.05714533108987901
-0.07472917782697498,0.6120269979262467,0.05071591859180902
-0.12959615538302915,0.624441337784252,0.058633707812279695
-0.1757248697922555,0.6299043286722099,0.06150916368739137
-0.19601274774039362,0.6122113220878158,0.08125147965527577
-0.26998068675375375,0.6255872247231499,0.07093562042867134
-0.3348968288489737,0.6205383241788698,0.06941839568871293
-0.3735328903635159,0.6292803132782172,0.05556484929218997
-0.421,0.624,0.06
-0.4234986264770911,0.5939298015713678,0.06930857730260091
-0.43852713504559937,0.6174273793123115,0.07285757824223633
-0.4401557570449385,0.610807554513646,0.07996336747855114
-0.41347511304998613,0.5972020451620494,0.05785769393762542
-0.4594234732048933,0.5898670429737932,0.06549388790553913
-0.4599451332331281,0.599458046320581,0.04303003867584313
-0.45641581469087217,0.5945245717378183,0.04968191792572697
-0.47350657913414895,0.5892270302189239,0.04779182587600969
-0.47450288491779113,0.5749397650175052,0.08716630387401553
-0.47,0.579,0.06
-0.46062102048675807,0.5823018241603032,0.05447714651806357
-0.3765760070937306,0.5628313632206788,0.06815943999852657
-0.3265083928677682,0.5708766791932991,0.046576609407916365
-0.28705699445762883,0.5770268939379151,0.06386290096545491
-0.22401417704454973,0.5765939921369417,0.06284363772412048
-0.18210573354489862,0.575217308443353,0.051858506983058286
-0.13229639513401462,0.5832494276754459,0.06185463612904214
-0.0660997330087508,0.5707826541156613,0.061923774985825214
-0.024518870260728,0.5684408900308582,0.05401381473108882
0.03,0.579,0.06
0.07952696794223577,0.5833217939902092,0.05788664352329099
0.13355374907439513,0.5717766202683875,0.05895928961117697
0.1754082707454161,0.5809938921126119,0.049646226021342894
0.20889860688174747,0.5657136809568061,0.0632194530926925
0.30014657388030686,0.5789598401010136,0.04613581589466794
0.32876372431384715,0.5665750458140111,0.047600196904501915
0.3774830784357486,0.5651139780348972,0.06025648164977486
0.4255264892539777,0.5700426883867659,0.06194510771393892
0.48148279835499375,0.5640618873208234,0.07302280715260286
0.53,0.579,0.06
0.5164103746794971,0.5687247176348248,0.050312017045722385
0.4887677899968285,0.5630381059574565,0.0605284857553981
0.46263899698999006,0.5710621566245896,0.0717671527003246
0.4641813546081685,0.5550074947975991,0.04945876143585462
0.4474238707370739,0.5311937366116014,0.05429573917186547
0.4004871639893193,0.5390975001277523,0.07846110564249435
0.39169749844850693,0.5457954026994974,0.0530607880417372
0.3665429212790517,0.5409187390330435,0.04528378013195483
0.34316428286711637,0.557780540726958,0.06051338595230155
0.336,0.534,0.06
0.28453107019422025,0.5164198273166228,0.06675411539072477
0.24143402268819675,0.5361702946757818,0.04021146050699973
0.18552167815750606,0.535333544246327,0.04150231817888796
0.12627692255238257,0.5354827004248762,0.07528583806938616
0.07690653637666857,0.5467610308060504,0.062252297108120844
0.045172856542429474,0.5392503439340802,0.07903176773392784
0.004438640423774079,0.5555682596439538,0.04894759191335592
-0.07477029135188332,0.5334843917084688,0.06407162897739563
-0.11178803713725181,0.5332666340493348,0.06308608736472127
-0.164,0.534,0.06
-0.21880966996841972,0.5290952270728833,0.05270589111870182
-0.2557634952405816,0.544502494253893,0.051788936268439466
-0.3298445797995563,0.5274043285768879,0.05467582658440618
-0.3707168736246618,0.5433022524780896,0.06559907792455937
-0.40549657770293607,0.5223018244991462,0.08847202764942864
-0.4606128661146579,0.5369143141009008,0.05380266895959716
-0.5216260588305478,0.5326084585916508,0.0608178222627769
-0.5610244704325921,0.5427262126449689,0.06585656864240153
-0.5974781569689402,0.5283083674470442,0.0688562529926267
-0.664,0.534,0.06
-0.6175380649773894,0.5248877291126544,0.058226373446234395
-0.5889084233736771,0.5192079785463822,0.05560892601599686
-0.5419432947058866,0.5286346989933433,0.05244939401271305
-0.4983750419945975,0.5001883562306004,0.06371484123497412
-0.4433859163142049,0.5021386043920189,0.05992461694644315
-0.40351121423276454,0.49878555715274253,0.0648164417461519
-0.3683743453787198,0.5142062733704388,0.07202159928811619
-0.3010900000908148,0.5015618274257088,0.042431037827869285
-0.2785092850148903,0.4901738013891207,0.05530339856595026
-0.227,0.489,0.06
-0.17763033443875612,0.4758645756885162,0.05544900864917065
-0.12199195179999306,0.48182834774183764,0.060788644138324376
-0.08438486797133583,0.5053829527345011,0.07095033038959508
-0.034233198613930635,0.48909977581258257,0.06919520228753683
0.029324162817957078,0.493641223095715,0.06915751517782909
0.07438414518491542,0.4907271793719705,0.0705043841220011
0.14044964562297169,0.48691496150927777,0.05400435576247998
0.18711568292755337,0.4989353311564171,0.06795412741624864
0.22256015892233783,0.4937054206869545,0.061409536392145025
0.273,0.489,0.06
0.31137815875922376,0.49312223650855347,0.05353344991384706
0.32220938020780865,0.47648472877481574,0.05629672724971539
0.37239687871596777,0.47763867076120714,0.06943812947380465
0.40509152030645645,0.47300950798728436,0.07040500398373693
0.42211428641165916,0.4518503851868544,0.05875982197866666
0.4625749140818354,0.46654881489503575,0.057474110300107004
0.4998350226760488,0.461617536446919,0.043075401338555586
0.5400244554877304,0.4615571531588998,0.05232764197877235
0.5619824203988294,0.43332134975612524,0.06104336706163421
0.593,0.444,0.06
0.5506911265691931,0.44266169214292694,0.0695468313219933
0.49266583892384985,0.432681332554357,0.07087480510637713
0.4349553634041466,0.4329017527695756,0.0688269337956973
0.381824381845805,0.4427144326081982,0.03837432926754647
0.339235146079126,0.4416838831429312,0.04748517300010753
0.28096235611497655,0.4472646834042529,0.06523864480425166
0.24522266213983263,0.4559733845444036,0.07610718081735114
0.19335307801120197,0.4400790760204993,0.05730743547432794
0.14750463382356643,0.4336584344079042,0.06572687388955323
0.093,0.444,0.06
0.06742981058887607,0.43238268437594013,0.05806481510408145
-0.018274587986950926,0.45242391551759253,0.09424832003948411
-0.0718869966834083,0.44781269221880365,0.044970772005946194
-0.0980694605170616,0.4367619109388605,0.0621995534486514
-0.14917700796073607,0.45039726918403095,0.07440059551393009
-0.2234597901203778,0.4398246245264058,0.07195867863472802
-0.2595251465613907,0.4287320625520902,0.06183658730136906
-0.3021738238691742,0.44393222110867847,0.050402698890720965
-0.3420515816245219,0.45432856125716586,0.04909113680345883
-0.407,0.444,0.06
-0.40720712528818104,0.4394029317402006,0.06945168652519491
-0.42678500965317445,0.4291376970656359,0.056853055672396215
-0.4099096541274269,0.42657551627006035,0.06893380907859616
-0.4227659122796643,0.4502759669872168,0.05630141900100488
-0.42607876176269505,0.42670747821928273,0.05166320547698558
-0.45873808870866295,0.4180293955978255,0.06798544157167853
-0.4691660060756946,0.4156428107701464,0.03951304566937947
-0.4650143605141995,0.3923157153362037,0.053046833234410486
-0.49953460558355334,0.4024527618647765,0.044261625332999585
-0.484,0.399,0.06
-0.42545150310944385,0.4157678654466346,0.05825176529101091
-0.3942012640323767,0.3948244633895769,0.07578428990634821
-0.3221310183133354,0.4074195598700681,0.05925467352530343
-0.275793110856678,0.39940331562000486,0.05412853136319231
-0.22689200859020695,0.4051609105470692,0.05236740456974648
-0.17815125208131982,0.39250472324930086,0.06246251702205603
-0.13458722380324034,0.3980699703938188,0.06697338365499317
-0.09479057782177486,0.3964067203865248,0.04166593126413787
-0.02493849675211668,0.40429436695655935,0.0671935844307485
0.016,0.399,0.06
0.07516976093359957,0.4049118042304182,0.06673889896608684
0.1175834870045388,0.4069843962230606,0.06139578661149283
0.16471510543133305,0.39367429790755876,0.06923499101058068
0.2257474979998148,0.3991295681681384,0.0672017066365139
0.289672080307907,0.37661550066039506,0.06973506289432713
0.33917406018503776,0.3911565234426975,0.04941210444995023
0.38256640217435944,0.4008430912705506,0.07985136051028573
0.4399371487224783,0.40582128813974805,0.05885432061857476
0.4894268101083723,0.40312837789729367,0.06885896527141024
0.541,0.399,0.06
0.5276764171491272,0.39480522480420394,0.059915322116135386
0.49329598173288275,0.3837704910650016,0.05375583474140807
0.49633789639449416,0.38180400728830083,0.06383098785111078
0.46252300097369475,0.37089810849422405,0.07523223707671105
0.44691462320592407,0.38322503418726284,0.05838359250644028
0.42973328350669066,0.361206409696768,0.05773761958959253
0.41323050792369154,0.37581793988529666,0.052090163618774235
0.3786502427729754,0.3638628006701083,0.0666034597219555
0.36920709202623253,0.369345361983049,0.06891644874030863
0.35,0.354,0.06
0.3129615387103128,0.34661591963861516,0.05202247529077168
0.25082776465515627,0.33945065426990206,0.07310233306390454
0.18882048141870122,0.3563118431041576,0.06059090303629308
0.1436618321618789,0.3274723537960468,0.05840285398729434
0.09162470626018976,0.35221849968167174,0.05868289083480571
0.049737073956987114,0.3567351491177752,0.06056175382188159
-0.0032087065587861952,0.3701229319579815,0.07052212647319973
-0.06777738319059382,0.3547986414923807,0.05671583912559128
-0.0962194849096529,0.3507590862737714,0.06448331188057078
-0.15,0.354,0.06
-0.19643638066802704,0.34498272681039055,0.062193439950071934
-0.24523784809417773,0.33770368088635017,0.06710509424730417
-0.2940600547942839,0.361376650903052,0.03818139410001779
-0.34518107852854774,0.33798507757047846,0.06428597015666994
-0.3853746322776585,0.35511830481343076,0.06696727287306853
-0.4505333541850619,0.3488120049274849,0.0712159870080045
-0.4990541669795396,0.3652408255252469,0.05664693754023511
-0.5525565474222907,0.34889138591831664,0.06034472159763213
-0.6041571707863271,0.3418307201814475,0.05117553661557675
-0.65,0.354,0.06
-0.61509686359345,0.3518924223880057,0.05722205078485949
-0.5415110530476112,0.3473575194458468,0.07562573901547624
-0.5107184335297918,0.3619317271936075,0.06397027302220677
-0.48903530032772874,0.33238103710911815,0.07121716322245722
-0.419743550819093,0.3358138463555132,0.045412676310294484
-0.3799011267929218,0.3278062563391651,0.06254188931977421
-0.3401549336180908,0.3242362801627251,0.06324133758913596
-0.3066885710100283,0.33282336430955634,0.06098461829312613
-0.2495096911302407,0.31265311500277965,0.07065385140710453
-0.216,0.309,0.06
-0.1638989378869362,0.32720774610173026,0.05687885007673735
-0.11803437606512936,0.3076129644042644,0.050275625945812544
-0.07605628718816641,0.3172743424688046,0.053745174697820565
-0.02806708930530348,0.30431876875070163,0.05649353822196858
0.02686934104394887,0.3016063225969733,0.056858955690327784
0.07999534053860266,0.3096699476832881,0.07194922166442864
0.12211913243310567,0.3162970041156379,0.07744242423614033
0.16041688104636798,0.30688752187338436,0.052975533514214204
0.21745816949942642,0.30378967848963717,0.04925616487199772
0.259,0.309,0.06
0.28458325046006977,0.3139877854157784,0.07215682715876297
0.3100219432012224,0.32282835935859877,0.06817381617790133
0.36903296376959466,0.29838946024319746,0.06033110125555416
0.38977965767349226,0.2863016101443925,0.06550474664292329
0.42376939153117144,0.2672768050032213,0.07298217818456727
0.4624166763519833,0.27872089762428776,0.04074465997419574
0.5027560356516598,0.27636115256657195,0.06008428691290609
0.525895890818653,0.27515098753254896,0.0498802476447077
0.5807126777969586,0.2899829610760478,0.04446877888662352
0.607,0.264,0.06
0.54113556844299,0.2709926986996331,0.057384433684806925
0.491808401507686,0.26905329100803704,0.07760467131591799
0.4497262431116217,0.28048608269019853,0.047272264774456875
0.3927309105342294,0.2777654419592358,0.06278873155510215
0.3387699067411178,0.2738866549163013,0.057459914722798024
0.29525273274057334,0.25872196222783267,0.05578940818071139
0.25589721159536905,0.26103354901401715,0.05960436499273749
0.21316906775422176,0.2521001044266904,0.042997692058837335
0.15559449060745842,0.2733305136327004,0.05400612787411603
0.107,0.264,0.06
0.05520699603044591,0.2652608995047351,0.08517233517832848
0.01566143356163297,0.25887920595756314,0.07281207392718776
-0.027200108878112163,0.24925604263374343,0.05125989172632765
-0.10327698286008938,0.25420813975883993,0.05853936744069979
-0.15908428338660807,0.24806539028846855,0.059868173117025955
-0.19039062350792374,0.25612018787692475,0.0556004530982074
-0.24213755433536047,0.2542166230069048,0.05851226081064501
-0.29340261332496415,0.2863777042709852,0.039639212476771817
-0.3435057508122727,0.2681411202521126,0.06013467872794849
-0.393,0.264,0.06
-0.41495274640991475,0.2543671727323211,0.05034559568252771
-0.4122500692229417,0.2483693507862272,0.06694995006936325
-0.41836400110839317,0.23831073295193675,0.06800326852861258
-0.4392090150263526,0.23930307087809075,0.04785018698962706
-0.428842366959044,0.24238167050768344,0.061157050035403934
-0.45758784461241647,0.22355196788211706,0.07132681303113984
-0.44764467631919325,0.2178775100951538,0.06674316294657119
-0.4622268913529602,0.22748245472680062,0.055046016197665894
-0.46056767957494055,0.2222267961380722,0.06287333226711678
-0.473,0.219,0.06
-0.43671425381690354,0.21866351276286783,0.058187802812917654
-0.38774901301046955,0.22250734311649237,0.06108958823293957
-0.3051728121087981,0.21390480110587165,0.0743991403294486
-0.27998460994168267,0.21787634562920036,0.05252316213243018
-0.2249938244875546,0.2162709315514971,0.06093885371476769
-0.1529909817725466,0.22732916171058296,0.07118525044197276
-0.11962102622903267,0.22805873695175652,0.042284249374919966
-0.073835957753898,0.2190584884370518,0.06296895375324367
-0.011653223717834036,0.21231256724417336,0.07217061621808243
0.027,0.219,0.06
0.06263713711244451,0.2173079308052021,0.06447661648561179
0.13993599388650066,0.21733958420836472,0.06896736470887672
0.17469832363789065,0.20859239810188446,0.04593490775565896
0.23553075943379723,0.22813728630763958,0.04527325782726593
0.24860130828734117,0.2175983223591453,0.04614687695379418
0.3348977171549167,0.20264096488095373,0.04652723459644954
0.37845083828397563,0.20218230650171226,0.07062405451954387
0.4312629733486124,0.21634366730688082,0.0521039229825977
0.48979711636637824,0.214012075742516,0.03722531270915751
0.527,0.219,0.06
0.49780697437605514,0.2227773499027142,0.04512274786256406
0.48948770539850955,0.20582531387203337,0.07010595114092
0.4735704332865697,0.21104676592500057,0.06720095345849705
0.4676980299776636,0.21119454315553432,0.05604588464917818
0.43293576376786974,0.20919459251993072,0.07385867503639552
0.44698584223404375,0.20112626826595428,0.05779798856960017
0.3989071964450261,0.19521133262435245,0.07294308721448936
0.38282852321913907,0.17873154518004533,0.07039800441867212
0.3799358849792013,0.15324516167859664,0.0658125076154489
0.364,0.174,0.06
0.3278112398888673,0.18194574600229518,0.05640090475086951
0.2554976525879191,0.1623181045963892,0.06805438981568519
0.20291741942006655,0.17248905609601609,0.060282109699202856
0.1685815707099743,0.17211470175801208,0.07012514258498967
0.09401684844149134,0.16423775847121175,0.06493141724972733
0.060185652999313166,0.1838235187144949,0.059958370447642295
0.018585707170559507,0.19249840255502065,0.06344126815457517
-0.03223241476079782,0.15863189557738844,0.06252265750313822
-0.08470592967653477,0.17499428441720194,0.0661755272467868
-0.136,0.174,0.06
-0.18399798383190807,0.16804564695340746,0.07179003487342026
-0.2219850602983704,0.17808550550641072,0.05482302398957927
-0.27784371926649654,0.17994431201108912,0.05768745252220091
-0.34719254033233454,0.18641309591876906,0.05049945694747043
-0.3774689943628181,0.18181787339463668,0.06411045473030713
-0.45106480267151106,0.17580397051028654,0.06377393170722752
-0.4717311393888845,0.17717660127675078,0.06638319507156398
-0.5352617640338314,0.18419806396873545,0.07365640725946686
-0.5771363407969514,0.1729282576996995,0.06549416111964282
-0.636,0.174,0.06
-0.5901921619945427,0.18066938165810498,0.059687295130510264
-0.5448427799797297,0.17734716434971598,0.08052376710410442
-0.5210623018351774,0.173529140618985,0.053977473307952356
-0.4666324671374162,0.15633099958568827,0.06248058679009019
-0.42436617880600697,0.16122927036719573,0.05598014762030173
-0.38709376264672324,0.12212330906892269,0.05232141088726823
-0.3481716016026043,0.1619867370255493,0.0636064429797837
-0.3201414145952138,0.14268934326458163,0.07522187360416585
-0.257226378604169,0.13761546948854714,0.05304362498161652
-0.23,0.129,0.06
-0.18937536369413388,0.14432487889987883,0.05982609072695672
-0.10959057857003912,0.12237426537140014,0.058263793449500056
-0.09635123374956168,0.13394855348246254,0.07786533361929311
-0.03460812678638853,0.11698437473252611,0.06870643998668625
0.01977445539146785,0.1262050773065133,0.07305738491074197
0.04296555088534842,0.1345586074247943,0.06434632913871013
0.11705777159166213,0.12233611556087666,0.07261472366487721
0.14903232544703518,0.12088165187082643,0.050284565413080566
0.2256266232846124,0.13205870440669804,0.061670290966470385
0.27,0.129,0.06
0.31170616541951673,0.09844477706962775,0.05946525051648419
0.345458876680379,0.1215553382902754,0.06447828691300475
0.39964109922648633,0.10766451833504723,0.055779786076367965
0.40559264628807107,0.11514940324149261,0.06765263479068961
0.4410918427849584,0.08992896820425242,0.05874410257878047
0.48199586491282165,0.10659679003738888,0.04162707589270044
0.5038882290959509,0.09642672624353148,0.07752126626658346
0.5569458956693718,0.11216697372419004,0.060367108161246866
0.6054354477509009,0.10050608924987028,0.05995140887450539
0.621,0.084,0.06
0.5568790242503939,0.08621463881289684,0.07015985572779
0.5115407164860668,0.10939483339971992,0.04678094105355929
0.4763375693869587,0.09353671223705669,0.05794383850297115
0.3944164513854852,0.07828788232353848,0.06445887813899596
0.347642677453993,0.07776973310651197,0.06310389783579345
0.2864622877067266,0.0840728712865375,0.05780088156164572
0.22988718815849848,0.08192468799418187,0.07663220851470948
0.19919940845883077,0.09018698134663611,0.0566432616876331
0.1583057513320017,0.07685324487001931,0.05595130473436291
0.096,0.084,0.06
0.05653064716389409,0.07464150164074214,0.05907449202652709
-0.004409485394769494,0.09082786054442907,0.05972182164897843
-0.06119028109569066,0.07445034424985099,0.07048913102196454
-0.09900804160133227,0.09011339218935463,0.05315321230190093
-0.16779086351774247,0.09392613694491234,0.05266660746999506
-0.19260872433773363,0.07034565349365529,0.05739335248689166
-0.2656007585061122,0.07496028150488894,0.0604907083484832
-0.28785440581664823,0.09371152943815178,0.05901355737690307
-0.35419308504070285,0.07860602589147547,0.06437460003534243
-0.404,0.084,0.06
-0.4015730133354261,0.08672376814382521,0.06556337610054475
-0.4348704746209674,0.07796910056434564,0.04234899154747367
-0.4326035829319178,0.06573177895199342,0.03954337036270873
-0.44709250586749916,0.06340535737434337,0.0665959733476176
-0.45383539271291407,0.06147607399770798,0.05765586525107436
-0.45096514124835113,0.05819057915584597,0.03978613231949571
-0.48232749357075755,0.06031976292421444,0.050303851037125716
-0.4593611886333036,0.04772050115905188,0.056484926246561554
-0.4918044531444751,0.03540515567716153,0.05383465623631444
-0.487,0.039,0.06
-0.42095711093161997,0.04230015246798869,0.06959508964081093
-0.4087406582308323,0.04714265470385633,0.0544230308662191
-0.33929884137816635,0.03544145531632361,0.05025210684038074
-0.2804828381849172,0.03148407054345946,0.045652899655487064
-0.2376377704211936,0.0643913525122008,0.05801083529626935
-0.19117684469862595,0.04407417905698527,0.05091101230455954
-0.14492432323200488,0.03721200494252984,0.06092361041281478
-0.0805364523391376,0.028473359994813943,0.05670258783992282
-0.03517483256696555,0.04036418087235337,0.06644959491385448
0.013,0.039,0.06
0.08158042088832135,0.04363958849459066,0.0762389485452172
0.10751257513451735,0.028083834429608587,0.0418227156305146
0.17974709764269958,0.03471952940871356,0.051777607774173194
0.22081431821124578,0.052152093247648273,0.06141446630209876
0.2695661349672412,0.04493730883266116,0.05413225335429093
0.3355485722364192,0.03948083200744105,0.08180597271780016
0.3687744206305864,0.04996034576548418,0.05660151339322717
0.4293965072265177,0.036890591117979724,0.05510504126513961
0.49702321701470087,0.031590965594937785,0.06487402096935932
0.538,0.039,0.06
0.5238829513923468,0.036627085265270865,0.056649150899900025
0.49448157942151266,0.015776966139780614,0.04647051856398442
0.4875314338803433,0.014288542218953064,0.07039746833485065
0.46996342926689183,0.019042418383582983,0.06003063884614794
0.44346862228972755,0.021133779367871003,0.04305956984254382
0.4266232031903229,0.021662813590401234,0.06122305465441971
0.40396203130188774,0.00880068975445317,0.05734119788356566
0.38712662916155566,-0.0030347947701835137,0.06753608309722876
0.3694115477971131,-0.025295592862884145,0.0655151649066653
0.353,-0.006,0.06
0.3088552056307725,-0.0210110019403669,0.053906469628169765
0.2564833446731538,-0.00020937851525247575,0.05324278613480788
0.1919449477511897,-0.009669062618442806,0.06350221926423386
0.14276819613927688,0.002590630373296562,0.03933458605960918
0.0894135841332045,0.016077484743568835,0.05882325875585896
0.05835402877995486,0.008109832944359767,0.06558925488023906
0.009468899404315546,-0.015252781720452503,0.0587499644374044
-0.053475250826014134,-0.012414310996743375,0.05680494529283618
-0.08585383921948944,-0.004821991881594788,0.055321132014897564
-0.147,-0.006,0.06
-0.19177380722996532,0.004209650749244205,0.05600906116528941
-0.24705676545742233,0.0026925061785560735,0.05843992803592132
-0.3030855422111339,0.0015144674832295712,0.04186511466229747
-0.34502038083256625,-0.005849238553141111,0.051282144386308674
-0.3896409238010414,-0.020203434032038423,0.058155532754149634
-0.45586722235286736,-0.007067672307549274,0.05234221741991393
-0.49472218157139786,0.005638105570003686,0.07764377926737703
-0.5507230654577691,-0.02269441030660615,0.07460714472484141
-0.5894711822413696,-0.0016682398761692467,0.034125568312017796
-0.647,-0.006,0.06
-0.6115209557532101,-0.0045565695524091504,0.07865108331511826
-0.5558417732759301,-0.021467077053306513,0.0627995455546558
-0.5166116248030295,-0.025785930805386305,0.06397991350073108
-0.4967661310781471,-0.03623633007391453,0.060114123653906344
-0.4435205763343566,-0.029294973567958554,0.04818435170937553
-0.39533511650276293,-0.025313306530852876,0.061002929874701885
-0.35092741940669187,-0.04406433270709781,0.05553479795862125
-0.339636041425158,-0.04746741850394226,0.06056657155663572
-0.2874949481562336,-0.057855895547844954,0.060345515122892705
-0.244,-0.051,0.06
-0.18720211017250735,-0.05310848162049393,0.044572157898316464
-0.12766776115566464,-0.06101917975262225,0.058649901926191884
-0.09518148732367396,-0.04683832811811409,0.062203011080098354
-0.03375973954646098,-0.06960687792450515,0.061010765753086914
0.02034342279140697,-0.05874762784812937,0.05621864816909787
0.06870865017632191,-0.05256660254318679,0.046638691345678246
0.11882473617285662,-0.06292127801488995,0.055260344035514185
0.1702147527733571,-0.06249971161056009,0.06966932769375214
0.21435966408540574,-0.04831968928269119,0.06466163706924821
0.281,-0.051,0.06
0.3026891467819719,-0.04785089382506666,0.08930694479711479
0.35696624735824434,-0.07310791762799565,0.06467992698434734
0.394797910650255,-0.0671433461991697,0.061722220363756554
0.4107311740321091,-0.07245176551336062,0.0573267563027569
0.4609131055434286,-0.05985927772698669,0.042213102153492055
0.4636136758761882,-0.06540716511831118,0.07120394603290219
0.5203595455257045,-0.09083234621613832,0.06226063560268222
0.549596871008127,-0.07724340389040615,0.054499181126704134
0.5609986090437671,-0.08598007115492967,0.0758192796964881
0.61,-0.096,0.06
0.5492563387768502,-0.08657838525725556,0.06293202273450622
0.5176357136989148,-0.10415411117492256,0.0476496097771536
0.4516609566757192,-0.1132587016209314,0.05630375489982286
0.40913441094235636,-0.09201023742174347,0.055086030478119885
0.35446367935624823,-0.10296891007238335,0.0842981870564509
0.3097297237485854,-0.10839584213007909,0.06066939284608335
0.2702571567294395,-0.12141523322898941,0.04517060463597976
0.21894692162645657,-0.09543410976888146,0.055372251359089075
0.1584711966986161,-0.10030606282427117,0.052891822705962155
0.11,-0.096,0.06
0.06857171066371984,-0.10141060858880767,0.06179139132792782
0.00922128280310842,-0.0912816759538268,0.05590315473900141
-0.05176025935787416,-0.09925367809902406,0.07261116854136933
-0.06648986951541659,-0.10867954378046396,0.04631723869281351
-0.13146069748932934,-0.10612284195125783,0.06489719834368694
-0.18998088296855087,-0.09477578619947741,0.04858033821977609
-0.23436963803366329,-0.11128721109023572,0.07916897166973694
-0.2968534451248362,-0.0988772685205163,0.04050670968616486
-0.3478100611367887,-0.07101467080141044,0.05489241766947843
-0.39,-0.096,0.06
-0.4051152953600311,-0.10223199438018833,0.07767846777522026
-0.3891136604475614,-0.08782455252939925,0.051781000185724624
-0.4284688285738964,-0.09744405107262094,0.047245248225809444
-0.4227075959285031,-0.10151140621129363,0.03227086787177998
-0.4474605409542901,-0.11566806905882386,0.07029109724348712
-0.46552251805942035,-0.11756315009871043,0.049629865030854065
-0.4577963187978111,-0.1326154917348613,0.05926770169367637
-0.46597016298792204,-0.12815421570108798,0.06234912442761311
-0.4822000343159879,-0.13844937692983011,0.06855736600066313
-0.501,-0.141,0.06
-0.45012791598965923,-0.13495002698302846,0.05714416673988194
-0.4037991319875768,-0.16225719672519143,0.06284806005887725
-0.34550570494259003,-0.1269669739069885,0.07049229131146942
-0.2868642991004084,-0.14883271160979902,0.05029400923590801
-0.2296397769913446,-0.13789533241629642,0.06840589484982745
-0.19942197017007976,-0.13188293975931223,0.0638480599373553
-0.1370431898944368,-0.14000654766887813,0.07892080347125599
-0.08743450289552013,-0.14062046288799926,0.05292624147319809
-0.029583877462558344,-0.1352450998963288,0.04612590895962475
0.024,-0.141,0.06
0.08223839243843206,-0.14351383166654957,0.06854201097817514
0.1392075186257087,-0.14317975577023964,0.04346247261841995
0.1818980929686444,-0.13275938411753335,0.0555153797839058
0.2286643128222784,-0.14874341806131078,0.04287239314851171
0.2740236068970225,-0.12580101249064216,0.07261178478899513
0.3228316449163611,-0.14883504219180071,0.056936919375412794
0.36958491854124165,-0.1356758557330594,0.05934513083851799
0.4388523620100185,-0.1362894525407209,0.05109053811636926
0.45765294035412485,-0.13176686788697414,0.05032247154529177
0.524,-0.141,0.06
0.5026035187493607,-0.15326083881250968,0.06297993562289603
0.49176639554228224,-0.1424380353204333,0.06735191624639171
0.48336760951666174,-0.15813620206219525,0.07246585356417498
0.46443056689380086,-0.14986610427541694,0.06465558864097144
0.42299042173205353,-0.1825478536073131,0.04978147332304304
0.42770328463228596,-0.1732186533477001,0.06886732893541721
0.40603857456858855,-0.16736724170968392,0.06942763341520634
0.4207780687163812,-0.18390260597263255,0.06273583287645824
0.36058884640089833,-0.18048037035008235,0.04321710225693759
0.367,-0.186,0.06
0.31014286751454884,-0.1902192306454251,0.055479020361110964
0.2752461143273338,-0.18059617381761253,0.06142298991202818
0.2274908664610014,-0.17466924056688413,0.06396140684294839
0.1718712464150349,-0.18822669187114918,0.06638706108822955
0.12773987203791204,-0.18613705782831425,0.053147594447299516
0.04601555872752915,-0.19135558563615251,0.07993679174126186
0.03351724926441981,-0.1768943749001383,0.061543351426790044
-0.0269165464865964,-0.20008196074573226,0.04981238140886785
-0.08101281469347622,-0.18251099767836343,0.06669602040990338
-0.133,-0.186,0.06
-0.17202873498497206,-0.18982372703573427,0.055558677356627756
-0.23659168618298884,-0.19297770631881653,0.058692222047125715
-0.2826810911065913,-0.17182304031443257,0.06129224184982952
-0.33977660546956345,-0.19694364666714198,0.05997518767173233
-0.3973825767415463,-0.18503151300042767,0.050260430490378344
-0.4444793094003875,-0.17118705363058073,0.06502348659985195
-0.4884010470044046,-0.1820171429714787,0.07358761697983442
-0.5554402681202834,-0.1897628776668935,0.06194377202878923
-0.5977773942127165,-0.17693161660702403,0.06221111667897593
-0.658,-0.186,0.06
-0.6186800192160711,-0.19489404903862356,0.03256777752796233
-0.5673577048453299,-0.20317843930308296,0.05297948526054248
-0.5187837486728849,-0.20639124627009148,0.05324143521810299
-0.4973561190665116,-0.21447276689383568,0.06759315809372937
-0.43950159251970233,-0.20936291940311025,0.0752562808656921
-0.3958670090337543,-0.20824632832940237,0.057205208559338985
-0.37062774126486825,-0.2210734971495669,0.05001716905092461
-0.299316490063824,-0.21591319332448067,0.06543858210431652
-0.2665062442316707,-0.21739884956031147,0.0624449685921396
-0.233,-0.231,0.06
-0.18826830170026243,-0.22362112054370314,0.04450224161368712
-0.12902887216000294,-0.23620984667205458,0.059698745221482274
-0.07980806068639189,-0.230295691102668,0.07422387372927428
-0.032512276763638,-0.2273726479381192,0.0680156164588582
0.02613146038980429,-0.22597079892735994,0.05090758159889907
0.05862121098314182,-0.23090680924990734,0.03685976474664142
0.11101025312749271,-0.22569693977042002,0.048145006610730456
0.17221150075695604,-0.23138012157356821,0.06896295370902841
0.20932608582095455,-0.24177515288365087,0.08104180144591766
0.267,-0.231,0.06
0.3057794995582637,-0.2484423013665764,0.06411838724234738
0.3567763110069144,-0.23235248157448668,0.06420710386232918
0.3793285840541435,-0.2600728123376618,0.053443504618268675
0.4146270511350409,-0.2388743148146082,0.06752943087982653
0.4274752070525716,-0.2536757477444173,0.06540650248226465
0.4891788121992165,-0.2623292002711329,0.07082750635773997
0.5382025504434715,-0.2567698053506058,0.06420001678796315
0.5398285890285941,-0.2752868631976327,0.056409745547745235
0.5967050466085688,-0.2749870970553026,0.06671417644555777
0.624,-0.276,0.06
0.5761007818510645,-0.2805089262772537,0.053164132569560256
0.5208697343230568,-0.26996603041221845,0.06642873777623762
0.4749218852571321,-0.2859601694109437,0.07319807629329579
0.4182905233837519,-0.27829372752685133,0.07501018097804098
0.3491074614805363,-0.2731807401258688,0.07031132125376016
0.2976196429413003,-0.2785074285204062,0.05895725005516301
0.23770349744133656,-0.28494651167153817,0.06871424019053951
0.20900273228560876,-0.28248713510984286,0.07085056666643602
0.1582790748891578,-0.26924061286064466,0.03650037708494432
0.099,-0.276,0.06
0.04498677451197822,-0.2823877851637802,0.05620070195936994
0.014257350441260615,-0.27639321099729386,0.047925909577566
-0.03566485782834844,-0.2623749958305666,0.0694040626020405
-0.10243809842390421,-0.27664458219583726,0.058544845203766634
-0.14205434801769867,-0.2811772634269777,0.060870535150120926
-0.21869577764551495,-0.2824787418359601,0.04703290300534881
-0.242741085179427,-0.2698252975144845,0.04795651582247795
-0.32407568439990514,-0.2582543441778864,0.06937185634325924
-0.3358547993645761,-0.28943899440091403,0.055110596814233796
-0.401,-0.276,0.06
-0.409507030730013,-0.28014167947335883,0.06372750383859867
-0.43809684315659475,-0.28619115350734464,0.06496855271439635
-0.4239230932067523,-0.2845797675458926,0.05572671453829342
-0.4496651445831027,-0.31153001331964153,0.06123511853098424
-0.4435738884627888,-0.29490037432230026,0.061075641149060736
-0.4573040844887291,-0.2955615564449959,0.06667909042967098
-0.46953751466930516,-0.317108732727402,0.051665017460193675
-0.49031470542290145,-0.30963436340709605,0.06362942829351881
-0.49846456893962765,-0.3266829374361679,0.06983599727132189
-0.515,-0.321,0.06
-0.4604252105924851,-0.29482710207786067,0.05069500569502244
-0.4267283822121952,-0.32319928716283275,0.04200851841884736
-0.366441856090606,-0.32502690694470965,0.05996233916651999
-0.3066263640124998,-0.32945845542613506,0.0806939476311371
-0.25334739366684733,-0.3284134939775537,0.057612915360506195
-0.2025081735961561,-0.33649691405578486,0.05476643615611475
-0.1425800853449657,-0.34084907560606936,0.05277514972148411
-0.08539489250615233,-0.3265409685274696,0.04964053635436899
-0.05221190087500396,-0.3122136013217145,0.08194607206286138
0.01,-0.321,0.06
0.052471871385529584,-0.3211089634334643,0.048741300749545705
0.09996579606913211,-0.3056951185213862,0.06954620661823871
0.18115695618990477,-0.32218444468411556,0.08067519467386618
0.2301746888310213,-0.3121941824220497,0.0691198355099597
0.2823795621250883,-0.32340124697796957,0.05450872014736647
0.3400904494762286,-0.32269892789293103,0.05941762537048316
0.3803490682507333,-0.3065760989147679,0.05421600063034593
0.4576297056259581,-0.31290877403269673,0.06181777584348786
0.4896001043482301,-0.3243762588996312,0.05505422378860787
0.535,-0.321,0.06
0.5242610760437132,-0.3322899855970307,0.07192311688279823
0.49129617667628117,-0.32494766807951764,0.05215992049000088
0.4872285719237602,-0.33328713219514533,0.0524293135120406
0.47180606131711533,-0.3381063706477874,0.048858754581980204
0.4525639405149482,-0.3391495838492169,0.05647783581572594
0.44060105471058736,-0.36497992083135933,0.06208342640017434
0.4089002529834705,-0.3554993166663794,0.07153908968098427
0.39434738930841895,-0.34658231054827543,0.06323628980376816
0.37284975149887406,-0.3674916753537722,0.055849158512669216
0.356,-0.366,0.06
0.3076032614290041,-0.36794379168985625,0.05754121046033877
0.24756407759390167,-0.355438761421431,0.04819088643960434
0.19986503048946533,-0.35354709342785307,0.08299454243509762
0.16902081824492407,-0.3411303145647931,0.04868391388516538
0.1031000243839768,-0.3597151131139344,0.06276822581898675
0.04412662224300122,-0.3698568712364203,0.060486310001021545
-0.0021296476689364983,-0.3561229549673424,0.04964678293713278
-0.0458370878945983,-0.3554869663985905,0.06653728201662422
-0.06501395300798381,-0.3695465639961884,0.06931973759096965
-0.144,-0.366,0.06
-0.1916623382836439,-0.36287921750346225,0.06233039985407908
-0.2378182574732359,-0.34421414792932764,0.044371164453900436
-0.2862356361963523,-0.36710214464504837,0.059599985316446835
-0.34211374622267193,-0.3711284901512226,0.06882316454232777
-0.41186595365687534,-0.3620177054280115,0.05188666553440038
-0.4392147986523212,-0.3292485699527778,0.07139931354458309
-0.49914862998616333,-0.3560555076777269,0.06835212847186385
-0.5438712149736646,-0.37484907864763456,0.0690080161619208
-0.598155155939164,-0.3669641395557898,0.07426535909766883
-0.644,-0.366,0.06
-0.6158932040249013,-0.34076113984827483,0.06033048489372172
-0.5673474075685585,-0.37068475773126475,0.06016720688218044
-0.5127301252176406,-0.39458909743195586,0.041396439854351666
-0.49367817222970684,-0.3786555467461808,0.05058255955555298
-0.4638452023353658,-0.37929837644599224,0.06888776380400474
-0.402815536938481,-0.39451812563736344,0.043593021712543575
-0.36972815964512445,-0.4014040292655588,0.05891614766979524
-0.32973555072176436,-0.39750956290463607,0.03908227691213192
-0.28253652062317086,-0.41264461217929843,0.06309125908453234
-0.247,-0.411,0.06
-0.19286748976211487,-0.4214206295094614,0.07056105415682308
-0.14016373428859313,-0.40699240508402434,0.060189967158427594
-0.0933520422408652,-0.42346215805055143,0.05781851404505609
-0.050843438505208866,-0.40521780923651113,0.0519375284695351
-0.0032602134979932496,-0.39416843970374765,0.042336016531876575
0.05830090071836676,-0.4094194669871,0.06550199540921793
0.10618811961156666,-0.40615720049142723,0.06621954969717504
0.15083492191225747,-0.4047274809409041,0.05328960771980047
0.2061479468839909,-0.40337094714125704,0.04069847253187203
0.253,-0.411,0.06
0.2804757698301163,-0.413450943929473,0.06716549631582103
0.32399877124481896,-0.42801850104584815,0.0601776688503592
0.36108850255100866,-0.42454419883433103,0.06791551744218366
0.3921071277556868,-0.44708146760547185,0.07516041097484825
0.4469485426731196,-0.4366010520524433,0.06618745756482858
0.4556045319013603,-0.43800332867741476,0.0573142175959217
0.4998780144654581,-0.43778478394487635,0.059853688382606685
0.550756797268172,-0.44905820903778015,0.07032952337424658
0.558533185760012,-0.4351960807720485,0.07005528898353917
0.613,-0.456,0.06
0.5506705433475144,-0.4514952959222054,0.06640608608554611
0.4961203315807179,-0.4547226307137323,0.06381149283920526
0.4828436474113057,-0.4463459732737798,0.06609556383368953
0.4154352569950385,-0.471376182948828,0.06418599598338047
0.36569806262006566,-0.4527507266771957,0.07206120257284382
0.31609215911202354,-0.46786516318876403,0.032615197302285195
0.28608623740890565,-0.44717255392970806,0.06189820492138393
0.20953926562853284,-0.475127585681793,0.06195275846003179
0.16628086417151658,-0.46311495572063105,0.05703348011803987
0.113,-0.456,0.06
0.07452653465577654,-0.46056175269950134,0.0659396150825676
0.02117394524327471,-0.4616678078267602,0.07764730854678753
-0.05138997477021144,-0.4713071708670779,0.06620167459034189
-0.08145390361532837,-0.4439187259071203,0.039440537581154386
-0.14394190356784425,-0.43301638777138957,0.055408282050255414
-0.18112967809814837,-0.45860629740922043,0.060190856559842416
-0.22882777946857102,-0.4592950810665207,0.07077467865289186
-0.2783257131808567,-0.4479877610845024,0.06958122077588783
-0.33697156248045623,-0.4572448417597533,0.06416352710273832
-0.387,-0.456,0.06
-0.3813086248749676,-0.4663640470392502,0.055409094553632694
-0.4217713372564401,-0.4860525837327819,0.05174027435180253
-0.44280639308231007,-0.4718767853642215,0.04495826143696907
-0.4293824890203097,-0.47185156369166553,0.04658898946902302
-0.44739874790269796,-0.4658400246779948,0.06197485683463004
-0.451251103815627,-0.48213681312490136,0.07838837343197971
-0.4653524150568881,-0.49369123368088635,0.057897111264727706
-0.46496769036124297,-0.4985850319901294,0.04446822222557403
-0.4928051539664823,-0.4956790925845841,0.059125253183419144
-0.504,-0.501,0.06
-0.44812192749754653,-0.47900745509686354,0.048117233708251994
-0.3864264029531738,-0.5045676050121429,0.06315530628544685
-0.34619137677631506,-0.48539850623328,0.050387207991174354
-0.3020154859363013,-0.5088772996646108,0.0759336978724893
-0.23958726262967933,-0.5100721734644897,0.06596997719427303
-0.1834907942619102,-0.4776173984277237,0.08994299465070073
-0.12217598773199108,-0.5118519982090967,0.06798765196644986
-0.09883203780033417,-0.4999860139765664,0.056479893960987314
-0.03732428264609845,-0.5047317706335037,0.06626175015701487
0.021,-0.501,0.06
0.08360748080677699,-0.5147532599053496,0.05572926446629655
0.10548831349449399,-0.49979977281967736,0.05628230461805611
0.15450779326037745,-0.5067652831084426,0.049167056576948635
0.22551288832437927,-0.4930163544174041,0.06825299134692972
0.27565663102822496,-0.5157090654437627,0.08155335396937524
0.3160856205654917,-0.5163752313508831,0.09406139418638804
0.3524283762299039,-0.5033571964287076,0.050580177724252065
0.4313730555839888,-0.5183381351553444,0.06684670721293057
0.46677398620724286,-0.49389546233448517,0.0475116041721807
0.521,-0.501,0.06
0.49413394517840586,-0.5091585192575396,0.05667240185294345
0.49413440468069186,-0.49018866607790246,0.076002566591253
0.49235025951235983,-0.5001194960393116,0.06170916717840566
0.4703029518091177,-0.5249488091886656,0.048613874055799595
0.44795802691300624,-0.5434735834219864,0.05568913899849829
0.4304000565892856,-0.5258229330247117,0.051650593385121804
0.4263423081917537,-0.5433648232474438,0.07400521528344689
0.3917374168523427,-0.5365607957113986,0.06275624137656564
0.4009718941139799,-0.5548865111325704,0.06194841552786155
0.37,-0.546,0.06
0.32467120322079895,-0.545875138117121,0.0565709391915557
0.2575804513306853,-0.550838758619145,0.04900077911885535
0.22528036964502482,-0.5473561966117865,0.06854990799476349
0.14803374701413546,-0.5383188650839598,0.03904746565136319
0.11075915996039652,-0.5331297402281199,0.059470753208741754
0.07822970880356551,-0.5230578225124984,0.054506094725215
0.041781362725123145,-0.5608504688097278,0.059922743786635466
-0.024834477323762816,-0.5610171860072299,0.06696423190561829
-0.10566883536133453,-0.5458616825018443,0.06680806593725817
-0.13,-0.546,0.06
-0.16380506992028673,-0.5670780898154666,0.0701069864019661
-0.2233083332889914,-0.5492421011567579,0.07577151865406881
-0.283725901272572,-0.5405903838733334,0.0649357066716909
-0.3178813508891294,-0.5558646132803489,0.04449607023727561
-0.37560832971702396,-0.5604355613774871,0.03481434433005044
-0.4246659252224737,-0.5409960370256052,0.06758608505794471
-0.4897368341461049,-0.5499278386031192,0.06129338789270826
-0.5192372497464943,-0.5342759283301887,0.05843791483751848
-0.58559275068766,-0.5487374581253097,0.058689824699241444
-0.63,-0.546,0.06
-0.5819675009971648,-0.5489334077818566,0.05897460056845341
-0.549389173057881,-0.5628399826843097,0.03910398550461738
-0.5301218660602974,-0.5513323451231148,0.0620189957364918
-0.4722306274710365,-0.5581737252870308,0.049612551160028925
-0.42550323202229023,-0.5667570956766182,0.058401200369712566
-0.38559887142103755,-0.5872349316206873,0.06598567607669313
-0.3636541154871646,-0.5796230972312755,0.059042975261983724
-0.3133437536571619,-0.5752931901798565,0.058108459632669335
-0.2812755244163739,-0.608506740069394,0.05898329612870624
-0.236,-0.591,0.06
-0.18932589262474617,-0.5959553800757571,0.06085324817314055
-0.14774425470720018,-0.598690001552638,0.06361512730296681
-0.10214807102542298,-0.599658433137491,0.06829333990892777
-0.043497562420579276,-0.579027810140327,0.06225569006356471
0.029386126953541262,-0.6067006559332734,0.07779465893164492
0.04636835557803103,-0.597351924967818,0.0700700061938674
0.08926380402849043,-0.5947227743262147,0.05995469270448971
0.13223241138825012,-0.6065093775047256,0.05869238440736492
0.19132448416331663,-0.5897310881215218,0.0705789373214892
0.239,-0.591,0.06
0.2859535092149693,-0.5836347905135113,0.08524175940163897
0.3209179522846605,-0.5988346294040762,0.06820310516149569
0.3573882067425467,-0.6014748202635197,0.07010333178380024
0.3949173458943919,-0.5982244496402574,0.07162318298290504
0.4441867715432312,-0.6095946896287915,0.06935574716815249
0.4562583342140174,-0.6248297781326935,0.055139487136742
0.5185230505317314,-0.6143906477538666,0.0657888120611137
0.5515316471259425,-0.6280336252429672,0.07234983472826173
0.5746296383705165,-0.6299993973441564,0.05422138557480228
0.627,-0.636,0.06
0.5781655046093049,-0.6263997297889822,0.05017756571375984
0.5204369899073397,-0.6436930289417196,0.06414390103687621
0.4728976711066482,-0.6307139510441383,0.06298933509415217
0.418025323381879,-0.6341354297944218,0.06961158648853227
0.3878023261448239,-0.654237008721453,0.06338663911552987
0.3465784840490423,-0.6403265585149635,0.05688632912491853
0.28008735227747417,-0.6372180275604103,0.05254700953962081
0.22608817815383575,-0.6450797172313835,0.07270764323114334
0.17418200559215452,-0.6333974992270403,0.05738189092479493
0.127,-0.636,0.06
0.07234599096741673,-0.6209714461312594,0.0466136341248065
0.02521941836381689,-0.6378688459662623,0.0649656689990125
-0.03850802441238996,-0.6275512439181199,0.0781934260553476
-0.0893754462670503,-0.6215892486242154,0.06619886976427362
-0.12929963374722034,-0.6353376612277436,0.08037849588132923
-0.19016806298615005,-0.640953362104185,0.05176516401002355
-0.23635450152884976,-0.6400214766372893,0.06437048921323878
-0.29284938868673277,-0.6472579586081602,0.06140729668451133
-0.3362918477478018,-0.6266053129826394,0.06427769622525141
-0.398,-0.636,0.06
-0.4333807656469812,-0.6390358523726691,0.05342517794764409
-0.431936786091414,-0.628992523571978,0.06504156011007689
-0.4855574018248094,-0.6274686544561563,0.08858739168018656
-0.5060795587124575,-0.6284791670059787,0.07435550000799067
-0.5445167833179686,-0.6492636205139051,0.05878652390778466
-0.5633906183122818,-0.6236955027920466,0.06208981196127085
-0.578396895032142,-0.6358492931901902,0.07632935839882002
-0.6070401678374315,-0.6223876639336398,0.08236652216354218
-0.6381685201069365,-0.6290813276586056,0.07117292314518786
-0.669,-0.636,0.075
-0.6679940663686217,-0.6267025592295388,0.06013765211030546
-0.6683837495380766,-0.6442423003723106,0.07041360260431706
-0.6758677503649254,-0.6399202232078743,0.07166395504355119
-0.6716805331756063,-0.6541504592973229,0.06922784575239312
-0.6793863804996478,-0.6394619931750948,0.07651350564960184
-0.6770907079791165,-0.6337724745694024,0.08255754578537312
-0.6833124908926521,-0.6332422861223276,0.07285525908939262
-0.6691255150518295,-0.6499688367123787,0.08165023236696177
-0.6983744949261861,-0.6443753711162579,0.0671767803855908
-0.669,-0.636,0.075
-0.6411477009702894,-0.6271922922375569,0.09453056246621273
-0.6168223030624869,-0.5981121541252935,0.09010924439875449
-0.5831789217095472,-0.5605709888586218,0.07143772352685965
-0.5631690126374433,-0.5312604866917525,0.07415794306943388
-0.5550778664415243,-0.5055969269640611,0.08751357061746987
-0.5088658750769228,-0.4768016712535151,0.07188854438187937
-0.49608585078643525,-0.4707743068795825,0.07923042580535145
-0.47872412914636353,-0.4407901595700248,0.09176658192206891
-0.4521073946836731,-0.41448361887737817,0.08051378955389112
-0.421,-0.394,0.075
-0.3492917602504715,-0.3491803528814855,0.08739530847851462
-0.3265195087064222,-0.2922032414211579,0.07554528426307534
-0.2712073717587295,-0.2723141369258236,0.06814788266619067
-0.2085275491673963,-0.20124183834526285,0.08451327907610938
-0.17140375555972776,-0.1673119186269263,0.06344898777671404
-0.1250248643209099,-0.1214008146394219,0.0758345564552302
-0.088019830331027,-0.07456427934549896,0.07558292105276898
-0.04960218009879119,-0.019865321259685507,0.07830263002445226
-0.0008080821538610089,0.029663877574533946,0.07553270894684273
0.057,0.072,0.075
0.09628587718675,0.13794499313732517,0.07300847168968966
0.1719876493503108,0.15983109738021972,0.08205627189428945
0.20243961106235633,0.21983866771603228,0.07486586658899741
0.2444395282325347,0.2531445726687728,0.09589992948575371
0.29772718280498883,0.31031287555451437,0.08156504706508799
0.3627097620565868,0.38118319064196576,0.06051795597742224
0.4108775737796469,0.4058552383889512,0.07863687193806757
0.4418659352026227,0.4722674145625162,0.08538499451280382
0.5261364442501085,0.5212293528296756,0.054790650698656546
0.558,0.561,0.075
0.550090554848561,0.5759305658785171,0.0650228083208088
0.5124156245560407,0.5790045279963547,0.043332276954634485
0.46730878786868296,0.622275589951832,0.08155660110281318
0.46575527705179853,0.5976897512983969,0.07238750385867675
0.425323204795723,0.6103238915318514,0.08125882653978518
0.40347555265290574,0.6219348358044403,0.07972409375397249
0.36787463378074253,0.646138111342421,0.06959512543964715
0.3403520861121794,0.6492328008336998,0.05898108209933634
0.3443982617366881,0.647307042687878,0.09154271431534713
0.295,0.669,0.075
0.2574850379810598,0.6598181477350112,0.06355573436828735
0.1906616497399529,0.6846211382741018,0.07960741357141865
0.14495081289055609,0.6642799982818741,0.0676761872140164
0.08266428971782785,0.665005969949132,0.0841165427758246
0.04884311181435116,0.6711883134392106,0.06387660563099072
-0.007364664528869257,0.6721290909941047,0.07331801612127406
-0.05118596242815068,0.6774985095181678,0.07830518901993673
-0.11057122461902708,0.6652195809745113,0.08183962281496018
-0.1705491704474614,0.6672712504505746,0.07961019296694345
-0.205,0.669,0.075
-0.2430666960639408,0.679809976789155,0.06898048452487196
-0.30276277929118345,0.6618484088146347,0.06917989216063727
-0.34565676089458575,0.6613915850562099,0.06356987069152568
-0.4143424235746383,0.6670802001107428,0.09183605076166745
-0.43226305405700466,0.6537172330849732,0.061533140438015
-0.47767510197963353,0.6474873154997773,0.08555902158862602
-0.5282978416934062,0.6418070341366715,0.06073031597179173
-0.5799044595731286,0.6199239821389066,0.08210832563793741
-0.6277400895125295,0.6489727782334268,0.07573668136801462
-0.669,0.639,0.075
-0.6682815060435251,0.6013135010417356,0.0768766606893564
-0.6732219514644872,0.5233321087962551,0.09200940481607926
-0.6721547945935465,0.4742779975405012,0.051869644086733196
-0.6819671112433588,0.4247391412387847,0.07171683435855537
-0.6811472870496402,0.360776603261412,0.08520718106251332
-0.6828591330118172,0.32979337853533375,0.05689750780515582
-0.6886291568496156,0.2625019819306506,0.07162677713921595
-0.6840204309888263,0.22821942042162174,0.08385543932115086
-0.6547392190822129,0.1673815314384496,0.07650215970478412
-0.669,0.114,0.075
-0.6609252212195618,0.06542462114682973,0.07994203798690148
-0.66221708456005,0.0053441918811308955,0.07447436796157343
-0.6800994425645798,-0.04284394089125768,0.06176092876349954
-0.6462968783187805,-0.07370516874138128,0.08591359617661545
-0.6594379436036649,-0.144450036904687,0.07324736431538119
-0.6527021299366674,-0.17508718613627042,0.06317937187050691
-0.6724903923687422,-0.2215870442085385,0.08402879040439803
-0.6636390577250899,-0.2913590642204424,0.07364822822758064
-0.6825117676783063,-0.33551870047378146,0.08499299513929617
-0.669,-0.386,0.075
-0.6617514265192357,-0.38207765984816805,0.08398868942236684
-0.611852152878379,-0.4442945467954175,0.06948141208024046
-0.6139196768182934,-0.4736613111568336,0.08955347140370601
-0.5919403620595528,-0.48346727397296535,0.06415136220677388
-0.5457365550489793,-0.5304909852311946,0.06678836978920985
-0.5434898138442645,-0.5494956381105012,0.08001628677922053
-0.541903272520318,-0.5999999800210151,0.07839553074002623
-0.5047627064983525,-0.6181686680307339,0.08406285434304658
-0.4957858394705545,-0.6581263599339776,0.05398846626953052
-0.458,-0.669,0.075
-0.4134544088738605,-0.6857274154162367,0.066671167689502
-0.3476731946057934,-0.666323508672183,0.06601617647940722
-0.3077728065145492,-0.6735450322981452,0.08946188064473862
-0.24993087209552842,-0.6566208292696543,0.08072402928862256
-0.22347195860715485,-0.6782985808190505,0.07227159104606518
-0.16006405229812726,-0.6659453164434027,0.08336516566264748
-0.11044930703937059,-0.6608664476441475,0.07248124608884823
-0.04670721181376039,-0.6723936418525169,0.09189185793442582
-0.004370413852812092,-0.68047409737691,0.08271962586851657
0.042,-0.669,0.075
0.10359791175668795,-0.6754964606059454,0.06744791110794972
0.1518829291025189,-0.6669849847985927,0.07147133400483648
0.1971917705078812,-0.6581703846197169,0.08314917182917754
0.23970745110885952,-0.6654896088127832,0.09527279192199578
0.29152319292976564,-0.6756486790891736,0.08905196319504016
0.3434529306179519,-0.6707439244685245,0.07458648558091593
0.39595360598254736,-0.6530875288181384,0.07651135777717191
0.44737723952555725,-0.6677983723453189,0.07114018611246155
0.47257954475657976,-0.6670875011521782,0.08093364987573048
0.542,-0.669,0.075
0.5634772451073049,-0.6277990716378425,0.05698855228246648
0.5655823245964007,-0.5864915508143929,0.07304172429534504
0.5693948305723893,-0.5422924538876531,0.06795521513665348
0.6042951820047423,-0.51298647241612,0.05679382121011725
0.6092503434151699,-0.4897323018405172,0.0687664225696783
0.6179401889049317,-0.449018447422182,0.08182331438566567
0.628124076922896,-0.4058248155795487,0.06445666954335717
0.6358965348861499,-0.34599991178975825,0.06542865126915062
0.6556151631430291,-0.31258359960574056,0.08004990609146048
0.669,-0.276,0.075
0.6599437810952272,-0.21683579752494261,0.08594043367798579
0.6725897875341492,-0.1807511239421234,0.10238985222539028
0.6638234147109646,-0.13775852039780984,0.06610527163563627
0.6871282131500939,-0.06713590987210104,0.0834361901376291
0.6571774840654938,-0.015638821425713226,0.07482325068283878
0.662254109666218,0.009603989129492976,0.08084396408600192
0.6674474058227234,0.06620515705373616,0.0787836072913435
0.6885006777283912,0.11372999978836675,0.07367351844560445
0.6644072237806725,0.16669601017340935,0.08688652396003549
0.669,0.224,0.075
0.6641310743716263,0.2561608951209247,0.08301219166896649
0.6621328831585862,0.31480060178575436,0.0778626145992387
0.673472105651705,0.3555129240304899,0.0747481588368765
0.6814908003409432,0.37386183495575626,0.07285895057530693
0.6829274640307034,0.4220911747040707,0.05308176563667183
0.6639679614245502,0.46616626494054225,0.07974682981780185
0.6690504872313031,0.5049013963727412,0.07482369264135043
0.6638287502946895,0.5450019691667214,0.07905204863201712
0.6764468673195512,0.5741857035556079,0.07370096657514288
0.669,0.623,0.075
0.6614908853369007,0.6261855509128645,0.07516644873398684
0.6651327785767397,0.6092021161921147,0.06269984324074974
0.6414884742016012,0.5926634949721378,0.08577761797308205
0.6370949136982547,0.5838665115836131,0.0972452548976018
0.642525345564736,0.5710615445116209,0.05898702649622927
0.6329476418126923,0.5742413828786593,0.0631926050951398
0.6207365019699445,0.5633173790431847,0.10091447557826008
0.6256023063842249,0.5465639546317322,0.08734022726259257
0.6239573239067747,0.5539383961632481,0.0881713198913782
0.614,0.533,0.075
0.6036848688688897,0.535836808430432,0.04655128282782041
0.6254849232313986,0.5206841634258466,0.056578108494972065
0.5931329873239365,0.5198513446370526,0.06976447561150013
0.6097154811338364,0.5086223357324791,0.06221204265869944
0.5999846765103474,0.5083518421403491,0.056534276329163025
0.5934355268383551,0.512028912375975,0.08381542227606542
0.5954702559943023,0.5196523908441989,0.08284757363330929
0.5801758175728261,0.5062266367017901,0.07689675498396789
0.5736270221164133,0.48863641614892595,0.06691628728639726
0.586,0.498,0.075
0.5742928069657963,0.5202423017308624,0.06373920536989511
0.5538834051154571,0.5080435407495623,0.0895127158395203
0.5468271702682445,0.5205173787123343,0.09108283604708034
0.5117716103218766,0.5332707700357739,0.08428410668759695
0.4951667866268352,0.5410720565786417,0.0744292756156414
0.48436840093881967,0.5643620403241528,0.07720510866408785
0.4772434191121037,0.562066012310206,0.07067934938907816
0.4575614378497842,0.5792143195038827,0.07173704236864545
0.4481091243630146,0.5767771684647205,0.08305757058249504
0.427,0.593,0.075
0.4391297912314338,0.615230816479855,0.06738380311147513
0.45930388055287613,0.5716069007038767,0.08653905128741989
0.45609364798578345,0.5316142976086066,0.05919443093566557
0.46849064057710277,0.539312532352603,0.07219938514802979
0.4858822329823719,0.5092330752045742,0.07045591244918686
0.49079084470452355,0.494385921135367,0.06417400223584206
0.4893631474271701,0.4714503490398878,0.06042230577844154
0.4880160386046838,0.47767657050355783,0.061579198908991634
0.5088749787232076,0.45875798994049155,0.08473662300934558
0.519,0.437,0.075
0.5314738953442267,0.43265009695072354,0.06168287339146084
0.5183023336333856,0.42625201707146315,0.07319865603060835
0.5097977470898514,0.4230690292479014,0.08480299588302369
0.5136453901031163,0.4085448651982723,0.06382838156260826
0.5309841752601772,0.40354353254998854,0.07388135339102854
0.5329233086565824,0.42025139897840946,0.0817750397525682
0.5152069759698785,0.414291342317582,0.06663818366099278
0.5298171533472709,0.40055653867016106,0.07770695761738172
0.5171352264972332,0.38012330433836616,0.06308033322306902
0.512,0.381,0.075
0.46614534798356144,0.41696031701593683,0.08430886491338878
0.4612204187128501,0.43483898901256307,0.06050735414075074
0.4244955713632983,0.44831833632450613,0.05461412499374073
0.3973920921640275,0.4655416724581236,0.04622582903654716
0.3548514876049847,0.5003342753628955,0.07116394753968737
0.32160904112381283,0.5621454577336891,0.07468985662667102
0.27292963790180313,0.5603137606893486,0.08625669838247596
0.24833304272756018,0.5887673344094957,0.08504764905604252
0.21395974756086067,0.630104921970972,0.07389508367058371
0.18,0.65,0.075
0.2149931283971303,0.6115495498377758,0.07350562799369582
0.2551567515508374,0.5739299737834263,0.0919535884913717
0.2907367545446023,0.5425476014504865,0.07535795295985563
0.32406825364209446,0.4916153530647418,0.08187211817820755
0.35357141590217406,0.4639704863992382,0.09245805627658972
0.3953951410137452,0.41794578999695137,0.06179520628182142
0.45377064315714727,0.3829444002460477,0.07076160974951701
0.4819106067537208,0.35196037228267035,0.06031382164190657
0.5009149216031922,0.31475105858343994,0.07704313735430099
0.551,0.278,0.075
0.5530492421661424,0.28370671776037204,0.07791669662056244
0.5395801153716051,0.2718165068101502,0.08623361304010965
0.5265453394055812,0.287984210347285,0.05866582122391119
0.5289956607711601,0.2767605536001716,0.07454687372985384
0.5092761597080244,0.29299477275346836,0.07167500745888053
0.5070781218121231,0.28155874364328204,0.07620789058691109
0.4953803880849746,0.28844583920431643,0.08724053948332429
0.4954446162907269,0.2790458819133806,0.08686323618961123
0.5009805109221119,0.2873347578765788,0.06995377424598785
0.48,0.286,0.075
0.43334607355318305,0.3085018450439537,0.07457199818994882
0.3937958257293401,0.3678380446724588,0.0737307417672278
0.37223732337645565,0.38588892341427017,0.053044862290095446
0.32257505565200745,0.42613146090606885,0.07950334330376307
0.3150369414534644,0.47520680975788954,0.09023946586458727
0.2771142358255523,0.5030391442857184,0.06977434006574255
0.24567480142177484,0.5354699419632944,0.0632023719524565
0.20170189247882905,0.5689397487522567,0.07246937660496242
0.16091836566209933,0.5952571632553316,0.06772547090541128
0.126,0.639,0.075
0.14446723964036617,0.604883612139584,0.07332384359843949
0.16158030956317126,0.607200147338005,0.06609963840260094
0.18023036284452013,0.5596816851674016,0.06927762437355678
0.19523435597340963,0.5482068868586304,0.07216044361144498
0.24231591196196067,0.5279511387227265,0.08259006038981036
0.22016723769009136,0.4896514191470482,0.08757394159886556
0.25785808626482914,0.4515326668015044,0.09751805679390119
0.2772385654415892,0.4562293766816356,0.05869023483499455
0.2980163484414951,0.409351124948523,0.05510977869642254
0.311,0.391,0.075
0.3508343521536928,0.36096120791628633,0.066114173638219
0.38855759473678886,0.303855703223383,0.05350102574224809
0.41805012830579186,0.2815677616351387,0.06422445499877116
0.4648844970854824,0.23616607477206078,0.07475228049975997
0.49841314903624706,0.2091136241208293,0.05394977299851862
0.5193128841526137,0.16979980951221463,0.09571651580964292
0.5545654213483924,0.13447242962634406,0.06808782479602071
0.5956257881726483,0.09562480295843122,0.06774766895121444
0.6194230793385128,0.03610972979114575,0.07125894525444629
0.669,0.02,0.075
0.6341400507410717,0.06267985406706678,0.05753860310121843
0.6080222998270675,0.07787817856519547,0.07695093211000702
0.5746356123055839,0.10397254145989142,0.08338014150033456
0.534263444890975,0.11551337097437386,0.05494221451710935
0.5193090160722322,0.1567243323496306,0.07216771610553124
0.4802372175479283,0.1920754573497593,0.06008709594761271
0.44683886445156096,0.20804356402268795,0.07659406818789068
0.4313230639086597,0.22301152352426426,0.07531178325911131
0.3935714255500391,0.2588053928183811,0.060848996788702384
0.349,0.289,0.075
0.3137765188841108,0.34027717901293114,0.06243108975122945
0.2777610913142717,0.34059658280581706,0.05893353922228246
0.24225513505352933,0.3900321260498323,0.07852705115575594
0.2049254541352969,0.4348406566976418,0.07976100025961362
0.17126468590439947,0.47490791082639233,0.049784245863618806
0.1257936018429906,0.5096477128397027,0.07478598008627627
0.11524715976322092,0.5279333497509183,0.08993752081365419
0.0739666352804895,0.5841100817949447,0.07442473528977196
0.02870879087076403,0.6114541741879057,0.06088584111004847
-0.004,0.643,0.075
0.029325875180895557,0.6153318562637088,0.08036203641553585
0.038548352006114464,0.5929385172914463,0.06230663806106456
0.030157134924808735,0.5748437478751748,0.07302121584843947
0.06467938051986608,0.5366625329554029,0.07287647735636985
0.09833406945208609,0.507218130229968,0.07965533544955133
0.12396076658788804,0.48563460008500997,0.05522327419714042
0.12821058834541066,0.46847543327874047,0.06613736314370602
0.14201520570766554,0.419642770882798,0.07961639663220642
0.179999334172145,0.4157393465457384,0.08344221515178002
0.187,0.388,0.075
0.22627871570459943,0.350329269568727,0.0719574272756538
0.2505035111062613,0.31873103515659296,0.06574604999805087
0.298117950858049,0.2859896819595923,0.08146319519837487
0.32920855879206096,0.26420977528811246,0.07815737786953332
0.3741379472180723,0.2054093419717519,0.09680326373545099
0.4223030143364457,0.1606708993899092,0.0877336006836415
0.4466357299617362,0.12004086117517905,0.09353409765525705
0.4835428822422517,0.09711401927321257,0.0813042874501391
0.515254609994262,0.044458490967455744,0.06983700871730596
0.558,0.017,0.075
0.5541263447939574,0.027768557442185003,0.07698518204301856
0.5505585905819148,0.03239802688890259,0.05793468451206811
0.5365453107395102,0.018745096924313955,0.08709892598695913
0.5111605102923964,0.030702306336674985,0.08379149322616451
0.517237745090222,0.013684349393444192,0.08020257801467828
0.49910600271259276,0.03149690570636338,0.09332961366974545
0.5092421946144826,0.040211225766167404,0.07626751076438215
0.47096866674353755,0.040876942738916955,0.07859733679953043
0.4873019385898972,0.023110750913146835,0.06642165449194082
0.473,0.038,0.075
0.42457753404593523,0.08580882035335564,0.06899781520434241
0.39034912724533793,0.09084186368242561,0.07637930786902997
0.3652250573801026,0.12458316528663435,0.09108331167494392
0.33120097218006095,0.18014298504093298,0.062390073205182306
0.2995559833341998,0.21324974656617748,0.09559227571011941
0.26429326947188064,0.2701709184828741,0.07192757149705926
0.23275222992534697,0.28941080536287117,0.0953613028177569
0.19663903116416842,0.32243117614012645,0.07984118309451499
0.1559044567178428,0.3604558667303012,0.06286352587695411
0.119,0.392,0.075
0.07889669647239911,0.4150673211475045,0.08996165108132831
0.06204451789238568,0.43245199498566217,0.06963129110284401
0.027375066163641024,0.46934370454967095,0.06706412975107569
-0.012193910148932884,0.48747285435210724,0.08144997389585819
-0.03477540399137907,0.5222758686357692,0.07171989840930339
-0.07588161201427371,0.5398331130337651,0.09428139714799881
-0.10497575152415314,0.5574782392166253,0.06042667141848241
-0.13264646714151188,0.585403341448091,0.08859713005191264
-0.1707237914585309,0.6156091549161438,0.07800480195270974
-0.191,0.639,0.075
-0.15234928893461752,0.6172212547089871,0.0767414187224846
-0.12597482111799316,0.5558907317375473,0.06700173650012196
-0.08268759115790851,0.5226194351269812,0.05938133794208833
-0.0667027337195675,0.48988365276825835,0.08098580272188277
-0.012217865820011822,0.4722512889498467,0.055289973736190295
0.018934753513700216,0.42964534837364227,0.07456541501678461
0.06429109685298437,0.4075684695628231,0.06948465978966371
0.09835260310038982,0.3532266603211334,0.07968758758441497
0.13469846350347534,0.3342057139470917,0.08469430591710186
0.162,0.285,0.075
0.2038732335934828,0.24510970160825798,0.08150481075793235
0.23961148661636997,0.20881763638134787,0.08605411358345474
0.2817205250928088,0.16780892833741962,0.08391933990559529
0.3218229711827363,0.1495084218488341,0.06565340795272719
0.3536587140953971,0.11662007145866965,0.07083731100346928
0.3887626746599979,0.08130385421408291,0.08814671438291022
0.4214554768176517,0.03695747025512533,0.0832540403191948
0.472283478582441,-0.008184187228745563,0.046972005163176206
0.49393375905842224,-0.039289449030392845,0.08125541567397729
0.533,-0.086,0.075
0.5255532167345645,-0.10293791404340695,0.07292406260176361
0.5334218562013808,-0.0944171898677835,0.06607323823261847
0.5099295502440448,-0.08988530375981885,0.07942852930547044
0.49755732611238235,-0.10337312261518684,0.07778130005874251
0.5154674195136827,-0.1101602280948068,0.08945658342084412
0.5172291349972776,-0.1024662542195889,0.0826558882230404
0.5070100863182339,-0.09561882232211319,0.06671039837893122
0.5036184908143845,-0.09615694673785088,0.06417181553426454
0.5275913567439665,-0.10918038365697594,0.06286448567076215
0.498,-0.114,0.075
0.45106997167897,-0.0645600510012446,0.06982037369649648
0.43875510267392387,-0.046587772477262604,0.0859754622064184
0.3801389960078427,0.02653826825363212,0.07004072007889907
0.3654315209638053,0.031203840692230797,0.06873236697917365
0.3117745003671731,0.06689091165086415,0.07413470837261972
0.29260548121447716,0.09013274488285958,0.06649339875625111
0.25077665847173275,0.13579530876156162,0.08257695929493312
0.18890280897130157,0.18474457467401034,0.060485859206231986
0.19113522795717489,0.2076220368939363,0.07722525526888273
0.144,0.24,0.075
0.10389746195466165,0.2843305397783066,0.08106972779334785
0.05589994297561619,0.3330768383764026,0.08055682468769884
0.04379920051413922,0.34523508543859144,0.08288673127976592
-0.014265045610569509,0.38370198555022056,0.061851950225842174
-0.03700613968682022,0.4179191915700709,0.0784632102485066
-0.050472251428437656,0.45422132010986327,0.07033220219006997
-0.1207567976859282,0.492593615822426,0.08005682251511272
-0.13717056490885796,0.5247264471574137,0.08024702229469186
-0.18492830678170624,0.5520077898376501,0.06760027451078557
-0.21,0.593,0.075
-0.1904760989912687,0.5831452295267874,0.07810817128098144
-0.20278688385121238,0.5621617060719188,0.0617212081989829
-0.19442095836395382,0.5426369732691628,0.07770057173881348
-0.17907704005728026,0.5513837128170103,0.06826151677822921
-0.154379384227434,0.5128321363253869,0.07233351805677071
-0.1432643061562084,0.5039595244912051,0.07105739448859637
-0.14950010248014506,0.4856915156690823,0.07675610079991985
-0.13914985347871722,0.46278557774577406,0.08883882391524152
-0.11438708514482913,0.43931058513956117,0.07391715524509573
-0.117,0.437,0.075
-0.0833430965146035,0.4059780748831028,0.07668867586056988
-0.03709276671984357,0.34944800041897406,0.0769228611446397
-0.005751439512343822,0.32003422426091566,0.07410452800421881
0.031601798881843224,0.28881672499062105,0.08181975231596686
0.05499691249218927,0.26744567348413306,0.08988800841159014
0.10099943957283497,0.2225534336854597,0.07283976482967182
0.1336534039736482,0.1990619174472434,0.08397389464616101
0.1705237149619476,0.13278073295851747,0.07423032091453832
0.22115696810870858,0.0917890022085126,0.07392363287572706
0.254,0.066,0.075
0.28964891168179313,0.04015207962326661,0.0702121731393857
0.33250201385730277,-0.0059702750772362995,0.07748134972046385
0.36065328673996955,-0.0365408447578583,0.06734877871452628
0.40913783755769983,-0.06474865378657607,0.05182392264122924
0.4294188986054499,-0.09112045913177745,0.07210781222211081
0.4547606974519867,-0.15710815652768143,0.06947526230105394
0.49703191806004715,-0.20238041962629513,0.06532932442379856
0.5502218094275854,-0.21783444784011893,0.10583295651249228
0.5730816283628599,-0.26771326861727074,0.0951824076025145
0.608,-0.287,0.075
0.5962891591209797,-0.2810770352189538,0.08662550671467872
0.5734416053613143,-0.2642505649414343,0.07961488267934977
0.5447075836042736,-0.24208808264115683,0.07461987411854015
0.5445752621529056,-0.22586968839611943,0.05877713683141366
0.5241029141121842,-0.22497661645436146,0.07988855648599541
0.4597495025789117,-0.2033173228477685,0.05413270413750966
0.4687221209305775,-0.1914988943711017,0.08518821284177498
0.4695545574159012,-0.18413328917337016,0.0749367851884872
0.4361998382975799,-0.17423913507599786,0.07377825935826046
0.423,-0.167,0.075
0.3899676310266361,-0.13767762616030005,0.08479440687880936
0.3549544649832684,-0.11099995035970632,0.06880376085048591
0.303686050453726,-0.07178180158941229,0.0576477045450986
0.2826059927242181,-0.023460927968802326,0.07301970777804284
0.23683064105524074,0.01127348643611213,0.08912321336607495
0.23364014831175162,0.04603967720990427,0.077684454423022
0.17710937514133432,0.08872628627643121,0.07763338104730512
0.14388314635999636,0.14057505410324395,0.07894103141355344
0.09482203851299142,0.14086628420136627,0.07343508597631401
0.07,0.187,0.075
0.04501408292778502,0.2211583686871433,0.07688235076853397
-0.0039203267990864845,0.25598172506346256,0.07069822246417777
-0.018234474445467767,0.2940798064886673,0.07967400017705521
-0.0693625524911878,0.33468048094203984,0.08917817800405772
-0.12947862023109868,0.3750755912231923,0.0798372725486136
-0.15688146526830934,0.4009776451797331,0.08597856983458767
-0.1858057322964206,0.4517782632708167,0.08893870363390648
-0.22780530605693808,0.4855921179184198,0.07032163025487723
-0.2794756508433606,0.5292160577423938,0.05643408136332707
-0.301,0.558,0.075
-0.3099439848534677,0.554082688029371,0.06634681009631928
-0.3034002207183532,0.5483503165465061,0.07102365733581673
-0.2767980556659287,0.5457375295963262,0.0645525014782727
-0.3006958944668735,0.5173050782965254,0.08654798718594335
-0.28874155617054637,0.5228427401846008,0.06455802284178179
-0.26219118080352566,0.5049000420696618,0.0808121137384221
-0.2868450579201733,0.4964042532590799,0.08386230708853404
-0.2880622813418449,0.4930556640350258,0.07993714142732268
-0.27458108351543126,0.4850649646818175,0.07474302721725186
-0.28,0.473,0.075
-0.2372287859231544,0.4470015414399219,0.07594981092539109
-0.21590868965094104,0.3827004480102515,0.07941376260910857
-0.16569840442934697,0.35805474999124043,0.07088449513690358
-0.15342653708992493,0.34435412198888626,0.09223544102078521
-0.09474275572548643,0.29836611176012434,0.07476011313303094
-0.07463391754811619,0.2606879136955495,0.09264726438846352
-0.03139356631836256,0.2238909497531337,0.05506644790169634
0.00753433592086517,0.20229014216915625,0.09379138554400965
0.048129608668908225,0.15818370514174654,0.07381613748287268
0.074,0.119,0.075
0.12320602702341049,0.07573541654506424,0.06572619812000871
0.13320000347750208,0.039760392750779576,0.0845063332571105
0.18334265874002473,0.00042146013202829305,0.08688650316278063
0.21592980312233712,-0.03866848027612325,0.061753530783623174
0.26299357344271584,-0.062192784722121267,0.07573616728865074
0.30056623784138425,-0.10611946773129327,0.07345729422028649
0.3416077914314057,-0.13951646389129574,0.07941122522225232
0.388573939873483,-0.17641464270318002,0.07294882348835359
0.4067787103965518,-0.23453144367867565,0.08445527522559328
0.445,-0.252,0.075
0.4679204797129652,-0.2773193691099982,0.07060244522519395
0.4950587364012048,-0.3117266581970508,0.06863611860793281
0.5033718061896603,-0.3043601278811189,0.0686460341123251
0.49633862093852527,-0.33580929526391495,0.08297599484640389
0.5234269782974071,-0.35869241645613453,0.07065617380598954
0.5316688496093426,-0.3786825931402402,0.07968616608353546
0.5457382601739775,-0.39154278456711356,0.07708649679363694
0.5531366841035001,-0.3977756525171196,0.08261969417259181
0.5755015413175605,-0.439753668764695,0.09336734191353052
0.586,-0.457,0.075
0.5483698825213671,-0.43106408162967236,0.09200034816157314
0.5194630201397329,-0.383691553616255,0.0822590106162841
0.5024129254724261,-0.35096165488671205,0.07595093776199367
0.44434038389204716,-0.313800722857891,0.07044330344541086
0.4159911509914449,-0.27807375259815487,0.08172745148776693
0.36415597143070244,-0.24288368289974593,0.07391630862375169
0.35259068809323707,-0.19693269601822236,0.08856080831087002
0.3092366917126286,-0.15492875971942122,0.07499047812263393
0.2736534337869648,-0.12318951867836395,0.06616398797208177
0.232,-0.103,0.075
0.19561521054086928,-0.05421244692851426,0.07620539829443092
0.16398401876105698,-0.024991649007177423,0.07587643859778839
0.14100806938890872,0.00025741240596350136,0.0681714438461543
0.08252485890333487,0.03082198863206726,0.08463875526854779
0.05385253255092177,0.08429511000353636,0.074376719022923
0.012300398273633665,0.09939684322335093,0.07062500733485308
-0.019081207688770953,0.15594662386225788,0.07152534888017038
-0.04420598694200109,0.17860378602707008,0.0868518011750351
-0.08520555693433682,0.20697340560554145,0.07055892129614018
-0.121,0.251,0.075
-0.17472588044989953,0.2757474202501003,0.0732935845846201
-0.18933015787392235,0.31486990749322885,0.08703478404290163
-0.22401786617288455,0.3407911669900436,0.08445697066984821
-0.25491880895339847,0.39443881669868686,0.06753486304328511
-0.3054760455362939,0.42399100482852964,0.07761891891200944
-0.3154525407822168,0.46102674353259504,0.08953086008627738
-0.3779286180516675,0.49224062956636494,0.0689757874301662
-0.39167861901429823,0.5440235681124806,0.08652197379607239
-0.4445339514289944,0.5661463119326351,0.06170048003395823
-0.475,0.604,0.075
-0.45841841670449923,0.5926674575812635,0.0576160598664288
-0.45671677394246074,0.5622354724640496,0.07780853874390001
-0.41717038647254484,0.5196367260723862,0.06763841230644277
-0.42810303772862573,0.521107660277021,0.08530345958084247
-0.42128065494587164,0.518303527179705,0.08365637875531363
-0.3923100435598121,0.5066050689659021,0.06805262855883389
-0.36593240769668184,0.454596437923747,0.07953609349322716
-0.3642829142315097,0.4563104752090474,0.06699010685753065
-0.34766834276558495,0.42416027496796105,0.0928201777456928
-0.343,0.409,0.075
-0.3119104128008886,0.3564027315812264,0.07904223843623412
-0.2665172109087657,0.3476202399261818,0.07949679448960571
-0.24103764508691888,0.30657418579208123,0.05955038961345621
-0.20895237829178018,0.271707103496435,0.07210335249574983
-0.1644387543832322,0.22424460586645079,0.07728430855275889
-0.12278579406953552,0.18586750816148687,0.05721363255886168
-0.105032111764847,0.16247500643318272,0.06582430314200258
-0.0734021929169523,0.1159491395983571,0.07325166240325197
-0.02829160804606192,0.07467208740195821,0.0651836675288287
0.01,0.056,0.075
0.06126905781692685,0.012846844849239371,0.06301444102349046
0.08822031561500837,-0.020661921522390048,0.08445557398890201
0.1063767454954176,-0.07429591866409521,0.0673593756731429
0.16157608243969301,-0.06745039780482966,0.07296240758921684
0.18303468862322275,-0.12766082177576057,0.06919102046716669
0.2184809202789006,-0.15596768421835236,0.09269666109442426
0.26197609194878935,-0.20897479522076232,0.07270450146220253
0.28654016877251215,-0.24592783788607428,0.04767885795194056
0.333202026342427,-0.25906008360092275,0.07893150432294295
0.364,-0.298,0.075
0.401946595760506,-0.341784054291693,0.07073126049069495
0.4223864328322551,-0.38383039487757736,0.08524562650853128
0.45176292343601204,-0.3923461410464336,0.06211193397608129
0.4777443136530343,-0.4483906751378402,0.08518586868087909
0.49415333413272855,-0.4793480268052005,0.05177896209770993
0.5274374567424809,-0.5247160801397189,0.09202752503961201
0.5826702174194155,-0.5497937704929562,0.07314389238957633
0.6142097943801867,-0.5963046518516708,0.07145595113883238
0.6383648248839229,-0.6245286771561819,0.04614579217452905
0.667,-0.665,0.075
0.6264354374419858,-0.6381512620348092,0.07058961597651563
0.6058039009824614,-0.5866799753785624,0.069175072805027
0.5607498696398074,-0.5668437068710716,0.08771725538415495
0.5339581990616878,-0.5135207721294953,0.06598920182669149
0.495725396553882,-0.48002140803298354,0.08656697103863484
0.461883301265217,-0.4559841294256159,0.083008600381808
0.42816098136965364,-0.42705373053194773,0.07735698363915625
0.37235168008945624,-0.37733815859672737,0.06725777644625759
0.35526245833929554,-0.35353137575746774,0.07649237154029603
0.314,-0.312,0.075
0.2783945126764942,-0.2825879507551775,0.06666691763513781
0.23374653687944222,-0.2589909790002003,0.07209235796034191
0.19982423266795338,-0.20280499324645973,0.07390064307758674
0.15321250316175541,-0.16648677230332237,0.08088991358698079
0.12327276402437036,-0.13800103758191581,0.06738248313803043
0.09870346122223966,-0.09697149314607206,0.06587589138306789
0.05668156303367703,-0.03888376669844381,0.06460796787872271
-0.002678656062584963,-0.01755305430449572,0.08520325074280469
-0.027305617925520276,0.0018925558778063248,0.07314073370603001
-0.058,0.06,0.075
-0.07469187327445355,0.09723530278571607,0.0778670196406461
-0.13669534326016416,0.14173029201155013,0.05441240326776757
-0.1458053361522482,0.15343990049469805,0.08100206073251934
-0.18460079994600795,0.2114032719611611,0.08068332083657502
-0.2330773838403527,0.2294819739731013,0.07580793095988377
-0.2626790445759962,0.26962543855604815,0.06860931885332404
-0.3234358678343285,0.3111593189881233,0.06522430348208097
-0.3306442210453991,0.3499837570820568,0.0730765379636656
-0.3605203622666565,0.37858851365496865,0.07070700085782551
-0.411,0.413,0.075
-0.45441968321700005,0.41812025983085943,0.07080682730784181
-0.46438162333058625,0.4400999300956785,0.06890330668802777
-0.46216186123638886,0.4575246453620418,0.09917815539034959
-0.4926578838933266,0.45723429828860984,0.06056088673380085
-0.5077887013308728,0.4826747201105152,0.054398966076430924
-0.5213550874121466,0.5075134230178886,0.0946580242012823
-0.5441750705737423,0.5250189472894335,0.06617048685244986
-0.5750499408960388,0.5229879439936438,0.08326711931090779
-0.5883609927393519,0.5473436487429726,0.08358837568645544
-0.616,0.555,0.075
-0.575195449702614,0.5148631666102891,0.0821873739170712
-0.5328966022734468,0.48896382311807784,0.06231284148037105
-0.5012991648192743,0.4542063604134321,0.07571721031063157
-0.4737875634396629,0.41786805916847375,0.08862923949029827
-0.42831735502132445,0.37918926378821705,0.08846019861695027
-0.4011853841570456,0.34480841142124724,0.050956009697089036
-0.3618537229787049,0.306468074840369,0.07922858175019165
-0.31952529025558835,0.2850146089189729,0.08476999673962105
-0.29537800025364674,0.23086034874038344,0.0698190301702361
-0.263,0.201,0.075
-0.2349044770867374,0.15258975029364574,0.08720950633546957
-0.1834910857391598,0.12101946812450078,0.08569556357547436
-0.15419491835158392,0.0917727628580232,0.09088419772427297
-0.12909933502668136,0.03570507201228658,0.06771778806550388
-0.07546639216924049,0.008862134523197378,0.09249353906309031
-0.03650175206620174,-0.011626332388902025,0.08736714726760035
-0.005926552436332007,-0.06571239484845244,0.07553005324765458
0.036470730170591915,-0.08637108794362333,0.077079752519023
0.0648208626066811,-0.14273182168511703,0.05494246919286114
0.108,-0.17,0.075
0.13786587891687757,-0.20650832788386836,0.08162696032343306
0.1868184200399723,-0.2374763567321826,0.07404870399457447
0.23136913372918613,-0.2649495960024467,0.07208633478068494
0.25725580391464564,-0.30119279825003226,0.0612696311113916
0.3057778374991382,-0.36304795395587863,0.07198992569715273
0.30499621796817417,-0.3800476590949147,0.07589921383392635
0.35366961017660226,-0.4212408680066491,0.06136670794999199
0.3641691970238705,-0.44758957583993886,0.06587319068172669
0.42578487220538475,-0.484881450321235,0.06990818371247225
0.462,-0.524,0.075
0.4562466820562593,-0.5349335057976704,0.0729840224298173
0.44865444760274087,-0.5174706143377709,0.08732869988939068
0.43846363607305083,-0.5153163857029984,0.0623356907123786
0.4362080526649903,-0.5178738912416467,0.09246536693549705
0.42533081965835745,-0.50764618397561,0.08703436383661377
0.40165667214265033,-0.5181656884900966,0.08344293925413813
0.3977230260714351,-0.5038027211884504,0.060416552330920706
0.3945022957356578,-0.5192984400858333,0.07573306349302804
0.3761490600294277,-0.507683994240426,0.07673487612530663
0.382,-0.507,0.075
0.3378046643115757,-0.46346368340000593,0.07530966316868881
0.3171571947340598,-0.42758214869568656,0.08228071485834855
0.27302651488447227,-0.42624421539089125,0.06394121783826463
0.23745057300948555,-0.3680183856349946,0.051178447038484856
0.21617543019741398,-0.33381993484836026,0.06860599179370562
0.17552687684794868,-0.3056062786927153,0.08083946714287846
0.12290910282439532,-0.2636585397326457,0.08523800678924298
0.09115590577220341,-0.22070779937025126,0.07677294408795313
0.06979592803634317,-0.21589408639991037,0.08892340035859782
0.029,-0.154,0.075
-0.0034493662463851273,-0.10022548264650344,0.06324330251077669
-0.02771198239416105,-0.07759279341364005,0.07058621559761448
-0.07185358394338875,-0.048495486925450075,0.0909688277642256
-0.12062541782697572,0.006302053568407406,0.08383102626597197
-0.15010314960190826,0.0039607911139761184,0.08500303311202737
-0.19664074974200718,0.06544909395144412,0.07644554783143781
-0.2314418995957626,0.11197269518210899,0.07625410429788125
-0.26660735038815864,0.13103350798308622,0.06308162963927726
-0.2920481205936781,0.18044892871430207,0.07455935434216393
-0.325,0.2,0.075
-0.33732334393225105,0.23458348575266477,0.07544255214084028
-0.39364536602689054,0.26442750553019,0.07075081443071442
-0.43774938555083215,0.2922970985852905,0.07309385818816111
-0.48501996333541103,0.3271772558860167,0.07504397783464573
-0.4929052398002613,0.367156816849691,0.08507261213652137
-0.5440654494332213,0.3770260144495745,0.07561852567063154
-0.5808769007682966,0.40636107442432795,0.07605752218419631
-0.6093164904016034,0.4578720557315388,0.07901569612265051
-0.6307253977746105,0.4586793713045226,0.05233505263963324
-0.669,0.505,0.075
-0.6340347637604017,0.4640081386456678,0.07403929755895144
-0.5996529757894282,0.442264928250577,0.08310549576190132
-0.5623697938529741,0.40915482623348565,0.0662032890777467
-0.5239090036902664,0.33824244222798555,0.056310819014265656
-0.5115514093469523,0.325169911495867,0.058543571241302494
-0.4671599313928433,0.2789076576828419,0.07165406678105435
-0.41490389388454335,0.2550103240134321,0.06843388139377045
-0.39711131485392265,0.2155631081120727,0.06266128104513713
-0.3881643834473576,0.1984474114492627,0.08782449170290116
-0.335,0.146,0.075
-0.301019308568224,0.13830426058915718,0.06645911994449716
-0.2561155529197604,0.08299987925943991,0.09903532587866276
-0.2113890525295362,0.038781212280183545,0.06981662884607613
-0.18349139959575714,0.008593439415692105,0.07029895647942212
-0.14479906716736043,-0.04142904863809893,0.04993113487789454
-0.11824836981249488,-0.061541245311384066,0.08212195835449018
-0.08824136418351003,-0.11684916868905704,0.06263268235184202
-0.05770372835583237,-0.12394356085684154,0.0658345910393451
-0.0140290250202739,-0.1699999281384514,0.07042814360834673
0.019,-0.207,0.075
0.06978517217944565,-0.24619244494862783,0.06187705702700273
0.08976302393636935,-0.26583719473421574,0.07990461751187321
0.12089969649938982,-0.28820987035279966,0.08056375422795985
0.17397989923862162,-0.34739730469966396,0.07207315805358104
0.1949916749424896,-0.3941751302614356,0.0854694388387606
0.24860046663885413,-0.43364221945000664,0.0673548932704151
0.23996899330461946,-0.4309457204200149,0.06819085912265006
0.30141004625389606,-0.49484460997226076,0.07416079263061748
0.3269234753373419,-0.5183733699569723,0.07464482788180207
0.372,-0.561,0.075
0.34963974946165016,-0.5556191824438639,0.07797758958398857
0.3483471114804596,-0.5399751397103183,0.07570119395156934
0.31750500627642714,-0.5228472281638546,0.06186945726632914
0.3013877439613862,-0.5291715392051883,0.06888908895937113
0.3002199161485778,-0.5092999096975864,0.07385066800235356
0.2930094446177593,-0.5017437749284129,0.055799337872944
0.25173917964516257,-0.4931465938733224,0.08152325012597902
0.24705171628051714,-0.4926988530541669,0.07565565336731252
0.230051722956161,-0.46701460208159573,0.07522001966816795
0.217,-0.47,0.075
0.16386113468580257,-0.43668974348209183,0.08157993702515584
0.14040584727426444,-0.3851899400884273,0.07284342120265494
0.12532396580227131,-0.3495326040776836,0.06336381667793471
0.07740706170680535,-0.3367179411024613,0.07490880710909749
0.04007340552988741,-0.2738820576506665,0.07165777581998775
0.008720862175575803,-0.24097711710152264,0.0859476256493668
-0.048597212887427,-0.2108510650516893,0.08902323769370236
-0.06698522275397949,-0.1905321721812333,0.07873847150083124
-0.10618116957552877,-0.1204497486043212,0.07302212071395595
-0.154,-0.099,0.075
-0.18140762852359607,-0.06181740491380188,0.07457552685841168
-0.24228693477248517,-0.03881195648617264,0.0722307436043751
-0.2559070554911353,0.014509241132260785,0.07876646791611638
-0.29110291916521,0.037785396510712374,0.06416799845554107
-0.33733177031172384,0.06351914429980375,0.07470020125094069
-0.37357148636828413,0.10842628838182451,0.07346095602409879
-0.41560107153567405,0.1622423044227975,0.09210011739294746
-0.4398036346942201,0.18504816234591517,0.07922346618670664
-0.481171523428789,0.2215794296009385,0.07327971028921329
-0.507,0.255,0.075
-0.5065948619859125,0.24089942710115353,0.053638403842059756
-0.5135289294211275,0.2521961133652598,0.07983464924077091
-0.5034497422169283,0.2428074005588162,0.07990191034413517
-0.5221259672052605,0.246064616005236,0.06653468425678427
-0.5204240363401755,0.23651384778129336,0.09759563378334307
-0.5005571420728583,0.21972411221853486,0.07736602228618025
-0.5226702510320771,0.2228725967295563,0.070868476619552
-0.5097878543384847,0.22042261905498406,0.06951843175404021
-0.4975602521616586,0.2063581701605341,0.0662275561320705
-0.524,0.208,0.075
-0.4900510173664007,0.19603543838358523,0.09045299873934745
-0.4777958751591937,0.1350388135471595,0.08193822822503465
-0.39158071255063165,0.10800759225624978,0.07728203631221993
-0.38015429698573466,0.07470280954314877,0.08309284969184293
-0.3531830062409249,0.035355620348595705,0.08658210759515537
-0.32092672030183556,0.006258053794412934,0.07049051712559386
-0.28272666053104717,-0.04651334719130149,0.07309683918688457
-0.24019642255429194,-0.0693720256495016,0.0755073068416554
-0.20968389330437096,-0.10680317159292649,0.06022701049752502
-0.17,-0.146,0.075
-0.12602203851015656,-0.19029167594243834,0.06734049555585529
-0.10219690622039333,-0.21716654225426948,0.08643653633221454
-0.05311867770201342,-0.27910555877657045,0.07793439476463529
-0.016304125075446343,-0.2927179377036454,0.08473458817750373
0.010536067003927105,-0.3386857198410125,0.08999911120943649
0.06224481055855232,-0.3732805395959558,0.080739019430455
0.08798678607583046,-0.40147429587085165,0.07061798048786344
0.11591751299211876,-0.4621977187441723,0.07170982810164185
0.15951973002566902,-0.4926108590199827,0.061655879301687685
0.201,-0.517,0.075
0.19776274718743198,-0.5077033006057132,0.08425115090331917
0.19499223437387211,-0.5193274803232276,0.08133278009009874
0.18309353710425036,-0.5279891796129423,0.08561097894370304
0.18477941607570708,-0.5175919061087825,0.0744638128039686
0.1825535172774147,-0.4999265293318864,0.08596427902850984
0.16659081308733537,-0.5030484086986773,0.0630656265500357
0.14113887086064117,-0.5129571217361756,0.06634816746508404
0.1445887195952868,-0.5126366916283894,0.0680748940014393
0.13798577920012273,-0.5180270765514323,0.06574046628688546
0.134,-0.514,0.075
0.10715449479468266,-0.49244123623862945,0.09088336137157071
0.06350926889154754,-0.46009490245389945,0.06947678154402476
0.008900576156935517,-0.41624274049023274,0.06686301213400535
-0.025869347834068114,-0.38104955752823255,0.0792718570840456
-0.03404769925879267,-0.3411045436036533,0.07360826812755085
-0.07877987370983865,-0.30539944215007486,0.06854899019544575
-0.12428461428301231,-0.26270795275977654,0.08366244672340845
-0.13988419477736985,-0.23513208405893898,0.06969168508111816
-0.17650895654803095,-0.19662627342456748,0.07323290010007572
-0.22,-0.16,0.075
-0.26015297351428257,-0.11807556533090068,0.06805797483130178
-0.2926733286964043,-0.09812125857205356,0.08122459291291435
-0.32843142352861204,-0.05767422241225931,0.0673670382033574
-0.3497495453854433,-0.01703578587166173,0.07177012872523078
-0.39310550702844,0.020384726055971022,0.06310129802290522
-0.4309452024188486,0.037198834962971966,0.08641950817017453
-0.4558328881469371,0.09369006914873082,0.07227319375463048
-0.5117247862490286,0.13254341047132787,0.07731419051497179
-0.5435955692497736,0.16218412599787765,0.07568965387003455
-0.573,0.193,0.075
-0.5851241690730493,0.1891236202391787,0.08259918901502605
-0.5529481967004722,0.15198867002156524,0.0631516227984425
-0.5413071820061129,0.15432555194916134,0.07541567630665237
-0.5313851725853793,0.12864658361020986,0.08112525340262267
-0.5212896863325701,0.11200902399973021,0.07144076378155668
-0.5074595388770974,0.08116328306427575,0.05581533704001325
-0.4994235021366293,0.06799216474719043,0.08215319247876464
-0.494998398091047,0.05274871682444884,0.09517148813392455
-0.49327636998954805,0.031208444502196547,0.08960741939751166
-0.458,0.015,0.075
-0.4175333247708678,-0.02405169973120085,0.07969621935287494
-0.3814086439187898,-0.04730589696468093,0.07974726849248913
-0.3540435773552229,-0.09573140348613977,0.07171329536841878
-0.31396284596576096,-0.12536275785171117,0.0727140722578385
-0.27744255579959715,-0.1803261155542375,0.08290941424622703
-0.22230631462910816,-0.20760715011079198,0.06413424460507056
-0.21745776764648234,-0.2412844853124373,0.061655724963759845
-0.1412049572337803,-0.27988059204636984,0.06418320410064542
-0.12155116003684814,-0.3294814118363901,0.0963965834124877
-0.087,-0.357,0.075
-0.0635007187278951,-0.38461545304066186,0.06801983638811378
-0.03824924435801481,-0.42069190855638516,0.07172066685186262
-0.024679967579609878,-0.4416421972987076,0.09442039965349043
0.003571906410554212,-0.47125429829877924,0.06652122257844555
0.028127589876171637,-0.5151072574682756,0.0770640881704567
0.05313441377317178,-0.563463324590939,0.07484996808588724
0.08788946693659454,-0.5701514197671275,0.07856476828667215
0.11215032161377084,-0.6227070254727888,0.07390648920372905
0.12441093896691129,-0.6309860947735018,0.07910733657712345
0.163,-0.669,0.075
0.12808628289546567,-0.6412792949228513,0.0789005156557169
0.09794813632037386,-0.5912495369318446,0.06525896567459351
0.07750202409151559,-0.5579512543029335,0.07363039151355845
0.03652539309370739,-0.5154594065960119,0.07576394361867655
0.005996487298906311,-0.5110594330859748,0.06852460264155522
-0.05045328558126298,-0.4583745880610946,0.08318580727651417
-0.0962879559283722,-0.42406966871534113,0.07774632937285086
-0.12261574989285447,-0.37739515857718814,0.06885919070374331
-0.15053218715533703,-0.34140055649797035,0.06103391202031404
-0.186,-0.321,0.075
-0.21266612298883694,-0.2794210078887151,0.09005945846386289
-0.24753870687216564,-0.24747443997488505,0.08279780295957087
-0.3061046874750727,-0.21479996301055013,0.08119409841429363
-0.320527467718259,-0.18477212220366057,0.0908881682045629
-0.35261152309785326,-0.14801442682414148,0.07895883838976778
-0.4043105128132597,-0.1269507644550105,0.08147447599854071
-0.43941425567984194,-0.07719337621600349,0.08282546931924542
-0.4858444980910147,-0.032105082489494986,0.06158292894295035
-0.49923703592484037,-0.0021806204487800074,0.07686328443405327
-0.54,0.033,0.075
-0.5276255983667008,0.01662455963745406,0.06492365476611293
-0.5384941079321566,0.007300901717141459,0.06076921851279218
-0.5241426437071625,-0.006699372676386096,0.05869702751406988
-0.5048131869374156,-0.013653814849064937,0.08669735856370904
-0.4844242074954597,-0.023470742736212157,0.06450353005242572
-0.4960866293560361,-0.05168914228046062,0.07857332782914288
-0.4995375309416329,-0.06528176549688385,0.07044831321063745
-0.48598763657052885,-0.0651220891370317,0.07371629568508221
-0.500486141346296,-0.08597158842550104,0.08676035816215662
-0.474,-0.097,0.075
-0.4229107472267293,-0.12974195176307787,0.07761464306183408
-0.40668234087754207,-0.16679616754320462,0.07145504372543349
-0.37435976425692,-0.2110833687582275,0.07074449181441769
-0.33132955662846325,-0.24151477417643538,0.06274252450655818
-0.2857058088421931,-0.27757040302014035,0.07312672966993602
-0.2646591416832621,-0.3063404550049391,0.06760745501769215
-0.21739452299602774,-0.3429779485970734,0.06991503929301268
-0.19154730293778016,-0.3665165122463195,0.0795903261485117
-0.161947313164984,-0.41413008222563075,0.1149432453567765
-0.12,-0.451,0.075
-0.13265657703127712,-0.46390540555801923,0.06628011758944025
-0.10120437541717178,-0.4722147999335439,0.07374002241365595
-0.11106473957153959,-0.48932710488180015,0.08377659772029314
-0.10307095575631856,-0.5114703660669443,0.08331817158828494
-0.09183493304339167,-0.53532004713745,0.0676079095402108
-0.09087217024509728,-0.5253903110948002,0.0621113694734802
-0.06817669265991363,-0.5434491320662896,0.08122760518259836
-0.06589839431587413,-0.5448442740666447,0.06463154970179069
-0.05786225940780198,-0.5750948627000031,0.08089890950417393
-0.054,-0.58,0.075
-0.08873081374370786,-0.5443347986777993,0.07437501692606456
-0.12575897042021483,-0.5151184285067818,0.06167825952732989
-0.15556899698280113,-0.4653474847119006,0.06696399467384025
-0.19678534608331255,-0.43665723719173843,0.07605128147142032
-0.21351788293702664,-0.40278663131980513,0.07602226215313303
-0.272720982676358,-0.3612201549715123,0.07774026975489796
-0.3119628518272497,-0.3361966631494721,0.08712783456373734
-0.34812704944308204,-0.3270499625328853,0.08295613265879846
-0.3801408953399594,-0.2518972457090999,0.0959682930069893
-0.408,-0.227,0.075
-0.42851525709824245,-0.21558018095486098,0.06672541493472198
-0.45544944508431356,-0.19528634468016665,0.06402408102148771
-0.46644829280218614,-0.1887919744501939,0.07451014784874442
-0.5076515684800587,-0.16721403271068608,0.08284376031330032
-0.5101338427359339,-0.14664913027590346,0.06499693713119263
-0.5431108056815172,-0.13842084161674764,0.07631500212342344
-0.561310985640919,-0.11018236024976623,0.08781277920689896
-0.5784098707088945,-0.09680778851880226,0.07245598508473917
-0.601800199984935,-0.09304090069044058,0.06201726860322131
-0.623,-0.075,0.075
-0.5975664288478668,-0.10899899182985687,0.07362810726040069
-0.5476878961772126,-0.15391994657116828,0.07053438199281498
-0.5145301506304315,-0.19085876727749182,0.07555613093108661
-0.481885326700257,-0.2527652537276542,0.0733740436288955
-0.4447214746247742,-0.2532437514527049,0.07570586309997557
-0.41086215182914954,-0.2674302981699818,0.0700862033093531
-0.3634546578893752,-0.33703409875182017,0.06287788019929157
-0.3327292712313452,-0.3729496186812847,0.08765131472461447
-0.2850044417928905,-0.40814070583986106,0.07801121050455802
-0.252,-0.446,0.075
-0.2477869021016333,-0.4516683501532906,0.07494578514476559
-0.2399509424288006,-0.4597058690278643,0.09673873365133887
-0.2315298960946658,-0.4829579967622138,0.0705657120899529
-0.2240982721786172,-0.49807749872153184,0.07386404389241241
-0.22140905166796138,-0.5023743689311939,0.09043703143832135
-0.2004819111671388,-0.5273160317518104,0.05615647584007722
-0.186963599626804,-0.531096429756482,0.08974765958640657
-0.18521683593771757,-0.5525201735410599,0.08183588501483904
-0.1609785223679228,-0.5701341410118157,0.07093922404456848
-0.176,-0.585,0.075
-0.20113950767601296,-0.5261565304246041,0.08999648671269785
-0.2516887140730266,-0.5195145756611563,0.05747600009721753
-0.270390108940876,-0.48049134167407354,0.07929792368489179
-0.3238445509788835,-0.4540282259560517,0.07286173570807235
-0.35125495359219955,-0.415648621890646,0.06908384674370692
-0.3915018344084794,-0.3876935502902637,0.08298855851504641
-0.41943282126223924,-0.33734455310254746,0.08300385117127453
-0.4578986692708818,-0.30708022871636426,0.07549650596389666
-0.4975280928639884,-0.2580655053060929,0.08171391235560786
-0.53,-0.232,0.075
-0.5167627410883033,-0.23702617486648664,0.0764073995591499
-0.5297479142365233,-0.252041833066095,0.08481815420887776
-0.5180997768394463,-0.2588987199466841,0.08611257960434017
-0.5240103871511673,-0.2635258705643329,0.0741029712228331
-0.5109489593534535,-0.28870923500897305,0.07407879890348629
-0.5368399031478356,-0.28690590755353007,0.07029265007153912
-0.5060198127613866,-0.2806493604894136,0.08785520445412832
-0.5005129053184482,-0.30653484374096496,0.07904150335080308
-0.5018221591772817,-0.33835753576346395,0.05370356427657645
-0.501,-0.324,0.075
-0.45485925040789355,-0.3552358881599036,0.08280212473429538
-0.4293311699763912,-0.4007899731653642,0.05902218125963812
-0.41162180953448224,-0.4291384211335115,0.07173415626936815
-0.3626457640005304,-0.4445968921791308,0.06972616115410976
-0.3590238140817749,-0.4939340517966274,0.08787505926646053
-0.3215184091977757,-0.5139606633676846,0.07759604740427847
-0.293322262186465,-0.5530210768419227,0.06737784153982737
-0.25357815130033895,-0.6183236283476949,0.06900361057135815
-0.2173855678416578,-0.6309077156330599,0.05286961270916661
-0.194,-0.669,0.075
-0.220962522740703,-0.6398679749895747,0.0655109117496433
-0.2725938977720321,-0.6127262095185595,0.08826263838909895
-0.30022945005627844,-0.5629041090219626,0.05566263725456648
-0.3350926803104087,-0.518045952707483,0.07401540110258908
-0.3732181732285848,-0.5090876071701708,0.08812941831589283
-0.40824542987203966,-0.4610389891724213,0.07756214189784584
-0.447043282475189,-0.4279701203576865,0.07014126877452151
-0.48034527585262987,-0.40331670288640387,0.058136856913486766
-0.5256237619776138,-0.365973857584573,0.07233516965740902
-0.553,-0.336,0.075
-0.5448141289762132,-0.36349773958258924,0.09104524870850622
-0.5373684461614419,-0.35001574026106175,0.07496901156300442
-0.5356584304952137,-0.3864732137260276,0.06942474725349619
-0.5360418637742256,-0.39282960096529645,0.06432624151169881
-0.5301621842289631,-0.41519199930197687,0.06157998623018264
-0.5124352993438052,-0.41070243439368537,0.07877112047609364
-0.5108565755690454,-0.4493186899080038,0.07919339906916951
-0.497145040673978,-0.4398477179283524,0.07803337158661647
-0.48049680531299055,-0.4516673128284054,0.09142735331252556
-0.478,-0.475,0.075
-0.4759497736838893,-0.5045969170170089,0.06797946895475478
-0.47224301290125004,-0.476726047828307,0.09423112370157893
-0.469503243386998,-0.5153986186623022,0.07868726078464079
-0.4633673323444037,-0.5010044622072837,0.08278913870965258
-0.465366048574836,-0.5014165589514868,0.073071930226523
-0.4702156720138623,-0.5030352514164835,0.05923270855005097
-0.4689891061927271,-0.5312386056771735,0.07270322103454147
-0.4575165014792265,-0.5290511643102436,0.0964201222707099
-0.46990091730484124,-0.543439626266289,0.08153920350724335
-0.46,-0.556,0.075
-0.4540876517493705,-0.54460873152171,0.06508733505861379
-0.47906343367518706,-0.530692272593941,0.09019403902713963
-0.4878104870688234,-0.5499471244145379,0.08745237920439086
-0.522826168335031,-0.5396479067197033,0.06682768785802998
-0.5068910989732583,-0.5309900026025937,0.07093385725844707
-0.5242938806625818,-0.5245959095852105,0.07244756702389601
-0.5487958295843488,-0.5254761373221318,0.06615500917446082
-0.5288046751899538,-0.5174923284490068,0.0705002481698152
-0.5529026199021617,-0.5133990114918977,0.0632267223935793
-0.571,-0.509,0.075
-0.5843583792639986,-0.5019008200806911,0.0742053467620349
-0.5984601574883148,-0.5044935629935834,0.0795639122614003
-0.5916381112681536,-0.5005620990016961,0.06631911581792152
-0.6163726017698936,-0.5002618576892117,0.07323421501659744
-0.6068000312542808,-0.5119798628106372,0.06914444245991655
-0.6264827761612868,-0.5062506842131402,0.08025232814700492
-0.6131192871493737,-0.5005785740100832,0.08806502956687162
-0.6281366421586893,-0.48416845150798654,0.09079460476458129
-0.6137493404037311,-0.5225533603328533,0.06993261715745504
-0.639,-0.505,0.075
-0.6145093957131654,-0.5189809021836661,0.08050166119422308
-0.6452363780386583,-0.5380218475227115,0.08463904196716557
-0.6427079684371598,-0.5498760357167863,0.08727776737615024
-0.6488384852310527,-0.5651533133840968,0.049019727143941344
-0.6589658171068827,-0.5655034448627919,0.06842761016708611
-0.6669114760098067,-0.5858708597475131,0.08091131595379696
-0.6601022406172747,-0.6085704847547243,0.0851729569307784
-0.6600829156751876,-0.6209735199642298,0.05293194885531528
-0.6733915360221701,-0.6483127265476311,0.05819993830020795
-0.669,-0.65,0.075
-0.6503227658096904,-0.6422247238318399,0.0485809531256504
-0.6631117680903423,-0.6622373104094311,0.07700306587112485
-0.6725308803608866,-0.6512335797838055,0.09833926835898592
-0.6734121079735887,-0.6382470101317628,0.07747182077209769
-0.6644259717359713,-0.6478881663930268,0.07387655092372086
-0.6590896547156566,-0.6554477105484827,0.09472468591572329
-0.6694229092172636,-0.6603391357627498,0.10007322958324266
-0.662174014432245,-0.655956333616152,0.08708967373638023
-0.6710768948397037,-0.664349680114592,0.08430563195705092
-0.665,-0.669,0.09
-0.6562959066992186,-0.6610240367521011,0.07873279774149736
-0.6718978537102156,-0.6636945274218183,0.09683050887863197
-0.6844332245641445,-0.6936778402230576,0.10338130036842336
-0.6584340338517419,-0.6372341110591417,0.08823775337340206
-0.6472755462901315,-0.6664466552731977,0.07779656428646767
-0.662193565035567,-0.6567050625270842,0.09652341996457883
-0.6831236797066085,-0.6736755007492988,0.09676271254396701
-0.6427511224836069,-0.6687072025051484,0.09238286813704642
-0.6808620250429331,-0.6583216474981157,0.07889888927579244
-0.665,-0.669,0.09
-0.6682250703022093,-0.6161442171282174,0.1051474451571619
-0.6726457631299151,-0.5618776346193229,0.08505607877306814
-0.6631059774173933,-0.5150552606746205,0.08693753955213948
-0.6666404051987053,-0.47972196142832463,0.09676300542527361
-0.6760544446688204,-0.41054954814347033,0.10752976008317489
-0.659399642334933,-0.370176947886308,0.10179175214895786
-0.6460850200056254,-0.3286635678109715,0.09262764447454105
-0.6600167313154214,-0.26993406919206936,0.09954058801117424
-0.6726424732415959,-0.21354091506516654,0.10358438048387869
-0.669,-0.165,0.09
-0.6825168589481408,-0.11043764668154471,0.07792136373955419
-0.6608715452088487,-0.05640959229304279,0.09569956658342967
-0.6534618659903197,0.0020908460817246916,0.08301065824203248
-0.6730513623625253,0.04791729320846375,0.10182104431631615
-0.6744064048782599,0.09064860598788282,0.10017680211167966
-0.6762568115876765,0.15586375972223554,0.08345270845196928
-0.6773431700743501,0.21933091918194783,0.08959531799661367
-0.6890646742233094,0.2590805231309756,0.08799566193728144
-0.6735408628699704,0.3173451988900693,0.09585260920547956
-0.669,0.36,0.09
-0.6503268905800665,0.38026522285430336,0.08439639000130147
-0.643336499028872,0.4057336806548365,0.08811695069523383
-0.616203861258754,0.44492535121533294,0.09820848441381047
-0.5910456995529679,0.48244825617135484,0.09231776173368605
-0.571766769129944,0.5045542886882675,0.09930785500531493
-0.559521845107617,0.5307027678190553,0.07018302140300964
-0.5235791386090352,0.5771066195577241,0.09336726822197985
-0.5173890118046056,0.6084541741421884,0.09528577260526387
-0.49204535677661315,0.6606890437601326,0.07571177682281488
-0.484,0.669,0.09
-0.4323397601694004,0.6835247010941669,0.0831449991584556
-0.37601040784508016,0.6713920813046788,0.08777435682173364
-0.3318597776038727,0.6808737278389823,0.0916871673640288
-0.28003246242292446,0.6649907197307267,0.08066027808554288
-0.22223074897955358,0.6776783427488257,0.09005863456401238
-0.1796905882314739,0.6677957279571708,0.08842450852847783
-0.11919757578741148,0.6574402611742161,0.08182540149405639
-0.0853472400687678,0.6591132310916403,0.0782807037935298
-0.02671833666374318,0.6644575935118284,0.09302795006862465
0.016,0.669,0.09
0.08447939179881712,0.6873268812312061,0.09838418465126282
0.10150230451602646,0.6899262553345371,0.10111146871525377
0.16047953859075698,0.6485047866173691,0.08302974620436891
0.20794198272588513,0.665306777452887,0.08988040138181196
0.28109508667253597,0.6575682139772242,0.10118867081803541
0.3108859230646033,0.6795499205201356,0.07086020622388092
0.3673920856587984,0.664636181755092,0.08111744858073204
0.4010442136894939,0.6577915111381878,0.07895635028206141
0.4471842689082051,0.6725103555608057,0.09833807662206012
0.516,0.669,0.09
0.5053863307341047,0.6205249935514213,0.0935478572762543
0.5586055576761642,0.6031729141816774,0.09939640797079322
0.551560617863527,0.5624276190004889,0.09926037503760946
0.5841172663448256,0.5376570320195255,0.09364054194791746
0.5999515239332911,0.500272065776077,0.08678847033865143
0.616877406606624,0.45624916390616327,0.08623390235344947
0.6246606154448469,0.436021680642437,0.0958922119960083
0.6162550802271313,0.38653311140050656,0.07069203621787912
0.6474919433037949,0.3731755613022971,0.08762359859083026
0.669,0.328,0.09
0.6865199563851312,0.27432261899229543,0.09388195672573421
0.6634582942506059,0.23437800073636528,0.09547488672710659
0.6733696386055846,0.14574570267680662,0.0962896903398084
0.6519399216115597,0.1132959780765609,0.08625867634283242
0.6712150722541717,0.06109096477559098,0.08384169093384372
0.6751851375646194,0.008128923126967079,0.09715803822640627
0.6715781123533214,-0.047659436213716974,0.08463843757995508
0.667650882196779,-0.10888004269576879,0.08355869149955625
0.6597184988024111,-0.13849977752752402,0.09683760542582415
0.669,-0.197,0.09
0.6632494823559952,-0.2358531424993376,0.09580957941187876
0.6911311268719328,-0.29401614718224045,0.09150104302857363
0.6784296759494496,-0.3425973433776321,0.10247098156489592
0.6643111846923164,-0.3841848062647878,0.07881251606135017
0.6541542976712449,-0.4457690159561485,0.09267793533762643
0.6499852122276114,-0.4877993429711987,0.09412897208057251
0.6473572643439696,-0.5166648102625258,0.10617298977016154
0.6540938476170496,-0.567934136440778,0.08852558892852216
0.6344821717392475,-0.6282654355853463,0.0801412582828795
0.646,-0.669,0.09
0.6011940263110344,-0.6715895340271755,0.08328582409770793
0.5470175141407547,-0.6751737956846816,0.08084884455809295
0.49522481709239,-0.6588102218342758,0.10654648798289956
0.44519952914741645,-0.6440870853011468,0.11754742456069095
0.38549780038118947,-0.6506912677615677,0.0980124447999409
0.345774879469724,-0.656027338096371,0.07295962475866216
0.3094410699593623,-0.666527432283375,0.09423991215560076
0.260165460406887,-0.6892193605418826,0.08042906839830467
0.17825004297212826,-0.6651659028252029,0.09627005180180202
0.146,-0.669,0.09
0.09150392299490726,-0.6800352869129366,0.09719449051292835
0.0633544288566691,-0.6550544357705423,0.1078119064699027
0.003640189406663251,-0.6753851875842224,0.0820931987695249
-0.06651550164968521,-0.6704292658603851,0.09764339919770036
-0.11419802579580966,-0.676737161937056,0.10846697196979194
-0.1557287519501633,-0.6894893731791621,0.08608610395159569
-0.2006325955733937,-0.6574268555994046,0.08252054165140212
-0.25067278711792146,-0.6632725890037457,0.11681298004187513
-0.30925485529676305,-0.6572372050698712,0.09045161401182814
-0.354,-0.669,0.09
-0.38292163784547545,-0.6473949685292777,0.08188126202227233
-0.41247240944990005,-0.6336739994073345,0.09006609036318969
-0.45897251713888854,-0.6317045926448364,0.09248687682688841
-0.4596152257737582,-0.6232362090856886,0.09166610643616689
-0.51123750569169,-0.5969490974493296,0.08885879941834639
-0.520265459466213,-0.5985346917400383,0.09235677385918611
-0.5701312687412791,-0.5768763998955774,0.08933105238420383
-0.5745065355926725,-0.5691899984292214,0.09825393967647877
-0.6029182188218711,-0.5639837008168004,0.07598661969799085
-0.636,-0.544,0.09
-0.6253238362847761,-0.47985779657693317,0.08192580227321952
-0.6444755005030993,-0.43487452066662124,0.07842147601380613
-0.6432674915227454,-0.3785458826535278,0.09222256240755905
-0.6530766554844365,-0.33796350562676136,0.08228444977121487
-0.6264299117431539,-0.2826079612546288,0.10024718126656648
-0.6382956063637328,-0.22652191412282838,0.07409290922520323
-0.6451404262702143,-0.16497699205528268,0.07977337702858237
-0.6413655366028764,-0.1330283978057813,0.10057292592005777
-0.6112540137363384,-0.07015986058272965,0.07838584732682669
-0.636,-0.019,0.09
-0.649200334338472,0.026688626060057632,0.09513100755093049
-0.6393003895480395,0.08228102174454409,0.09119654415989767
-0.6438252291324756,0.13341961438099612,0.09844066416218372
-0.6191365098960037,0.17927457730618146,0.0814169590849711
-0.6357618473708686,0.23637890949219073,0.0896012058598942
-0.6534618040807293,0.27489404225641134,0.10052939385548205
-0.6287949201329363,0.3291595351797956,0.08105162748055454
-0.6323401439794879,0.37720923200313533,0.08002216698897835
-0.6436952921089605,0.43788754269376523,0.07875222262444535
-0.636,0.481,0.09
-0.6185359186966156,0.47667887181618473,0.08191391229190224
-0.6046690350824954,0.46426653551942704,0.08353593250318804
-0.6208240202831565,0.4557437656316761,0.10926282004904037
-0.6003353760845421,0.46227008340771186,0.1012361597416706
-0.5894641747043823,0.44794426133462345,0.09411410261855817
-0.6143158769367475,0.42440291333142177,0.07891229750219608
-0.6044387603783352,0.43530292622683314,0.07835421786213326
-0.6061562729374803,0.42817908755217654,0.07535808292816926
-0.6025941635621048,0.4110345445828365,0.08019204307195944
-0.591,0.41,0.09
-0.5879786183431067,0.35199419958899036,0.09435547284368583
-0.5895611225123709,0.30309792534389784,0.0885916190726625
-0.583554471574953,0.2567012321392933,0.08236609461950144
-0.5972726466741863,0.2176837575440266,0.09927454995223216
-0.5993464195076175,0.16323151550830123,0.08098363990892109
-0.6030880379914831,0.10611689662434429,0.09462406655295479
-0.5920923924996867,0.04878672589614278,0.08726512103025832
-0.5840769091312186,0.012989632173481834,0.0894554750956146
-0.5890079870373395,-0.041993427164817035,0.09105163004815396
-0.591,-0.09,0.09
-0.576113691377152,-0.13835152051102806,0.08869854709652127
-0.5924580215965931,-0.19718534130271165,0.09645417574020904
-0.598856012956087,-0.25895986604670124,0.08363621984392834
-0.5783433464734887,-0.30442244829179743,0.09797440742711509
-0.6016806647725812,-0.3395016138042492,0.0946445377951184
-0.5933624719628215,-0.4117867738558637,0.09702202923354072
-0.5796249776719825,-0.47729939869231275,0.07398437156496575
-0.5852905394006642,-0.5070044471670676,0.10051431135382981
-0.5756102316584837,-0.5512472638301473,0.09652900004460062
-0.591,-0.615,0.09
-0.5713508758570708,-0.5770310505227418,0.08624997753797464
-0.5729995288772957,-0.5493160865021737,0.09418055373845971
-0.5770872699570991,-0.5172622603086707,0.06546082854520095
-0.587947406757032,-0.4817727659954472,0.09401825604799544
-0.5551198521394122,-0.44901091478959854,0.10310261699446091
-0.5552572431721546,-0.4093220776783696,0.0928642258382221
-0.559748630851749,-0.3742028132973887,0.08182173211213525
-0.5649832226931323,-0.33380962817242404,0.08831240811275606
-0.54868160041467,-0.3175186812079014,0.08524631194548175
-0.546,-0.276,0.09
-0.5444802700336991,-0.21700318901071805,0.1030310614176701
-0.5368862151112456,-0.17232771268803232,0.10312216580584074
-0.5543856662835633,-0.13538235707435758,0.08831552769649442
-0.5504866029725776,-0.08399858925760767,0.1040963408179715
-0.5436675191104202,-0.029864619002820076,0.09560683299496592
-0.5478866320303242,0.013438720753042978,0.08737595666104617
-0.5413741566114041,0.05653421311402109,0.0913101620024075
-0.5421616472073334,0.12670844784164847,0.08602146626163884
-0.5536782800498635,0.18037949217739635,0.09548556471008593
-0.546,0.224,0.09
-0.5352313811437762,0.28400285638897316,0.09010092564854325
-0.5154903573103389,0.3291527810231721,0.09948057210686574
-0.5317380336304003,0.3661056370289685,0.0778579236220729
-0.5343844910361076,0.38535164547420686,0.09739784805460518
-0.5152766734527199,0.4495864915982023,0.09093534244045476
-0.5318578786838978,0.48312450722164746,0.08732059971078093
-0.5099311378568981,0.5291793472535262,0.0973903060538058
-0.5156948241947611,0.5862632908218671,0.0893571572756068
-0.5098184415210205,0.6122764963112416,0.08734690439482207
-0.501,0.667,0.09
-0.4983157540887858,0.6064480374383998,0.08958333329717674
-0.4969470713128005,0.5573587089589287,0.09556865461234819
-0.5073647467692155,0.4994086135811209,0.10723412387467612
-0.528969984858217,0.43454714042615544,0.09651953820862032
-0.5017996992382454,0.3993224550955722,0.05660915989508115
-0.5160550157359675,0.36008844694929776,0.08907864469675551
-0.4926156003441846,0.2942365201170571,0.09487032466184156
-0.4950741283692215,0.25731444047399077,0.09423068102043664
-0.502584388928758,0.17814555463048753,0.072603975447675
-0.501,0.142,0.09
-0.49866921870291847,0.08292380767794445,0.0912262944440759
-0.4841460758103248,0.055693301877409736,0.09374209689475631
-0.49348378497250034,0.006588266312129885,0.05594690159061538
-0.5080074766198552,-0.06265617178393162,0.09303136176546878
-0.48935322686171495,-0.10065812903784593,0.10161600773309445
-0.4870332247852164,-0.14653797330260768,0.08942036154121663
-0.49599366831519687,-0.18763013380496188,0.09600134812327174
-0.5142238144047546,-0.23577294745117752,0.09714849444585999
-0.5160393488704913,-0.2887579408336052,0.10003641774507553
-0.501,-0.333,0.09
-0.48397078642601754,-0.36180167414831127,0.09595884317643723
-0.5133881145177186,-0.3724629356015364,0.09013996747181743
-0.4893079133505481,-0.3768943127137816,0.08061623572859435
-0.4728481764754174,-0.41553519278204787,0.07531693244448083
-0.46738094061335866,-0.443893730969303,0.08818085480413035
-0.4630276516038684,-0.44533003546382366,0.08950271035598037
-0.47868500957111193,-0.4626488957743007,0.10248698533109088
-0.47135096363735496,-0.48915645159962406,0.08427723694976061
-0.44887424857784536,-0.5188718964692217,0.08629331685453624
-0.456,-0.533,0.09
-0.45963081711651715,-0.4941212289490536,0.09760519653625602
-0.4390864975103573,-0.4532475722588099,0.09360660911528675
-0.45025505369398033,-0.3997412987713593,0.08426933139716136
-0.44916260963817617,-0.3248598563433634,0.09261272930362036
-0.4597534924050793,-0.27474545646149745,0.09359258776111481
-0.4509024105659235,-0.22009648297405943,0.09634753630171101
-0.4490493288076098,-0.19154836167140354,0.09589005030650281
-0.45047907979443563,-0.1302574727714581,0.10226517868935785
-0.47297957875186747,-0.08873967176004502,0.092454620544631
-0.456,-0.033,0.09
-0.4652209246029814,0.012746610472673782,0.085128099421341
-0.4469911598537363,0.07938123932569661,0.09281069299511638
-0.4634708038114992,0.1247011708246263,0.10642217376896121
-0.46602787641858034,0.18111001830063575,0.0787289728122719
-0.46157793895196514,0.21099441668686467,0.10196268895893744
-0.4597959088020322,0.2674000727961813,0.07085983041184132
-0.4682232224178658,0.3240138932679056,0.0853129585434471
-0.46004975684484206,0.36575392689546066,0.08298669936945742
-0.4659084540740217,0.41815027123710624,0.09173787820899901
-0.456,0.467,0.09
-0.45410909936250965,0.4707287908535418,0.08416984073077187
-0.43600398535369034,0.459601002979595,0.09457487454759424
-0.43881267417569,0.45959909120267384,0.09566839867649413
-0.42573456264655607,0.4235279011639913,0.08759870941008023
-0.42841030664526636,0.4374998896046925,0.09828929252136506
-0.43089405270464537,0.42191163778282387,0.09192260432725184
-0.4411015866057232,0.4298996157199868,0.06979189562863955
-0.4454866013173911,0.4008220200809374,0.08416721432600759
-0.4091959267997865,0.40196186508365467,0.08826283930259242
-0.411,0.399,0.09
-0.39272173746465205,0.3650845568199429,0.08729936378419102
-0.42977643810025024,0.29293016391002735,0.08179354663726979
-0.4165491364818232,0.24839530553816722,0.10615242757732055
-0.4099432921724993,0.20951024232708879,0.07595565773141096
-0.4222194364458186,0.1351256631089318,0.07643591930999337
-0.41903541729032334,0.08008854306603813,0.09357129289736853
-0.424734277289479,0.05200560786020502,0.0703066229551476
-0.40022200278991144,0.0014310054705394962,0.0862642233563447
-0.3990352406885433,-0.047115692293563625,0.09788607165706512
-0.411,-0.101,0.09
-0.3974948942187191,-0.1621005425401385,0.07936740800143555
-0.4030697060379529,-0.19189273852950514,0.06548235155510063
-0.4129513054278147,-0.24936478777096083,0.1075941787191234
-0.38916824234512865,-0.31824401097949806,0.05707266939834886
-0.41584120189086543,-0.34154756623150423,0.09220918848322247
-0.4188469525443608,-0.3986537430584906,0.07399154057238094
-0.41536850932967107,-0.4455162802439701,0.07737300127337306
-0.4043312599527197,-0.5004166199997084,0.10518185107716677
-0.4165410958071739,-0.5324093409479241,0.09455777241516841
-0.411,-0.601,0.09
-0.39969836595356034,-0.5738222761489372,0.09360957839023812
-0.4016752247010204,-0.5495027877809378,0.08133655708382297
-0.4284205392499642,-0.507893338369661,0.09201006732833521
-0.3925142135000946,-0.4615995807376792,0.08144931323778049
-0.401898950424019,-0.46086589484312646,0.08699087251520975
-0.3833205843264671,-0.4110141941867651,0.09636571082181478
-0.38256852299639965,-0.38440543134942673,0.07685088338444733
-0.3688066423844318,-0.3459643625333278,0.07955356279319557
-0.3811773902526679,-0.32094661007684805,0.08502645875327097
-0.366,-0.29,0.09
-0.37086763227637537,-0.23803090342917854,0.08575675026482427
-0.39056101549112865,-0.19000015953054394,0.09440095763701764
-0.3780055219981878,-0.13266905130104015,0.07292739537614118
-0.35548471215678845,-0.09402816671894207,0.07543080518700941
-0.3561629932962048,-0.028579954611163895,0.10732436533497856
-0.36099538129865966,0.002985827403612796,0.09057882611048479
-0.36090913586691775,0.05707199983477235,0.08418559226647086
-0.3720465264271405,0.11290599298963262,0.07240074069134926
-0.35071139662806455,0.16442419447223214,0.08183551118154242
-0.366,0.21,0.09
-0.35055502990656673,0.24943957797823074,0.0827097148789312
-0.3670424237279355,0.30681326672408143,0.07773363968736705
-0.34163605764353744,0.33861211538826164,0.09102798247783812
-0.3423882460324806,0.3884980124986049,0.08843049316688092
-0.3396394696368436,0.44247727828547817,0.0940360490362921
-0.34445543034351156,0.4896140605079023,0.10454918179825906
-0.3307074341369149,0.5256953653838055,0.0998845364283383
-0.3327082237364024,0.5685095927087462,0.07684624383371266
-0.3101461846963888,0.605421643834686,0.10020950746888575
-0.321,0.656,0.09
-0.3246223370056258,0.6071659554860631,0.09006443095962327
-0.32071669570271233,0.5562886137723925,0.07951308377168367
-0.32887036649716106,0.5280633561402456,0.08680430622756403
-0.3198654370330466,0.4487598707191456,0.0790129067693853
-0.32703706986792247,0.42561655523875375,0.08410028944161799
-0.3191490963963005,0.3645178301141568,0.09305310633089711
-0.32263115209241416,0.32208674265066867,0.10921092617329303
-0.30596129578410813,0.25362883942029985,0.08032606529571414
-0.31558888826620063,0.22469760853749648,0.09843241387580542
-0.321,0.156,0.09
-0.3273796074522954,0.11236313191722057,0.09039827098516641
-0.3289411392640249,0.0665525104197856,0.09087816513052924
-0.3157364657381538,-0.0018913172542192568,0.07867529606291777
-0.34279840933877415,-0.04011860950792291,0.07726816396275485
-0.3205613517042879,-0.10494669927587308,0.10221750909729115
-0.3352380357972884,-0.14908291825171907,0.0863610331466239
-0.31179855206812734,-0.17733902865574638,0.09615253742615348
-0.32664010636774443,-0.2473305715517275,0.10825490201946125
-0.30973942000674975,-0.28962139206523774,0.08114144425511861
-0.321,-0.344,0.09
-0.3366240798369232,-0.36330990536214075,0.08083142360626701
-0.3199610175191706,-0.3978455920028698,0.10873239846997919
-0.3137312541648839,-0.4026918721704042,0.08135476614251495
-0.31169456041332616,-0.42092419958190974,0.08845242979094005
-0.3035397851795304,-0.44660693102235594,0.09583314538265836
-0.29629724053437556,-0.46053655614970407,0.08314499900582198
-0.2815465032913706,-0.5062243218181035,0.09220570811363658
-0.30705364724356576,-0.5017315218531825,0.10008798207247131
-0.2930912180635256,-0.5219555096887827,0.07074923173892886
-0.276,-0.547,0.09
-0.2779041493616364,-0.48710558608848575,0.0936594605104562
-0.2790676066299669,-0.45689995713579107,0.09455185832348331
-0.2746308430045588,-0.40463919585256264,0.09546859887134618
-0.26584548203316516,-0.3488489465065895,0.09120509365711701
-0.25451639162177003,-0.3149030255636389,0.071486205972812
-0.2725714799067383,-0.2568592362269261,0.09158745620228961
-0.28370513982845785,-0.20547597711230303,0.08771573909175967
-0.2737835587352434,-0.14403427635350788,0.1049317682300479
-0.30116058423498737,-0.09002541719082637,0.06967377585072915
-0.276,-0.047,0.09
-0.27878471739289556,0.01638853974789778,0.0954083018620123
-0.26399810211359304,0.04879338313994483,0.10774947943602595
-0.27596612594548076,0.10160870730834147,0.08799093260009681
-0.2670234196801032,0.17019753558526604,0.08901539090578288
-0.28607190622367734,0.20629979145980712,0.08161185880852198
-0.28213708301541746,0.2610024421170639,0.09632455251883539
-0.25625092739515326,0.3255370106940213,0.07316847355937568
-0.28881844844251386,0.35814037604540677,0.08648006426956113
-0.28440058784959,0.40983926657642245,0.08220019620581394
-0.276,0.478,0.09
-0.26206828610727767,0.47130066364550105,0.0975192973742087
-0.25848356019651664,0.45972041607310093,0.09667877535586723
-0.2608632358719021,0.4724821384894803,0.07143206130155763
-0.23896378161078954,0.453835178635437,0.0929058122594684
-0.2484075650833439,0.46597176048570665,0.08934714651473497
-0.24056108961463465,0.4618300676202306,0.09075356594441811
-0.26143818365945826,0.4370079766251668,0.10267125064357396
-0.2508564188399445,0.45394638941020227,0.09539279783401279
-0.24451151764030554,0.46903794882887523,0.08361400567018006
-0.231,0.438,0.09
-0.22773382836239708,0.3770738062622924,0.10417570137818258
-0.23408719163716962,0.3239373775592131,0.0851914849915152
-0.2427954657851395,0.27837194062992887,0.09236882542327055
-0.2406872844169297,0.23100053130682624,0.09180929409975004
-0.22887015429252067,0.17672064133619106,0.09381985255297613
-0.2216384047183005,0.11925068139203941,0.09280771173176014
-0.2317760740327474,0.06156574937910419,0.08611290978499156
-0.2352753948420329,0.0024597478130725606,0.10607381749262274
-0.22831224852663667,-0.037768027073063606,0.08922551786646403
-0.231,-0.087,0.09
-0.23227132313231202,-0.12889756463973048,0.1050169377641989
-0.235017785617265,-0.1876635152004283,0.08580418961748304
-0.23198929115808808,-0.2421666188343264,0.10470183593685294
-0.22982188678683982,-0.28640101364808623,0.0969113786656389
-0.22971682857625153,-0.3512701393694254,0.0907822357188894
-0.2128872399654114,-0.39599636280783207,0.08295175410261298
-0.22218481718824182,-0.4191315090860981,0.09566116587050778
-0.2154559305232372,-0.4757929486474457,0.09225177210382776
-0.2316896850304638,-0.5439958294580881,0.08866830120234975
-0.231,-0.587,0.09
-0.2245771214830015,-0.5450895004330918,0.07751919807496538
-0.21935425152238894,-0.5257432644471662,0.09565922804933008
-0.22429653890134543,-0.5086430182494021,0.07971242268738973
-0.2393358057210146,-0.4700119245615371,0.09316143523034658
-0.2218849983182538,-0.4256771616718306,0.08255968488540859
-0.20748632827802205,-0.405029876006214,0.09691748261428541
-0.2082990738049672,-0.39090673480404703,0.09103209492351878
-0.20379867727250528,-0.35301021975654906,0.08343368240545007
-0.18847195839121267,-0.33487492059668084,0.09759093914661822
-0.186,-0.304,0.09
-0.18856174332364423,-0.2511566278205505,0.07256083540860177
-0.1814105556481724,-0.20923949494021157,0.1037353080535464
-0.1881968142002703,-0.16908657007033284,0.08405885351665444
-0.18068213173426334,-0.11074354834224566,0.09481581998446685
-0.19234680987983266,-0.054341916787513316,0.08863811772987176
-0.20203115740001953,0.002223840574278899,0.07729296385506851
-0.18908420988777963,0.03667364278208698,0.08996318200465454
-0.19172012386782367,0.1017335151357998,0.09180530260744874
-0.20819867749869264,0.14053696949775696,0.08146561901693224
-0.186,0.196,0.09
-0.19501193762494826,0.2423384015659133,0.09166733188241662
-0.2009929541034667,0.28269652210040486,0.08858709915587536
-0.20104420557951572,0.3285287922583063,0.09335780048825515
-0.15906432841685078,0.3858786665247397,0.08945672489765377
-0.1721092248324086,0.4297611387045178,0.0845742641718863
-0.16071656298159812,0.47835655940197286,0.08719423863839879
-0.15675884954484556,0.5399404029427278,0.09733298183427831
-0.13925384255048456,0.5728217223918313,0.08263454377092044
-0.12790458302099783,0.6147094303295525,0.08966088922844292
-0.141,0.669,0.09
-0.1595391085494219,0.6122394536618928,0.08334854678213681
-0.14225696705399535,0.5863877772712529,0.09505644630643643
-0.1445071269632408,0.5375038371202387,0.07329881395666565
-0.16726927097990762,0.46862648520895145,0.08353783898633078
-0.14510367827934606,0.4210200705363873,0.10606837331526457
-0.13687299303066233,0.36365522849733195,0.07731156988504777
-0.15792753033045265,0.3309833105876657,0.08847138686781658
-0.1466807203749923,0.2842205207279654,0.08573114452861491
-0.15407804885550108,0.220368921102299,0.09319988442663078
-0.141,0.17,0.09
-0.15424837148901605,0.12974936525157804,0.08951774369035377
-0.1403700653785406,0.08128340462542943,0.0844226813991525
-0.1422322958011663,0.039977521677311584,0.09743764218722868
-0.1391016239050593,-0.004287089445264132,0.10378397280884409
-0.13723237985610737,-0.08079085736645954,0.09505640298625542
-0.14380079318050767,-0.13177525508433158,0.09945991607351745
-0.16733529304079303,-0.19017451308307276,0.09717728321933876
-0.14545839351503564,-0.22229068875912317,0.06703898690434035
-0.1590181141370034,-0.28593142145077244,0.10667249759141807
-0.141,-0.33,0.09
-0.13031697695334646,-0.3460698881377989,0.09146815191461181
-0.13872526963243298,-0.3772007488235929,0.08426899761724072
-0.1419436313840329,-0.3961744757529906,0.072761996338266
-0.1415484035115733,-0.428968126047174,0.08812940269401198
-0.11648832046784473,-0.4577318524215206,0.0843104004356871
-0.10076295426590787,-0.4807594079586243,0.09499811430550555
-0.12416686476281404,-0.4873876608413872,0.08045623394478299
-0.09556210902872089,-0.5073425194069419,0.08162858672950489
-0.10144980094968016,-0.5299549261866258,0.08811528884185649
-0.096,-0.561,0.09
-0.09105601025477907,-0.5093193534387358,0.0853798636885364
-0.10090497281716651,-0.45319624544798554,0.08750693693987242
-0.09471884387247183,-0.40952183983468116,0.10394635087594217
-0.07039771925284849,-0.3704575521795946,0.08255616201233282
-0.09394747864234321,-0.30709022710322276,0.11541753511954847
-0.10003552837438832,-0.2277333454011232,0.08404664210560102
-0.09149442984929267,-0.20576128351099848,0.08418052138126436
-0.09361274171322292,-0.13305471972880467,0.09174758924187358
-0.11661002683271988,-0.0897933521773964,0.07806118042844182
-0.096,-0.036,0.09
-0.09929052791468779,-0.00684275992704168,0.09308886255325306
-0.0998814123570823,0.06318722548307316,0.09105826320062073
-0.10717295145960745,0.10433570699790468,0.1037499579377431
-0.09098109399458724,0.1564397064506888,0.10753176817433839
-0.10752627045808122,0.1984621637471199,0.09614855770337459
-0.10427038668086341,0.2767891591640854,0.10832996554646313
-0.08940397445390018,0.33114706828605156,0.09461661567383103
-0.07570022395446695,0.3394813944777246,0.08802063863813975
-0.10121560048728787,0.4157527743736109,0.07532598474866957
-0.096,0.464,0.09
-0.09849596659425736,0.4627546893646369,0.07936159148586577
-0.06624525016228913,0.4589231257741591,0.07878083955458243
-0.09107944514124787,0.43902940855027445,0.10225769052516809
-0.07169254978226815,0.44925846232976235,0.11732029375984263
-0.0609632451307368,0.43489089052699365,0.08012892120983442
-0.07161815782876356,0.4349546866520895,0.09087632460375641
-0.06470116029705024,0.4351501673708576,0.09016503396119462
-0.06962768972456804,0.44244048168330363,0.08726769049988993
-0.05181299252526582,0.4383732540508475,0.08622528586294124
-0.051,0.427,0.09
-0.0540035127278555,0.3857552315530773,0.09048510210987577
-0.03692100090573727,0.33837121954304333,0.09874370602923681
-0.053751103860517374,0.28067278439797266,0.08979448970559796
-0.048436177706579965,0.22509839744708648,0.06433097578431238
-0.055027841946728,0.17393672986071035,0.07814144689889613
-0.05146834422800126,0.12477270204189195,0.0933846926102224
-0.04096099194855199,0.08000644548087084,0.10597338875984123
-0.028742269059763466,0.02806107662566474,0.0858952802417714
-0.05638741124238011,-0.02951344599392332,0.09927526801206003
-0.051,-0.073,0.09
-0.050533668150963024,-0.10029099167762474,0.08047264707032255
-0.062937525528469,-0.1730298926843101,0.09950061804691956
-0.039802820446814144,-0.2167064644433576,0.09128045643316035
-0.06068603725434035,-0.2716208800925779,0.08654292226352853
-0.04696103229937596,-0.336296779406213,0.08967926725130353
-0.04257338073178934,-0.37620547124089154,0.07362697553505076
-0.050692912186793566,-0.4255757387984112,0.10177189932238664
-0.06719481177680248,-0.4798789117373244,0.08787969416547584
-0.04665584082179134,-0.545916575219097,0.08370845162591135
-0.051,-0.598,0.09
-0.03736197501268851,-0.5730107456795408,0.07874933249064955
-0.034627568722887324,-0.5599626451287512,0.08021525273574566
-0.047904177512021175,-0.4806585930838077,0.08610560368838974
-0.035373623726045744,-0.4668780726958894,0.08794057581830848
-0.021006571010401702,-0.4474296115910841,0.09092593432328819
-0.025369745249660847,-0.4406061632996786,0.09348718075490828
-0.018568052773883528,-0.37665190626146705,0.08019943590384722
-0.012727531658393175,-0.35923787767705817,0.09575876965822493
-0.010309766393259147,-0.3253483792662345,0.09785125280292627
-0.006,-0.293,0.09
-0.00024488124118984735,-0.2256407886655825,0.09503084612966713
-0.010171634453568178,-0.18945415316189781,0.07500808950707731
-0.0018167701761163772,-0.1340588422530104,0.09078424574855813
0.0008417408793759849,-0.07651670294196863,0.10570284170778399
-0.006426701377359244,-0.030574560752578157,0.10009634812848572
0.0026261490714846684,0.011943622238619219,0.08096928464739586
-0.00977316014356754,0.047949895697138055,0.08952909477771329
-0.027326946878635183,0.09517994036645497,0.09658121827263225
-0.003987361891282206,0.1511413050994766,0.10278078223748063
-0.006,0.207,0.09
-0.0020891204559508134,0.25720395165437426,0.07816932218231948
-0.009389329016831566,0.30020151392075695,0.08140057164040686
-0.004245731435212277,0.3521168501633795,0.09571304496425347
0.005791721642683826,0.3831010677655151,0.10461493311448755
0.020802145802736066,0.429846323451256,0.08597712939230101
0.020446418769921048,0.487497627326261,0.0804045137353269
0.016585228329249146,0.5539044454588402,0.09196015337489281
0.02247041784924646,0.5863710851814274,0.09201404951194386
0.03191342394923139,0.6278819258348523,0.06837085102181961
0.032,0.669,0.09
0.027450813380939517,0.6348032161960134,0.09989534548406731
0.03984339634883885,0.5721126814112507,0.08662477534696682
0.05346455071829746,0.5159928014647696,0.08200955700435145
0.04355082829904172,0.4627258099490872,0.10180153425790599
0.03682981069511104,0.4265244457670443,0.08970202337873234
0.04406124804431723,0.3571716878441379,0.0814072469635595
0.043471243075457675,0.3295287925281905,0.09047620681413249
0.0464267842621117,0.25658611513297835,0.11766281604548973
0.0017286748996785534,0.21641282655204053,0.10053324452498436
0.039,0.159,0.09
0.04500442329580086,0.11245187584094166,0.07924150174746755
0.02980636418779177,0.048524753553521496,0.08902060381449407
0.03215638704383059,0.0031449351324034586,0.07074722387748411
0.019808784787585753,-0.03795175735503842,0.0793302417265236
0.03120736193695154,-0.10876030588876637,0.06641794755165577
0.05374457326874651,-0.13455503936141094,0.0929321244512882
0.03656563324447013,-0.20092531183021328,0.09297170865869221
0.02925736091805231,-0.2662615216405477,0.1047183500470332
0.0340710950928859,-0.30562517583404664,0.08829093890790006
0.039,-0.341,0.09
0.033852546567270554,-0.35459008608349446,0.07224967683610395
0.03579016786428048,-0.37116286635638995,0.10598202727529994
0.04980469253344402,-0.3921175623537788,0.11160007933485577
0.07320498593945902,-0.42448991340915065,0.09840659491409777
0.048516487385301836,-0.4508460351419245,0.08239371426009219
0.07708860455210782,-0.47317560831050187,0.08328289185294385
0.0767806299233888,-0.4854654442163764,0.09645868704312888
0.055720131784948966,-0.4964991852710102,0.07901387944871464
0.09056130963914105,-0.5322729601411162,0.09334393641366652
0.084,-0.55,0.09
0.09380881338014127,-0.5157890022010608,0.09057861996376264
0.0812050085458091,-0.45337278936804043,0.09930877895649493
0.08027274132626186,-0.412621471106415,0.08540518104725743
0.09463346734506226,-0.35621617961030266,0.09931908683569757
0.07012894962691055,-0.2849172663249616,0.088571064535049
0.09226423725870879,-0.250831438832398,0.08757142150191706
0.06182840572556207,-0.21096680591041647,0.09669439567050479
0.07710675678440133,-0.14863251045300807,0.07903197233189432
0.07774600241626962,-0.09088200767260911,0.10333310713946663
0.084,-0.05,0.09
0.08803858261509512,-0.011207233310976795,0.06798687907853253
0.07012262940453581,0.04715763228644566,0.09740757519646896
0.08102760523813471,0.10913258689502084,0.0949247265903827
0.09643166090913353,0.13845932179516612,0.08585229707497798
0.08599818513081829,0.20791355256761954,0.10169360657669665
0.07977718677344997,0.2443787740311279,0.09833891477692598
0.07055273276731513,0.30228905642142684,0.09264743535968725
0.09366165027534576,0.3371488313642204,0.07452513903582648
0.06968841867568565,0.40247081704747323,0.10130453295756947
0.084,0.45,0.09
0.0880465210674252,0.455169353723115,0.09893016140470157
0.08274506861687608,0.45429041721374064,0.10117359865893748
0.08797138372751047,0.45663738087999384,0.09459013598632102
0.10878944008426143,0.4232931510802339,0.10022419712249137
0.09882204993729661,0.4309715620941386,0.0815794139868269
0.11921765015506816,0.43185357173709715,0.10068847177475604
0.09564419607736258,0.4270087547591695,0.08319275009227793
0.12605601575936773,0.44163862062232123,0.0837671502596412
0.12148286908825039,0.41706617735284024,0.10371524150374646
0.129,0.416,0.09
0.12900950484801596,0.3643298633820163,0.09741947429938609
0.13719192886841083,0.31432781728272474,0.08743265899251842
0.12853403864799956,0.25889305870403256,0.08104666594680805
0.11896821066328557,0.21375807273836914,0.08689965160689551
0.14704155096496074,0.16125625744915326,0.08476236661849904
0.13737634722412925,0.11382787554358692,0.100341442433324
0.11326528469626122,0.07604440165347429,0.10042863760475663
0.12629809389188673,0.025793207536157423,0.09906489961305506
0.1233030952676466,-0.032108522600429394,0.09525198535527878
0.129,-0.084,0.09
0.11508277764063404,-0.1126647233893425,0.09163703181375533
0.1271937502029894,-0.19536672718021414,0.09019661266354503
0.11801717500075361,-0.23026859721159204,0.09736191584785717
0.11201817919872764,-0.2973308022874728,0.09473405831147878
0.1325824327166932,-0.3318191236699876,0.09766512647307446
0.12196027985561927,-0.37651749785819066,0.08369517887709353
0.11130495718035698,-0.4240362187117151,0.10575035086617446
0.12115772890953491,-0.48134790436433256,0.10547013658648507
0.11490301858641397,-0.5341823568096362,0.0972169858968702
0.129,-0.584,0.09
0.12025293868226651,-0.5457861739177698,0.09796994712837216
0.16319886718798673,-0.5434088693910465,0.0893450400452876
0.13776927338348532,-0.5040126059733201,0.07336080606922432
0.15571510370532907,-0.4797121494249997,0.08230596741343768
0.1566929323682129,-0.4289335488745907,0.09644378061298324
0.158346534961604,-0.4045137634298017,0.09342571349998337
0.147221510157585,-0.38563185978943687,0.08916536477864939
0.1639937140709262,-0.3694618075005444,0.09387552447208682
0.15528944976585182,-0.35183537581983104,0.08522089898870211
0.174,-0.307,0.09
0.16833729141135406,-0.24723816424768372,0.09300836128217047
0.15997738503534648,-0.19743758157123809,0.0964082203391467
0.17997028869976425,-0.15579185469354973,0.08587966971926367
0.18432987764752526,-0.07353527628958631,0.10065113664829345
0.1750769171870697,-0.042495762478066995,0.08599386381682642
0.18323774635633766,-0.013154248769008885,0.09850623488012085
0.16563649407534844,0.05515744698438295,0.0906214959471981
0.16587608310291688,0.11524269246099217,0.08962218844143427
0.16779559877231,0.16251717958058864,0.0692906677327439
0.174,0.218,0.09
0.17118028550979858,0.2561776089154328,0.10728480524936702
0.18788688055740413,0.303419754973106,0.08430430053275735
0.1932963160261485,0.3680051224575038,0.09407839045980348
0.19579613211101216,0.3949225015794531,0.0983793058176629
0.2023418154267367,0.4714476463660653,0.08367585669256508
0.18809564828920627,0.47740889706872597,0.09667927599067952
0.2143055785100941,0.5419821182589124,0.09868071971797872
0.2025991690438551,0.589996512111045,0.09626919421723645
0.21135963681634423,0.6104157173713685,0.0873834421851478
0.219,0.669,0.09
0.21786212932072005,0.6270915843619517,0.07587350825298844
0.205626638454962,0.5619424033441385,0.08325253579339759
0.21635631814515732,0.5174971786213333,0.1029894143823153
0.22853683915895673,0.46270830305786775,0.10368333895363331
0.21956553465312764,0.4210814956475547,0.09281663093296218
0.2165947111841889,0.365914051798259,0.08108689683450468
0.2133915754411441,0.32244610720201106,0.09567731326758416
0.22124735534456633,0.25967616741484495,0.08760246304510433
0.2071036295065176,0.2440693994509562,0.08333068522897547
0.219,0.173,0.09
0.2138755180124782,0.11850369756624088,0.09427010428821019
0.219562426508718,0.07127821813183428,0.08953106495252497
0.21739521360611855,0.013569575484667777,0.10486246887429823
0.233018509976067,-0.028917865520309227,0.08904166324218316
0.23087926489933353,-0.08939195821116488,0.09108443950656761
0.20450703751121316,-0.13419970174191623,0.07982136395757901
0.21511202314245206,-0.20186349223117211,0.10170645031598273
0.2221920352202032,-0.24326089881513344,0.09149675196550987
0.2169614062441268,-0.30752697756330405,0.09293692651652702
0.219,-0.352,0.09
0.201588815848323,-0.3671493963298354,0.09282855969218048
0.22313572148508043,-0.3962854399359063,0.09280880043839161
0.23648831797754463,-0.3980067220191288,0.08877250016630489
0.24716489999382396,-0.4188672411041391,0.08974419840179033
0.2352695780542136,-0.4312094820361729,0.0909153138465994
0.25422508698710117,-0.4573063414801657,0.07410744618842934
0.22481497364943992,-0.4729774976128308,0.0823170569809678
0.24674388839936118,-0.4990893141032802,0.08419995883232824
0.2598293098624987,-0.5202283172226212,0.0844887442803268
0.264,-0.539,0.09
0.2736704780735576,-0.4991649119988135,0.09630118948596682
0.26750268324833143,-0.43135629357574806,0.08074556340643656
0.26544972170405345,-0.3907753562259989,0.0878377932154149
0.2868637395903078,-0.34412512012116825,0.08631039717370909
0.2735066096056202,-0.2938419034016588,0.11580842518812642
0.25670065987251683,-0.23884962269587534,0.0837436726399499
0.2553081401828144,-0.2002357363031441,0.08022889074489153
0.2764643859663677,-0.13656756611413506,0.09283222521231123
0.27213057778267463,-0.06956697672048093,0.07720047368159508
0.264,-0.039,0.09
0.2672846632951626,0.011103707917365348,0.10220806732707723
0.27099329445284276,0.06387584154589901,0.10678326564513749
0.24587788713849484,0.1133348881191743,0.0855665606188246
0.26443380555099666,0.16226393588016416,0.09527429904740806
0.2634711272462441,0.20285343280388127,0.08886194466188264
0.26810775470419657,0.25892556752897217,0.0875437762042347
0.26001986704443386,0.2988177379256752,0.09112443181999245
0.26952395790431516,0.3754105333822862,0.07571968516537624
0.25953262329245663,0.40756807460288175,0.09888397847400425
0.264,0.461,0.09
0.26398027248998823,0.4507416773055731,0.10673570308411678
0.27832090607657123,0.4389902069225559,0.11173253995605897
0.2813568107033592,0.4648905271306362,0.08532402021583159
0.2778715189862841,0.43463976438671864,0.10178739370908663
0.2682577072412119,0.42611636464691516,0.08556589563364299
0.2786593188832352,0.4403440768551074,0.09852530108911432
0.2851192492679041,0.404754064046961,0.09732479762917291
0.3043061948492416,0.41273272813743656,0.08137508320779194
0.31107950911872206,0.3840305564738686,0.0808740943177727
0.309,0.405,0.09
0.2983985102564535,0.3696643961935309,0.10056062300376885
0.2990254794246181,0.2901421994489675,0.10111783537470026
0.30862666761890134,0.24750035042123103,0.09033679942799346
0.311017496131702,0.19721064518666,0.09255487446657368
0.32929223682601244,0.15005341994498148,0.09226063023493261
0.3120324018733342,0.11575194105543446,0.09968774381982681
0.2959124599482873,0.05592756141099311,0.09520008398753052
0.31002718811976665,0.005599620727043793,0.11050781842223158
0.30153685592858925,-0.056414722849292866,0.08376898322699841
0.309,-0.095,0.09
0.3127804127624849,-0.14423365678255584,0.09580493935739096
0.2928692332596595,-0.18607459864762257,0.10427997725727908
0.3071735806639896,-0.25871156785036786,0.09116427154538284
0.30986013641845556,-0.27655169040282096,0.08233116321462473
0.31972894784443995,-0.35017278810440117,0.0879309882029628
0.29947352727298426,-0.41139664837788426,0.08640291090685652
0.31487315763623264,-0.44690401498941407,0.09428531952095894
0.3016069822396647,-0.49398124872206667,0.10994096696794325
0.30518642379497357,-0.5492599805398507,0.07811288047081077
0.309,-0.595,0.09
0.3152376071298079,-0.563351447488681,0.09661948934417439
0.3210745131545144,-0.5457070005245952,0.06976737276231734
0.30722562261830155,-0.5288074138086573,0.08370071883801555
0.3254475946805068,-0.48343230501857787,0.08432263341600194
0.3514804883913347,-0.44849180828016777,0.1022846715447964
0.3458999262898675,-0.4122548518228223,0.09791072963848647
0.3453282153579426,-0.3777919692279221,0.09290436910297524
0.3442985023575515,-0.35794741748738007,0.08781106478217111
0.35752435478561406,-0.33094295064127655,0.07758434305663492
0.354,-0.296,0.09
0.34924656651114244,-0.2489979961576091,0.09544420999311024
0.359308880076463,-0.19512077277575418,0.10480418323588558
0.3527379013543226,-0.131286328254793,0.09476640227371977
0.3443861120031883,-0.09272337566559954,0.09449755972963209
0.36366605534632607,-0.04253787073625965,0.09839742104999588
0.3360251713476378,0.006941978254173909,0.08651505955726911
0.3434092038354264,0.06734999901782296,0.09372030231888104
0.3607495922388931,0.10772918462228935,0.09762768602568368
0.3485677773370241,0.15970858747666827,0.08501741940526882
0.354,0.204,0.09
0.3512639833938191,0.23457718207859987,0.08484152780094435
0.3633828550458504,0.32123539687097563,0.09372973198784548
0.35701819170531435,0.3484585737657473,0.08337993016343526
0.366904031998212,0.38630232343050946,0.09364353508925885
0.3746903261830147,0.4199389997247337,0.09735089414390218
0.3724112867058462,0.4872656214200821,0.08986460416974268
0.3913321545360696,0.5342152870014557,0.08890883986162083
0.3945481092717725,0.5376897135634511,0.0842630720629229
0.3935620524511534,0.6178492792406551,0.07745312925980609
0.399,0.662,0.09
0.3955017689776602,0.6054772532872658,0.08785545268791112
0.37672714997453494,0.5814614026985587,0.07513744338346234
0.3798431643848359,0.5131766341912619,0.08968187169803418
0.39306732085746376,0.47317263010843524,0.11399778773225641
0.38877262516281763,0.4126999283832998,0.07943182518178596
0.39845644278741515,0.36789051079735463,0.08820488105727639
0.4078720994882044,0.32290264687993764,0.09032936010057208
0.3960605802089341,0.2732280876207143,0.09481830666466522
0.42694294966173574,0.22049063544186376,0.10207551014437322
0.399,0.162,0.09
0.3898658720857679,0.10294267874652922,0.07621144525324021
0.38689459074417015,0.06523123578356717,0.11426882108920416
0.39731222220558254,0.035294559451640506,0.09567055110423994
0.40404820064201624,-0.05636670168453484,0.09280916919217072
0.39379029525555825,-0.060922950907313346,0.10983522973950305
0.3847991142430719,-0.15300115175202814,0.08196348977005924
0.3991128905437004,-0.18009790011706384,0.09793214996491025
0.3915322696415578,-0.2320657079843841,0.10175422354421
0.39827928483433617,-0.2955229242821591,0.0902130356503676
0.399,-0.338,0.09
0.4122614106889398,-0.36473684746673735,0.08157487746622454
0.40516878730509337,-0.3843090597665275,0.09817922773826214
0.4172989929310756,-0.4223679487810372,0.09108877406501976
0.41684218753414304,-0.41754525041344553,0.08544511347793915
0.41387797354021827,-0.4461154187006471,0.08144040438157367
0.43171188258432586,-0.4918726399220761,0.07689908886203622
0.41412478944862957,-0.4853468238547639,0.11578726682501475
0.4260367684563564,-0.5237667256036735,0.09097836692311045
0.4346836268922835,-0.543393357002611,0.09628629632584706
0.444,-0.553,0.09
0.43125916235139006,-0.5143317159100518,0.09391780678782306
0.4458476048317379,-0.45018287575444216,0.09145225531978866
0.42479238671985436,-0.40007301601132933,0.10112866523376302
0.42480609126987323,-0.34741209072584484,0.10715052522628946
0.4489826620423199,-0.3309522532672069,0.0676505097662446
0.4531131799617491,-0.2405615349587799,0.09772163096562873
0.4372820984640531,-0.2083173631961283,0.09298259710136786
0.45311310122279247,-0.1554194238423407,0.07882930893840416
0.4292445468916248,-0.10593012251279904,0.09480818408335745
0.444,-0.053,0.09
0.4448538888593845,0.003609142131761691,0.09372850546413085
0.4409309593606888,0.05683441035841738,0.07524484659628405
0.4384920403063268,0.0976671864233487,0.07060639905845821
0.4526529234987599,0.18496024355329022,0.09651889551569914
0.4655707312442988,0.21691802375302582,0.10103921962042511
0.43896536813268366,0.25797152970855075,0.07656847461020257
0.4360388915747315,0.3149531824820113,0.10477059110487946
0.4386362432629469,0.35786173604259747,0.08779868032636849
0.45232239328030327,0.42125526920436757,0.08407915170239205
0.444,0.472,0.09
0.4497380471845883,0.4764401616635512,0.09124454461276049
0.45486833114124764,0.45499783987313597,0.08586950758974601
0.4569686933186886,0.47028335205318694,0.09701647330226332
0.44867020155162085,0.45127106000269257,0.08504813127567538
0.4635423994510243,0.42725892199831655,0.09586207820605516
0.47778118848494017,0.4410164040594861,0.06713457525363026
0.4668702442260355,0.44800342414547467,0.10495850086697237
0.4812815180458458,0.43916154931966656,0.09644763990741459
0.5035432314779529,0.4293485926024382,0.0873529817094943
0.489,0.419,0.09
0.48491616935884985,0.38194831669788565,0.11225077056485247
0.4802941111146891,0.31014148584161727,0.08453029038305537
0.498626761102438,0.27814548331561056,0.08839477277939983
0.5004895337871548,0.19897901658503686,0.1022291221858838
0.5038027209160054,0.17289399369150305,0.09779213782795183
0.4968223344617332,0.11430812960351155,0.0795485235964668
0.5040751887282184,0.07171923239902604,0.07964049141899875
0.5080466506010141,-0.0014591160717695555,0.09116975550938723
0.4825915057763977,-0.03270870628659519,0.09426735361194656
0.489,-0.081,0.09
0.49691473938827396,-0.1320230457143489,0.10425958836800697
0.4962418174195223,-0.17682605201086232,0.08969624764349862
0.47913189453923277,-0.22787701696731627,0.09334031212802216
0.4971243306720359,-0.27706542927911837,0.09854893937851458
0.4916872713454214,-0.34458330208777666,0.10536145430493765
0.4555371991523075,-0.3847561042537937,0.1041331832299846
0.5001171496460177,-0.4399281583248284,0.09159360995679583
0.4936205285944714,-0.4731728863264557,0.08558958082659901
0.48820003580478255,-0.5377541931761628,0.09161392637712489
0.489,-0.581,0.09
0.5077869388364804,-0.5529213568196989,0.07540129100441531
0.4934517041289725,-0.5240935688786715,0.09238000212746585
0.4862431686330673,-0.4835346869535396,0.08642368672236679
0.5054130151787243,-0.4674458098450935,0.09121177926462637
0.49887930854453416,-0.4403433205239712,0.08502695425393315
0.5224379776127628,-0.40096696771216656,0.0866704303744645
0.5254291321472014,-0.3724718978467689,0.10868271941758796
0.520160309625484,-0.33275077266458214,0.09153014912091728
0.5335314070272467,-0.32047752554715525,0.08516400214003045
0.534,-0.285,0.09
0.5346816266231371,-0.2251128856407335,0.08197628171797229
0.5273888340272476,-0.17913947396955843,0.09377213793154295
0.5432045212940625,-0.14190494689189995,0.0988880233289841
0.5412775686258985,-0.08180449023684408,0.07860166159742082
0.5422770273902588,-0.022174187500181228,0.0862627927281899
0.5331022459858072,0.03518185174026524,0.07280061889834999
0.5216369062786496,0.08625360013347673,0.1041020269417478
0.527897879075522,0.10875235925963492,0.11007996637760284
0.5303022413222587,0.16202614735115178,0.08941480571551699
0.534,0.215,0.09
0.5517291979110172,0.25788966692087695,0.09100808268620234
0.5558901317500491,0.3020954791435195,0.09380656761467912
0.5335684757331981,0.34171125794834495,0.0920595023957865
0.5540389862004343,0.4026061017229918,0.08836266123992001
0.5353634787799061,0.45363467878779495,0.08736961017402105
0.555783430046242,0.4774659757690015,0.08706694041145258
0.5418385669934362,0.5342420975602566,0.08177669113734949
0.5375154223673337,0.5789282350593423,0.11274342498231582
0.5382580340478623,0.6168414120380847,0.0822761131142393
0.55,0.669,0.09
0.545234997813607,0.6218417912550314,0.09403419613205861
0.5556534768954065,0.5890711496255502,0.0902328695047913
0.5590448374841874,0.49511196011281217,0.08733229530018162
0.5719595469362376,0.4646884547388047,0.08076306765845655
0.5801644232174985,0.42774505404578245,0.08184329021558394
0.5733432417561861,0.3658028839289088,0.08378468409345455
0.5848368924569233,0.3251296571012281,0.0769052436705585
0.5668358014519483,0.2741346312481208,0.08881162949076993
0.5741975788073577,0.23909179674962927,0.0947750153822248
0.579,0.176,0.09
0.5828892292520484,0.10013864908522241,0.09813887173666083
0.5812889373700855,0.057605816655643044,0.10168528934768012
0.5875327759094092,0.019363933120290697,0.0913264961258699
0.5638512042280936,-0.0383082140613492,0.0809700561591716
0.5870391881248821,-0.07743158718115727,0.09609271098198734
0.5831359938693881,-0.1472128158620423,0.08488678317070344
0.5739837603271546,-0.19312083705917749,0.08346052406971319
0.5810580163251643,-0.24749224512395385,0.11030463446383884
0.5856860059276654,-0.29048470922128045,0.07294433822846143
0.579,-0.349,0.09
0.5905412810147753,-0.3735611861427583,0.09518223300947025
0.604676530981258,-0.39819771174048385,0.09387017179360867
0.6117648314439817,-0.40819802162563734,0.10499925646658638
0.5977842142672809,-0.439178286661078,0.09002611202664391
0.6050056574991693,-0.43565190259643,0.09486280199569125
0.6061867993446326,-0.4640840104943361,0.07830065981928902
0.616910989527162,-0.4905607616032821,0.09212610921694678
0.6203520462456876,-0.5078223189561574,0.09685489148097394
0.6199139224824884,-0.521691905512504,0.09981466645218663
0.624,-0.542,0.09
0.6214119855992462,-0.49015269287552377,0.07551409812668342
0.6169084293715984,-0.4626337460532924,0.11128834037564075
0.6375859811447491,-0.37746826651947096,0.09370055228824589
0.6189119040083004,-0.33803524134326735,0.0767206124369854
0.6188610717392542,-0.29524747750244623,0.11084374531535135
0.6372747633027059,-0.2668328982714871,0.08030602084960445
0.6360545545358046,-0.18742983506117863,0.08398128236930348
0.6132651929311758,-0.14331171486427016,0.09368011698117219
0.6149356648588984,-0.09906915313799015,0.09260463574291113
0.624,-0.042,0.09
0.6048601511245322,0.018171590311683798,0.08003545707980686
0.6317466329227776,0.05929089108465455,0.10443989725197758
0.6143134827069917,0.11039822793077486,0.09042694464880964
0.6156141887184428,0.16809475624055148,0.11229370407939782
0.61783744965846,0.19812797274013735,0.10350691025965289
0.6201935421916125,0.26054918063132343,0.09008188769602302
0.6269081677119496,0.3055991397881711,0.10004224212097425
0.6137722955177163,0.34604459174733604,0.08903506149007462
0.6305615455252362,0.4217896783492542,0.06385786773632843
0.624,0.458,0.09
0.6256649254160688,0.4747450759335386,0.09955992349555318
0.6174009799320556,0.500155556060991,0.07527008968978595
0.6306596981490558,0.5406299734501474,0.0982449925023674
0.6044547113173839,0.5364742523017119,0.09487247252250254
0.6079396489864648,0.5605736319852609,0.09823981525773223
0.6207643274392218,0.5883446628814436,0.09573298503811205
0.6117654374736249,0.6093811436446797,0.08644071413240093
0.6164742319309799,0.6269745099602457,0.10192229805651588
0.63228678663998,0.6491414098982382,0.09769552771580461
0.624,0.669,0.105
0.6318472378408577,0.6803529880310261,0.10867090085655057
0.6134603041445065,0.6624495170526207,0.11427885668604926
0.6147423935302015,0.6869141434242607,0.11564071963651779
0.6327083640911442,0.6664128635209342,0.10255610453792456
0.6142012106290549,0.6625094321461841,0.08544021583911927
0.6459668838710996,0.6723830066764297,0.0979477978959023
0.6124648117705705,0.6646503723620955,0.12572034153776648
0.6176295254420737,0.6682425040200176,0.09471174547781495
0.6190227848513021,0.657324036910717,0.10874936123005059
0.624,0.669,0.105
0.5680204196492147,0.6679922209485895,0.106656784081128
0.5266406547415959,0.6688605075435045,0.0784182405379687
0.485409687245495,0.6720324129235075,0.12470826484045171
0.4424836554497128,0.6719469453791765,0.10142595993781127
0.3901477244888217,0.6655229774268447,0.11629208921820366
0.33298454901955954,0.6666308708498544,0.10527271092335011
0.2839224532838107,0.6635005730350071,0.10962550727183823
0.2492757617959695,0.6628487455542519,0.09522989139041906
0.18295962215636516,0.6694325195679169,0.1165405549306118
0.148,0.669,0.105
0.08178270420510783,0.6531956317501434,0.10840307741016474
0.04221081144121083,0.6534872479902384,0.1249806114317083
0.0044722275054350615,0.6659069434454269,0.10220338629786728
-0.05373817301252189,0.6497300915919685,0.1007059252050492
-0.1010666736054937,0.6837594380040983,0.09513762056872058
-0.14841792194508593,0.6699099631384741,0.10493720590847425
-0.18303359042122042,0.6684521364581343,0.10282997849073716
-0.25306623686072727,0.6653667321266836,0.1203057628974106
-0.2994988190694606,0.6717863356413223,0.09877551295870292
-0.348,0.669,0.105
-0.39355105935822426,0.6431276420054883,0.08464681892963645
-0.41444531169431625,0.6382942199241473,0.1016914316339555
-0.4351580668056047,0.6090082841766578,0.10013427517811362
-0.47717312432214254,0.6037710940695425,0.10933843852606
-0.5073614445029363,0.5826972696234156,0.10735317062362291
-0.5518447084641341,0.5617027690834462,0.0987692567299628
-0.5831468010867189,0.5474607647579712,0.10287824103176756
-0.6163659495782571,0.5232002464976844,0.11036439245774599
-0.6216788118737508,0.5190759676321527,0.11568876467238275
-0.669,0.495,0.105
-0.6788160425824022,0.4333424669693811,0.10241388318277553
-0.6722219827508196,0.4152674603324609,0.10520842414936184
-0.6769737660781894,0.3407949057858476,0.10921180868000882
-0.6742390688993245,0.2864019200656413,0.11167943164822412
-0.6746748802820172,0.23068591191217552,0.09223164567707454
-0.6512274184527063,0.1826058705223964,0.10234244949454901
-0.6712922929064277,0.13877832544439536,0.08492505766635033
-0.6832227326547509,0.05583827533154267,0.1085903940623567
-0.6813617153018529,0.01299702982285496,0.11945256942688696
-0.669,-0.03,0.105
-0.6660562177209288,-0.06826622197509455,0.10196227555824472
-0.6695775741926383,-0.14024116950324386,0.11131726201511367
-0.6673927896108282,-0.16924787266662034,0.08783836482848263
-0.6832848103825394,-0.24090863478555594,0.0902733450898813
-0.6703396098183136,-0.2800935016671622,0.11812137733217198
-0.6706598884898737,-0.31878183348568234,0.09531905083940549
-0.6740123462837625,-0.37821447498718314,0.10162571310527736
-0.6681006661006506,-0.4333973678151367,0.12565236603054664
-0.6690489700996796,-0.4881792956045127,0.10783168526235565
-0.669,-0.53,0.105
-0.6421735709627249,-0.5306397920132876,0.10251915921205723
-0.6021187983181487,-0.5408188563794172,0.12396770039059261
-0.5824119044085438,-0.5896678313051383,0.08776256923473601
-0.5235294691189457,-0.5897903582998948,0.10238946371838388
-0.49322431150671053,-0.5947177773446284,0.11011148772759305
-0.4576910724384695,-0.6245123758745824,0.08896645620626276
-0.434378718816248,-0.6383849451380321,0.1177518647449059
-0.38773709932321526,-0.6238568967071119,0.1073914927156066
-0.34533765671278416,-0.6607947558790468,0.07716186870640761
-0.314,-0.669,0.105
-0.2566105430396814,-0.67045696370718,0.10994099734623883
-0.22847298804876068,-0.671885479602553,0.09055660320900069
-0.17076177575428075,-0.6617841319499009,0.1068340578558209
-0.12223123982605286,-0.665744081306046,0.11618727354769061
-0.057978576776327916,-0.6941389040996356,0.10558787824401837
-0.005095927223586117,-0.6753153995196177,0.11077693021936094
0.036649550212409655,-0.6622577265884502,0.11480582675280321
0.09344207441652513,-0.6519684653065932,0.11712443024706772
0.1249813254003724,-0.66488000575007,0.1039536207676426
0.186,-0.669,0.105
0.2162463752617258,-0.6600000173176205,0.11283273797272403
0.2950592204335033,-0.662641863632671,0.10867713633631226
0.3144786290970572,-0.6556948678681495,0.11115921669468054
0.3959197575398348,-0.6586098339707502,0.0927956103685951
0.42324727069929463,-0.6372300298548357,0.10837545085312868
0.4680076008624265,-0.645576692211551,0.1109429962442367
0.5267886074266604,-0.6279961638876546,0.11372835160270844
0.5657886284233278,-0.6427810601831253,0.09561494222881156
0.6258077561263252,-0.6391111280057191,0.10254673138748809
0.669,-0.633,0.105
0.6709622931124571,-0.571046118073103,0.10209939207409019
0.6754049141943815,-0.5308139299380918,0.10845886036823765
0.6763831843359189,-0.4748021575918028,0.1095503133650294
0.6631625359589379,-0.4305496793527385,0.09114024370169355
0.6744430216746098,-0.38302398923384745,0.09197894319881034
0.6662243450320429,-0.34038508570495296,0.10464311127909773
0.6590260948463165,-0.283507832702863,0.07736913928843239
0.6636655739073716,-0.22432276105818671,0.10360395078330314
0.6717911830094372,-0.21062429139616162,0.09679914914724416
0.669,-0.133,0.105
0.6663022976987051,-0.08593088168883736,0.10344609199130685
0.6606325498105673,-0.04018604995209568,0.10734040382363617
0.6742390752471876,0.01861946167853972,0.10792877872597272
0.6635846587403448,0.07196414322212638,0.11668636006530621
0.6762202059372391,0.13423307647842478,0.08774284952923879
0.6601281311652797,0.16814593088221158,0.0959408668595737
0.6660070343348277,0.212188406890196,0.08819723997205871
0.6698996111481311,0.2678937146475325,0.10718277542887619
0.6748479725285308,0.3184283623950798,0.10803420241985733
0.669,0.367,0.105
0.6395768922815269,0.39342893798764417,0.09950027208827716
0.6128233749914735,0.43517070091354604,0.09644546944479329
0.6125610184639225,0.44583303901783644,0.11335512569333281
0.5888826273466928,0.49086062041430656,0.11295834688337215
0.5664834475644098,0.5178548674948635,0.11123190084264188
0.5537281865931738,0.5376991071028946,0.08475345676729351
0.5229458119329364,0.5750459125331037,0.1021501994560099
0.5304693618741566,0.5907337983667924,0.10221426920492092
0.501329693030721,0.6290720286560477,0.09334293904811597
0.476,0.669,0.105
0.41685591979691133,0.6615591777382739,0.11261185294477602
0.387862518669692,0.6626568082779927,0.1022974182067364
0.3259412966072689,0.6605727648454279,0.10572353213703004
0.2956368759321497,0.635875546153875,0.09563625024487069
0.26450419775193834,0.6261550627985666,0.09488325990336921
0.2223349020008771,0.6224850097152423,0.10216471576969349
0.1502310059994592,0.630314801689619,0.09432305202993325
0.12444433374054314,0.6149988050638202,0.10587217824464715
0.06812319601326897,0.5997430238541984,0.1175652630461918
0.029,0.6,0.105
-0.010028533029525827,0.5835041095430503,0.130527486862004
-0.047938023093327724,0.5192366583140899,0.0975804301234613
-0.06346961019123046,0.4937699367436509,0.10184443054388169
-0.12691900745171744,0.4503127147556333,0.09637619299702965
-0.14937339420152426,0.4084426002477794,0.12214086719113143
-0.18109968630166096,0.3987126308122448,0.1128375944716325
-0.22249633964784413,0.3468150362617219,0.10050922543466495
-0.2722924918895222,0.3016595704095869,0.09380707031391357
-0.2928556210349076,0.2710477146541929,0.09477165958436995
-0.342,0.229,0.105
-0.37063887566522896,0.2031515405596477,0.10826716606708295
-0.40364117535517274,0.19575819647842163,0.09682173297449345
-0.4400814152219159,0.15054825734069943,0.11271323498768926
-0.4703512701233711,0.11571246721393938,0.1174326577230958
-0.4910632568050494,0.07572791628554401,0.11384406279985919
-0.5231837277050024,0.03624745004821773,0.0999379770479342
-0.5526243881846588,0.034616574918827775,0.10280190765873609
-0.614778175154435,-0.00041258832850404924,0.09706642052975804
-0.6390869054559677,-0.0343937186193579,0.09911023360806182
-0.669,-0.061,0.105
-0.6403980143841818,-0.00999412642844066,0.09930480631482352
-0.6066131691847508,0.022551379211925203,0.10463067753324874
-0.5802409477558711,0.04987234966517338,0.10612269285980712
-0.5462910245047877,0.06967691899026511,0.11275681326918732
-0.5069088804571981,0.11219398065761226,0.10385257915861157
-0.48709499193382527,0.15832058232317212,0.07847921607547556
-0.4308429804973107,0.1858537232004638,0.08333711800574449
-0.41880019222350967,0.23311685933202586,0.1061911033582132
-0.37320809463565513,0.2690264183785659,0.09669994667852132
-0.336,0.299,0.105
-0.27857915496884417,0.3308129449707439,0.11592474916938354
-0.2657608902748404,0.38181762256391877,0.10753400867350899
-0.23493070839460084,0.40090514857060344,0.10607188593532961
-0.19031753080497854,0.4464342320030765,0.10215688239976436
-0.14919674201788136,0.4870817280135078,0.10851338845694619
-0.11860412062118218,0.5064978614639372,0.10245127080040706
-0.07015150635229615,0.5506219406318809,0.09681771767907048
-0.030861487069373722,0.58206939264815,0.09912159263733354
-0.016388479190690648,0.636176407138079,0.11975835805326461
0.018,0.652,0.105
-0.025144806051035817,0.6152247136846511,0.10456535117845052
-0.053241865582653425,0.5903745629996354,0.10835457469148685
-0.08167610451808832,0.566413252328965,0.09892324768758688
-0.12620124289363663,0.5458248175611774,0.08268125382049724
-0.1604425511587695,0.5045660176865544,0.10784071865395929
-0.17706163790925747,0.4696413179705796,0.11805067908210512
-0.24975253585417348,0.45644620171175593,0.10288162917504302
-0.28201762214816006,0.4062454257617444,0.1129095189395406
-0.3024513343412003,0.3883106190539157,0.09342664792083233
-0.337,0.361,0.105
-0.37116272029635633,0.3384126954710945,0.11799000140342208
-0.4139794062782063,0.29443007011007843,0.09828454314762955
-0.43946601937550184,0.2656835260806558,0.09358664966183305
-0.46852594956368077,0.23428325753300505,0.09937562303246063
-0.5141841666582295,0.20511483871299088,0.1110999075493709
-0.5273021568537128,0.1653955893764154,0.10780302528493364
-0.5677517402637957,0.16374034910620763,0.11812325315923802
-0.6090244120569879,0.12015631814279054,0.10993507579560391
-0.6443846566014125,0.08160480880788114,0.098818779058495
-0.669,0.057,0.105
-0.6435495891947547,0.10767149680413518,0.10837280493513028
-0.604824622584732,0.13078711336735574,0.12321160813078597
-0.5607510226684449,0.17266218581048645,0.12077194176868036
-0.546005265856282,0.20801443998716362,0.11259931147326258
-0.5079014301987022,0.24111909451870434,0.1090292979537022
-0.47641794969045514,0.2921437404164129,0.10127169358208149
-0.4365171791851686,0.29054902736319266,0.10466215286744879
-0.3951729435913559,0.33913362676450315,0.11060845603467957
-0.3842172343027357,0.37914239293414065,0.10560233449930463
-0.341,0.421,0.105
-0.3157224938777795,0.423203836444139,0.12014671539349436
-0.32630055300720556,0.4476307733110743,0.10225828968180432
-0.32206207201191256,0.4721709939705569,0.11186799042731985
-0.28230598120116995,0.4863887620525366,0.1004561822173046
-0.2892007029385501,0.5051991185766315,0.09964951680068716
-0.27205203210879597,0.5545862744505455,0.10336301305462718
-0.2534936540786839,0.555301498711843,0.09944673833565346
-0.24120715015383742,0.5682117698471651,0.08492036089545611
-0.23893308988444467,0.5960896161061755,0.0915485266171928
-0.215,0.61,0.105
-0.24934533818045138,0.5643473608491008,0.13551439679262262
-0.29018230933525624,0.5220084836309395,0.09916111779319925
-0.31170745074946943,0.4981614705758157,0.10579907417884896
-0.3550573177645623,0.49305298711163537,0.10170417919103641
-0.379987192131172,0.43779670603735116,0.09759068833081402
-0.4278919082451347,0.38703375318780264,0.08006022693637177
-0.45852259459657113,0.3607551665790596,0.08539816445940879
-0.4927398974087049,0.3325041424841174,0.10255149749013691
-0.5531737808019898,0.27605862544637705,0.09389032830799071
-0.569,0.256,0.105
-0.5680781423295727,0.27295491752868223,0.11282231104016084
-0.5363700616257498,0.2910802525663747,0.11942875227010416
-0.5312025887736803,0.31049180127407944,0.10611997265360783
-0.5116054046213869,0.32797012123473984,0.11231766589104249
-0.5131761549420499,0.3433836726963086,0.1076102887670037
-0.5087617312788105,0.3729171104822717,0.11320013376519976
-0.481724567529715,0.372329094267376,0.10143845194178615
-0.46718379177569297,0.40769456115255004,0.09638055803936346
-0.4532343399179368,0.4298037668205222,0.09324775115509867
-0.445,0.444,0.105
-0.4403179649403989,0.456284179015617,0.11540159354344436
-0.42617706446338777,0.4600030060223258,0.11735306741058739
-0.4176477090248554,0.48587864811676823,0.09701928686906888
-0.4388123907618783,0.49856192622286416,0.11248397799187568
-0.41844906032865753,0.5160996499932832,0.10779259970429107
-0.4036740367105094,0.5311025610926484,0.10080631723039682
-0.3863917697095592,0.5268387747382477,0.11803407971000872
-0.3819297402827823,0.5553887861294702,0.11255875906632029
-0.3771181706468419,0.5564080647941338,0.10205606507913985
-0.366,0.587,0.105
-0.3951940606801945,0.5814004965713443,0.10425712291421967
-0.43210165394211725,0.538626602905446,0.11005672437978317
-0.4489185491712348,0.5130133322864243,0.11302764104043395
-0.4813927631555979,0.49657811911298294,0.10380682147884161
-0.5003133458989971,0.47241393932363346,0.11586227208288634
-0.5462366554578515,0.4408441783518856,0.10705343981560513
-0.5794385554716176,0.40163774199735164,0.1020586873990806
-0.6128579975569447,0.3972862422309314,0.0915769435113678
-0.6385990695625693,0.3793647930718824,0.08795820225425044
-0.665,0.351,0.105
-0.6375718013178886,0.3850780815893391,0.1222915232478143
-0.6097968249915934,0.41240323403815704,0.09660283383068645
-0.5993194478032624,0.4602505873996699,0.09360991591491641
-0.5488919294012751,0.4822772992795114,0.08012870483636976
-0.5518587013390126,0.5135231876182239,0.09215216118561756
-0.5100200576259067,0.5324136967683494,0.10684849991457857
-0.47067656677071723,0.5743501171491008,0.11997186493293949
-0.452282225927318,0.620743098167216,0.10487690968451845
-0.428283625695489,0.6442932419139784,0.0892163610268335
-0.402,0.669,0.105
-0.4322503691770889,0.6618407118241936,0.10875101533096264
-0.46130013821296334,0.63138516544916,0.0872184664356741
-0.46728357941855275,0.612398518302371,0.12623551818738665
-0.49635553065718385,0.6218830918557327,0.111038844570226
-0.5252818705287053,0.5799412261691098,0.09009058184942902
-0.550332530397616,0.5831050234037589,0.10234711990776625
-0.5553815675032727,0.5580830862120322,0.12390922617590408
-0.5895333831993995,0.5413688490628246,0.08942898986273733
-0.6057334704044199,0.5263718524517216,0.10523477351248998
-0.631,0.512,0.105
-0.6299455942041992,0.5263490221639073,0.1000272623780715
-0.6431931856938546,0.5113143774343588,0.09269632180897255
-0.6043454881978954,0.5436013388242459,0.11705793772493353
-0.6491187188304541,0.5392874023264653,0.1139226703826068
-0.6687022180735741,0.5538436774416866,0.1066709557712959
-0.6589441413857738,0.5558049556078427,0.10344960655485072
-0.6791396728141981,0.5734400623597818,0.09478534944138153
-0.6582623639253263,0.5759774223201087,0.09535295903083416
-0.672755385502258,0.5847753741085445,0.11260163132629407
-0.669,0.596,0.105
-0.6922099320175128,0.5535350110792574,0.10995210545387073
-0.663765924204034,0.5411237643668743,0.09974077332041453
-0.6566235361928978,0.494198823785831,0.09054339420109438
-0.6612934644684674,0.46754555735489056,0.11770015574810654
-0.6643084527861334,0.4119810151612969,0.09229162115944359
-0.6781294872581493,0.38438233871281513,0.11792268280179134
-0.684325811559327,0.33990913526377686,0.10230759795530632
-0.6843018798262416,0.32290744869648735,0.09487987313914763
-0.662997322772032,0.2857935206541679,0.0971760070720159
-0.669,0.25,0.105
-0.6413337107682974,0.2222227961989389,0.10857351845200627
-0.6542611780910125,0.19918038308007327,0.09769901904864417
-0.6353045341504834,0.17014920170226236,0.11455876163067623
-0.6180376562647345,0.13892513199641174,0.08536776519706558
-0.5960733065400412,0.10166669258059786,0.10964270410922593
-0.5908926789045285,0.0681401549257387,0.1108798012366322
-0.5882570585433824,0.0592595942268368,0.11195073630735905
-0.5786760611704883,0.03105784325149701,0.10079816100968511
-0.5328104196568874,0.004260397946623879,0.09630082553152233
-0.541,-0.034,0.105
-0.486409855254447,-0.011990006017564291,0.10904612948529271
-0.453562256816115,0.03985978596720827,0.10563019343127947
-0.44488082026867753,0.09166358382399942,0.09250348821228553
-0.4010753916839513,0.10451019468249056,0.09599849786567798
-0.35453523528087544,0.14708435412761972,0.10606123040222579
-0.32693632896538144,0.1770057849207667,0.08345578099303312
-0.28834589111692327,0.21279946378325426,0.10865491262902441
-0.25830999915673747,0.24709442918244962,0.10981434436967938
-0.2242025032040178,0.2842930293114299,0.10377086825456759
-0.187,0.32,0.105
-0.16294651518990325,0.35853929121020517,0.10753877655830328
-0.09217854100228376,0.3896552183600866,0.11324137983990273
-0.08791487053502821,0.41764794697019325,0.124931438731583
-0.06659205611227334,0.4545067520494204,0.10634319956323698
-0.012583521756406865,0.4761719967853812,0.09168704422127061
0.033787995443076944,0.5335720084995046,0.10735342269857404
0.05397914031480788,0.581569822807765,0.10442216371041532
0.10181853017761892,0.602135794219691,0.10940819748529261
0.13824154919220957,0.6381471975880211,0.09927917213737024
0.162,0.669,0.105
0.14799567702195296,0.6408870125224376,0.10350085307878193
0.10023506815772011,0.5947253882617023,0.120459020515575
0.07574067790240747,0.5560861115034861,0.10712114748974691
0.06214597692768431,0.536586222194398,0.10627300442796812
0.041549881332922395,0.5144446581888811,0.10751130413551128
0.031918621668991946,0.48395937968229547,0.11068898944224295
-0.01228869100940046,0.4504204232128428,0.1006640271793543
-0.048277234763028434,0.3987475896729213,0.11002367704338842
-0.06638455200282731,0.3640986734690289,0.09670167257310307
-0.104,0.34,0.105
-0.1372355967380167,0.3057201457164413,0.0980553871910815
-0.16488328498670085,0.27405099983479125,0.1010323426345905
-0.20187458294944743,0.236297100369265,0.08121255253361603
-0.25569459822831553,0.203325056297194,0.11131394310369126
-0.28430613078151484,0.18942519227182433,0.09486834723911808
-0.32818104129872,0.14632222427112707,0.1083865092524744
-0.3491279178140225,0.08650764730389421,0.1203371903157066
-0.39808468675520764,0.07028775232654169,0.09017530118069716
-0.4069210840109959,0.015483523937321914,0.12029011701680449
-0.457,-0.014,0.105
-0.47658151660954723,-0.03029488615365915,0.10333696536866542
-0.5019270885959077,-0.05112327189193422,0.0920758394623107
-0.49353709726860995,-0.05109964739842449,0.10501703122507357
-0.5138710398095215,-0.06989099337636064,0.09157635346406443
-0.5040336652674212,-0.10570484094350256,0.10493168739969858
-0.5222072478147308,-0.1374729277120291,0.10430596796409558
-0.5433588928875923,-0.13696097146241815,0.10593031821536866
-0.5398863729217608,-0.16479953318049606,0.10904189228202438
-0.5539792054902472,-0.191388243308787,0.09968139869571188
-0.574,-0.194,0.105
-0.5401948085092051,-0.1521724045465431,0.10455108237719943
-0.5079297829107512,-0.1143992334216382,0.10223058021823962
-0.48474424360264856,-0.11280997868297997,0.110255492687305
-0.43490301217280314,-0.055357555639427215,0.11398126810007748
-0.38616051358075354,-0.01632857255676711,0.10204701288642083
-0.3547969333504182,0.0071850354668630285,0.1008840734934439
-0.33672160489913866,0.04122374300811961,0.09551695095770267
-0.2773855223742132,0.08695159627591809,0.10783094886251793
-0.24660271309869353,0.12727294363871622,0.09564551557478035
-0.22,0.159,0.105
-0.18835131895442905,0.20057155840891747,0.10148254944603144
-0.15267625758547246,0.23300359152281916,0.1113561811798834
-0.11787284147290841,0.26730755123588934,0.10664988042096499
-0.06529141509126267,0.31750918953909313,0.10615504871871304
-0.029804094965761807,0.34625606317840113,0.09492893890364708
-0.0312806564185113,0.3840773602974471,0.10899334948716406
0.03740754474214753,0.4229875860095152,0.11409962113104286
0.07389984837685164,0.46125578700571584,0.09084874096873195
0.12240255347535567,0.4905723384448508,0.10645919883863278
0.151,0.531,0.105
0.14465624177234498,0.5244365600347977,0.10353813576622957
0.13134021830002354,0.5168328637198061,0.10874605268294327
0.1591472148133484,0.5333513512797535,0.10413743410571367
0.15487079386024744,0.507286101000438,0.12135035472188097
0.16509245804211622,0.5432011596393808,0.10843284775841212
0.17437940800155247,0.5356247927571075,0.08869263963321118
0.165867829668249,0.5032780211718697,0.09808111616268342
0.16963432234536904,0.50214407250203,0.0912844224644786
0.17771642566421794,0.4990086234049965,0.09353022432866663
0.184,0.5,0.105
0.143857969586244,0.4553502267731692,0.09263443427015033
0.11993425134896998,0.44472464553579827,0.08852502456835137
0.09193137044901345,0.39043247365379846,0.12288911675802588
0.03947807340386129,0.34571812567638005,0.10309450102713386
0.004055470679483392,0.2889193955459883,0.10738359517814564
-0.03795985368720709,0.29317451095834757,0.11448843259457162
-0.06439778157040771,0.2528575009228502,0.09622394492426739
-0.09165314094746553,0.21854605870142085,0.10270072941817629
-0.1442506471899866,0.19034338130632292,0.11938827903740372
-0.169,0.147,0.105
-0.21267464864595417,0.11099934229966264,0.08408403905519143
-0.22735362670017814,0.06568955708938211,0.10070391748262678
-0.289582982297852,0.06024302938092038,0.11587519873387572
-0.3009991923734498,0.015421340872886647,0.09489299230055682
-0.3478299798986558,-0.03617296866672905,0.10641861653987812
-0.3902463263002993,-0.062437366705072994,0.10322860612850802
-0.41156738212800686,-0.10094173454417117,0.11244251850099514
-0.4513592704859127,-0.13275884624625225,0.10203172216035405
-0.4912728094619818,-0.1996161495996859,0.10097306271170099
-0.523,-0.207,0.105
-0.5363864898348251,-0.1908533584812585,0.11172846923497973
-0.5382662803888009,-0.20552279393435893,0.11706209419340245
-0.5232461555088448,-0.23220525092659802,0.11485189690900446
-0.518842791336964,-0.22397477187527762,0.1147803016136629
-0.524552468483682,-0.22692074928997769,0.11787331905283625
-0.5453295261908234,-0.23734280655530113,0.10486449486811182
-0.5251289666757029,-0.2445111599856332,0.1115102086440807
-0.5206406383845433,-0.24079742620300162,0.11201911804858986
-0.5074931885143651,-0.25021787657719335,0.1108602606950064
-0.508,-0.256,0.105
-0.4805020485838941,-0.23748479804924658,0.09602669535011032
-0.4374067573382287,-0.17810237108072477,0.10864554059303516
-0.3821392980389412,-0.1449385334393223,0.11269083333919035
-0.350338733234312,-0.09245081030738946,0.09484866727521746
-0.3204855911004953,-0.08319687875812502,0.11308875245158652
-0.27903518824033846,-0.017048020281527316,0.10827865785389539
-0.24896879945955674,0.020333986569193746,0.11095750700816447
-0.2234186654451402,0.047222156209173916,0.0824152296612161
-0.17811014866156033,0.08955603049309417,0.11481305643395348
-0.137,0.116,0.105
-0.10644095738112336,0.1623245076467703,0.10489020311724141
-0.05914408566570397,0.18872312640382213,0.0994848460705143
-0.0324681412149835,0.2057635348814272,0.0922426799876104
0.010336697245161003,0.25298272211150685,0.10707157778923607
0.04820999474362032,0.2882779292470707,0.12606191859193225
0.06576310690265044,0.3300207995097861,0.08594040848676884
0.11311902233286182,0.3671604425192577,0.10144134367839865
0.1453530619408462,0.40205163876388683,0.11258586926340938
0.1707012572484735,0.43369952540237144,0.11825308372241894
0.217,0.469,0.105
0.23054686572046398,0.4853581328396644,0.1062742876945447
0.25449848357603805,0.4813410222676511,0.1137185753347654
0.24385348251184785,0.5120579881275648,0.09058263038585146
0.2964645876582831,0.5075378742200954,0.09698287204356446
0.2912666513381723,0.5030641185464875,0.11720986037344584
0.3226253148614798,0.5052555139314364,0.10924777420130614
0.3207606068281827,0.5380301068629094,0.1064610017471398
0.3460832453556224,0.5463325278207376,0.10674521599940058
0.36558165033537016,0.5726003191651428,0.09550016344557602
0.373,0.562,0.105
0.34156335326709303,0.5206474750424369,0.1132848401758184
0.29865115741792514,0.4843523530754148,0.13107450212467495
0.26162710423372304,0.4530673646313553,0.10959538996297753
0.24893304040523656,0.4089279075402787,0.1241977746928788
0.20124387724286663,0.3793503834907304,0.0971953614662445
0.15684236789984077,0.34536681034792566,0.10299322777087447
0.11315287696161705,0.3013898509712489,0.10603349366445339
0.07663107347695758,0.2672333667946539,0.1255176953888475
0.05353052243103948,0.2214251322108973,0.11760377284894633
0.002,0.191,0.105
-0.03377758015753062,0.14564896532459048,0.10036611371078658
-0.07414931809089781,0.10252360714064139,0.1043505723163846
-0.10441222084734816,0.08546757134542277,0.08739831554553722
-0.13207752989226412,0.07055529690107483,0.09825191956521827
-0.16052513482463254,0.004875046003632746,0.10464156801291834
-0.22946484030445946,-0.029646595169380206,0.10452569525210455
-0.2536282731137685,-0.0682884676506043,0.10566029831511396
-0.2734389935131421,-0.09459473425393329,0.10219884295210147
-0.3135555508010954,-0.14268769781419813,0.10210596443090934
-0.352,-0.163,0.105
-0.37851109129432303,-0.2165334271276256,0.10838058848426274
-0.4094368250912087,-0.23109279929421767,0.10014599281163125
-0.43928307713356385,-0.2810374201604221,0.0905769631670923
-0.4961917403724191,-0.3023866797434635,0.11352769608389757
-0.50040921990516,-0.36373640402046403,0.10908106664326139
-0.5267849682551623,-0.39530798176529947,0.09993831063341273
-0.5952621616429444,-0.4200984733186592,0.11927948734042053
-0.6133869490011856,-0.45699735683464854,0.10041238144583159
-0.6256167631512459,-0.5022040638231524,0.08376279540624731
-0.669,-0.537,0.105
-0.6432628859488928,-0.5007071441340858,0.09779867226486672
-0.6018721054134081,-0.46720488471690724,0.10910048575349891
-0.5647211117627149,-0.4351747477809798,0.09072972727656596
-0.5371624157702444,-0.39042898013529026,0.09396509184920342
-0.496976713753531,-0.35032621664000857,0.10509877525231036
-0.4898124225166444,-0.34435715665930156,0.10110341253688199
-0.40833583314533684,-0.3104088048247165,0.10592240300243048
-0.37499412269799165,-0.25963276695986415,0.1122437224511988
-0.3746599876670749,-0.23474977253377138,0.111561378861565
-0.326,-0.201,0.105
-0.290706713762021,-0.16181317333390266,0.10670980259891905
-0.2775602762371481,-0.11895184231666414,0.10861777471430734
-0.22063946224684305,-0.1127676372559481,0.09251377889293333
-0.18246434605318249,-0.0664069149776606,0.08845732698106319
-0.1367982556058081,-0.016546188176538773,0.101225680842476
-0.12054349860449609,0.013147386798966185,0.10235334432558427
-0.09897936423516102,0.04157716439272984,0.10347176949075863
-0.0379968042287532,0.09739571327769628,0.0875419574962461
-0.019027143665488494,0.11534908826280427,0.09563829319486478
0.028,0.153,0.105
0.0531849561327718,0.19347079147962054,0.11480550670013326
0.09737657732564714,0.25095726457896755,0.09406538076362572
0.1417162174942588,0.26326628470932334,0.08998618441801455
0.18174975489711934,0.2954342818709459,0.1300997334668266
0.21691581760719988,0.3393082740306488,0.1044489014027837
0.23217068154037065,0.354535082558187,0.09593872047497318
0.292150679486137,0.4320819866127567,0.10825881930872144
0.32404464994675297,0.4542213775103229,0.11170921622301118
0.3604010647353912,0.48990587345822456,0.09186410084563872
0.399,0.524,0.105
0.3884446581071148,0.5419231794487741,0.10227524405446434
0.39921371046417486,0.5299519944016708,0.09718236478310269
0.4091114802110153,0.5151517096740728,0.09885176206829759
0.40350996667348765,0.5145270931956195,0.11465267222031358
0.42267643376550473,0.5150008253929309,0.09875478265716602
0.41380626542351,0.5092825928605311,0.09661465579822034
0.43207359737583384,0.5054172585664818,0.09477488381622043
0.43280836301546743,0.5102615099470672,0.10248284580552185
0.41251113608554607,0.5066744844184436,0.11053164068094819
0.445,0.507,0.105
0.41166532522652827,0.4679890224039762,0.10386090742535559
0.3851866441828236,0.43169368584459594,0.1146850742209346
0.32840192481925184,0.39178943826315976,0.09061699625222142
0.30959069837885567,0.363219149888046,0.09495738984270317
0.26979933850977,0.3068343877400443,0.10811559168424083
0.24460438084996156,0.3167925710019396,0.09473490438235285
0.21252105368235427,0.2620693601317093,0.09675559359980254
0.14866915246262707,0.21152001345549692,0.08893916212056402
0.1191157652425798,0.1734044812807565,0.09489019104588596
0.092,0.153,0.105
0.05853497134320979,0.1164795133368849,0.10419289596971727
0.023794032974907734,0.09078397664449907,0.11056282179123098
-0.003327953802210867,0.03347208794629929,0.10073883801810878
-0.04918278629074554,-0.01007440910475816,0.09499054040134083
-0.07901348205387042,-0.022716950543348283,0.09545294300592512
-0.12595458108766505,-0.0661106699481339,0.10709010504198009
-0.1467988265019446,-0.1001351748335673,0.10463303780437096
-0.19662473507323727,-0.13269797244724585,0.12052643510846288
-0.21337994371824154,-0.17703107813130367,0.11888889761250516
-0.262,-0.2,0.105
-0.30242944882557565,-0.23740072281755736,0.09965955754246487
-0.3570584250062048,-0.26644191997265987,0.09839223447687864
-0.36414712943381816,-0.3069235292195272,0.10230958802585362
-0.40206503646829683,-0.3215681473240743,0.11484071121983624
-0.42645382436938567,-0.37623837000019356,0.10569882654558263
-0.4803276449245345,-0.412376073220855,0.10475424852037013
-0.5035878599180649,-0.4526331621088546,0.10776788664322445
-0.5412750717146821,-0.4835757958550985,0.1048569044485259
-0.5761282835015603,-0.5141358855859159,0.10374916839679872
-0.615,-0.554,0.105
-0.6010516855735472,-0.5411418237758043,0.11310904746141258
-0.5746151757040788,-0.5139018745506144,0.10183713574257451
-0.5419297452342928,-0.5055299726777623,0.09544285493275649
-0.5205128365271537,-0.48616010759751893,0.08383247982218184
-0.5073909838964553,-0.47103995478300525,0.13453421377915886
-0.4933384738488587,-0.4699304516958589,0.11356548369203673
-0.48089771579741497,-0.4361749069435536,0.09508285998372346
-0.4406614635690421,-0.42137389220887084,0.10826695099725316
-0.4199986489433385,-0.4104196524181391,0.11230957866088692
-0.394,-0.396,0.105
-0.35889967308338405,-0.35104746604738657,0.10321148863928341
-0.30334797410012665,-0.3160163348184682,0.11199341806492834
-0.2990497730581631,-0.2964503062649822,0.10078194095276295
-0.25922423923859306,-0.2694988635084833,0.09956347016902908
-0.2143958345386344,-0.21401550249520632,0.09187119799841051
-0.18708457287637212,-0.17317533803058574,0.1068149719200171
-0.15908684946780333,-0.16385272476564355,0.10632266199374045
-0.12853703832491242,-0.12087674620235628,0.10876818510656464
-0.07116967907990533,-0.06367529558552369,0.11812621474198096
-0.041,-0.043,0.105
0.0011539632835548081,-0.014197045517991353,0.09989240678804563
0.007884523718149131,0.029951683997348592,0.10821566328897561
0.07800027406327009,0.057193875607549724,0.10484481511186303
0.10824226427407825,0.10511503200432454,0.12013698362631167
0.1496762451560515,0.14191041518298894,0.11658654387123012
0.19051051601577357,0.1829973293263409,0.08066863090235689
0.21663265561368134,0.19045636971422436,0.10420392375275479
0.23122209852151446,0.23287138196763796,0.11033222810464358
0.30111367164377195,0.27346331098245746,0.09632252955279183
0.313,0.311,0.105
0.358062417843193,0.3329698839510825,0.10291589592979764
0.37856874637037974,0.3662278874692528,0.09080147874931413
0.42001741031158263,0.4329073116491778,0.10716608071253744
0.4509550494407867,0.4582038457609107,0.11099652027945635
0.49353467909525167,0.48840966638464367,0.0982796214331482
0.5299460295635182,0.5171487749767113,0.11820526646511384
0.5581126279107709,0.55865348408807,0.11278551349823236
0.5917801513152241,0.5972201985604054,0.0925306191280956
0.6424727679149765,0.6487850241427733,0.11422458376604111
0.666,0.664,0.105
0.6321183289877645,0.6190695863428209,0.09389408006494232
0.6066736009115109,0.5929246652913874,0.09998738755193887
0.5862573079715535,0.54669669755314,0.0994617586862385
0.5376864028612544,0.5195126094418078,0.08878882212695655
0.5227341415360802,0.48032330833229364,0.10341599421226282
0.4767222626523712,0.445267518427754,0.11161747090701707
0.4524161673947752,0.4092514376955541,0.10253424902896793
0.4375950765487152,0.36886540397681994,0.1100901760081788
0.3809653382993959,0.33135378151555855,0.10075680492939744
0.365,0.299,0.105
0.33425280401779867,0.26974644169721207,0.11012581656375044
0.29486160395098915,0.22154775473543284,0.08509168571886623
0.25135099573683256,0.2113920278003476,0.11142448626720511
0.2179832310379412,0.14440090649612217,0.10141263543560997
0.19181033217814636,0.12823197824717558,0.0987873531532937
0.15917391365926736,0.10578183333135047,0.10545579918045861
0.1138730509624836,0.06443582646891992,0.11513027727551413
0.0752927514344027,0.02143962400045462,0.10035128364886307
0.04277423799811016,-0.02145720073623833,0.08923222161463694
0.011,-0.055,0.105
-0.016983086413941775,-0.10313696904764974,0.10940037326585833
-0.04420058369196285,-0.12691367067748066,0.11947346056126165
-0.10712073981372018,-0.15713910674813356,0.11216709728642002
-0.15049671699272188,-0.1921633655657322,0.10275720669207315
-0.16207470351291275,-0.24862585296390718,0.09517305045784313
-0.21648215627463457,-0.2916382762944002,0.09796769644307018
-0.23689099973583194,-0.30767067082154814,0.10321573721151128
-0.2867633716714812,-0.340628152406065,0.10649077116996115
-0.3134319137335377,-0.38145809984189505,0.08978910832337188
-0.36,-0.426,0.105
-0.37158360004826657,-0.45453038710506444,0.08655605440082272
-0.3941671449239355,-0.46355771138024554,0.11081250467747705
-0.3977936504850713,-0.47077722685865087,0.10707023734603213
-0.40675279785570057,-0.5108476844448978,0.10186876690472521
-0.41767298285770077,-0.5113374685449723,0.11209794163290013
-0.4026859841659697,-0.5201346790938001,0.09244621568936778
-0.43611861497497284,-0.537040226246252,0.10459877821958546
-0.45624935438885367,-0.5625860986531759,0.1111695595008683
-0.46184243558623267,-0.5801208030094178,0.10479441742861889
-0.476,-0.605,0.105
-0.45128562308399556,-0.5628305852712479,0.10362927271951047
-0.3931228907960851,-0.52772394206337,0.09200738190992319
-0.3729048389195617,-0.4960447405749021,0.12511491658823282
-0.3430653000733398,-0.46746587405716805,0.11208701132037159
-0.2827852901433664,-0.43866293375622567,0.08685110967594693
-0.26604277169346663,-0.3882077822550927,0.10904789294929612
-0.21716498255819303,-0.35782052033235606,0.10472648775473034
-0.21345023715036418,-0.3204154792121352,0.09042691914167887
-0.1516267048295309,-0.2929295796360617,0.11702415716147892
-0.122,-0.251,0.105
-0.08963797053529467,-0.21177115224630383,0.08916521712242995
-0.0496528269280312,-0.17159477338727053,0.1030621133748075
0.005837673404617941,-0.14969590191509105,0.0918014773586207
0.014874152591441,-0.11680714025325784,0.1069218462048813
0.07793822319790766,-0.06816205347102285,0.1041207755422698
0.10460921695799559,-0.029319122138809835,0.11900265096982623
0.1429187140734615,0.0007963012721084548,0.11077447929824387
0.18364630138554056,0.04086601496363022,0.11292779142300081
0.21058544787536088,0.07079769914899608,0.11823802603309332
0.249,0.12,0.105
0.27630822564088026,0.1670177164919032,0.1309406801051162
0.3178607070098912,0.1931750131996016,0.1339889883746268
0.3626322875280206,0.21509155334320695,0.10757280617915276
0.3801506696194203,0.2600395796311113,0.08946815845100284
0.4159203579479924,0.2856377296416238,0.11456335323471582
0.4377739566311207,0.33167091335628124,0.10340034918393322
0.5065832957403893,0.36182076749500824,0.10026478107439793
0.5333653699845862,0.3881433214982284,0.10068144172756234
0.570497530558383,0.434647430102113,0.09700375856019003
0.603,0.473,0.105
0.5835083527144106,0.4496237690776317,0.10789368809767776
0.5654985301228146,0.41338532815465107,0.11596473590247025
0.5529349072064718,0.3927937326996136,0.10131528642311305
0.5340584816787133,0.3794650493521821,0.091883773941691
0.5359143191723259,0.37792369399458464,0.09749552312751368
0.4923647378050813,0.32905836052862036,0.10740573936593224
0.47647037350503035,0.3133732154567543,0.09336741383691308
0.44089524629225185,0.2764003063127814,0.11080642095828226
0.4480316818445843,0.2915613486242105,0.11579213041744404
0.428,0.235,0.105
0.38879685577173406,0.194980109588758,0.1052284034462319
0.37741903644047914,0.17519807864186554,0.11953949401867563
0.3243437863479399,0.14276452555586294,0.11668068617564198
0.2977268382090805,0.08763030050146153,0.10987385280930902
0.25354325310621467,0.0625705179165588,0.1132461976135733
0.20609458291131585,0.04062733995086973,0.09100074188715701
0.1737737763299873,-0.003475914985532196,0.10557222466969808
0.13924479097448805,-0.04596437162533374,0.10341359555648391
0.11261595064477724,-0.05943311911497975,0.1045902475074627
0.075,-0.118,0.105
0.02366874571574494,-0.1600784013778733,0.10372309810074207
0.007946282495003756,-0.20297035115179352,0.10977819829362155
-0.018121571665590756,-0.22971985021237687,0.10912579851097337
-0.0684112033842254,-0.271838512554912,0.11601499009632894
-0.10486480670157453,-0.29898407702507446,0.09252503126392837
-0.1448127800324221,-0.338032935745951,0.11715646341349538
-0.18807186674985704,-0.3889180697026068,0.12186705104701463
-0.2123182873593659,-0.3953617973646353,0.11300185006500099
-0.2702734312924477,-0.45649653454547684,0.09994795970511507
-0.297,-0.49,0.105
-0.30212188506132337,-0.4951521836326461,0.09777325606253529
-0.28727914394552756,-0.5193865462645667,0.1090468628596572
-0.29921637206952684,-0.5126204923682893,0.1104985143705852
-0.28137219894043974,-0.506144263644964,0.11863419186908947
-0.29584319768336714,-0.5190102090511881,0.12956025633062274
-0.28846200422924834,-0.5073579023386467,0.11022965949076349
-0.3034119048753682,-0.527768168096424,0.09818988819020201
-0.29372960203193266,-0.5428299780392385,0.11677251925525739
-0.2962146573863034,-0.5357080023431787,0.10206912465764743
-0.285,-0.541,0.105
-0.27242957689777225,-0.5013872099519385,0.10524350101557692
-0.1948707606202399,-0.47781243948672736,0.08464922173489497
-0.18616518969135384,-0.43305822697876134,0.09738767809629414
-0.13334403054264654,-0.38831756547217977,0.0976425154032851
-0.11601532411022596,-0.3488601915115546,0.11066250994787499
-0.06813789826749424,-0.3370132013150048,0.11230933371039861
-0.06003263984585338,-0.2883751503642442,0.10991420434128489
-0.01127918845390963,-0.23949958456094428,0.09686818219333802
0.019636675655259415,-0.2339238290042552,0.1263358396575464
0.069,-0.188,0.105
0.11028419683544136,-0.16187638180820618,0.08994257235969257
0.13446761157252798,-0.12785671311266325,0.1160044714542136
0.1718711662117048,-0.08191300616909786,0.10040920806002182
0.21861637780905704,-0.057511336458304,0.1121420330859289
0.2505442794587913,-0.021960499289202365,0.08948637261076717
0.2737719167056509,0.021430010367027384,0.08668245529258768
0.3140226233496126,0.06731938182560936,0.10678271164279372
0.35368753586801693,0.09011012443624052,0.09456294914186916
0.3867737816412282,0.11044509262587755,0.12235572270869899
0.422,0.166,0.105
0.4603628103589526,0.18129832285826658,0.1090617603536511
0.4537558741837103,0.1704069594504646,0.10188021926970733
0.4680612032289384,0.20649623975652953,0.10864409024231655
0.46099947937140234,0.21594877788661412,0.1088855961778785
0.49453543017376844,0.2184700147665269,0.10871312953530878
0.5197506401817915,0.22482300971927974,0.1306834104556166
0.5476714528100627,0.2262002003951791,0.10503028018767106
0.5662367519412215,0.24008677585920105,0.09959719995482649
0.5823331611660905,0.2458552605734033,0.09867051679390983
0.591,0.271,0.105
0.5488616708286415,0.2287279270009335,0.10797656571193578
0.516882687641188,0.21734421392187486,0.10432252546005094
0.48652940078841483,0.1754158032820874,0.10239786799209728
0.4519803636865177,0.13648361144318383,0.10652256073588501
0.4197526479505251,0.09979647085762366,0.11803912764773798
0.374673463227031,0.05579028855056044,0.10833268719216238
0.33937329176424746,0.026425624882257522,0.1100666083490498
0.31245029384349937,-0.005063994168283783,0.09957138750256503
0.28500047864617384,-0.03998024968796171,0.10352451353925499
0.237,-0.083,0.105
0.19295824521147834,-0.1105467190140256,0.09959863191908244
0.16272630327688584,-0.15371969351893097,0.09400670089911725
0.13382432144383802,-0.18929494955720555,0.09363387484916187
0.09471269017049382,-0.21805692585101927,0.11234109672695768
0.05502665495237332,-0.25347250974247526,0.10745752736727814
0.04189520678803631,-0.29091893479869824,0.11661599439266289
-0.014344608811410588,-0.33944646355594943,0.11438388339007745
-0.05381138424163394,-0.34518423185452835,0.09395098381351524
-0.0931662301360581,-0.40089701142880907,0.08887126220493799
-0.116,-0.436,0.105
-0.12641988628638676,-0.4446481612062201,0.09795501712362527
-0.13445994340110465,-0.46399083349583875,0.10393756906166879
-0.14589309817260326,-0.4982836094302463,0.10662711714464455
-0.13863465128502817,-0.5006458496739903,0.1024255290621968
-0.1532114354279618,-0.4974894307777482,0.12188075077940738
-0.16727446598796217,-0.5205459839146033,0.11319380835650023
-0.187258881066077,-0.5662932007437931,0.0912357912331651
-0.19874392918799505,-0.5666735479223873,0.10713515737466946
-0.20259075945977342,-0.586586434516256,0.12038443409007696
-0.211,-0.594,0.105
-0.1660800333413868,-0.5416864603419335,0.09708155064094262
-0.13645497012943755,-0.5327325181661282,0.10375802748943172
-0.1036587190022128,-0.46625376530996016,0.088692434879419
-0.05502829158507733,-0.4405784155417125,0.09292030739857049
-0.022274841060641086,-0.40781716474811397,0.11403380667252669
0.02417085748921794,-0.3768285609490148,0.10451666633185713
0.057032296021595284,-0.33997920848744073,0.09364186191728852
0.09563004741797851,-0.29657264812990364,0.10203038341729877
0.11363830258668038,-0.2544054072632919,0.11180817818280112
0.161,-0.223,0.105
0.19908639542103454,-0.18196029358801005,0.08498410106232902
0.23557233690387355,-0.1365244349765423,0.10238600568312758
0.26981517387076354,-0.12816197698079498,0.109581374005806
0.29829114386131234,-0.07594177477348066,0.09918826486532961
0.3326590279649466,-0.036185041007942106,0.12235850680369184
0.38369523538597106,-0.028043222875484032,0.10600768801003134
0.4023264670941174,0.013932366959588773,0.09787908970704412
0.45179224170721083,0.05354651746902005,0.106254197346731
0.49763737769205385,0.12369556888341987,0.09373390879563002
0.514,0.13,0.105
0.5094966190080255,0.13543312524394285,0.1177185486332612
0.5295069202589949,0.11860668592153636,0.10393378241764839
0.5082097398254863,0.11396526064957486,0.09288800133873015
0.5211238111757589,0.11442069293650269,0.11182665097656468
0.5181029174291432,0.09781310878255199,0.108833821361053
0.5144775001083485,0.11533689891264921,0.09896136906558958
0.5099895041637887,0.09498509482906477,0.10993341047638538
0.5070231731788035,0.07086689374614169,0.08762599793811365
0.5058247695851659,0.049568991575779375,0.1134930520804561
0.517,0.069,0.105
0.4901744544657655,0.03220893050692785,0.109411100449763
0.4540279515148744,0.012186239165516762,0.09148211936900333
0.4052684452090585,-0.018605135462693437,0.11051531785343767
0.3889814780003873,-0.052347402544610185,0.10447995053632933
0.33533067881531753,-0.13115294227800053,0.10281802085685092
0.29689277610992754,-0.1308488438838824,0.11314228924996507
0.26511132803098586,-0.15772621529395167,0.11735001179805685
0.22424882449451206,-0.23543853728813338,0.09395825443119041
0.20424442242235535,-0.2308342667489652,0.1001892099328803
0.163,-0.284,0.105
0.12579245189392757,-0.3289678255207742,0.10739681475384144
0.09279504529782888,-0.35164116007288854,0.10467630549983753
0.057942137970554815,-0.3778823929917197,0.10069690019423393
0.013026839431298448,-0.4202839928843653,0.09621985801894369
0.00043127496541986096,-0.46773549866202124,0.0942128284410005
-0.05975856771874533,-0.4872533494798899,0.08695674160450914
-0.09004221230343618,-0.5454688235372213,0.09536148618402025
-0.12131641220202721,-0.5833750664668302,0.09901794117393213
-0.14707445537925953,-0.6142043712580098,0.1139437091732919
-0.19,-0.638,0.105
-0.14722706641066874,-0.6003033655977583,0.09893427717799043
-0.12240661827663066,-0.5761595962905082,0.0976973694325062
-0.09097477798658826,-0.56170996091293,0.11645363746659547
-0.05680798951003788,-0.5421716636626542,0.10941227561840686
-0.04150641969846695,-0.5136631000813684,0.1367746453445685
0.0014980779970783778,-0.4544584399982985,0.1091956769531601
0.03844880801629648,-0.44426522601413354,0.11382309469450698
0.04825117944211255,-0.428632730547619,0.11087944563397495
0.09456001408477549,-0.4055611585635592,0.10043871383836024
0.136,-0.375,0.105
0.1745421478464626,-0.361671455887248,0.12016105427695836
0.18931231586768127,-0.2950697410572307,0.11073204637147652
0.23903053892596665,-0.2700305137626348,0.11161249823369457
0.2794794040793328,-0.22860597491780366,0.09983621654198517
0.313550804426386,-0.19582877070874122,0.11079826274433066
0.34072430118325736,-0.1661113017886864,0.10357677211317474
0.3724463611020814,-0.13652672528042312,0.10435687744931091
0.4066901207569586,-0.1082741127069172,0.12082782349352136
0.43631969022414696,-0.052916425726356076,0.11641228565829395
0.49,-0.022,0.105
0.5022693699883817,-0.0157901289124869,0.10272793472392289
0.5072175384841842,-0.02499460535589246,0.11656541434070382
0.5141400371651323,-0.027235432338180546,0.08318280940955601
0.4953471578422086,-0.02157844783366116,0.10008472335118075
0.5142339718639051,-0.01728540628240332,0.10595689804553893
0.5238998918262648,-0.033810207456442296,0.1034802176739146
0.5377669482629848,-0.02774802773593539,0.10938841101500191
0.5232585051198188,-0.01708261800392017,0.09544262468867085
0.5443399899871139,-0.045896085303851766,0.11733869757283266
0.541,-0.033,0.105
0.512982686793028,-0.0693634950790771,0.09952323500195828
0.4706394641612256,-0.11850754846929648,0.1069825849198093
0.4264869520945771,-0.1442110336418314,0.1048633672011629
0.398327251562654,-0.1676295359270416,0.10726466586004585
0.3721521229057157,-0.21729531776969752,0.1041515143721533
0.33254847470618426,-0.2384009993952866,0.10376984293480938
0.293906906011424,-0.2605644135457458,0.10846883303277927
0.25194544628890486,-0.3175963702763268,0.11162139206455354
0.24742598302567742,-0.3490342341169985,0.09860876616355738
0.188,-0.387,0.105
0.17200903299887094,-0.43061497129245907,0.11117614820627408
0.16348437144366146,-0.4454726570235426,0.1049815318588429
0.13399554426583576,-0.4733779862584764,0.09355912655737092
0.12591074268712205,-0.47413990291681996,0.08449547422249415
0.09706933908930239,-0.5117855460309414,0.0930605287065575
0.06395583408354409,-0.542992368137232,0.11148300556146847
0.06547239286271898,-0.5446990468048463,0.12107422194645148
0.02913378622481294,-0.5872071680858632,0.08028294555476621
0.03271362437082058,-0.6122029255148074,0.11741802689177758
0.012,-0.626,0.105
0.055775864823426474,-0.5948189218414888,0.11427399774038172
0.10081483186074366,-0.5609230933146359,0.09330830053492592
0.11871117222467478,-0.5389045052159206,0.09335272667593972
0.15477154961733625,-0.480329941859652,0.1150082609855537
0.19255187083137223,-0.46149883635214445,0.1071198085874751
0.23031080351193228,-0.3965647960331942,0.09918432718364129
0.24539359100844765,-0.3733735796089999,0.10376049980502904
0.3090898779085095,-0.3481275794273346,0.1065602370006957
0.33459178005297713,-0.3223250504328511,0.12186004309876783
0.366,-0.273,0.105
0.3895860305461877,-0.24738631869089345,0.1099479445267762
0.42722553437772864,-0.24092617011116846,0.08995410052348547
0.44677910362716844,-0.20700590879074432,0.09080988453221965
0.48395412352930145,-0.17115812215511383,0.11102968904502472
0.5020044584105092,-0.1439844467532691,0.11396015407096971
0.5444610304548606,-0.12450248448832724,0.1237557385047252
0.5775675312210017,-0.09411893988380067,0.10513067130462092
0.6099965513586366,-0.08139819108350915,0.10533707350319856
0.6598641181801277,-0.054591181726574366,0.09810833154587867
0.665,-0.037,0.105
0.6122950402977846,-0.06696821996320004,0.09424543883106783
0.583463183084209,-0.0997872008040015,0.09173028780116674
0.5644863177126728,-0.1377511793690261,0.105103141101351
0.52247913659945,-0.17997463875837985,0.1124023461266156
0.48323498950888727,-0.21139487940886878,0.10471193221206399
0.4467108876840494,-0.2409287125702589,0.10422979268978771
0.40899065975133614,-0.29315670877363575,0.08736377707600153
0.3811523378083203,-0.3263468447963573,0.11058317731725313
0.35569952775691405,-0.359417622308995,0.10077358517338816
0.312,-0.391,0.105
0.28431926152333026,-0.40986277309716207,0.11043293659203159
0.26556860111717434,-0.4377573499272453,0.11692536482314139
0.2441030125448739,-0.47886748427713766,0.0983803425893705
0.23897661089024566,-0.4705157349568413,0.08669478129569218
0.2051704478111585,-0.4991677308114229,0.09662069137027178
0.22209424144510492,-0.5506994447598959,0.10973818403912014
0.16680229830707116,-0.5515748393876209,0.11144750915196897
0.13590496687278417,-0.5963589860448475,0.09935485192655498
0.13464939438921916,-0.5869415094802537,0.12483387190804322
0.125,-0.64,0.105
0.17142573387547802,-0.5880051258080967,0.11948621376676258
0.17174008712950894,-0.5689923526672418,0.10969459066113632
0.22924475710550848,-0.5222073555460401,0.09044391197995091
0.2647462906461068,-0.49423061733255164,0.1032192714187638
0.3347971654952535,-0.4708374891916451,0.11485803084408415
0.350695161319365,-0.4256787317613709,0.10729262219762609
0.37775123206237876,-0.38660282848240224,0.11600347857937864
0.4314273596263519,-0.3510231852584078,0.10546840206140363
0.45687806422930566,-0.32027391674536515,0.09764939790531171
0.497,-0.269,0.105
0.5046960058354826,-0.2719424893405127,0.10636424235953375
0.48711311407456287,-0.27644883756005595,0.11766110726865413
0.5093406273415099,-0.284122727193841,0.10136692586060111
0.5131988112842502,-0.28700142724428057,0.10617642259756357
0.5324377277884209,-0.27806763328674255,0.10241402409321859
0.5147985310915884,-0.2936721795089855,0.10858218973606538
0.5451159089637496,-0.2906477816842783,0.10765821793518662
0.5137435780859577,-0.297635151732481,0.09766949065983818
0.5309697311279089,-0.2916991063212556,0.10293700566729239
0.534,-0.295,0.105
0.5087766171783549,-0.3139833534420593,0.1170831309375413
0.4725291144127077,-0.35759891418489476,0.10939604812086548
0.4156573255913017,-0.3916768689045561,0.11601772893384295
0.3927305711512208,-0.4270636011460441,0.09711066250605556
0.3401508179021091,-0.4906688446407065,0.10936547155331809
0.32241435705156196,-0.49884117686864904,0.1269925346983406
0.283687005661335,-0.5588164407967704,0.09581683617257725
0.25899647444325713,-0.5867639737062037,0.13183499968819526
0.2119588898494259,-0.615145117205837,0.11230749838465706
0.181,-0.649,0.105
0.2190660814155662,-0.6245869302385576,0.10291736102992592
0.24796522247093186,-0.5995300065054201,0.1081023560669761
0.2706343858718965,-0.5748507347252025,0.10427304948112129
0.30601619831510196,-0.5412031327762512,0.130507130283329
0.34911006388569854,-0.5152356322519677,0.1181858249507964
0.3732752083158564,-0.4921226607243063,0.10216043890544792
0.4050454110333897,-0.4749748751638131,0.10764596320535466
0.4442045751338714,-0.4457710839027246,0.10149617147805377
0.4781866961493451,-0.4000245632657319,0.1063427287403019
0.511,-0.382,0.105
0.5324669050915327,-0.4046621423993137,0.09992662936545674
0.5131156273095866,-0.39845509640905896,0.11512756813668047
0.5071926214019246,-0.3947680556826057,0.09367054139309033
0.49729124410345205,-0.41040539523174546,0.10876168176848917
0.5137262199643042,-0.4147694433713005,0.09925253158578101
0.4988891241557287,-0.4123083723380808,0.11264139601200472
0.4993350288365374,-0.4471902170413157,0.11191250742721644
0.5010246144573065,-0.44544552268386883,0.09294805107023452
0.5015865703709586,-0.4672837373201183,0.10488660779544172
0.503,-0.454,0.105
0.49241284830625426,-0.4677303987848712,0.11597543139465594
0.49428951249085246,-0.4865736330805059,0.09608517743023981
0.4718515361214782,-0.48810140129333573,0.11908542624634144
0.4798434949300615,-0.5146114333094917,0.09379413989807205
0.47807004788036916,-0.514634709020435,0.09083744728852804
0.46131414289643496,-0.5126366082609871,0.1272922391097957
0.4550032127547298,-0.5444488525990913,0.10868487139947591
0.46856659357480757,-0.5314101681753637,0.1093967261243236
0.452545758909038,-0.5597936451273092,0.10624227263278105
0.444,-0.577,0.105
0.45663581069299164,-0.572525112888419,0.12150609335767704
0.4766166918091772,-0.5639911352165748,0.10782391201682306
0.4889413466248198,-0.5510777863676333,0.10919707676154733
0.4973188215248931,-0.5670080193628019,0.10587590479086094
0.5265428275195343,-0.5297013338847585,0.10753862321140314
0.5298394965800852,-0.5080297424099232,0.10701171626168424
0.5539971607015501,-0.513671199925151,0.10187758688353139
0.5572615806419259,-0.5081491066959364,0.09760874118278026
0.5688507340116907,-0.509853063878383,0.10449374292536742
0.587,-0.497,0.105
0.595985856998112,-0.4959997673431305,0.09772804189173205
0.5889691763936902,-0.5145035316401019,0.0978507060062724
0.6020532827723463,-0.517029901329291,0.10445602341792787
0.6137150907702539,-0.5391498951431761,0.10020342381669177
0.6011740430272814,-0.5330916251443734,0.1091346305843423
0.5885581535298531,-0.5360774407042159,0.10479870654163578
0.6098177704521671,-0.5229376213507844,0.10946566621021463
0.5836527113213081,-0.5371786582868598,0.1236828426965522
0.586634124517041,-0.5340351557978414,0.09320151066920188
0.613,-0.534,0.105
0.6175635169826293,-0.5342231043730463,0.11351908744383295
0.631494240246559,-0.5367467626845971,0.10068801345640317
0.6488405549742131,-0.5688785248660619,0.1301364393248014
0.6436859402587073,-0.5652911758468118,0.10500331272839662
0.6457295731826168,-0.5589728157626342,0.1040952281474564
0.6304440005225176,-0.5811770723245947,0.13577871291665908
0.6542367791971473,-0.5838000764826755,0.11374575037349782
0.6552648231821382,-0.6060920016732021,0.10412065936632146
0.6730035851381992,-0.5955269838428119,0.1041028311437694
0.669,-0.606,0.12
0.6868005511994918,-0.5888274453440425,0.10479479197157653
0.6644367173216161,-0.6021654640782662,0.10813535642377561
0.6688840406592297,-0.597080131244415,0.11810629292380549
0.6474081765023258,-0.593127901692008,0.12549602936909707
0.6800412446121409,-0.6040650817203442,0.12752407935007262
0.6761033295385988,-0.6042561763786807,0.1320152990825958
0.656960573633693,-0.5840342365575564,0.11085355162730516
0.6656250391918896,-0.6132229757901628,0.11372911408729053
0.6722114641193327,-0.6103491256149326,0.11990860919090053
0.669,-0.606,0.12
0.6677650806393276,-0.6202488942003089,0.12158394934803997
0.7016013518447981,-0.6157852751603534,0.12647718325022914
0.6725676417389556,-0.6098548911987322,0.1198620685088176
0.6611714500219679,-0.6026351463642373,0.11721103124295376
0.6613191871351995,-0.61418423284751,0.11662929641682737
0.6632355513316507,-0.5952175946883852,0.10675371751484597
0.6593188646402063,-0.6295835469573079,0.12975490981293886
0.6570080604490994,-0.6089662139094404,0.11665327915738541
0.6649902813882994,-0.6003406339287407,0.12838089624287377
0.669,-0.606,0.12
0.5983479234549739,-0.6027280097152432,0.13720352080800807
0.5170461476138478,-0.6206478152450642,0.11388255302952355
0.4383992865038504,-0.6198769792984803,0.11053707890773713
0.36631661035085045,-0.6282228596028143,0.1201264090132566
0.29088957749186395,-0.6463526696887965,0.1196996875255626
0.2112763716332259,-0.6370639470651207,0.1171033633482814
0.12912749794303585,-0.6487513318577776,0.11869877793244861
0.06463167865012523,-0.6469392054070092,0.11766747254042152
0.0034204573218061807,-0.6513196646761652,0.1282317932951088
-0.101,-0.66,0.12
-0.1588326296113989,-0.6654851701033335,0.09226351112908435
-0.2162163012962238,-0.6699596516013838,0.1216971699525756
-0.2908963030501148,-0.6679133805705699,0.11900472409085125
-0.30082792670514014,-0.6784097263641152,0.11349008154926735
-0.3643963878428704,-0.6687962923621723,0.11264966700933347
-0.40020684708530596,-0.6705782033280293,0.12103996133831933
-0.466914807132785,-0.6663652883359923,0.10454438133442223
-0.5281405585584972,-0.6628981077928091,0.10832746608816085
-0.5659999213457277,-0.6624461988028643,0.13505329643010244
-0.625,-0.669,0.12
-0.6047705696795576,-0.6291461679582424,0.12591714179986555
-0.6264565052570777,-0.5807977500296125,0.1367087017937963
-0.6469115356891872,-0.5456243726293536,0.11875957571037166
-0.6601853666061941,-0.49822241619945723,0.11283963781027617
-0.6787317456158025,-0.4439924567591229,0.12025439184971948
-0.6467966078657106,-0.4037281541811823,0.1356849894458344
-0.6557856058894523,-0.3537886844937622,0.12143927156494465
-0.6665626029661942,-0.32300706333754414,0.12227805608871169
-0.6688118769915572,-0.26702809595422944,0.1153870305590346
-0.669,-0.218,0.12
-0.688149446668107,-0.16224833032792751,0.13052740185372624
-0.6756483960980596,-0.0938434220990048,0.10042460444909723
-0.6699602065155089,-0.056689478771946474,0.1328024322207829
-0.6792167096092157,-0.0053553439124657785,0.11721416521606683
-0.6689427740923889,0.03943075840124108,0.11371828345516363
-0.6548426062022455,0.1031936901238372,0.11335959404995186
-0.6717411717872462,0.1500729547446743,0.11586412525575991
-0.6657188894674222,0.1994694703263569,0.12109246491404185
-0.6981446175617584,0.25556246627608065,0.12252499039406783
-0.669,0.307,0.12
-0.6640542133128288,0.35792388485872156,0.10385926141809201
-0.6311600535410636,0.3932756994331229,0.10868366265175333
-0.6260405202607259,0.4087123174719039,0.12919431090968014
-0.6272363749778802,0.4540961740206926,0.12201360947291832
-0.594678662061138,0.4923373164957798,0.11626498907126938
-0.5959195383894076,0.5345353206753973,0.10789457551493455
-0.567901774569139,0.5558725992232991,0.12851860869389964
-0.5692307574935321,0.5932537346610119,0.10170058360446552
-0.5645636165447789,0.6457223141125435,0.11126203401830843
-0.537,0.669,0.12
-0.4661769283144247,0.6735380094357877,0.12561693060586152
-0.44207208115733665,0.6648595889205373,0.1183133056886114
-0.3990036347592629,0.684296360554631,0.1314297577928685
-0.33723863774552915,0.6921019559659571,0.11826376884738811
-0.2828063287628377,0.6587946273844789,0.1160895481304817
-0.2432788901610595,0.6675025736602453,0.11673740569108798
-0.19351198046856055,0.6608174012388246,0.11779430487920367
-0.13795379422631876,0.6708610752377275,0.12097625056500907
-0.09185466069408948,0.6682990108102808,0.10074166623147823
-0.037,0.669,0.12
-0.0001314727406084657,0.6696545172418994,0.11302718287797564
0.07691156544875584,0.6662127676503665,0.12369328074080992
0.12847459980241283,0.6754897914172655,0.13883144124608307
0.17264353242199407,0.6632578274298778,0.11592326919365417
0.19122324855367281,0.6779834980007104,0.12926786837913953
0.27950481635842567,0.6589209641413815,0.1288420581650183
0.316483710550007,0.6611032799869452,0.14499410709321012
0.3549644890423082,0.667761406046056,0.12277459684156453
0.4177207857470994,0.6870255266200009,0.12107570079741684
0.463,0.669,0.12
0.5120131589780632,0.6340090537995889,0.1287330258776338
0.5047124465589701,0.5979996505031245,0.14221786677515733
0.517061314161936,0.5676680900320276,0.11546764149342278
0.5231783241034607,0.5419492079550414,0.1267480820683154
0.5553029686263805,0.5072572969643484,0.13106369192417683
0.5842804191223842,0.49319235459282795,0.1285991700191672
0.6133849563178745,0.44609681353005437,0.13460304105919946
0.6213735786583742,0.398819420354169,0.1182954307232194
0.6576467923812416,0.38143341614784015,0.11207460646004704
0.669,0.356,0.12
0.670917512182277,0.29832602102863565,0.11771885912356943
0.6835047482120666,0.2629095516380806,0.12211996473209981
0.6616740759757633,0.22149792595965603,0.12409889813446125
0.6626481515574109,0.15336833844205544,0.12519608986560707
0.6849159484380591,0.10194617566647926,0.09967615387010019
0.6804324782185867,0.0646292298618684,0.133424015434199
0.665084780754935,-0.011616891304425093,0.11402355456679489
0.6779904591721894,-0.04630616390810377,0.11001504816502264
0.6637683281225115,-0.0999077955676192,0.12199696467042435
0.669,-0.144,0.12
0.6578479372551077,-0.1806066014232782,0.11687133454863965
0.6692945119970102,-0.2397812192652406,0.12104596216709035
0.686806449625635,-0.28607795187769147,0.10230642505572737
0.6828173820922497,-0.3354527330623473,0.12970616439820223
0.6833976657747841,-0.37525822114259183,0.11873803048939933
0.6754482796983807,-0.4339376442267714,0.12220192292001836
0.6655576871461377,-0.48309366866946046,0.13563035408258758
0.6686432705719487,-0.5178013150470443,0.12234580599215847
0.6615835761539236,-0.5832539045826969,0.11353018485346301
0.669,-0.619,0.12
0.6187388365017644,-0.6469864980122544,0.13040443378098954
0.5841859511241303,-0.622031675173606,0.11942914252352767
0.528398321099012,-0.6411619148878084,0.12766097195720583
0.4767025519371753,-0.644076678681528,0.12019223473129598
0.43758189021168004,-0.6560144323532124,0.11468949871703968
0.4056461327385009,-0.6401776803519874,0.1350604491893301
0.3434923880735238,-0.6586335456082536,0.1253122108756563
0.2929699316653261,-0.6584267491630948,0.12528415522926725
0.2569568909762661,-0.6560799483480303,0.12872807755347543
0.199,-0.669,0.12
0.1475599469060577,-0.6705670510420031,0.10573254477724293
0.0974798004257623,-0.6622203129081128,0.1280520916912407
0.04143016993096334,-0.6622810927924613,0.11567191855650753
-0.013686829000754823,-0.6760134751689676,0.12840805448510384
-0.07564744323898523,-0.6787906074657593,0.1335436793515144
-0.1086177825838074,-0.6567075513699411,0.1234143745458649
-0.1572821603912958,-0.6446556491999667,0.125136132776552
-0.216127337618853,-0.6450036823225025,0.12790583400117497
-0.2689734856647171,-0.6436085497486418,0.12190585534811897
-0.325,-0.66,0.12
-0.3357266734179551,-0.6561473887282394,0.12272817950951755
-0.3619346258557668,-0.6418119749052699,0.12898253817073513
-0.360882514449201,-0.6574397695893307,0.1376854899450216
-0.3882755152208771,-0.6397559744541979,0.11405014559659604
-0.39460401517639715,-0.6599238124154697,0.1281472724914771
-0.39032052305378717,-0.6375285325299191,0.10203811409177874
-0.39822129158003916,-0.6193519739314883,0.10797288511750561
-0.41319342842787266,-0.6273190320080769,0.10713563267672407
-0.4319417668206705,-0.621255057699237,0.11758510100024128
-0.438,-0.624,0.12
-0.3924485109387883,-0.6351219983512658,0.12186128602111954
-0.3329479347390252,-0.6343989406813849,0.12753684175230173
-0.3051378483238507,-0.6309753425903557,0.11275416692160578
-0.23236694801521146,-0.6248354750064269,0.11962984369410205
-0.18110664060946421,-0.6372176237456574,0.13158440881971745
-0.14760490759606903,-0.6266331675030183,0.12810125246221726
-0.0768053228766794,-0.6267516959715669,0.12541979031851305
-0.0349751925462844,-0.6144688849833535,0.10689742500882383
-0.0005991666703750731,-0.6389021531369512,0.1258291206862137
0.062,-0.624,0.12
0.10887220207552599,-0.6135039543155779,0.10786357680072743
0.18573041289107473,-0.6138567663134864,0.09544245307214203
0.20506546109259444,-0.6290261804888949,0.12496157884880285
0.25384011428795183,-0.6391808965929844,0.1098062954013515
0.3079634490194738,-0.6176493874398773,0.11406536887854862
0.3511498039393535,-0.6408923877315233,0.11758905957666611
0.40235576818085056,-0.6041198194679727,0.11180614630214522
0.4707056175198928,-0.6347005088268521,0.11689890379685836
0.5245330330830017,-0.6268470784238761,0.12141964993938034
0.562,-0.624,0.12
0.5185992282780928,-0.6168521659771411,0.11234737238115597
0.49751740299834774,-0.6078633725170599,0.13250238646808182
0.4784525990456597,-0.6128180936563354,0.12492626077525189
0.4700276115489731,-0.6011488668559868,0.10178266590790364
0.4369493839255359,-0.5996644740725493,0.10728433334784745
0.4217118006176716,-0.5955331640949557,0.1116370416927388
0.4090551382028775,-0.6093412123829105,0.1152875102167708
0.36403227563169144,-0.5932895516347247,0.12838970884974407
0.3471735783139113,-0.598304430007804,0.11791469639201536
0.329,-0.579,0.12
0.2784958600450061,-0.5720379082892174,0.120698261248755
0.22508031394461092,-0.5685860050845597,0.10689928356113677
0.1899077902139076,-0.578648000031224,0.11449255010565051
0.1226843644847951,-0.5972454183504491,0.09952831347486991
0.07141722590101515,-0.5686237687356187,0.11299115976442853
0.01693829161194242,-0.5891594949868855,0.12358036619384387
-0.03453637285028801,-0.586947169923095,0.12044114671800192
-0.10319493940381312,-0.5823889421808742,0.10606161745077355
-0.15036669908130113,-0.5859203612282954,0.1409971741027171
-0.196,-0.579,0.12
-0.2528150081400067,-0.5793294812763767,0.10904419997707758
-0.30146685494575914,-0.5757689832220528,0.14295116992108942
-0.32818321827109626,-0.5557913834626796,0.12480905938187115
-0.4038923232975429,-0.5834578459657133,0.12439004243798366
-0.43796689738230604,-0.5742358377287763,0.1250407388950735
-0.47940478014746485,-0.5685618864091908,0.12661069133486516
-0.538748733836058,-0.5644166854297714,0.1237400702828338
-0.5714858930349008,-0.5659128149548592,0.14140937611845553
-0.6278677891506012,-0.5569210495502774,0.1319125155789026
-0.669,-0.556,0.12
-0.6111867084955258,-0.5431756418929584,0.13025914427077215
-0.5886183740288964,-0.5429868425383143,0.1202299843459018
-0.5317331474774196,-0.5564980022464117,0.11897547771539582
-0.4650953563206484,-0.5274934124161619,0.11048907999653354
-0.42885927162303095,-0.5419137545266991,0.1107590892328241
-0.3772937974330963,-0.5499134128218356,0.124943019154233
-0.3282966398298712,-0.5551174383003107,0.1262401845041939
-0.29130212332396394,-0.5312271727739661,0.12139562383840892
-0.24799348847837335,-0.551120215189109,0.13377431222519567
-0.195,-0.534,0.12
-0.15107772541195116,-0.5438189960430933,0.12181406656937944
-0.10018903184047138,-0.532997951899943,0.11703782540035991
-0.04115486420274117,-0.5130166164349834,0.11285292004037435
0.01763915628808518,-0.5327491932206042,0.09861984530145278
0.0700227556614499,-0.5354068901625343,0.11510619214632115
0.10439633979173439,-0.5537625484278992,0.12045723064990406
0.14704113246217995,-0.5410846164822775,0.12808287218067144
0.1885602769099888,-0.5515315515853885,0.12489468196298929
0.2587038199592683,-0.5360781535023422,0.1285821508542256
0.305,-0.534,0.12
0.3346519913137534,-0.538569668346341,0.12434578518097195
0.3778911903567414,-0.5102251725981831,0.11821823559191026
0.3929797736723394,-0.504560339145232,0.11106544657293137
0.4326667245902028,-0.5116663772021586,0.12183113545813876
0.46179598202298505,-0.5039190578460403,0.11440273736979108
0.4547632182166016,-0.49483107541404775,0.13701488008903856
0.4820429265995102,-0.5013364740344465,0.12802834693988288
0.5257773711083498,-0.49544937694602603,0.12937369694510906
0.541610642066567,-0.5082927528174123,0.1029824349670352
0.586,-0.489,0.12
0.5317400524064194,-0.49503329224036047,0.12644127928924204
0.4664436278843229,-0.46287063232107617,0.11506358390654274
0.42377368328570514,-0.4907224046885077,0.10551322041309424
0.3692237168288925,-0.47478212880116677,0.13045601518780736
0.3105661794343132,-0.4943296278259867,0.12659162112419461
0.2697603451656922,-0.4920323337454077,0.1297578956902749
0.2036078619237147,-0.48394386731225714,0.11796970105655927
0.18139694025747347,-0.49382373085331804,0.12695964317107974
0.13364343512569768,-0.4855278880546755,0.11697562711764915
0.061,-0.489,0.12
0.0032490987859277454,-0.5018239493481165,0.11568436051330985
-0.03310718400326384,-0.4925904739448664,0.12515258834305767
-0.08874777731378618,-0.5041854074897629,0.13295588555793036
-0.11363335837344876,-0.4843737189454622,0.12520378951997305
-0.18369820704273163,-0.49744610224465197,0.10097726737867407
-0.22003465292385288,-0.4707214796933286,0.12546984692399465
-0.29256590191874826,-0.48423638882782843,0.12710526474214517
-0.3419040795008397,-0.5073960771515972,0.11299839826269821
-0.39252421069865817,-0.48519669348458005,0.11462141447560786
-0.439,-0.489,0.12
-0.43257225242884506,-0.47059409783110934,0.11384776555552271
-0.4414451412378751,-0.47251983472835263,0.1224047892963628
-0.4389299148198028,-0.47204316459292145,0.10304894841650676
-0.4764310107631561,-0.4652751632518028,0.10360623012349805
-0.4609712851127064,-0.4711375206503781,0.12510463412059003
-0.44334110946579114,-0.46596332957102754,0.11601241834495142
-0.42511833899123047,-0.4712064846371154,0.15785691555026177
-0.4658992309435561,-0.43967328441479997,0.11586729484967981
-0.44816083712217203,-0.4336404728017199,0.11469650748209216
-0.452,-0.444,0.12
-0.41044339889051634,-0.44329293221826993,0.12641482773460547
-0.35135421552726737,-0.45646017650501236,0.1179390394635325
-0.3104849181596802,-0.4548848863903848,0.13385968155140274
-0.24508600703877487,-0.44178076506488045,0.145555906041146
-0.19613800129451267,-0.45164249483030333,0.11022098402957943
-0.1534807389345929,-0.44535479219221963,0.11825881403664136
-0.10662191677030629,-0.43462430610361885,0.12121313282515969
-0.0554768049363216,-0.43626939086482064,0.11459144929397629
-0.010547698646903882,-0.43297228057248016,0.10736431120307828
0.048,-0.444,0.12
0.08378076384344421,-0.44859672743819334,0.13055505902313938
0.14628019411641965,-0.4437651611397016,0.13037572038799106
0.1951997887244768,-0.4391963680985409,0.11826334180000592
0.27233239375456164,-0.4532994382763169,0.13080777708961144
0.30831986839625974,-0.4443033350660844,0.13671314119854192
0.3831976118871982,-0.4558322225206508,0.12584701486014505
0.42531763078162343,-0.4643498517854848,0.1349346671388451
0.46728375198150085,-0.45858691720124833,0.1133287037757122
0.5243303043278079,-0.47204006086960215,0.11850799807491545
0.573,-0.444,0.12
0.5515667645304708,-0.43916186969495513,0.12285178316405031
0.5186362254554049,-0.4375633876448407,0.12959406786206504
0.49504785935884543,-0.42410259379098,0.11898764200395151
0.45734781206339514,-0.4341533455522806,0.11131172396274612
0.45290857719151856,-0.42978740441549945,0.11952419136587351
0.42880971301147974,-0.40872479065262146,0.12551637373853244
0.3862829203474821,-0.4037339446170529,0.11898513871830266
0.36164306251503975,-0.41855196624105545,0.09710800326947405
0.33633968527514146,-0.40652613507918545,0.13073138586199481
0.318,-0.399,0.12
0.2587646610773911,-0.40564994013986555,0.12593932706594713
0.20999175845394571,-0.4002800030490557,0.11704598270024348
0.16169866400624397,-0.3852014776724842,0.12264961554586762
0.11567891776953744,-0.38527972974939423,0.10942810106354399
0.07873088868045029,-0.40389709089874953,0.13235380271406205
0.01147641288386296,-0.39798220983160787,0.11615199886882625
-0.05261356066553127,-0.39983384495595486,0.1295340446065376
-0.07816541835473265,-0.4196520688888795,0.12703487739876532
-0.13697883688172244,-0.3988910959989895,0.1156842001984026
-0.182,-0.399,0.12
-0.22968977908080623,-0.38934274827965837,0.1273523971705723
-0.2757361720504462,-0.3905343387738363,0.12498775696702136
-0.33185303776744246,-0.37380741841901355,0.1284858804030492
-0.3845047572816532,-0.40426972527404553,0.12735778040012768
-0.4070677977079072,-0.38964500590874435,0.1260940340127996
-0.4921956302571684,-0.40802809627314335,0.12307953250397397
-0.5142725333594937,-0.40012352423613107,0.14195186458463013
-0.5802842399498721,-0.40410985616870554,0.12764518806888642
-0.6252592872722624,-0.3968204140115615,0.12310328238142519
-0.669,-0.395,0.12
-0.6152601809776126,-0.3849869430814827,0.11470386309471103
-0.5661424892370401,-0.3860631504394522,0.12526683243259357
-0.5152816960365058,-0.3635619546930028,0.11674180572026156
-0.4877248996687715,-0.38722791194611406,0.12340583251213838
-0.42526122100009317,-0.3679936478038845,0.12654040305689435
-0.37926428840203896,-0.3695789695846063,0.11964156175277783
-0.3257458086662243,-0.3509307340461023,0.13407352988198531
-0.29007170407436894,-0.33731363681280974,0.11957763171955015
-0.2272565099009264,-0.3785015241826979,0.10392546538196903
-0.184,-0.354,0.12
-0.13285402161583185,-0.3528830931749493,0.10644225662171085
-0.11199436038367572,-0.37027706134761296,0.1140850122764732
-0.020369743383089833,-0.35143105915339296,0.11470264260136026
0.0173474229369367,-0.3369954366273277,0.11531551025325021
0.06051609408329525,-0.370107244480643,0.12475703104130603
0.11838217240144677,-0.35266928068660064,0.1303837485013001
0.17289742545959072,-0.3591803651531995,0.10852563545363142
0.22130597720452458,-0.33880041393605426,0.09749666191647871
0.2548549350785664,-0.3639061203744962,0.11249053677284782
0.316,-0.354,0.12
0.3371271230336921,-0.3519939187484606,0.12061757233565773
0.3737220825197492,-0.34974781490623486,0.11131399705819757
0.3965039666077333,-0.3400103866440902,0.1211765523247953
0.4107229577300424,-0.3269383044555243,0.11555793100807076
0.4490272757829055,-0.322751346173686,0.11220416178621204
0.4544400553730213,-0.32140108354160646,0.11955484596836441
0.4975149898126271,-0.3320506756634187,0.11476352901318522
0.52160036451522,-0.3404920606298308,0.11856547142002596
0.5443426424574048,-0.3063830551007939,0.11703604000334598
0.575,-0.309,0.12
0.5204697181637312,-0.307392475148304,0.11292040002863282
0.49425987169761765,-0.30071596054150485,0.13186076746286557
0.4052349045713528,-0.32337820628110925,0.11015308257389356
0.3849108491457306,-0.31780275614446885,0.1183644290472644
0.3495172393335973,-0.3151303205450509,0.11069677927738436
0.28317733822210517,-0.2973098214022927,0.10909701987499507
0.21234685591615304,-0.30901149330676314,0.12885356956966162
0.16373731773900735,-0.29954685823228633,0.13241758587084104
0.12226718603923045,-0.30514375379395203,0.10483467525222365
0.075,-0.309,0.12
0.027103147376848557,-0.30502344042907903,0.12079706682739351
-0.020438520895920978,-0.30902422566511356,0.11559427453623408
-0.05788746866639412,-0.31151208567013683,0.11749825795929836
-0.12869588340422256,-0.2934692622941874,0.11931046201303193
-0.16288609085053998,-0.32154126620079726,0.12498082203589961
-0.2439064128005184,-0.32870867048156116,0.12865777984384708
-0.294867421084796,-0.32070157585590625,0.11642751660647825
-0.31690020978368627,-0.3221240050173192,0.11047267065862044
-0.37389465611776135,-0.3120589908152078,0.11432235731866808
-0.425,-0.309,0.12
-0.42677166713510106,-0.3059379908444997,0.09476535264024083
-0.43272990766864294,-0.29341275755290214,0.12257571101180208
-0.4353040986173263,-0.29747271614411525,0.13038191462482804
-0.43003946477563165,-0.2849383848353205,0.1235358006045564
-0.4402846340663255,-0.28680690459899716,0.1256136530601274
-0.44421479962067995,-0.2881397492058111,0.13353591394092787
-0.4440404502021161,-0.27000039278556476,0.10716129867999863
-0.4296333395345244,-0.2675090779445776,0.12403701009015082
-0.4385893451062409,-0.2745792641457215,0.11338021223549191
-0.441,-0.264,0.12
-0.4094236391620375,-0.27358599363572755,0.10803276959614125
-0.32964950865854253,-0.27339520602660167,0.11136642048571564
-0.3028336699234201,-0.24552434799620415,0.1387728021650332
-0.2243148760289484,-0.26014806156392883,0.10806451078092955
-0.19817133061797593,-0.28829610533676303,0.11715711026009064
-0.14696064032438846,-0.2525271054513374,0.12638451332413572
-0.09556890707702527,-0.2686913149543474,0.11334129789384272
-0.058686817055777725,-0.2532778844719769,0.12283915814443222
0.0014676269745464996,-0.2764424336373899,0.1312244838302767
0.059,-0.264,0.12
0.09798230198714634,-0.26445154093943085,0.12010592390588501
0.17838840267235484,-0.2632868590953165,0.13697754075298318
0.21544969656633425,-0.2606121723166899,0.12156865155210407
0.26200212758646857,-0.24277721642450306,0.11450040773229027
0.30303302328458176,-0.2595688539687031,0.13617227006170662
0.35480771948900064,-0.2831912596937024,0.10652335867233101
0.40510069066253657,-0.2750560654525607,0.10990597664616253
0.4485288487953201,-0.26311282201287167,0.12630362887463079
0.4990300557445881,-0.2508362855664073,0.11522891887357532
0.559,-0.264,0.12
0.5224614297266732,-0.27394903676393345,0.13005798859832587
0.5168818911516382,-0.2356834689220783,0.12206001546701582
0.48431467784474724,-0.2523973993824062,0.14407246276050564
0.4631146035346652,-0.24000255176417823,0.10509196752282879
0.42546631616338804,-0.2223935930918545,0.12281233376669433
0.4323933350189853,-0.23395090430348137,0.11722625328239275
0.3967067296657867,-0.2188383923379396,0.11790317915110007
0.36433784273499026,-0.2387503536228572,0.12701822146848
0.3775855128348166,-0.21327330296416017,0.1301414935464523
0.332,-0.219,0.12
0.27810540284569873,-0.22859700968813532,0.12058269780070766
0.2454820394970273,-0.21757650887568006,0.10608922691274485
0.18315110939974416,-0.2379806020358066,0.10933965463001055
0.11115624941329746,-0.23365721018975283,0.11281362010342394
0.06393471163783825,-0.21499420567776759,0.11283642349615194
0.02770818396244961,-0.23421860320284038,0.1332486380792285
-0.05107228043034016,-0.1966698171990219,0.09805552263721491
-0.08520636428242838,-0.22452596420453808,0.13326476845172486
-0.14726144755187914,-0.23848721155210623,0.13219033307794975
-0.193,-0.219,0.12
-0.24699180263584275,-0.2002709540379582,0.1300575513445608
-0.28922459802641615,-0.22119261692788428,0.11451294343777166
-0.32972557497224203,-0.20198243597981072,0.1255401346426785
-0.3878238501152941,-0.18683062853336435,0.12267576298226308
-0.4380665735486172,-0.21571540930021457,0.11682545537731089
-0.4852242096639866,-0.2096387433651226,0.13603845212555632
-0.5214283679810127,-0.19394974279581373,0.13368476497113896
-0.5834298012958852,-0.19428023337657416,0.1156829194330911
-0.6195783078546998,-0.20928513134073903,0.1390861631462056
-0.669,-0.2,0.12
-0.6212238596018449,-0.19619854177740967,0.11965375778333452
-0.5859852735548813,-0.18363247875772581,0.12040861494557857
-0.5295439609706464,-0.20298148504951227,0.12517643218645966
-0.4713597519998014,-0.18276927598458476,0.10424837962544256
-0.42251315324376915,-0.19563362235357493,0.1199887784871984
-0.39049927737228995,-0.17283107207637458,0.11786471604049223
-0.33268521500507264,-0.16928724790187138,0.13656210057117915
-0.30401262607148044,-0.1744020734580005,0.11260195716688733
-0.24304302083025153,-0.169307695165492,0.13230243532937722
-0.198,-0.174,0.12
-0.15146057710782512,-0.1901526432898478,0.1107402265425061
-0.11091314080243819,-0.17276770728682944,0.1166555854828679
-0.05378330610264965,-0.1784425378023828,0.12557839752117977
0.00015204648379554928,-0.15553610334666648,0.12194255121063871
0.052722316823379876,-0.17831274392576849,0.12971870765652
0.1026865776820181,-0.172554437446553,0.11428373101710036
0.15891466374583346,-0.17388101247299886,0.12074949865363253
0.19063269544928121,-0.18993937289164892,0.1348029236578275
0.26243212583256514,-0.1681843411540214,0.1204420185661825
0.302,-0.174,0.12
0.33827038641981483,-0.1773266942468489,0.11982429960851232
0.3609897875910378,-0.16807508947841107,0.14244821676361433
0.3930850183684874,-0.15049917872813262,0.11308850809400463
0.40322245487903263,-0.16294008732691329,0.11553220106317924
0.44310828225157173,-0.149509034989853,0.09819407554251638
0.4670016663063293,-0.14791208804041928,0.11783966500830331
0.5084883377355782,-0.14105652723150341,0.11704346656328664
0.5306441905697112,-0.14350445644925733,0.13056807755550223
0.5528051507816659,-0.13550590748559935,0.13685613374904873
0.589,-0.129,0.12
0.5396930205754291,-0.15367978449063474,0.1283739006508339
0.49466999966844405,-0.1468627075286078,0.1429481986058843
0.4268303717256372,-0.13656130292538854,0.12171023247898621
0.37953323864052013,-0.12330285026703462,0.11951260617062517
0.3197535500561412,-0.12245126231237513,0.13534207984753036
0.26929205202464324,-0.14601234555239995,0.11991849388918656
0.21476800092961743,-0.10843417495139404,0.11986622865403944
0.15899000339811176,-0.13250691697993608,0.12797057661881528
0.1030334223698166,-0.13554962881664867,0.11261693767139394
0.064,-0.129,0.12
0.012174957910556486,-0.13861593033895867,0.12201028578820698
-0.048823504560386005,-0.11319015863744206,0.13420815512250972
-0.0752759148454216,-0.12513199058550106,0.10148776847149796
-0.13126746572192852,-0.13785135471841492,0.11018956475787556
-0.17616730450167714,-0.13396389933480393,0.14366878760512974
-0.23719711911392552,-0.133825747858041,0.11569870330519877
-0.29297725358025833,-0.11821865319686377,0.12862791939758234
-0.32829354262999066,-0.13200414537787944,0.10907909180436631
-0.4082293727309479,-0.1385977490157062,0.12317640805294353
-0.436,-0.129,0.12
-0.44258749925599533,-0.12299489358801127,0.12019335711643268
-0.4274414029428537,-0.11166605524989376,0.11378015289217026
-0.45034074065957425,-0.1174489329979734,0.12158674235001231
-0.4304577344539543,-0.12375406172561373,0.11541692896567593
-0.4413092142781357,-0.12220867860615488,0.10600381711979885
-0.45104020505416664,-0.09571230642592667,0.13615041612676626
-0.448099542311999,-0.07975321011490698,0.1268161070310954
-0.446133407676752,-0.08413017903537785,0.10238337047936583
-0.45902445812943654,-0.07762111016023045,0.12379464969467237
-0.455,-0.084,0.12
-0.3991487483618302,-0.09222682719621317,0.1186987778305137
-0.3728650285739268,-0.09593568990588401,0.11586363326128916
-0.31104551526686447,-0.0852791507367294,0.12291310449153925
-0.2610656925677452,-0.07817718936106101,0.1042273040007282
-0.21142360377759184,-0.06937223490158818,0.12058092022524863
-0.14303124620171626,-0.10029366377925683,0.12608293492884565
-0.08238910979373024,-0.09590385768564397,0.1191492617953673
-0.04351884588909437,-0.09051458648762413,0.10326650040577895
-0.010900607053988891,-0.08511060778232098,0.12860644480666233
0.045,-0.084,0.12
0.10453979922032312,-0.08609789429924007,0.11631508406433427
0.14581865061781812,-0.10155423958228663,0.12338832987078342
0.20057907620780294,-0.06560267344504425,0.10823307730922295
0.25803661445546655,-0.10157191092169245,0.11578237999592708
0.2907417366937352,-0.08382340803225218,0.10986359343048817
0.36574204102896646,-0.0993843832351228,0.1182588095610923
0.39113633271168613,-0.0957442785623558,0.11975037306911025
0.44179426099323993,-0.07987228731646968,0.10831197130642335
0.4969063214491729,-0.07436600953490842,0.11133779195395538
0.545,-0.084,0.12
0.5057909445845366,-0.07686262122809093,0.11976162046119149
0.49909416401804474,-0.07081710046679779,0.12557500836022711
0.48283785185171657,-0.06305261821239296,0.12763033454473216
0.4683735316488285,-0.07141630972043565,0.12198230817382719
0.4652548971411586,-0.050666780010713265,0.11949453682580613
0.4259922900108838,-0.05249605037064997,0.1222412223826204
0.40942092466985186,-0.05576107744395972,0.11698353763745614
0.3719841909559568,-0.055205914322019906,0.1065708926365538
0.38383924094560545,-0.06474611523852888,0.12283530481948957
0.346,-0.039,0.12
0.28619738189242594,-0.03568545455301548,0.12527712160414023
0.23276062297204525,-0.046316684664443566,0.11918602345006665
0.18727965516163933,-0.04043772280083634,0.11613295507862471
0.13495319442961176,-0.04002981161063371,0.12428482053024319
0.07231519169594858,-0.03182016025618319,0.12651184425902107
0.02575513714462318,-0.03946233088156775,0.12310549968696774
-0.031124867187633666,-0.01906183157355735,0.12482823237362205
-0.067226118978262,-0.033184533099564956,0.12333251378747007
-0.14454712908486483,-0.038942893056194194,0.13345772160226377
-0.179,-0.039,0.12
-0.22638711273210127,-0.029563833670084288,0.11558624907317801
-0.28706332803380485,-0.03765841967854469,0.09484582644991137
-0.3179467596370476,-0.03661386944209024,0.12718238590018685
-0.3830923449261189,-0.02869262545108964,0.13077011367479738
-0.4412386424464832,-0.0619246274025319,0.13060594622171542
-0.47484487188055374,-0.04374128720367346,0.10848636290195936
-0.5406940220004581,-0.031546287909858195,0.12331140358203439
-0.5843500649087899,-0.03329881766359544,0.1266173423625952
-0.6282742782905337,-0.01889729457022036,0.10282558259968844
-0.669,-0.038,0.12
-0.6175802092814688,-0.02973285977420135,0.1233904669882608
-0.5805871470735259,-0.032229362023708685,0.14072878286348922
-0.5314799977502672,-0.009000554664687167,0.1112711858054806
-0.49542029697149786,-0.011560863526119524,0.11647086176943207
-0.4460010560102254,-0.005870287190536373,0.12739386456721402
-0.40500865506457057,-0.01452417330101442,0.1325323926751742
-0.3458749596273919,-0.008537309608653988,0.11186528695610155
-0.30086084100226795,0.007254182107194515,0.10275981176378
-0.25798805729370977,-0.003592897087947736,0.11332190808784477
-0.212,0.006,0.12
-0.1482605814946775,0.009608450629694244,0.11155095663092145
-0.11356863501713337,0.004642264241224589,0.11159704299255978
-0.05189914688541591,-0.004724743983314511,0.09897689786357068
-0.012722144738713387,0.011496637053899772,0.11687710952101904
0.03645840668188336,0.013281779722712593,0.114622274411742
0.10394835941105557,0.013735184361508945,0.12289062383999581
0.13297554436546935,-0.0026729469747936926,0.12280427463358287
0.18685721065923103,0.009367307895509184,0.13762423322155362
0.24539712507445965,0.00021541980970098736,0.12646432029179128
0.288,0.006,0.12
0.3170272167764281,0.029986917708805846,0.12251736218185058
0.3455510899150798,0.015099963454711691,0.1148384408839297
0.36484021080710577,0.006993020477027764,0.10278698329881994
0.4074960821282197,0.037351447656533136,0.11729729919377077
0.452438188015078,0.04444057867088604,0.12307934759214507
0.4678799029612444,0.02609575319109644,0.1254164695591103
0.49671775368732624,0.03186458630684011,0.11560155720382233
0.5264193743279783,0.05826833790524387,0.13070082034854064
0.5472974024350518,0.048435690939649716,0.11738881993523653
0.578,0.051,0.12
0.5183036612438022,0.06001336628773419,0.10448823040985153
0.4883604394365089,0.046285192186194396,0.11042954020328788
0.41447154439435785,0.051290442204572274,0.12514581544270026
0.371618010137086,0.058569555323177425,0.11579741580575202
0.3244676774376093,0.053069716571285445,0.11386253068216896
0.274812200642983,0.05527633581902916,0.12607647741406222
0.2236050216735928,0.04057534628785514,0.11433433196648594
0.18247538229943322,0.04357468685562465,0.13055970557312724
0.12688437668252808,0.03097038885272353,0.10933068676197455
0.078,0.051,0.12
0.039086059630911836,0.06199037108671604,0.12928477272717714
-0.04515927377355886,0.0504349559888543,0.10995196180855443
-0.06254525020950741,0.054783502427667746,0.12268867392942771
-0.12640979077213663,0.054090249666985196,0.1208875348650162
-0.17408822651167707,0.05525239060390107,0.11774891489483044
-0.21517901780402302,0.044737890488536686,0.13535101353935447
-0.25862229670650017,0.04475948315303829,0.12302947561802921
-0.3236825691169874,0.06267159783476924,0.10786410519571918
-0.3763078694828128,0.054114051510776404,0.11765632380329173
-0.422,0.051,0.12
-0.4076257587037059,0.05910604435809212,0.11784265190124935
-0.4344637003009486,0.0761541402242426,0.10832456782206412
-0.4311535585280208,0.06890408346840277,0.11656579912225648
-0.44903865680043786,0.062256462598875836,0.1278542582167235
-0.44569999909284014,0.058632396639256484,0.1164533242117399
-0.44347338269518327,0.08483451842558506,0.11704771297825517
-0.43851133164677414,0.08040775775677941,0.11876377357869919
-0.46877692873415233,0.11510651956460957,0.12785596539316704
-0.4708205322696615,0.08417241098954613,0.12097711300068609
-0.469,0.096,0.12
-0.44009386191408806,0.08923441192140438,0.10334267323407859
-0.36043100221774654,0.07944807270254949,0.1299734950521619
-0.3105540462222258,0.12349250465873758,0.12921659282977874
-0.2825075111766418,0.10206882960371938,0.08752112257340683
-0.21678088044483568,0.10397802028003947,0.1194832945843587
-0.16882605370396875,0.1179254877382175,0.119249657141924
-0.13215500711609068,0.10831967652886022,0.11377821133820055
-0.060356247441996885,0.08479121920545293,0.1131853379814839
-0.011092708338830876,0.08569182373532769,0.1193986047134521
0.031,0.096,0.12
0.0739057051282998,0.11028401136642745,0.12102125635953227
0.12614886104022444,0.10597322013998613,0.1465606536369361
0.17699868455363083,0.09207946846559051,0.11443294625146205
0.22955760399854663,0.09558054935617565,0.1120724163290126
0.28167621455527636,0.09685198252783074,0.10642192677544643
0.33365483832549636,0.11082059484541917,0.1332702323018995
0.402735475242046,0.09728738675127986,0.11912978063924465
0.43388474548827277,0.09038924472958047,0.0980129125726885
0.47147004692409633,0.0892498053084536,0.11981641916958854
0.531,0.096,0.12
0.5231410029906655,0.10961439967173003,0.10224603501165254
0.4848311840890013,0.10573985232901356,0.12288023363842662
0.4644754115236266,0.1026055908043588,0.13070208982415404
0.4522863117399822,0.13621261467650844,0.10558431357630657
0.44691853834203343,0.11143316004537633,0.1108703113854774
0.4155669785609868,0.12867527826267514,0.12789929679933354
0.4066503664876626,0.1246607140687289,0.1301670039702508
0.35524953005405335,0.13564779038560795,0.12355037595340393
0.3524835175872948,0.14715968763432988,0.13512143857855355
0.335,0.141,0.12
0.28283671637360214,0.13658350982010495,0.12726348806225382
0.23969913858359654,0.13728246480807113,0.1338495011199842
0.1986071531415105,0.13507885706090456,0.12498586788218438
0.12945355683950954,0.14062358973809555,0.1123633466484811
0.0936429165325583,0.14137927083087362,0.1311517110701968
0.02914887560884776,0.1427013311430483,0.1303226229186918
-0.020225700263081393,0.1500209966792486,0.11179145817913111
-0.05267111879145401,0.14006829170716165,0.09864265188602767
-0.12317106423049368,0.16572038418102425,0.12225311493161063
-0.165,0.141,0.12
-0.19457270829540166,0.14060593036453184,0.1153260765123694
-0.2757491405424757,0.14174746212838285,0.10884347040845496
-0.32025814958088566,0.12099317752361972,0.10964420595658086
-0.3570871971365411,0.14482212922504806,0.11466500496866866
-0.4076522987366582,0.14569961427089168,0.12347525533303773
-0.45955235813790474,0.13757663671679668,0.1095004190612021
-0.507311698912693,0.13309649558069017,0.12323994055070288
-0.570495099513406,0.16519648077860832,0.11592353445340432
-0.6111141624020705,0.13482769850078252,0.12147309041568702
-0.665,0.141,0.12
-0.6140116206874822,0.13603772383219195,0.11561303216739427
-0.5682618727628183,0.14142191435463852,0.11324407500967365
-0.5263259657052868,0.16299658600694739,0.11433335954989148
-0.4899644712897338,0.14702329202986708,0.11290496858048765
-0.4347506605935898,0.16974659375785042,0.12767039597119656
-0.3766931128830041,0.1753373571117606,0.12033332249636454
-0.3410301343471967,0.1829007393352673,0.11046135437786579
-0.28164033737708705,0.16639940490054403,0.12207842785379078
-0.23123985439070582,0.1662532704974947,0.12838044473039062
-0.201,0.186,0.12
-0.135322043738817,0.2007271209765413,0.11884691031296536
-0.10990267572665105,0.19393703918258742,0.1172266032046625
-0.06386685311890992,0.17695653056672087,0.13842356168977746
0.015010064961537155,0.17079380753521395,0.11646483377654156
0.03911494014874216,0.18724109717024243,0.13526729807603965
0.09656077299361937,0.19512370225065684,0.1406419219549333
0.1584149843819993,0.18001229179635264,0.12329745817131416
0.20031849793537457,0.18592667583843672,0.12674912051537454
0.25239612023821134,0.18166101529404863,0.11274979007086518
0.299,0.186,0.12
0.3248021542632664,0.18241452890769022,0.11551697539785356
0.36180920769331454,0.1844427462987318,0.10991119597771086
0.3803673986672423,0.20803449705289614,0.1007067678673286
0.41689655518557206,0.20646037103999731,0.12389890325895639
0.4572327304272469,0.2129191063329261,0.10652341386420192
0.47547065934666394,0.20798683359842435,0.11954541899892411
0.4908918539971561,0.22358597216820225,0.12639304345440783
0.525900323007021,0.2256634942696192,0.10989448797981562
0.55565636201084,0.22188974537382458,0.10779731174238773
0.592,0.231,0.12
0.5473968617170193,0.23751472021099815,0.11420728817964886
0.4939113580567664,0.23837877914700595,0.1276245661439885
0.4522458394937471,0.22776499334342684,0.11094600726241377
0.3833786920551132,0.2246459856101257,0.12770013820870962
0.3339600900816998,0.23810772592378873,0.13530424730202883
0.2849231932027344,0.22587790748682227,0.10067521955604886
0.24067375340601316,0.2354890066272943,0.1114210840192294
0.19537803862395847,0.24179467738252167,0.12998858875886904
0.12188529348962643,0.2261142020836429,0.10246276781388951
0.092,0.231,0.12
0.04654547529498708,0.2252288090432113,0.12278108689947025
-0.017966153548580853,0.2109099025759747,0.11701531496603768
-0.03703932296451883,0.22813612405970757,0.11415541377053835
-0.09431504287392863,0.23091566705458566,0.12372606286825397
-0.1454412313603363,0.2304659736340537,0.1180507206239696
-0.2076676050719341,0.23613403125565763,0.11463596185145487
-0.24750769033491415,0.22128770110205964,0.10737982369252774
-0.31481886531764125,0.21416686414448613,0.12700921246948957
-0.378758835808622,0.2210235376230749,0.10724610527990766
-0.408,0.231,0.12
-0.4195393009779525,0.24874071350814983,0.12115725564380946
-0.4186440210636649,0.24592256359239276,0.12002179602257942
-0.42162783367521645,0.25175267580887634,0.11093738891944553
-0.43921940134878124,0.2408516028421769,0.10864563793337997
-0.434134620625472,0.24338996488109055,0.12137033099169613
-0.4304959404697386,0.255139593043545,0.12686158097044503
-0.4527354783255351,0.269424661695062,0.12213872437626928
-0.4397811899256626,0.2727079919914796,0.11908135470036826
-0.44555606435047757,0.283121103766352,0.11604173514503914
-0.458,0.276,0.12
-0.3996040290450025,0.28040696236788076,0.11751708945754408
-0.3597974506163467,0.28003356219521114,0.11852923591649221
-0.30914796638988723,0.2734100207719266,0.12110118546487104
-0.2526049606762458,0.2692565359775236,0.11050226082704742
-0.20842413934160983,0.2788625635521255,0.1224116930994418
-0.1405892543927995,0.28861164005585327,0.11847444202839802
-0.10517909821576137,0.27117222938524677,0.10393665792018765
-0.06457739731646896,0.2787907683146774,0.12347280957757911
-0.015911193989623148,0.2864811921631606,0.12504530148636717
0.042,0.276,0.12
0.08793359209197686,0.26533841966633387,0.11002458301433164
0.1589184973435793,0.27430626536767616,0.125306611082469
0.20032742480970392,0.27609064665459343,0.1054046702489278
0.24046720539750854,0.2778945039934366,0.1310777897931232
0.3055333034381845,0.28926861151661315,0.12827969429764827
0.33328022099556004,0.28258180920149395,0.1303915596227449
0.37454941055013186,0.2776774752949268,0.11379655176395165
0.433723420104098,0.27005101137562393,0.12274928484046353
0.4980511143220422,0.28041347132745076,0.11729217325157344
0.542,0.276,0.12
0.5319132117908963,0.2795970638204516,0.14114215583440803
0.5103616967564717,0.28965432253847845,0.12400904271916999
0.48829288558368117,0.3023593590349078,0.10233474660834979
0.45143196043727196,0.3101545066770432,0.12077751146675542
0.4383594956909446,0.3196911951698755,0.11193260150524184
0.44892768604822564,0.30473642036098875,0.12222082206755329
0.4132290573521967,0.30084340576202034,0.12553985460766715
0.3654103886273153,0.323849618864865,0.10881868734355252
0.36068604909268726,0.3064402501281228,0.0964254735346228
0.349,0.321,0.12
0.29394139735329766,0.309464292719793,0.1393111762054821
0.24488716090218243,0.328459700219213,0.11283931844030265
0.189286617976087,0.33106218420541117,0.1238296836405244
0.13824483611933397,0.3252214432011101,0.15100619930756276
0.07857327145240511,0.3365171227745817,0.1200558939106821
0.0440255961344015,0.3141500652116218,0.13594320757526032
-0.01763557815845697,0.31758404751501756,0.12604387057082866
-0.06433872506549247,0.317875073569381,0.11436220079019606
-0.10887814515293355,0.3319149635961115,0.11441212874638154
-0.176,0.321,0.12
-0.222927444799175,0.32097452716248054,0.11517658514012383
-0.2750054068746917,0.31924425040182836,0.12246937771498553
-0.32012884376646655,0.3184718174628815,0.11938516718543113
-0.3865273504357658,0.31702808961952095,0.11223999998489192
-0.42855520483153514,0.33359182395523396,0.10870471326682116
-0.47376291139896226,0.3265959854359008,0.12419175229168387
-0.5150361428989302,0.3187747956347654,0.12899054978683394
-0.5859259164033915,0.317536490700753,0.11236880038264846
-0.621550340704879,0.32726738520001886,0.11753506591235915
-0.669,0.321,0.12
-0.6187472483584492,0.33949021938664353,0.10399471024476578
-0.560857949431506,0.33582712943831167,0.12451547078408089
-0.5417058425102206,0.33326247034452416,0.12499349064271144
-0.4674418090716757,0.35027414145833635,0.12023974078505038
-0.4620101404605995,0.3488707839169485,0.11857240432651496
-0.3832878616133324,0.33580879023338656,0.11736291301416918
-0.3600573747521464,0.3711333722933118,0.11354249298351023
-0.303064322886914,0.36774120760767975,0.1087661670855273
-0.27173122723410403,0.35188988919099634,0.10510968830629536
-0.215,0.366,0.12
-0.1728349128957532,0.37623715992960954,0.09746158746834625
-0.11957135111827816,0.3617683286729898,0.11501186459005992
-0.0686357734734197,0.3711686045655367,0.12002517593313458
-0.024793923880095898,0.39536260597636774,0.1162080995344334
0.0451789923170102,0.364351305093257,0.10684299752490851
0.08512475890070141,0.36561021799116655,0.11395284990770266
0.13423287258758712,0.37629889915108866,0.10982150202078092
0.18334168196146672,0.35469338200008355,0.1194154939108145
0.2188472401173767,0.3605843741113546,0.1318888280631582
0.285,0.366,0.12
0.28414905038097826,0.3525993845515202,0.12050884839518329
0.34468200842604574,0.3777720154062989,0.11710252657583042
0.36863636692167134,0.36927833172516894,0.12973938511593794
0.40967821580869374,0.375050993104599,0.11809826304443675
0.44736245502685856,0.3685161950367337,0.12870747887201248
0.45583809946815596,0.40525037664037017,0.11008090368323997
0.48309193021559704,0.41296087215390803,0.13289574196213297
0.5221870590516365,0.38781186480388763,0.10669520005143554
0.5597802845662638,0.4210257504602961,0.1230438246729128
0.581,0.411,0.12
0.5302107335498177,0.4157530372949357,0.12315860802644824
0.484426203438338,0.4244373080766346,0.13871604618378258
0.41809361259974903,0.39634624421579834,0.12404131644799352
0.3936771108814099,0.42074852033330706,0.11029957222691858
0.32984823300088284,0.4043088436272988,0.1218665581227405
0.28129462155287294,0.3960876609271579,0.1365998322146663
0.2287842442392506,0.40913104219352325,0.12247855451609577
0.17387611329964442,0.4157425254543193,0.12187761608785146
0.11196754980769513,0.41369397740381175,0.12179987698465948
0.081,0.411,0.12
0.032338870635459566,0.40502859050823253,0.12128363352993828
-0.0380618921595582,0.4045381780181752,0.12189571355380499
-0.05298438615502414,0.423833008408174,0.13079653229065397
-0.12670440113275794,0.4157813163923317,0.10650723209212751
-0.17037124173743262,0.40701450231885716,0.110878516154836
-0.21355399304257477,0.423478906946277,0.1196146025961373
-0.2684395576961061,0.42025869559634355,0.09930723959472555
-0.31852873128070225,0.4143083004731927,0.1316011864920437
-0.37862601030431065,0.3953224606068823,0.10919835781114552
-0.419,0.411,0.12
-0.41150923737663697,0.396656080367205,0.12048558184145967
-0.4112470534682234,0.4036806942134842,0.12540089406832408
-0.43670112526225396,0.4107394715430578,0.1210760394899558
-0.4408905584317268,0.43397399398956626,0.11929029374353729
-0.42579221859445693,0.43768041449311273,0.11707581486861326
-0.45645545509197194,0.42368162039421275,0.1288263384133845
-0.4482741387014784,0.43600338458941845,0.12937700702707314
-0.4631137261990659,0.45054598936433937,0.12188978714349273
-0.47559979547424264,0.4685444980712015,0.13011172602536333
-0.472,0.456,0.12
-0.41012284915634317,0.4547060697586303,0.12057903881185114
-0.37697983042092653,0.4437378274587633,0.13372935218574444
-0.30840947088099807,0.4537962403481654,0.1316461743776014
-0.25475976693872127,0.44924015050782046,0.1207909366652935
-0.18088921995001822,0.47124563544477693,0.11652272780849278
-0.15630193410338622,0.4353066699016526,0.12232953961691942
-0.11229751436261966,0.4583272262234176,0.10619112063992894
-0.05247008472097919,0.46229871944571266,0.11994841784999205
0.002446809817123712,0.4650446787622996,0.13009727676614405
0.053,0.456,0.12
0.11923542584300836,0.4629749454742861,0.12302662668541546
0.1214294449257472,0.44187230009484324,0.12849789486719337
0.20430315008539984,0.44904559273334255,0.12415348248337083
0.2469537608549891,0.4604828558207152,0.12905553835566907
0.29722566566422876,0.4606469780181611,0.09533576715141182
0.35135712074649406,0.46587241141227415,0.09770241087994025
0.3810527572992023,0.45648680628151905,0.11903663947627854
0.45197733329969686,0.4486092294403375,0.09531062110688451
0.5072694768350854,0.4633219846903278,0.11547386296944533
0.553,0.456,0.12
0.5423954770061048,0.45534709562143044,0.11416814462525017
0.5017986533512141,0.4581633721604682,0.11256035810780274
0.48339204777832434,0.4748013092032977,0.12733458330757993
0.46190486848136336,0.4757756415357946,0.11352829214773716
0.44008426814694535,0.4736445285529902,0.11825063436892726
0.4285940290390547,0.4815710027259457,0.11022381959618596
0.4090576311806066,0.48649123976654474,0.1161799515490476
0.40406432233093564,0.5065102588839,0.11353220076640297
0.36034420405832057,0.5183595918809121,0.11889071195546293
0.338,0.501,0.12
0.303201753778047,0.4896256610025422,0.11268237870764404
0.24291262298847802,0.5033540770610865,0.1304083065342904
0.1714940448349424,0.49240658706047086,0.12259765706576094
0.12927417131997582,0.4901554858619118,0.12200844237770837
0.09684646885772773,0.48869264507745874,0.1126636760425911
0.027765689999466797,0.5011494535080037,0.12182283088380232
-0.012592696069053224,0.5110239736906708,0.1166018637165829
-0.05710528842891714,0.5147748560223193,0.11326669142120914
-0.10357799918907377,0.5147348532748776,0.0988934877798611
-0.162,0.501,0.12
-0.2150545856614115,0.4962847519577187,0.1394999303699203
-0.2620860720239787,0.509894946138272,0.11586408113384826
-0.2989473335010104,0.49812486604582107,0.10834110308551125
-0.36841288854668525,0.5006403049545922,0.09596785880523996
-0.4322423255285534,0.5142828696356956,0.12104460845859194
-0.4592571962457779,0.5380599192010544,0.1314981015357013
-0.507095767571868,0.49713666069418166,0.1043369483494414
-0.5783420239495511,0.49785929604557244,0.14077794554857853
-0.602796569745124,0.5105120088671848,0.11794277698317174
-0.669,0.512,0.12
-0.625210010647264,0.4957969236218783,0.12100251108015735
-0.5864922874432112,0.5100479919080209,0.12446553913289427
-0.5379007609291725,0.5150850214394623,0.10214012679622352
-0.4766723843919624,0.5314577730817046,0.1023284795389307
-0.44606087925282395,0.5317814438824943,0.14131378953750026
-0.3907827647111151,0.55228495135255,0.13673038268205595
-0.3385289105866179,0.5462150446005355,0.12132705039805675
-0.2882654821189328,0.5537927571651902,0.11532381913941753
-0.25237973506908146,0.546430533568145,0.12204084220210429
-0.204,0.546,0.12
-0.1384300465315641,0.5504588189411997,0.11140769318936362
-0.11792397287223172,0.5502302019209302,0.12012937633068728
-0.05494744418854761,0.5448707298540308,0.1328419862828554
-0.01136623569298127,0.567554818943656,0.12012588035335776
0.04927913054294433,0.5279215587638559,0.10477334101042712
0.08984636180098292,0.5547601459695315,0.10100719925894028
0.13571711739798759,0.55918643732534,0.1091715149060508
0.20051269687801665,0.5367572657885458,0.11473050933621717
0.24372106012196662,0.5509349795457368,0.1318517029911496
0.296,0.546,0.12
0.3356075573067677,0.5497103394767386,0.12229798321955442
0.346203886202155,0.5464584619195949,0.11355602717886376
0.3800861505001227,0.5400380894201754,0.10277399310232145
0.43105914134379286,0.5637919956648519,0.13453496789779626
0.4511005017239313,0.5722374050485889,0.11497870967009999
0.4741484205403941,0.5766850991975806,0.12173142010396398
0.5087742338501356,0.5756332521951901,0.11916321716486183
0.5565405097680605,0.5946645620234421,0.12400809329709768
0.5705357632326573,0.5877888855233442,0.13376039231740527
0.595,0.591,0.12
0.5388101624932332,0.5948554849409029,0.11611107870151137
0.4947905217487709,0.6051719665192404,0.13237238793888081
0.44401172600359484,0.5976759128230655,0.13372686628855066
0.3877811091679514,0.5877930097816148,0.11775318459273786
0.34154708005938367,0.5795485021636346,0.1402585096293455
0.28117290617919805,0.5940292735541012,0.13567552455538767
0.19891176049550377,0.5917410212916028,0.11510611984181641
0.16422125867874013,0.5951742234129892,0.1330368566201834
0.11808343135223219,0.5870596098276892,0.10773565861327104
0.07,0.591,0.12
0.010863503046559829,0.5872817838006077,0.11713706645794983
-0.011251145423088457,0.5933920426778908,0.1167051655265478
-0.083098486162625,0.5991730081033265,0.11418973652156995
-0.12262970896251617,0.6024632268694323,0.11816546212406279
-0.1483690401811388,0.5896870765036287,0.12310612093465854
-0.22067642671212195,0.5840678588534127,0.11626510123769354
-0.2865280837350468,0.5961959044432712,0.11832071941257444
-0.33020405828326,0.5898220659697408,0.1056958089789857
-0.376682813007052,0.601685579085333,0.12248014349343833
-0.43,0.591,0.12
-0.4367369020646413,0.6036720800273087,0.12819786186055265
-0.43815774991349077,0.5956721178601385,0.1275043217295611
-0.4477719522150025,0.6085565121946936,0.12415857553169528
-0.43116970503688395,0.5921250730597633,0.13224840335234012
-0.419455120732956,0.6025860948106092,0.10181274192687727
-0.4441594680386414,0.6349813882999198,0.11197541760444665
-0.45892196226903187,0.6219715819056646,0.10551144164240989
-0.4354008941375057,0.6120356217223191,0.12068573445018838
-0.44992850184094973,0.6432185435771142,0.12371694036727067
-0.461,0.636,0.12
-0.40334813989735807,0.6387874715779609,0.10902424093173849
-0.3572663047802355,0.6382323525582434,0.11323771978997618
-0.3172538457060764,0.6195898279055092,0.11857036508198056
-0.2721976221005523,0.633464546172739,0.141820482380503
-0.19500841088238607,0.648874912233763,0.11959509678201766
-0.15049248215722227,0.6375776563923818,0.10685535591213384
-0.09265190859588976,0.6264089246643599,0.12656613836229938
-0.05303335490587664,0.6269181609852089,0.10676544460421077
-0.008978375762687209,0.6357827946120403,0.11630885770256749
0.039,0.636,0.12
0.09687862441424132,0.6393975051200507,0.11592128625468098
0.13416444111038867,0.6332671202368712,0.11077458052860323
0.19448368346475464,0.6151993489185615,0.11574444404265118
0.2537182093680807,0.6420095785619309,0.1274610759428918
0.2914475810691747,0.6307771796340296,0.11882796957369085
0.3343520217600176,0.6382576752990977,0.11561783876988192
0.3783400118007392,0.6428049646060952,0.11552493323846065
0.42766445011611415,0.6161170128133607,0.13282808988231531
0.4779801719420258,0.6344009387226989,0.12023639051631395
0.539,0.636,0.12
0.5302583981250529,0.6467682975348196,0.10798850095526966
0.566600491681944,0.6451511636146231,0.11369040416170512
0.5907505756570943,0.6338020336660944,0.12278144965225163
0.5814626419150709,0.635559805084252,0.1329494601703492
0.6145083018778378,0.6369027338618306,0.13074211292006824
0.6214419650110959,0.6313005252834678,0.12715183381102763
0.6110752897362153,0.6160090791522022,0.13937714815957622
0.6482023830382866,0.6410761870020494,0.144760515269714
0.656615598172128,0.6274631399373753,0.12695767740090053
0.669,0.636,0.135
0.667669929454825,0.6414651654777879,0.1266566042365861
0.6755127018101587,0.6350567344638792,0.13381373132527807
0.6722187711799246,0.6322609526935081,0.11691256143231375
0.6713053349969181,0.6387760552328006,0.15227990375163844
0.6572729362231299,0.6372189366495732,0.14204147995160124
0.6673057639902109,0.6133842460782456,0.14821410829553827
0.6848844597745574,0.6292123230963202,0.13782433747710673
0.6582801701118979,0.6513099883144293,0.14429336702694193
0.6646554165522698,0.653213041726892,0.13044787731052881
0.669,0.636,0.135
0.6742465912657777,0.560266518251158,0.13271563846194173
0.6652423477555149,0.4973409772010787,0.1401559823030074
0.673148564713804,0.424465265010784,0.14236853162426263
0.6808672835901185,0.34641496823914825,0.11754883386582997
0.6646983406546358,0.291984438724776,0.1408523254736237
0.6767658067589641,0.220745527336357,0.13955394106201194
0.6708391174182502,0.16240016141333297,0.1303647038300888
0.6631698142295118,0.06742042613497823,0.14306705178770765
0.6554369508167692,0.0025191588138771233,0.13709810681176215
0.669,-0.069,0.135
0.6526394299903768,-0.060702455481624826,0.1371549222852527
0.6574015523587788,-0.039812966902825486,0.12954216367739727
0.6511257858860935,-0.08005887774672861,0.14641700750272607
0.6682633023668677,-0.07399575483922706,0.12433189843455567
0.6738861951035336,-0.07169304678349166,0.1402187025976026
0.6674493385469475,-0.07748971279179946,0.14210813179875825
0.6842029185203211,-0.09042007449426095,0.12747144083482653
0.6635093592705682,-0.07754722889652216,0.13477755738013236
0.6683117617448503,-0.07154768776748237,0.1544485136099606
0.669,-0.074,0.135
0.6805630800039971,-0.02417257314591253,0.13334987247029306
0.6874346161845477,0.019154850767640473,0.1345187439973294
0.6731184107858366,0.059931148535101314,0.1399403927463432
0.6877527585631527,0.14441364776914523,0.15708971843597488
0.6697496551963755,0.18234217415612913,0.14471560216244297
0.6520951696430606,0.21473859449333144,0.13658986553957975
0.6673902896494469,0.270959673374726,0.12787952894427396
0.6439980573555462,0.3214454231302284,0.14095169694355605
0.6472194368665168,0.352866798294695,0.14735138550606414
0.669,0.426,0.135
0.6485793508544498,0.45775738432857066,0.14045187511957044
0.6125998225083377,0.4681922613901727,0.13651956950224653
0.5937629021668531,0.49229262985106864,0.13484748612334868
0.5458155006586407,0.5268130873014094,0.1394571587612182
0.5315526364449735,0.5516761121463284,0.13459606297594592
0.48674589882634245,0.5797847619095418,0.13730568142575025
0.4841630893429302,0.5957557376757796,0.15139982564054869
0.43457094117187595,0.6185528309975472,0.12380979062635898
0.40712617724238537,0.6245493289240414,0.14278428368202814
0.392,0.669,0.135
0.3333127576814541,0.6589524368613163,0.1523205953965541
0.3023029107576371,0.664771573815241,0.13341564915577414
0.26094346350586645,0.65076235502383,0.13167136524320364
0.19785373142441454,0.6590587472338918,0.1325180762530179
0.13406386420231936,0.6569720718902214,0.1378610931253474
0.08920192321638908,0.6782466856838701,0.1432702481245954
0.04904010936306946,0.6670940720421222,0.12990185302718146
-0.02143360240927515,0.665716679153836,0.1423958432782074
-0.059317903590879774,0.6681877657674667,0.14605320592425355
-0.108,0.669,0.135
-0.17426278850316193,0.6925161120005331,0.12994773628202647
-0.1952582728819855,0.6648830349167183,0.12187620110924459
-0.25568866609597735,0.6616031892311284,0.13565719934099965
-0.31003581648776074,0.6776407520271573,0.13684143962065598
-0.35577680551061314,0.6822507036822867,0.13991340983554698
-0.4130068994390493,0.6790761155505904,0.14007939875599282
-0.45703158637021796,0.660594217371617,0.11999155236068423
-0.5073328048957347,0.6522412441538794,0.14420370079670122
-0.5731082102689431,0.6625496576429973,0.14170702742126573
-0.608,0.669,0.135
-0.6054140973122375,0.6371034779875244,0.1416766843927501
-0.6350664086966962,0.5720194589932789,0.1411860847946333
-0.6244558173681033,0.5530349219220126,0.1298431487402745
-0.6396243400195813,0.500147801240323,0.1402058881170865
-0.6372382364877273,0.4495836519111049,0.14009697793818926
-0.639341729405877,0.3992315728007587,0.14546458200077428
-0.6470475639561619,0.37666382539970106,0.13202178874911402
-0.6494617893058341,0.32072012910275227,0.14076315192456587
-0.675615261430888,0.28954236377074427,0.15013204290751744
-0.669,0.236,0.135
-0.6464324756408588,0.18960327824115894,0.14103770649919456
-0.6819790674733247,0.12240650162646649,0.13330538740217454
-0.6593952175150681,0.0771224590717681,0.13362475429035525
-0.6831825554457105,0.01874884363488523,0.13423901106680566
-0.6754706089809611,-0.03064240157271592,0.1413240322773202
-0.6639836815311739,-0.08346095981649529,0.13487184532906205
-0.6722817562720653,-0.1468000565839423,0.14906266977781718
-0.6780951558579237,-0.20426965439479072,0.14000567958878107
-0.6723550282225084,-0.2329395681622129,0.1543230599997053
-0.669,-0.289,0.135
-0.6573747153132414,-0.31794293710127747,0.12993585291694254
-0.648315352707246,-0.35599016150094515,0.13747418135652792
-0.6267385203519986,-0.4064908583658804,0.13321282624866443
-0.6430646256963677,-0.4325392987865898,0.1131157813622218
-0.6165718379223843,-0.4797657494182895,0.11834945401251276
-0.602980454287904,-0.5269846864758058,0.147510221247177
-0.5751216312910296,-0.5618159907006499,0.12059124614382925
-0.5670726143860456,-0.5816770740891111,0.126954647300968
-0.5846113223894077,-0.6199759632532716,0.12800612798496092
-0.555,-0.669,0.135
-0.5169178884766675,-0.6672639200562329,0.1279166319925195
-0.4491357209086828,-0.6644291597318119,0.12875351391635032
-0.38377464069787337,-0.6774451744272472,0.1255957632238596
-0.3675316782189724,-0.6695789263345622,0.12509565400532416
-0.29960539488935567,-0.6652790024588159,0.12933519852532405
-0.257332151337386,-0.6686297472815012,0.12961679784202723
-0.2015574084159877,-0.692572125838699,0.15663482664162648
-0.1558531081886241,-0.6846507695606576,0.13862358495635918
-0.10262946163327091,-0.6668904021236131,0.12577347024416666
-0.055,-0.669,0.135
0.007870686921863459,-0.672870130650483,0.14213194238711424
0.03971229037843816,-0.6586361857397084,0.1482830827483176
0.09571310323128493,-0.6723628952861639,0.1317937256234796
0.1713956283388293,-0.6820029246674135,0.11643066113448644
0.18870155691852475,-0.658997396107942,0.129020186583555
0.25219708813785763,-0.6617989498244311,0.12926430698393115
0.2971431599621689,-0.6551543571377949,0.1356851810316205
0.34521569248654216,-0.6586996227672681,0.1190081861136518
0.402762394159634,-0.6783169085390054,0.12167673459882968
0.445,-0.669,0.135
0.4666679592785825,-0.6311217568069303,0.13637875481619482
0.4999399765874658,-0.6145959286138853,0.11561146533894004
0.5151302896597038,-0.6019665635138832,0.13074782277901775
0.5371863231900569,-0.5469335774615789,0.12369472514698113
0.5434334001913953,-0.5260723338280291,0.1458864948194645
0.5886307707302701,-0.50045701837443,0.11461585021402426
0.6172352507584173,-0.469605146471055,0.15621246736162026
0.6309989729096966,-0.4737773710619966,0.15595289016273417
0.6395140249486636,-0.4300360127605217,0.13491371259983917
0.669,-0.398,0.135
0.6296228251560515,-0.354464307198942,0.10629513943969499
0.612544927214921,-0.32139298933515004,0.1259663341105203
0.5857199846353587,-0.2738017218174645,0.12680615068729376
0.5613943240823916,-0.2598767160177917,0.1088942212122738
0.5128318223252669,-0.2144943848798406,0.11940642759682754
0.4877559536072987,-0.18484958824730977,0.1297468922840356
0.43722236192309777,-0.14525846644775228,0.14712961868738575
0.4118585156469644,-0.10101374766644533,0.12974916453659013
0.390247468682067,-0.08388959389656023,0.12387635303651845
0.352,-0.036,0.135
0.31318735447334456,-0.01684147186215698,0.1340883844822194
0.27618832288154727,0.046883710118465274,0.12680371413663355
0.26004611877649425,0.05689844305622091,0.1314832547503654
0.22948423058088538,0.10953066301518709,0.13869255178289186
0.1694561959430263,0.13308748307741414,0.14450265231688214
0.14552754988878525,0.16241803141158165,0.15214275105260822
0.09940345632180093,0.23641916174094965,0.13774688179293695
0.05303156000018204,0.23389075203092793,0.12686869246766738
0.04751371599178189,0.2939522772102897,0.13536197166549288
-0.002,0.318,0.135
-0.04762299874638371,0.349001128607299,0.12424232576411386
-0.0868587335637495,0.4000903290716261,0.13537743114246345
-0.10438546986023262,0.4304118391495788,0.1278121349054646
-0.13759015215879158,0.4643354209829304,0.13304243202793203
-0.19690973295838246,0.5012567524844415,0.13241147704944975
-0.20562786714226824,0.5344624440758543,0.1379068448861199
-0.2368202148097373,0.5811719829659507,0.1493942330134949
-0.28496451189439753,0.5986752982817907,0.1340559114101999
-0.3166686274101184,0.6280545130773899,0.15166324290745337
-0.353,0.669,0.135
-0.3327116701157812,0.6411910067861466,0.12320855637820685
-0.31462842837761046,0.6035839394361969,0.13217423527038497
-0.2988336577409068,0.563470014909193,0.13745910135624367
-0.24944608455151052,0.5552584437607676,0.14170849598647595
-0.2065256183371882,0.4998421471190647,0.1399466449462003
-0.20312536734430922,0.4647210816933746,0.13893027400719982
-0.171112476455538,0.4591073549509752,0.139758159389643
-0.14614700386062393,0.4388566937083581,0.1287713846841003
-0.11962457103700025,0.3933836553001016,0.14038198908991129
-0.107,0.36,0.135
-0.07690781394204532,0.32160599261241857,0.12688492783874844
-0.020409167900984092,0.2938878832172432,0.13325904463184196
-0.009021952918994117,0.24491520987046184,0.15352610232424796
0.037657839891028964,0.19992601774039662,0.1403987356924277
0.07092286174114633,0.18298187095422577,0.12168057255527392
0.0862848154511203,0.15552775241896025,0.14315039487396095
0.11891532456044904,0.09638714775924115,0.1316819807860008
0.17309643523461626,0.06373721083943745,0.1327366711785402
0.21267334001004146,0.04562924052972268,0.12791685849020223
0.246,0.006,0.135
0.2865925814516654,-0.03940575575446575,0.1253879409053371
0.33080224205671527,-0.07932466421188349,0.11632565843228654
0.36363527995024275,-0.09888071860940228,0.13372386743155007
0.39518738289847394,-0.16009007020908325,0.1289867418900864
0.43094740666258596,-0.18783921550940524,0.15000750798748338
0.45869055398450026,-0.22980480102194273,0.13235818359614218
0.4883636305988355,-0.24021547922339467,0.13968160113856287
0.5573966785579298,-0.28982008626033084,0.1461729907993332
0.5807162675250304,-0.32265496613090044,0.1268044403975734
0.618,-0.365,0.135
0.5979231222909717,-0.36585627528227593,0.16100606920481342
0.5639872207220226,-0.340304393888646,0.13295214511188733
0.5513828246904878,-0.30082527423105987,0.1326268249495365
0.5314905571063897,-0.3054730557284649,0.12851909634616535
0.5148355336930289,-0.30380391849663957,0.1373986169864672
0.4889380665425881,-0.29020037046269737,0.13703339149799934
0.4682193431189423,-0.26318331144156515,0.12845691822632316
0.44635568620094584,-0.2411598030111982,0.14603818760008555
0.42996730384773335,-0.22163000142381561,0.13462489214445833
0.413,-0.225,0.135
0.38004796083291076,-0.1803308903034616,0.13686313087235938
0.34265980984974453,-0.15460230477543577,0.1299502801758806
0.30671228577128024,-0.10336051790051065,0.1284879007901781
0.2855122426848226,-0.08662481328856719,0.13166166871818433
0.24436860073827246,-0.04555630038904355,0.12996736004508783
0.20170032521899126,-0.0019017301353092767,0.11577424043383949
0.18148678083506153,0.04478198315048314,0.12761507344092005
0.14160365950602485,0.05663910351169,0.1301003445539057
0.10453712269476056,0.09066339555176658,0.11529257461813351
0.06,0.129,0.135
0.025361798820575935,0.16136956873173594,0.12239701321247927
0.007908664482513528,0.19702064184581256,0.15031910288637626
-0.03343866844197902,0.2223033034617133,0.15222033234274024
-0.07848858002145895,0.278434931258058,0.1330412966891578
-0.10998392996038861,0.3124208183176535,0.13266003554841474
-0.15529031676699698,0.33832231539216323,0.13814826521276272
-0.17879566146278866,0.379873088713244,0.14646078825242767
-0.2199625420105647,0.4008825003168159,0.1355371575073969
-0.2689377539426641,0.43875997991681936,0.13623239842623514
-0.294,0.483,0.135
-0.2992586238577991,0.4730442445465654,0.13708153912372284
-0.3160526820898241,0.502883392926303,0.1448495431990409
-0.33464637656720364,0.5036532749854592,0.132417617667429
-0.34436894030354265,0.5176155567316305,0.15335105552554576
-0.36022063274033955,0.5269435350417377,0.13104545085766833
-0.36659306485591336,0.5410560659630015,0.12971720636020476
-0.3821550467923975,0.5081050177542267,0.148851717386623
-0.39177718944286527,0.5261744140786668,0.1278835984579337
-0.4247457375776288,0.541240067873515,0.13620194785271011
-0.423,0.548,0.135
-0.3796923683938956,0.5093354048936712,0.12768954269968677
-0.34318966163195846,0.4612104639059221,0.14040961033958577
-0.3202554533056775,0.4392071375185194,0.1281642527004147
-0.28447020070364665,0.3934552602974575,0.1202874821996487
-0.22182090592687742,0.3528782118991964,0.13936649777716062
-0.20335944530951322,0.3279758360714015,0.13796150130458074
-0.1631576541910517,0.2776609186239043,0.14580763589878662
-0.12457913572871288,0.2582402623795877,0.1400925262628798
-0.09258876760594927,0.21382370568750853,0.13487782141239807
-0.052,0.177,0.135
-0.005075333171156457,0.11564748384969514,0.12849352426905367
0.017780008192105137,0.1149898646095865,0.15113487732740205
0.05043793743234152,0.08322811778549508,0.1282258168279784
0.10662261407397021,0.02944890455081515,0.15456236967031134
0.11273387776070294,0.0029531529652506846,0.12350202672570418
0.18291282278921533,-0.038422276783996144,0.125130417139377
0.1997752917979611,-0.08676260108258538,0.12852186246405561
0.23323022391083034,-0.09446253422359696,0.140998871136572
0.25652831206067334,-0.1507289763264119,0.11803227573440889
0.302,-0.176,0.135
0.32740179151111365,-0.18944718303434913,0.13255642942666346
0.37898143702238574,-0.2308830053852517,0.15179022669659323
0.4333131876931742,-0.280563089529105,0.13432241731940514
0.45055280009593035,-0.3404647117177382,0.14538174896980327
0.4689220230163215,-0.34757810507715,0.13319105934245082
0.533092226687553,-0.3886966767387633,0.13208731881330726
0.5593569758453184,-0.42762424105740154,0.1088046664516139
0.5842549811671434,-0.46012051573303786,0.12136934610450087
0.6211886297507939,-0.47927345879437383,0.1279428181504362
0.655,-0.53,0.135
0.6095636702242385,-0.5215386314557615,0.12107882990531466
0.5956422348112972,-0.47984543023955184,0.13679306464685628
0.5529971834499776,-0.47005297953624237,0.14007969849967444
0.5474358999227499,-0.4437212432935728,0.1422904941401961
0.5153334321813056,-0.4061847866232029,0.13398237869434354
0.48576940072246944,-0.395391701354352,0.12893909315528457
0.4359283261644012,-0.3931714322087917,0.14464460085817335
0.4175448276505513,-0.36572048251910366,0.12904926297955457
0.39648718924715426,-0.3205384862199834,0.12760536236307504
0.376,-0.314,0.135
0.3366003437610165,-0.28502059083550846,0.1426975532993231
0.29040669771094485,-0.23708149977329612,0.12581140718893818
0.25666880743301246,-0.20967966954032788,0.1196808722007035
0.21223255717773482,-0.17507598387802967,0.10274532952788196
0.19335798938129967,-0.1390931310323928,0.1416031902363017
0.15490461377965836,-0.11080052220971258,0.13456950954290312
0.10397234498038745,-0.06183631586329501,0.13851113596690295
0.08366748514923163,-0.012864267012946694,0.14550696623506923
0.045416633810797684,0.012740898195368777,0.14257248257115232
0.005,0.057,0.135
-0.02777235482286446,0.10074583154413437,0.12636988714044792
-0.07239845851816348,0.12544642592471267,0.13995200847996817
-0.10146994506647108,0.17080745026838925,0.1357573201394406
-0.1450098874465997,0.20394254348098093,0.1494186136605407
-0.1690475026438036,0.23550026649252168,0.13590484172257897
-0.22488246351492658,0.2508339464454294,0.12754807069423504
-0.2420997096084546,0.290907995345298,0.1521178573898685
-0.2746036586196991,0.3550237579844564,0.13975499223490334
-0.2958671813071581,0.3730343431471576,0.14349232245845564
-0.349,0.41,0.135
-0.3728281428928846,0.41952438921573443,0.12319400980382628
-0.40388140863435656,0.44498694349146406,0.12351711082001307
-0.4433107345921616,0.48193895348810484,0.1348460304617309
-0.4479583499854134,0.5103296037967092,0.11877342270348462
-0.4974353738808174,0.5100233653990149,0.14391863422926732
-0.5095564032365362,0.5179023381692724,0.15887000417920663
-0.5425510161541494,0.5490154012907575,0.14678197778559726
-0.5674266773549327,0.5804121705138495,0.13590520305185624
-0.5935970724085637,0.5979493028842221,0.1326873430803842
-0.619,0.617,0.135
-0.5902860016839245,0.5987490421148017,0.1268233252810679
-0.5424987484636693,0.5604815443254018,0.1440281141069235
-0.52687355818207,0.5185974580284577,0.1395445732215418
-0.49112147525558925,0.48426213408529234,0.14083681043057883
-0.44219572295693166,0.4390198650383876,0.1398586708236528
-0.390330253051561,0.41303863432760207,0.13194333820540904
-0.37425649065904365,0.3879446590627077,0.13705812269717618
-0.34177062510382233,0.3424421093042505,0.13716329429811283
-0.2883942349613905,0.30099399778958064,0.1326467545903972
-0.266,0.264,0.135
-0.2226004177384501,0.23516326383886174,0.12091051056943725
-0.19527517090505764,0.18422769887286872,0.1343295383007829
-0.13952692600832395,0.14003490594722404,0.1410012211076391
-0.10998466605206263,0.11189852408225764,0.14147617302936757
-0.08714460564776076,0.07650559425928385,0.1385008751657317
-0.044357706112516715,0.02580537450112283,0.1245977741870059
-0.001350348625716244,-0.012094259625176938,0.13844875653673344
0.016464424177018246,-0.04570599938367856,0.11118516565164041
0.06670151497438759,-0.07442278061009962,0.12775075835980346
0.106,-0.108,0.135
0.13854882957756207,-0.14256075821182967,0.1273232160701939
0.16720446907790443,-0.18441937885305326,0.15244410211484713
0.19726906321726762,-0.21578439199884178,0.14814609270216814
0.2447569241947382,-0.23316049050609056,0.1293302115965317
0.285579477664174,-0.29168583205119863,0.13951301818528994
0.32110178640557197,-0.29990794823950206,0.12608331965958122
0.3637946485020214,-0.35435145329115786,0.1331735679980719
0.3840539237272245,-0.3863613523686444,0.14027830055506038
0.4111251740608956,-0.44260510059372854,0.13921631778092036
0.459,-0.461,0.135
0.4784395683608789,-0.4622764384631148,0.11515066638389032
0.4583396682599459,-0.4938150595786771,0.12788116156597026
0.46795951510312445,-0.49355167934621474,0.13443365810048497
0.4613489021591286,-0.511090554277192,0.13758268499540965
0.4833612768693846,-0.5274811855447629,0.15408652587464666
0.5010662421835701,-0.5292137717358364,0.1485158702272359
0.49955877497366497,-0.5365293296123946,0.14793109493900572
0.49704950420693444,-0.5432968463338984,0.13675716305042668
0.5009456762724624,-0.5611921238915286,0.14409476622725367
0.504,-0.57,0.135
0.45784630435770657,-0.536282335334056,0.13487661329597625
0.41766808115056075,-0.49790125206961416,0.1415699827176947
0.4175194438720975,-0.47600346996506976,0.14046741454655973
0.3536647260974588,-0.43272667061088715,0.1273232332602335
0.327601422363811,-0.3849597377312308,0.1520855789723363
0.29936982460444644,-0.35974454010805906,0.1347188303528169
0.26119006690945384,-0.32555445930007687,0.13600979528517904
0.23009967879938736,-0.2881155873785377,0.14962400297763986
0.18840416110831443,-0.2612188963355719,0.14644150995502492
0.15,-0.216,0.135
0.11090202493330166,-0.17016044263843136,0.11200013009405745
0.08856081590930892,-0.14631258194357924,0.13901733748091072
0.03811583828012502,-0.10831110711876672,0.13994093051060458
-0.0027245082162656725,-0.09379275021273731,0.14630177001725128
-0.02578529068548631,-0.05261229002091637,0.13217677031435687
-0.066627467382189,-0.010009747711860601,0.14070433918702335
-0.10304476721065217,0.04359671114229645,0.13291982216657916
-0.1311570751924806,0.0674434810977852,0.12762364465948745
-0.15779844567665122,0.09801925670010621,0.1334100150928071
-0.203,0.137,0.135
-0.23554692540400773,0.15944255450214628,0.13680513474102282
-0.2795885413603941,0.22092230401027993,0.13074415981033724
-0.32038874325598266,0.2519773290307776,0.14175981811051394
-0.3505765843385462,0.2881936445914838,0.1257578404659594
-0.38872330457004767,0.32669275291184524,0.1410997906039613
-0.4307039154179047,0.37384051841865895,0.13331486005521156
-0.4709146211605546,0.3883675747449292,0.13761934570920173
-0.5024787441692525,0.42294271841313014,0.12528007800479007
-0.5418498846950189,0.4637562385000266,0.1427591291740736
-0.574,0.509,0.135
-0.5696561097624084,0.497852012583151,0.13622203809215783
-0.5399924173608014,0.4741029473632921,0.13350309270606373
-0.5404910196536837,0.4432869421092962,0.1381669032707249
-0.5308980949287626,0.4274210638668668,0.12698323933587377
-0.5230883961033999,0.4014020501745233,0.12965100432941873
-0.5038448418243923,0.3976735761897351,0.12695659869733242
-0.4965505927978757,0.38845132334873933,0.14006215898621194
-0.4856495630388488,0.36625264058233425,0.13456784560524993
-0.4620249310920837,0.352033708888209,0.13239131107809723
-0.457,0.327,0.135
-0.4448077814444368,0.29674691076716486,0.12339415463583193
-0.3672213223805067,0.24543916990456646,0.13037665572925436
-0.34539675239637596,0.2262319016796449,0.1434814814401254
-0.31813836391698586,0.17052550416127682,0.13843288896190023
-0.29281160994918753,0.14984112084165752,0.1297796710533918
-0.23764248725029738,0.10697737097746268,0.14297756407911813
-0.2047019027181493,0.07482901818128333,0.141581274268117
-0.18956527028841444,0.02072791902030853,0.13425897535232936
-0.12374813402634721,0.0013537883936396381,0.1261627170820139
-0.103,-0.026,0.135
-0.05633164602905113,-0.05791021703714025,0.12488643695804057
-0.012899100933714595,-0.09325684740056533,0.1321123399853938
-0.0111063661754783,-0.12065248036326254,0.13507215914980925
0.037131099921295235,-0.16366990353212918,0.14428338931949297
0.078931604826262,-0.19997632610113933,0.12667104943674015
0.10157997583501763,-0.2429355920658188,0.14424765285828783
0.13349668693352715,-0.2774110903521483,0.11482300982895541
0.17224067572415508,-0.29626633536707986,0.12055598529785566
0.21119988165611728,-0.347322659893216,0.14014790741492322
0.251,-0.38,0.135
0.26924468818379144,-0.4092440137576026,0.13332489875030268
0.27883350202723434,-0.4392936777436247,0.12053242143291577
0.29411479982897604,-0.46666848634199004,0.1429626659327988
0.3264902984268044,-0.4672472354248142,0.14617991317760623
0.3470614587731942,-0.5056051241476466,0.12178196044363757
0.38644850355959853,-0.5347032366823805,0.12481222835941623
0.3969063921425873,-0.5592998728300176,0.12885598166169523
0.3940845874374606,-0.5749582966110165,0.14667107147021946
0.40926113757849497,-0.5842463392941118,0.13133105114931956
0.44,-0.633,0.135
0.4171056329906008,-0.5915253427525458,0.12365957382409853
0.39022309849692516,-0.5667946804545171,0.13743760794688736
0.33176639172088707,-0.5353831136974319,0.14993826276939304
0.2960771962278411,-0.4766584613599067,0.14602701277313768
0.26233300544410976,-0.449630296428329,0.12863330495230788
0.21469733182731432,-0.41525458551502326,0.13707748813692355
0.1930651799437355,-0.3901543438449396,0.1332264065215071
0.14539921969191882,-0.36460547552761097,0.1311225726011975
0.11620387312124404,-0.3050928291566818,0.14028516089650062
0.087,-0.28,0.135
0.05011018853398841,-0.24585343240738503,0.1325704783580844
0.018408475617573417,-0.19182150995784472,0.13214632183463335
-0.017679692177035727,-0.1926284711367769,0.12637786451190566
-0.053980953066292706,-0.1348954447552226,0.12956631323427606
-0.10243481050369792,-0.10597420822677574,0.14767194308101284
-0.13009550216978583,-0.06870918224118362,0.12945938397930842
-0.16111517799292951,-0.019018841336236453,0.13513299807088824
-0.19245102211994297,0.004025096370003977,0.1494846480747511
-0.2316250555559969,0.025019687606208478,0.1389876340242409
-0.267,0.074,0.135
-0.30411179888815254,0.10065555047258765,0.12457259790067347
-0.3121042950179532,0.13171501278233358,0.14981890466689463
-0.3762908439394659,0.18286062717256996,0.11095625686419973
-0.39473320050277827,0.22498050356914054,0.16111675609999587
-0.4417330760843791,0.23556899143752766,0.13619930866605617
-0.48115669351892704,0.2940476603528846,0.1584095799032018
-0.5153824099937022,0.3277213025961526,0.14276548328876076
-0.5496859601180601,0.35765173037857506,0.12815203405130607
-0.6008251921210302,0.39272781071316576,0.14649489819721548
-0.62,0.427,0.135
-0.5993222909792653,0.4145149433026766,0.11999663346137547
-0.5625666465777901,0.37848271944057316,0.15416815666903905
-0.5631343621457355,0.3384527493442622,0.12971524979247842
-0.5253565725724402,0.3043472007989082,0.15283764503418987
-0.5157588645755733,0.31584534691408395,0.11455635319710447
-0.47969845744711037,0.25230609543282445,0.1224105461834902
-0.4757326934646415,0.23459870084784698,0.14966223879320195
-0.4713462710171483,0.2162856382686105,0.14146226397041808
-0.4141674559712325,0.1910671902081897,0.12227277249750503
-0.411,0.154,0.135
-0.3791945220771595,0.1363418603867825,0.14056370337143387
-0.33146551647902806,0.08033140989939537,0.12318411984832829
-0.31156963827442763,0.07839554137691163,0.12753281137309752
-0.2676542165604351,0.0060413449376007,0.12865490343014535
-0.24179261132506716,-0.031036509285108645,0.13596600167038878
-0.18204308174064535,-0.05343435226546684,0.14382438141713683
-0.16090437646876113,-0.10463493775019751,0.13801815746318294
-0.1291743617281377,-0.12311549245717378,0.14595782026903473
-0.09048885391004116,-0.16151548412125874,0.10884741788718695
-0.057,-0.2,0.135
-0.01759891916584891,-0.2232841809465963,0.1165695920153596
0.017621408563927066,-0.2722690456398529,0.13669051297954785
0.046726402336480434,-0.29905941816158443,0.13939751603841602
0.08946673531280802,-0.3528337461993492,0.13158823114816845
0.11559406270367001,-0.3831928293364074,0.13753853853896225
0.15611007050060613,-0.43912910533758337,0.13918580729342386
0.19478346282561457,-0.455978770531747,0.12239880344767881
0.24414766690643636,-0.4940703400182467,0.1344072402273193
0.2577667236716891,-0.5326931700037013,0.14107892738735547
0.314,-0.571,0.135
0.3021587218495608,-0.5593808649228775,0.14632999381043388
0.27416349451020283,-0.533653083507117,0.15167623785244436
0.2625968276808276,-0.5464014614824189,0.1227369960774099
0.2542060353355375,-0.5294385960847044,0.1353005850165453
0.20591575574792798,-0.5125799772338616,0.14469860587111943
0.21878248518047752,-0.5161588509810013,0.1361446289386063
0.18381749115108295,-0.48993519239526506,0.12239854928103173
0.1840708638488695,-0.49706443073173295,0.13704806925816967
0.13511308130286495,-0.44373081288873845,0.13917835192069133
0.14,-0.46,0.135
0.09262201935579317,-0.41920474502535976,0.12670335934488275
0.07221260372837228,-0.3765972058778559,0.12154222735732956
0.048436060872487405,-0.35237140408485274,0.13905755507516102
0.0021856893719521403,-0.317968436773565,0.13315096669841447
-0.04536776959526921,-0.2820661007276873,0.13228923288353914
-0.07560279799744869,-0.2475833512252993,0.13872928508033788
-0.12144273376470661,-0.22336691073752332,0.11494797299120366
-0.17447138371592502,-0.16703383592012222,0.13036885897104786
-0.17679374696826206,-0.132744607438342,0.12555708607919516
-0.214,-0.107,0.135
-0.26026869392907526,-0.07649633460795692,0.12091579498550245
-0.27947236719445395,-0.03697365663644089,0.13102635879844146
-0.34618770290022055,0.009858533492923264,0.1410754196311093
-0.37096284705100996,0.057481181826794986,0.13530397290702934
-0.4057844533536402,0.06412048119580327,0.134056730275456
-0.4262961515042396,0.13364597764954028,0.13268218122015518
-0.4766571922374343,0.15351246736434576,0.14673781248943568
-0.5137698449066509,0.2015483717214244,0.11748315485438786
-0.5566435384526688,0.22809596504948834,0.13770913006900368
-0.585,0.265,0.135
-0.5666899325722934,0.25097401307440026,0.14384294861104718
-0.5681064994228417,0.23810471331596222,0.13414587127865257
-0.5593870000552278,0.2161135038958148,0.12511526863358366
-0.5448785660727077,0.18350804083552774,0.15938290682684322
-0.541781754556777,0.16579183628409153,0.09321901748247176
-0.5180848177034428,0.16151385923684392,0.12070936160598295
-0.49589638251003,0.1371316294060678,0.14166750376185624
-0.4980838568169304,0.11214954730345121,0.1357149596086295
-0.46866645922302874,0.09488352679574136,0.1431777664259054
-0.464,0.08,0.135
-0.42963613431553876,0.04230636306653682,0.15733035509818105
-0.39059897241992936,0.014834565658865002,0.13291868182922706
-0.3564375274233157,-0.03690916531654842,0.13553082645175862
-0.31615179890234574,-0.07132352329165038,0.125674585504454
-0.2684170356944268,-0.1145356315807431,0.12703796911365475
-0.23477041327592588,-0.15227849482263967,0.14477312783348698
-0.22600608197049346,-0.18295114358871428,0.14466666200028222
-0.170442081804707,-0.2182966566468234,0.13710484134232018
-0.12919868983952304,-0.26693305683436885,0.1414391211047748
-0.092,-0.292,0.135
-0.03902615513308488,-0.3080147028494843,0.13315911481293685
-0.02031468330971351,-0.3564908545871342,0.16195529133922132
0.03437092883635386,-0.3952517394705006,0.12501997291036246
0.06201084206980215,-0.4328730399726882,0.13248600341423267
0.08945987461823601,-0.4501008757044909,0.13392060349672352
0.12363220210918446,-0.5133592326548108,0.14264624763150197
0.17195571491444872,-0.5342757913531484,0.12053889275059429
0.18059120439177956,-0.5751462815358295,0.1354115785711401
0.2263282210895833,-0.5878608919056655,0.12946252394303331
0.261,-0.645,0.135
0.22806319518228832,-0.6164346217104173,0.13807248737527786
0.19782422127459032,-0.5913299371836878,0.1277540114080917
0.1744534816884873,-0.5667292038631483,0.1163827183559208
0.12490547812807183,-0.5439745130546068,0.14483810810721648
0.09227784680808862,-0.5125895501745605,0.12653248176970106
0.060918926242907026,-0.48127212861572094,0.1274344068740624
0.04802875821299718,-0.480450881075678,0.12875823788203425
0.0078625208937091,-0.42078784533134594,0.13621694240198656
-0.011450784988046973,-0.4070434514794566,0.13823144975587112
-0.062,-0.386,0.135
-0.10960031707379614,-0.3473564278323612,0.1395396118947844
-0.1361257045850965,-0.3134944124569583,0.13027620942810303
-0.17381971071779093,-0.27212197449352843,0.12168169412127092
-0.21165679342144378,-0.24845466966611016,0.13916185330305156
-0.26545677475627294,-0.2035032114276432,0.13176124107302864
-0.292301929382153,-0.1550651355218044,0.1420833254243098
-0.323638238694758,-0.12522013710378888,0.11945088675205588
-0.3486190525383459,-0.07764153865465277,0.13679919984865221
-0.4146806324005147,-0.051577550413495314,0.12911686052785615
-0.433,-0.015,0.135
-0.4660030299199202,-0.0013148367125244342,0.12953663694789055
-0.49236834105335975,0.003338377374354073,0.1471837947891728
-0.48131014961742524,0.021856331093764038,0.13030849810005035
-0.5015353591812813,0.03063403222586988,0.15505305120964782
-0.5328316989087648,0.03277461614774171,0.15003364104929529
-0.5265113329279993,0.04056111171444378,0.15568571466224154
-0.5590148789511185,0.03827223766088256,0.13220545882082643
-0.5800608031623045,0.0897957901927722,0.1297574961694095
-0.5711625131869643,0.07869454527806022,0.1406716673395421
-0.598,0.087,0.135
-0.5673822551084713,0.05912150416020968,0.1493277618528248
-0.5288066846074302,0.03777974786541822,0.14605224199088812
-0.4984983121505954,-0.008961631298155585,0.13844456075351882
-0.44804349226317897,-0.057375734631721874,0.1409725424310745
-0.40687244131674244,-0.10210389107661325,0.13770277324620428
-0.39234861276329,-0.1180545674815456,0.14633230869856173
-0.3591891663379692,-0.16794684749608568,0.14221321459971445
-0.3067319820148346,-0.18349303824569885,0.14208154611900686
-0.2717239001269937,-0.22346746859828,0.14074571074974587
-0.244,-0.267,0.135
-0.2273620608054495,-0.3063138298892597,0.13264493676326292
-0.16663724715380834,-0.33086491173548616,0.14832982739452366
-0.15005805176506282,-0.3658836240807382,0.13387353375226296
-0.12034589453233983,-0.4328370285917056,0.1274048420506595
-0.06648269589303761,-0.44040723495326783,0.1463610395664775
-0.022772832933744963,-0.47876461852457,0.1340475998639825
-0.015121291280528217,-0.5043481793154809,0.13702747864447903
0.037854428967334146,-0.5637572740640938,0.12102120396446468
0.07173215604068557,-0.5867317207318923,0.14179234803971244
0.109,-0.62,0.135
0.07044563404375886,-0.6018584796294844,0.12574470037549274
0.04879271003862874,-0.5856321817514761,0.14897245806377143
0.018612892514373723,-0.5471725709883977,0.13158832758370356
-0.027403069930439266,-0.5309492225453979,0.13425074571923895
-0.038402768641733906,-0.5134071081512118,0.148990179021261
-0.07390164538064845,-0.4757446568422696,0.14196280174772152
-0.09496634894778531,-0.45979667463283025,0.12502004042194734
-0.1279207939546576,-0.44054743427263043,0.12573319426806273
-0.15124828554281575,-0.41232591230277277,0.13176107206913165
-0.182,-0.393,0.135
-0.21899778091769032,-0.35337729844592525,0.14789258459501764
-0.27724091567258063,-0.32718655633450194,0.14846961350132287
-0.27513404997140145,-0.29833661975780895,0.1451161753369933
-0.3289898111946258,-0.24532145171314562,0.13126996848360206
-0.3512074468861532,-0.2165863773237718,0.13091659510489642
-0.3901727460896426,-0.1902925412996086,0.14022106039874854
-0.440663332865495,-0.1522047588311157,0.11689752715403554
-0.48709951099334725,-0.12177039787365505,0.11812332481619311
-0.5008759209251171,-0.06765805796501996,0.1365794460001228
-0.535,-0.039,0.135
-0.5283687855754502,-0.04379583495288929,0.13630107947065828
-0.5405363545587536,-0.05983335302892497,0.14078326535210928
-0.5139353334024873,-0.07703189224847652,0.14015218078413152
-0.5148114269928441,-0.10227117588748126,0.1096258911774701
-0.5178667526414084,-0.09266920266499425,0.14051082893761185
-0.5014798172431437,-0.1059283909754548,0.12735633604110214
-0.5050834470932722,-0.12219488486160857,0.15319197568340587
-0.5014717862079426,-0.11167372204421655,0.1286266403875971
-0.49549300702568444,-0.13384059173863103,0.1320379193791549
-0.495,-0.143,0.135
-0.4589033322535566,-0.18681823672483594,0.1359289384179124
-0.422061290439032,-0.21544369621449805,0.14052207734368208
-0.390829979802609,-0.22699557107471585,0.13687674204969966
-0.3491369267473277,-0.28966264146615345,0.14187260794617085
-0.30693386739287015,-0.32093441650032234,0.1404905277957824
-0.2740027548073887,-0.3510306823028152,0.13402841676435898
-0.2568527137695547,-0.3905069158296959,0.12561469115310478
-0.21065022615889423,-0.4209495923112877,0.12939863898883774
-0.17641621863504972,-0.4531850177032866,0.1296883674770516
-0.142,-0.497,0.135
-0.15276989500170676,-0.5031810018975706,0.14161203126558422
-0.15292506035856923,-0.49315383832968596,0.12829802528955705
-0.14562912631376776,-0.4936749357147553,0.14094763457152856
-0.16769700024647693,-0.5135545416521584,0.13892720562837008
-0.15989006204461156,-0.5185075834938981,0.12732371061928452
-0.16440148150884293,-0.4970801444831614,0.12065441055140728
-0.1547394391834576,-0.5253878412892667,0.13958664259495862
-0.16945578591294647,-0.5232533953989801,0.1382236134773873
-0.17865339865259192,-0.5132489429445315,0.12680245143835206
-0.185,-0.517,0.135
-0.21617599721190972,-0.49455364338139846,0.14173821918163226
-0.25028541634966267,-0.46184605330693673,0.1351142400612529
-0.28240185766843734,-0.4274916183011075,0.13207023110202307
-0.3309111285924796,-0.37093903431876135,0.15613212528741832
-0.3684565100121313,-0.3285306069778621,0.1432775041368915
-0.39674921283219505,-0.3180714635176262,0.14700616165104624
-0.46985893027792536,-0.27284379871029607,0.1409193875169743
-0.4765405371828553,-0.2477347295518828,0.14663172607122935
-0.4991004331309475,-0.21239465353720838,0.13907209744537155
-0.539,-0.163,0.135
-0.5286713306572294,-0.1789386211528757,0.14831250482560282
-0.5286012588844867,-0.1978623654688007,0.13195822188697082
-0.5367936834642569,-0.18176972231042401,0.1368952424158084
-0.5286815674346756,-0.19607946057653727,0.11963306177404232
-0.5372634115258732,-0.22831983921022883,0.13009920922249119
-0.5060206083448942,-0.22038358365401012,0.1530021887762591
-0.5118064917279167,-0.25181335223198187,0.15099950866353531
-0.4913434766697239,-0.24458426478649647,0.12851368175591846
-0.5076604287159596,-0.25638126678030343,0.1479846009853434
-0.492,-0.274,0.135
-0.45303074048791786,-0.32204649301509813,0.12960780848257195
-0.4294040607537537,-0.35104305260878066,0.15547455101177035
-0.3985226155907769,-0.38537427061158314,0.12736843753344773
-0.3482571092821324,-0.40829094282736844,0.1361976721763664
-0.3029239842358726,-0.44402568879070253,0.12732780442305086
-0.289019865989681,-0.4955414666377875,0.13499899847025726
-0.2374670874911949,-0.5295513034122343,0.1363010474312329
-0.22913059048504775,-0.532746658702153,0.11929278438836072
-0.16706507005176313,-0.6090250790374507,0.13749628118641502
-0.138,-0.627,0.135
-0.14772911717781304,-0.611963314613972,0.1398903297664233
-0.20945978657130493,-0.5617221966545326,0.13544846864861187
-0.21645392166068528,-0.5373557780682293,0.1311704779405797
-0.2697232790319234,-0.5317499148436412,0.12764497148447765
-0.28948587476669063,-0.5172165316781754,0.13521715093191292
-0.3203157734967336,-0.48749533998582256,0.14227814814095077
-0.33636429559126685,-0.4514866519228184,0.13039718631117
-0.3881536576482349,-0.45494431041099825,0.1121026283475806
-0.40144645215387637,-0.419680858230445,0.12323243391975197
-0.444,-0.386,0.135
-0.48030019800538026,-0.36690391079002116,0.13311232332536763
-0.4745253916078462,-0.3708728104200633,0.13116940493665827
-0.48985980079572483,-0.36856434345926337,0.13738438773391945
-0.49971915582745424,-0.35555185075371526,0.13359774031792862
-0.5230336313444254,-0.3350781569078078,0.13330179320157845
-0.5428064819454035,-0.34519448605946856,0.1275294103747239
-0.5312322624771273,-0.3240005117691744,0.1475528898690098
-0.5585810245519315,-0.3085492361624284,0.14106426713659276
-0.5608100928847979,-0.30924652775467454,0.138404016703825
-0.587,-0.306,0.135
-0.5563898791980487,-0.34830650459382145,0.13586742929323495
-0.4997527568929348,-0.3822881785694556,0.1411265068465465
-0.47143171038036136,-0.4246744210982011,0.12432138612608869
-0.4466644725854509,-0.45231811772264735,0.1321339239983231
-0.4098791930379601,-0.47602892500174776,0.14227322080603724
-0.38637043936711307,-0.5051899952078974,0.13677616531371048
-0.34577734182042646,-0.5641267498256581,0.11370401516946645
-0.30717838750743465,-0.5820808455706843,0.1425748547341879
-0.28405602480731607,-0.6200564496848394,0.14321175935554423
-0.234,-0.659,0.135
-0.2591053928443319,-0.6482565430617039,0.12845423139153364
-0.29848740571078075,-0.5995650358399844,0.1541166332484812
-0.34037859744953725,-0.5692673098165387,0.14479113645510985
-0.3640284684686741,-0.535564689777492,0.13619781759443295
-0.4100380154108649,-0.519698143159261,0.13720092854324215
-0.42654218203641103,-0.5214871044331835,0.14474789618381145
-0.47436716088141856,-0.46610476013096774,0.1342529378779091
-0.5069981638660306,-0.4491322523997142,0.1428963839421204
-0.5340916639250739,-0.41361285654346996,0.12189544771656322
-0.567,-0.389,0.135
-0.5575553079092912,-0.3982045659438389,0.12863578896903718
-0.5478953340688182,-0.43494958035819936,0.14171860374692138
-0.5146143794684915,-0.4701070743565424,0.13525448767067527
-0.4940727409225779,-0.4765090132134859,0.12081776948910722
-0.5062887983242117,-0.4953734805612507,0.12700966461741
-0.4706016145152541,-0.5119386687857501,0.14767949225299518
-0.46603724133582025,-0.5261869387867671,0.12057183391043626
-0.4686248174684486,-0.5681093807271056,0.14018714397763649
-0.43632654090880696,-0.5812488729380613,0.1501400895784748
-0.428,-0.592,0.135
-0.4557269394599417,-0.5851142849207148,0.14364661890032487
-0.4520683962321742,-0.5559863162554965,0.13576386206169172
-0.49517622339611317,-0.5508708348219544,0.1269710704257633
-0.5128735059146329,-0.5284474108036041,0.13698446397918515
-0.5447086492726941,-0.5357241254981361,0.1337037190607053
-0.5529525971019249,-0.4750292848161722,0.14633509337786382
-0.569875423957369,-0.4838338243234932,0.13236289253562197
-0.6093781363992469,-0.47628805936850943,0.13330804151454256
-0.6305204231155072,-0.4550367665499341,0.13686053813716625
-0.645,-0.439,0.135
-0.6310215495189277,-0.45641825847118067,0.1252746613452644
-0.6264199183485631,-0.48760897229462996,0.14425115758399573
-0.6302091432834253,-0.49853419069887783,0.14812036866733816
-0.6091644516134362,-0.5149774679983871,0.13578263632818585
-0.6271369569993694,-0.533078304992087,0.13921155324091913
-0.609378878486764,-0.5530809417945193,0.14242049442236987
-0.5941910715352774,-0.5523101137290077,0.1482825723664501
-0.6088527126761044,-0.5861146509541079,0.13035399723063415
-0.5905276012901494,-0.5964939959102051,0.14113517966953928
-0.589,-0.623,0.135
-0.5564524808534494,-0.6030971181974938,0.1491026802192282
-0.5493694755267658,-0.6348310275796653,0.12447027450738295
-0.519566675721281,-0.6257281599545846,0.12111777264204568
-0.5106306198905879,-0.6055394153866358,0.14234281269978843
-0.4665888082449284,-0.6275189687558467,0.14403559262697085
-0.4371040888058131,-0.6131908997413946,0.12140444438675296
-0.4287557186056896,-0.6106319947683125,0.13722193341577904
-0.41745091729766665,-0.5987263460710183,0.12679139276167345
-0.35796271549308123,-0.6086172778653282,0.15318933522644065
-0.353,-0.594,0.135
-0.27363932357229476,-0.580993465588677,0.14147515887516887
-0.22055334383518874,-0.5412425385030616,0.12854849631261067
-0.145705818316304,-0.5400313592061078,0.1164234317180835
-0.0763122527961625,-0.5271960801690315,0.11121021692703598
-0.0014164154786939637,-0.5024009076826744,0.13751417233422478
0.06861886839934349,-0.46756809865441296,0.14088254871332187
0.14905797128752724,-0.44119451781302155,0.1259078454357127
0.20041977120928958,-0.4300236641014512,0.1284387503693158
0.2562780578432157,-0.4026444290579767,0.12689145649133596
0.35,-0.385,0.135
0.3644493875705488,-0.3607249038847399,0.14400757035119857
0.3821903739844003,-0.33474809508461667,0.12628416286085303
0.39732321675336313,-0.2922406881991053,0.13084662078511503
0.41059039753650495,-0.284665324529556,0.12490691504137814
0.433453801707293,-0.2487485805736014,0.13258990227163062
0.4307685877220801,-0.22888733862849237,0.11932816253701868
0.4569888020884161,-0.19414331528024933,0.1307508450116023
0.46847227134093405,-0.19167280052434085,0.1441932710380909
0.48689544577083926,-0.16569258332372339,0.12440162842810715
0.499,-0.119,0.135
0.4623005039439229,-0.07663346922429107,0.13501017453817118
0.4212583514533951,-0.06561109844211535,0.13618441157007508
0.37864471449921955,-0.028716174475310483,0.14373199123814123
0.3533299524679744,0.038760747434158596,0.11920453333189915
0.33061228268940174,0.07951002019628153,0.14421052207331497
0.2887684399911396,0.09081559646243471,0.13206237838283674
0.25167500032455753,0.13054175884414054,0.13557240898880277
0.20875514811575638,0.14676598632359855,0.13402570775889106
0.17535264340388063,0.18396307093160993,0.14287301706811595
0.145,0.234,0.135
0.12652712122732895,0.2724056249302514,0.1288286480716525
0.08114042241222369,0.27984898826162624,0.1476692535372541
0.0499530615579768,0.32727570865763406,0.12923721142298503
0.012411585245703568,0.35896001373839187,0.12802687552197456
-0.020991864092720004,0.40334699593553425,0.1273552252489436
-0.06201978228763638,0.45521327113331445,0.1286199881518032
-0.10836017286814308,0.4668171446285249,0.14035008608503063
-0.12220368033632786,0.521114144590631,0.1302756950428834
-0.17383644278690785,0.5397145302993875,0.12468584285447434
-0.208,0.588,0.135
-0.1781395140507957,0.5536295223185692,0.13743191619641
-0.16836032702476045,0.551520221180225,0.10941016760454021
-0.14696435170500416,0.5313349980402371,0.14067048989421232
-0.11973868686503195,0.5028608769931341,0.14412806794996313
-0.09486735117774542,0.5112206114044207,0.1427296619729856
-0.06427788308075048,0.48683882750897417,0.13186568849590322
-0.06266622709938584,0.48133222386655294,0.158325596912114
-0.0348448503881039,0.444226231984669,0.12213755714586214
-0.004584393971569806,0.4560775348229147,0.14920583853039768
0.018,0.425,0.135
0.05821942118218114,0.4100937146010494,0.12992658047267627
0.10506777776311028,0.343636661751749,0.12547167028858658
0.11753783172401518,0.30479680652963353,0.15719193341660131
0.16963576945740155,0.26767894331032327,0.1358234193714327
0.18552199729625124,0.25420679034931803,0.12982007998957698
0.23389133760582342,0.2141390090201945,0.13222563901995074
0.2686653354059932,0.18155363618566903,0.11431920816683355
0.29495183463013114,0.1559554984669828,0.12594273682476267
0.3493634184147959,0.10482656080387508,0.1477563825161317
0.372,0.072,0.135
0.4028324888628782,0.0406232733112079,0.1326693024703791
0.41421499182541704,0.04084126838777096,0.13756638334521049
0.4409065056328265,0.01323571148501701,0.12540155066983547
0.5042384910606681,-0.0016573594074020953,0.1565655587367293
0.5119079347084645,-0.04190715810161874,0.13650662087795915
0.5333353663536066,-0.05354869072918177,0.12383694796592844
0.5831557287660729,-0.0821176301697167,0.13747031568509943
0.602794223983008,-0.11297387447115764,0.12630874579209417
0.6323550925581625,-0.12571172999326916,0.1345009561443142
0.66,-0.152,0.135
0.6217445572170087,-0.11461099343171652,0.14674152495682932
0.5903929400436358,-0.09745465892835359,0.14363676643813078
0.5497069078920597,-0.045891495733842914,0.14366096394772027
0.5156426216600716,-0.015003310050611835,0.1412103551889642
0.479841772396382,0.029819673141272346,0.12965111503357435
0.4282424213449235,0.060624554041819885,0.14031743068827873
0.4092957429233377,0.09580950840581874,0.13359278945004663
0.3735010445683573,0.13468698070138102,0.13663510430836245
0.34127132187945386,0.16398827642129893,0.1295762741390049
0.306,0.201,0.135
0.26927635922506393,0.23853068159827248,0.12933600704750234
0.22680320181076918,0.2681357746181757,0.13281269928379585
0.21479356499556654,0.29914286329094675,0.1256666214880479
0.1755452780315964,0.3314156042696523,0.13663113811146313
0.15422781336609667,0.3752594157818302,0.14164872576327586
0.11483027126516222,0.39407210529045456,0.1294915293971682
0.07876477097012267,0.4209482092759168,0.11728745619324676
0.050851967872221786,0.4775246339559824,0.13022468488129105
0.006670224324309218,0.4994654199851602,0.13098361198255934
-0.03,0.537,0.135
-0.026342235749218283,0.5401159651855515,0.1373479992975023
0.00978149313829404,0.5230488859255211,0.11866090397817891
0.0013469366750925357,0.5362269340496095,0.13237911887789142
0.02545244618476314,0.5333555347585367,0.13730368735550802
0.04157432804577824,0.5178285625174268,0.11723770699020346
0.04766859414652861,0.499257016322843,0.1339452803156572
0.05915655800509015,0.5015757515378092,0.13527749458848187
0.0835842703420889,0.4851123781374491,0.14301944602630864
0.07283634363254878,0.47765365030716395,0.13285526416288895
0.094,0.476,0.135
0.1261211702693813,0.42865630842780994,0.13884742334670913
0.155075389003363,0.4033951124092713,0.13828087503554579
0.19671072882271412,0.37339803370970776,0.12876674688453493
0.23355992768301548,0.30308151947211265,0.13331802830483325
0.2737873834216548,0.3063455479957717,0.11986453015416226
0.2998297711883394,0.24086192015201946,0.12775573929907452
0.36559765558525853,0.22146906876900732,0.14259204208611267
0.3680381072934021,0.18470223475186004,0.13977286231493236
0.4405923527648308,0.15320551691164974,0.1394851088062957
0.466,0.105,0.135
0.4693482897989138,0.12725670053520502,0.12085636082695725
0.46608302242836497,0.0859059536111636,0.12039739919114499
0.4964090783923918,0.07788869449401138,0.1373506894903191
0.500842146050276,0.0876503284598703,0.13292957664386112
0.5198395344192515,0.07653287308598374,0.13632561782894204
0.535663389750751,0.0776276715845817,0.1256895732094136
0.538253678254504,0.07055893014075804,0.14000621762735965
0.5448078800229824,0.07559484943662131,0.14118172618529062
0.5682962543108184,0.05869767955038254,0.14378538053430495
0.565,0.069,0.135
0.5428837517801929,0.10209094492271682,0.1497002733117613
0.504864094462425,0.13271024122667632,0.12900717990114563
0.4497953058027259,0.1663804914765755,0.1368720058098274
0.42148281406362514,0.19874346057873152,0.15189243645319703
0.3796334426972775,0.26250746337386244,0.12476035335380244
0.3306839076505087,0.28181501568127465,0.15133689128778866
0.32692847785360063,0.3298447831418092,0.13683254387122074
0.27625451781729154,0.35426377362346373,0.15026811025111736
0.23223359332923005,0.390652118988876,0.13163651419852215
0.212,0.422,0.135
0.19079195792067946,0.4255960855752869,0.11581375327351073
0.18611982809110444,0.4579098401910813,0.13823066682518348
0.17717598861266878,0.483368396883612,0.14128110529954993
0.16151665616718563,0.48457959946297713,0.13539285317119207
0.1447871121391448,0.5190683740838878,0.125269424538103
0.12945295797022438,0.5567370013059969,0.13256269441058363
0.14631510509270987,0.5474069639834672,0.14373312168993382
0.12295855317604709,0.5703569129559104,0.12809821760519052
0.09760073703943009,0.5813294927433618,0.14061349529989034
0.089,0.609,0.135
0.1299058767338506,0.5785774648750505,0.14191322777307933
0.17783453729866927,0.5613920177664432,0.13065730713136617
0.2101362098877437,0.49169195007989575,0.15348125526825357
0.25443459451525224,0.47152256684529675,0.13046111847708253
0.2700349016885043,0.4107538788094588,0.14060600192902004
0.32415717019971096,0.39765209600205526,0.12688320642762463
0.36917770400350175,0.34107808977017506,0.13562244181040847
0.3949972155436815,0.3127773692105442,0.14555904613819906
0.442329868502636,0.2889347606836009,0.1351939453162613
0.461,0.237,0.135
0.45332528095288044,0.2158634518561355,0.13256528845806156
0.47313623113211456,0.23021946147314476,0.12825264899167646
0.4958679994191584,0.2330943580967905,0.13050338740988923
0.4925946550133895,0.22484655228569575,0.14216252731069276
0.5243002448140821,0.19804075541798213,0.15693755006049062
0.5302412142732003,0.21575939843148226,0.1390980919620285
0.5418538213123737,0.19274443066112706,0.14633370728189504
0.5588754946840803,0.1968507317366477,0.13396594393731476
0.5682830900799389,0.20685314098575447,0.15042880111998824
0.57,0.191,0.135
0.517414870592475,0.2399096001225573,0.14468420213686867
0.4959017612086443,0.2551846199224343,0.14373417565696475
0.4809007001140715,0.2924998647023451,0.11471702755356139
0.44036729316795303,0.3328673893722959,0.1452008981447056
0.38983070074040926,0.3592803156676679,0.14133204616921066
0.35778569483181266,0.40759287072841033,0.14826369534508457
0.3036456850374433,0.4390730528516454,0.1337551446800941
0.27820512036745126,0.47373437651271477,0.14769251625587906
0.2560913246653097,0.5223346298062345,0.12749230198133402
0.217,0.545,0.135
0.21334241356443612,0.5455440458381489,0.12490837724303182
0.23996012034183192,0.5248598443614092,0.12357775790856745
0.2668397773863463,0.5211523886390479,0.13975601718236
0.27427597029222667,0.5245139076493214,0.14274101692289043
0.2698961651201433,0.5104970544372809,0.14496758528611436
0.3080151666917941,0.5166771983737207,0.1413046540413345
0.29538931533412766,0.49984950212934726,0.1278718442407174
0.2868779461572307,0.48978676390970405,0.13136021260444847
0.3149559515775159,0.48297237369135815,0.13628844994035538
0.339,0.486,0.135
0.37797127780155726,0.46514090950418796,0.1226709434144144
0.40102970983124014,0.42786321285019113,0.15406922660443728
0.43456268533686837,0.3947600091086503,0.12528651906639382
0.4805562025765431,0.3875727310683362,0.1281996809643453
0.4908812079252502,0.3571192650919258,0.12278773158054376
0.5350422228934351,0.3171043329414939,0.13717463312338019
0.5783215289095265,0.2861501144688664,0.1458467772118337
0.6117362051400234,0.2586637268345127,0.13681650456106792
0.6291847902262837,0.248059800647095,0.14261006335531604
0.669,0.219,0.135
0.6238278199460756,0.2488498140060178,0.1255911376498179
0.59448893381607,0.3000090104212449,0.11754576501432
0.5688466117493761,0.31384416267946125,0.1221994518686006
0.5312576382190083,0.35521830053180153,0.1396167017636829
0.4869239318121942,0.3938267842118309,0.12293614198305765
0.4577053591844343,0.4284889432683423,0.12629168249126144
0.4368582916470092,0.47440787870481593,0.1397193067624001
0.37964694860585135,0.5089820245724531,0.11897938544194996
0.357502601259758,0.5296208503607395,0.12619318540104218
0.321,0.568,0.135
0.3441903791510967,0.5587498678999894,0.1253797839842292
0.3617915852145819,0.5608449953466422,0.16332161167371959
0.3869122132355737,0.5386122377763746,0.13678786430284992
0.395612717142692,0.5165690720374497,0.1281057082857607
0.4146614710340135,0.5148983676739269,0.15241159013554484
0.43402836964177927,0.503495068154548,0.13597161677451708
0.4295314287671087,0.49543395952010344,0.14629772864236834
0.4435802402421757,0.4813849793757095,0.1291849473630445
0.4625814405124712,0.4641822355636071,0.14726978658410417
0.49,0.463,0.135
0.49705239024599135,0.46226739494783453,0.13053601102137294
0.4941231286179799,0.4675515039981849,0.12191307775105643
0.5224140317362997,0.47919631911725624,0.124570257402511
0.5253771223245643,0.4775627754569663,0.11404101721175983
0.5248093316799246,0.4742258056958113,0.131555416288065
0.5305829267321679,0.48081528464183615,0.13750557711243044
0.5088985612064458,0.4671338803218072,0.1364602284100725
0.5243520028639452,0.47448121328810194,0.1410466008733693
0.5315684964318698,0.461151244329393,0.12479182266973249
0.541,0.475,0.135
0.5397628506657745,0.47645224708372763,0.13902772281330475
0.5463586423979472,0.4886817372832233,0.1346936877565471
0.5575400751716825,0.4913394046243082,0.13467974787767523
0.5382913287688141,0.514877703063742,0.13584313424673808
0.5193131968851672,0.5244164695685278,0.1459633408286494
0.5317169959402454,0.510190792137052,0.15074343745215862
0.5502472178659197,0.5142173791581858,0.13603068971051707
0.5208138310956205,0.5200450096623148,0.1439753256403713
0.5390326367474697,0.5226815022270023,0.1266627379832886
0.541,0.539,0.135
0.539585081874353,0.5536002441967597,0.14318097279996939
0.5205829104372288,0.5542932770469227,0.126294609652192
0.5379340070992388,0.5697802908799203,0.15327268998384644
0.5266893148836251,0.5920892530339129,0.11805949118435319
0.5015322761968821,0.5992780916987288,0.11823215118762725
0.4976351516528929,0.6015898188876497,0.1464526340211737
0.5278997394147288,0.6360557824227133,0.13869075289602004
0.5057032676003149,0.6199414354873058,0.15265663592942413
0.4886398890940357,0.6411841169633128,0.14994179663908785
0.49,0.654,0.135
0.5023693875714544,0.6559173448279326,0.13693638112497078
0.5203975428747367,0.6517248298614855,0.13339830086983712
0.5449859945445956,0.6619182436318851,0.1182905555947247
0.5659002422227076,0.6572721379849134,0.13149051091238603
0.5724261443101413,0.6409525951503584,0.12752084515360115
0.5939658312095902,0.6551892030156304,0.14400296124336667
0.6257968365016274,0.6640902352155873,0.13662048703489152
0.640428764707789,0.6600054327667858,0.12377368497542386
0.6406886600873766,0.6796086710136361,0.15423709263150012
0.666,0.669,0.135
0.6492372698353241,0.6753141515568076,0.1401592577764681
0.668634672658519,0.6874549945157474,0.13564883468640904
0.6583544862367675,0.6681631446209593,0.14238221675134333
0.6795112704501834,0.6516027062329023,0.14610624656280935
0.676499830669409,0.6855007870066938,0.16174852144509225
0.6747552700549084,0.6580605255291708,0.1474121730959774
0.6478573693207372,0.6557179717812238,0.16844352987577083
0.6637083444903443,0.6682953623596464,0.1754472609222083
0.6810843148769409,0.6722742177213723,0.1637508039462946
0.669,0.665,0.15
0.6579067219073496,0.6707423190760184,0.15855676615913036
0.6790066870964471,0.6667885489072284,0.14344939766333845
0.6708630259221154,0.6610584980585762,0.14316413052966115
0.6802626394251736,0.6568572585854755,0.15257910628369717
0.6737813988780386,0.6508793936480809,0.14313798339166522
0.6603567609686971,0.6675764833450635,0.1417939072800281
0.6806644869651762,0.6656380737660265,0.15530538978095382
0.658163536458964,0.6592762952830398,0.14173925671847448
0.6752040024099848,0.6787149365281686,0.1539950097202559
0.669,0.665,0.15
0.6568952435494384,0.6486662215465587,0.156874555198908
0.652283549282467,0.6456273729703536,0.16182113489877908
0.6719277276619791,0.6277395437675698,0.13669884470206456
0.656119953310468,0.6195401176827208,0.14666925447434695
0.6729836372426184,0.6184178783751687,0.1577636218291225
0.679297837387792,0.6015411840341055,0.14311493672914344
0.6914047708531589,0.5961592519109234,0.15592819536397387
0.6749551997188252,0.5835506584466313,0.160499629419497
0.6483173151667663,0.577389833251105,0.14539571477952357
0.669,0.574,0.15
0.6844334260946897,0.5225455937389687,0.15925317749874188
0.6501083449619549,0.4747480834901618,0.12916718928198068
0.6782441365409843,0.4251414135808327,0.1619021442229448
0.6536744723495735,0.37658401556899584,0.1553287334533058
0.6737477074805412,0.3169924179760996,0.14910018033034353
0.6554181925023297,0.2815860015876958,0.13957614641283458
0.6793539886562209,0.23620207066889762,0.1426869097656974
0.6664822182487883,0.16264830410581993,0.1483851860417226
0.6529062317469416,0.10404345828431269,0.14269983786581134
0.669,0.074,0.15
0.6782152030405787,0.02494185139029022,0.1522524638761564
0.6717713226048131,-0.028799719789446832,0.15553902782778023
0.665734158725062,-0.06171935641807717,0.1469292648610408
0.6770923058090792,-0.139341541986965,0.16339479286190742
0.6795969190414862,-0.1772864230444824,0.14848570206929007
0.6832686156280954,-0.23312311266095376,0.1494044633934295
0.6717860243281065,-0.2602452542572059,0.12497162770195436
0.6437899907268313,-0.3212905792367615,0.15964637404253518
0.6613026283145771,-0.3592186563019952,0.15460870501328414
0.669,-0.426,0.15
0.6440921670512371,-0.43907307769484105,0.15190618178780024
0.6244637337492038,-0.4726584014873339,0.14156415735021366
0.5876880969686261,-0.48939095958207157,0.15125400940211567
0.5857530306241103,-0.5396373685028056,0.16493067126326708
0.5442258288839495,-0.5515984395949873,0.1494983755874485
0.5091113919290394,-0.5641793912538544,0.138203660133476
0.47940084434133684,-0.5943517542646217,0.13533870503067885
0.4738177474417615,-0.6226774398123178,0.15442218851450656
0.4253691385280508,-0.6428132791830947,0.16174607632739185
0.417,-0.669,0.15
0.3570272079884149,-0.670760277578912,0.13513944356796
0.30586620529947417,-0.6885819212170023,0.13576824674304955
0.2771111921853311,-0.6622014121967518,0.14191871579424997
0.19437397353019015,-0.6933210504358656,0.14681935053689493
0.15610924580207977,-0.6652133712435154,0.15974207051355685
0.10874378215541167,-0.6655185556427281,0.14271714875917943
0.047685072706212715,-0.6706692299869588,0.15336945991969597
0.015249926745185462,-0.6576693494362715,0.14975202323570325
-0.06011594810077442,-0.6703768288503763,0.14362439952838815
-0.108,-0.669,0.15
-0.15825582753539913,-0.6566527604975242,0.1431869615960485
-0.19808785879266022,-0.661476052479578,0.1453635994518577
-0.26296083387815417,-0.6578676368281798,0.1646799823911998
-0.31885025641787407,-0.6614625276223967,0.13842556858215566
-0.3639039559253326,-0.6657624216982666,0.1571956852436333
-0.42873788902015925,-0.6635086762635523,0.15596605059207508
-0.4659092627013563,-0.6606597209981455,0.14801707108999185
-0.5042428434431174,-0.6576212460944102,0.1513672521826162
-0.5780285157212489,-0.6673143663054152,0.1511454515018348
-0.608,-0.669,0.15
-0.6189084311420401,-0.6246932744729619,0.147669745408011
-0.619286673736631,-0.5976997029496945,0.1564393609233809
-0.6338701543319595,-0.5244458387389306,0.14245677012803942
-0.6290905828668227,-0.4905379434080605,0.15696113138219348
-0.6470385445760708,-0.4601323765343317,0.13723834951909425
-0.6493120999218213,-0.42599207966745767,0.14765363950283333
-0.6451720797034834,-0.34854884601773944,0.16165645527871217
-0.6502338169607197,-0.3241489494956217,0.1439480973363797
-0.6947627214001572,-0.28701009692467283,0.12755382656353836
-0.669,-0.236,0.15
-0.6812317997697451,-0.20303472486464377,0.15580505694303481
-0.6747116906202179,-0.14465878164205856,0.1407342939062316
-0.6667347588415822,-0.07861889960287577,0.15430370179383843
-0.6498177946050806,-0.04050074552477506,0.14008263138815838
-0.6491606810795589,0.011670955549739733,0.1498138780064775
-0.6629660675378245,0.06322764508155461,0.14360893322004556
-0.6641477287429196,0.11537753099124275,0.13319351916459682
-0.6743269693732902,0.16470581295810194,0.15122498016452274
-0.6767352056443933,0.21857054272208765,0.1501343805197367
-0.669,0.264,0.15
-0.6548212102197315,0.3015133112061641,0.15981281840660586
-0.6376341774787635,0.33527991271303015,0.14900066080078214
-0.6256877226827218,0.3782977643202049,0.1637434275151097
-0.6306345738976246,0.4177973726421838,0.14501801957452193
-0.6066878661289566,0.4786665923258717,0.15411263176841505
-0.6009194885418793,0.512836765473813,0.1563605693699522
-0.5722224625600134,0.5305022521843852,0.13755263297265255
-0.5964384203900545,0.5843673594995683,0.15428092102872495
-0.5671413418627423,0.6331552044812486,0.14516949604036802
-0.555,0.669,0.15
-0.5076071020630489,0.6622816430530519,0.15640194626019027
-0.45032883689621955,0.6704417367286591,0.1467889344538405
-0.40706555604467415,0.6753026713756745,0.12967918364584607
-0.3629919437590417,0.6711600493982061,0.14272023973565381
-0.3029600977863734,0.6454933388147881,0.14470886696264526
-0.24838396855776051,0.6814724990173054,0.16451825146474422
-0.21933991455781537,0.676285664256352,0.16817983283078544
-0.154307611000111,0.6734391631805262,0.1325693786332906
-0.11279931189320729,0.6663730357650149,0.1443887363050399
-0.055,0.669,0.15
0.00896229455299899,0.6579074108706884,0.14272281815730878
0.05909011404509246,0.6585038372650052,0.14839622951183173
0.10303010459657108,0.6821058263342178,0.15902705719512747
0.1615859022592024,0.6778041101285089,0.15521774934884341
0.21528828043706866,0.6820117082716385,0.1454468765986858
0.24840400726402226,0.6705376934348722,0.12551002293019814
0.2909478843954212,0.6628390184170877,0.1725031933018436
0.35147383615671524,0.6695417633024271,0.14662450409233646
0.39793103766782195,0.6733353596224295,0.13233804740698027
0.445,0.669,0.15
0.4425379149760558,0.6333527155856228,0.14862993801607993
0.4478946882259102,0.5819280636225439,0.15194575620856568
0.4432853804207928,0.5345262935389912,0.15436235387283997
0.4534315575175683,0.4764945002467308,0.14962792188789598
0.45436943126490353,0.42953982129814505,0.15702541613995838
0.4519976213334689,0.4050478829748795,0.1331046283630824
0.4429020039073209,0.37048250480627987,0.13542855021668376
0.43498111894363134,0.3276888712388001,0.16544319391100049
0.45006038801225046,0.2556111998390896,0.17287824666413382
0.456,0.229,0.15
0.46043727596995876,0.17294253009132138,0.1477791319803348
0.4596808160580066,0.12789177733000862,0.15920216136312235
0.4424912416276705,0.08276825713135644,0.1573455023734531
0.465006959531817,0.03487886086087253,0.15410005604581287
0.47551273903327285,-0.02608575471594336,0.1505077410507556
0.4664371512574908,-0.08161337266530504,0.1567647005975046
0.45010876339308653,-0.12431873747696476,0.15306073113508195
0.4599252672584197,-0.17429722160404307,0.1447512918713642
0.4800143015142827,-0.23294556287314938,0.14186784355828116
0.456,-0.271,0.15
0.45431096746650984,-0.27617958087082795,0.13594569167971257
0.4615243576474761,-0.3243584380369383,0.15324110415437683
0.43705744733705243,-0.38209169881685984,0.16240625828609576
0.44711444271763406,-0.3885188050766951,0.147141692222797
0.4307289328523104,-0.4286396542322773,0.13802019896264422
0.4306027154199855,-0.4761603637290751,0.14992785587140553
0.432654458415393,-0.5003150690184632,0.14578485402501234
0.41926237506558417,-0.5349828188614659,0.15148967167123797
0.42511096070464793,-0.5487043806957906,0.13717969431002125
0.411,-0.595,0.15
0.40021068008911265,-0.550358089932737,0.16312316377034972
0.4152996685327456,-0.5070138611883178,0.13915247656652457
0.43034034285708006,-0.45392416287405235,0.15170059767938351
0.41748613242519433,-0.40365609343849373,0.15016677668756298
0.417969781886832,-0.3427775083272451,0.13974821580990973
0.41511578097555885,-0.2768595729393364,0.15506637010605592
0.4045432686649321,-0.23685813663634275,0.14509046935354342
0.4165979659815433,-0.17732529949191495,0.15198954978348295
0.3954621460793657,-0.15473546545375857,0.15503493329188944
0.411,-0.095,0.15
0.4209419758474791,-0.0477129051073832,0.14634988927469095
0.4088999912575103,0.007378394167581764,0.16481151374673883
0.41856961093132233,0.05706151121471182,0.13373550380217716
0.4080924300142715,0.1083307957127291,0.14831388191876443
0.40516029073409787,0.16284741013696402,0.14381920551764762
0.40933166730867065,0.20741110169092475,0.15043944756716315
0.400524546505576,0.2461254105417681,0.165645075932577
0.4111115543951823,0.314066116673353,0.1467696892644144
0.40741976277677794,0.3432668076639145,0.15485964644889733
0.411,0.405,0.15
0.40999752562003866,0.40626165460543334,0.13706920873333858
0.419519794890465,0.424070427557789,0.15184645681718606
0.3810799755354531,0.44443453007423667,0.14367815096214745
0.3962449219500825,0.4513349923515019,0.14041567027549054
0.3823211150020178,0.4325453168082635,0.1520536751022022
0.36619676679449464,0.46155961536799955,0.1495462212641072
0.38604511684376397,0.46380808601509976,0.14738967152340599
0.36849733033869364,0.4735491122961793,0.14943095335418294
0.3736537785252365,0.48865261244193514,0.15251354206726692
0.366,0.486,0.15
0.36682388104354813,0.44757078381949134,0.1722759275195043
0.3746764723282942,0.3787976166576372,0.15041663275920908
0.373214830884238,0.3115766572175655,0.17393568976321383
0.35996598114852174,0.27359849271363706,0.15475516024625435
0.38169262747631005,0.22872430263836516,0.15625973583365885
0.3662739556384428,0.16833999612663567,0.14919592674898466
0.36666269317600514,0.12462707075186982,0.14992849667124913
0.3589916259723454,0.07569872055077136,0.15611448434890612
0.3511598567616667,0.006307032910515308,0.1349833052169833
0.366,-0.039,0.15
0.3532636393312526,-0.10450712103821408,0.14488660721917035
0.35398322671879257,-0.14347074088639045,0.1355641739487525
0.3546735709679381,-0.19958445143726442,0.13842863026701768
0.35198366126311437,-0.24259198806990565,0.16709429056264744
0.3661492150393036,-0.2864068082825214,0.15812061508032743
0.36070527239860356,-0.3344040883831176,0.14817209170942286
0.35156412219920824,-0.3985120572529001,0.15433533494030108
0.36038771961083327,-0.4197575737946514,0.144796782556018
0.3637792613123467,-0.49659716834874973,0.15005546626692864
0.366,-0.539,0.15
0.3677916689205873,-0.5227595534919919,0.15320916978454113
0.34378961557420323,-0.5059452575483695,0.15144247436623753
0.3416119705391476,-0.48380012269171546,0.15528404114692998
0.322530938459753,-0.45691276013500776,0.14762911299971476
0.35522336877066435,-0.4317506201716674,0.15226094223903944
0.34239385921862775,-0.43001746957624076,0.16193790442988903
0.3486606521828079,-0.41006055372925226,0.15743507354790354
0.33577179888682573,-0.39820048623461407,0.1457036377544328
0.32015617317044387,-0.3537450838431549,0.14071965140563744
0.321,-0.352,0.15
0.32508568505572477,-0.29722124106379993,0.12793186771635998
0.32811927681133424,-0.24499516024954132,0.15589744690044693
0.3240690110854098,-0.2018555721574601,0.1668026033477816
0.3276004384669531,-0.15138173399549723,0.16595005813487798
0.3282645788285827,-0.11682734098715107,0.13444287622331622
0.3194109540443196,-0.03706546975167764,0.1461556450886332
0.3105295486223668,0.006222086455115763,0.1531724770553219
0.30654420473719324,0.04479100844391071,0.15145993811756514
0.30858536280097376,0.08887977100028775,0.1732852014611657
0.321,0.148,0.15
0.3057679366249431,0.20149833469730674,0.14434790035990727
0.33249715188185364,0.23850776357176218,0.14201313959384423
0.3091644970083511,0.3054133140030234,0.13928181768316517
0.31985002248021593,0.3360113528879826,0.16850099249941003
0.3386904466931155,0.3809671635678365,0.1653623056899696
0.3122469120256634,0.4521301079119644,0.13367153861585843
0.3321401664789781,0.5056488783388084,0.15380227401626415
0.3084416622168037,0.558463724469611,0.14100592437170656
0.32314048120785704,0.5998179089736467,0.14964731141300533
0.321,0.648,0.15
0.31408401217572757,0.602722745854732,0.1427710139847539
0.3035473925306393,0.5409439594017489,0.14775679569724448
0.3172940560975478,0.5068642973538368,0.15322019329635372
0.29743142221926433,0.47437772446229787,0.15770780202327678
0.30297313105633883,0.4427674838571056,0.15276406685859448
0.30761856807113475,0.39143757726044587,0.16324479948650006
0.29815263334103614,0.3558431567472888,0.1412584334807703
0.28443618143179933,0.30029242352989455,0.1455127514588367
0.27337382052399195,0.26027460268157365,0.15538117295934076
0.276,0.218,0.15
0.2899533457286011,0.18466503265060266,0.15605003644204324
0.2881948514906987,0.11662568289801513,0.14514422659833087
0.2747500773047472,0.0740715986619166,0.1424309239560107
0.2801800586118094,0.015815719885869578,0.1550028391289285
0.28298529124871474,-0.031429824124210304,0.153662180336128
0.30329178309189125,-0.08744226088354601,0.16150403232389487
0.2712621658902232,-0.13300381461202357,0.16139445247140405
0.26201931595116745,-0.20310552869282686,0.14615495494308206
0.2624718025575146,-0.22974202387989667,0.1482757120425679
0.276,-0.282,0.15
0.261471667652944,-0.3069799782309184,0.16453745675833287
0.2568193267140391,-0.34030980912378894,0.1528896126543663
0.2615090149013494,-0.36969933359034257,0.13668255634569337
0.26163751383437206,-0.4198142140231695,0.15686639419050463
0.2752883359979525,-0.4493837792021914,0.13409440137038836
0.2558265750165677,-0.4630855326306756,0.1398075052395982
0.2507644094890749,-0.5111771352861932,0.13707951775659313
0.255727877335396,-0.543714185939617,0.13646686027561053
0.24216271768080797,-0.5674089732014468,0.15764768633015683
0.231,-0.609,0.15
0.2340396143462358,-0.553217600344453,0.150012420337471
0.2370218985654866,-0.502160788706035,0.147014877175664
0.2462855951072598,-0.448305746638445,0.1497832096998296
0.22024081135170082,-0.40895298392777063,0.16231957890298712
0.23245220496344024,-0.3624038180947171,0.14875559727431195
0.21462632028682418,-0.2912880874046419,0.13862410772062037
0.2433067225669776,-0.25778885441808636,0.15065774523919717
0.23670015611436035,-0.209090898468359,0.15390295686127906
0.23377005456401873,-0.1618036984156218,0.15383546200077358
0.231,-0.109,0.15
0.24634521830236727,-0.061042276690599764,0.14787634891862525
0.220872305679992,0.004165742610463562,0.1490027669553042
0.24500509608198393,0.03368493155846064,0.15213838846417913
0.23604114894492642,0.09731417610905056,0.16336359779349283
0.2251947726227954,0.1473783077120917,0.14607464572095244
0.24432228381616358,0.19949284453420563,0.14616219081404935
0.23146249105109493,0.2544255906727282,0.14531840639893884
0.2400439181405455,0.3205061296380371,0.14673900295595238
0.23123583343167056,0.36359442321026797,0.1523635494055366
0.231,0.416,0.15
0.24064996797161423,0.4182602169628789,0.1479257288363418
0.21735778846956108,0.4267836284215609,0.15649572966207426
0.21673165835802533,0.4206825250744424,0.14036498225005545
0.2084499816042281,0.44586433735541364,0.1568652748943744
0.20659092756558312,0.4499800116971076,0.1414176058932773
0.22375290500395045,0.4479250701495552,0.15193331227370704
0.1917120807957703,0.45006754251043013,0.14083556275764958
0.18271857406476974,0.45463274050629715,0.15873726981263217
0.1801343003794506,0.4663242276372541,0.1535206473120597
0.186,0.475,0.15
0.17823652544505095,0.4209754261927129,0.14008236340337368
0.19660822381773796,0.3690844100432161,0.1552905425836775
0.19131944120602606,0.3129358129936476,0.15170389166050713
0.2002459139588789,0.26098887661232173,0.12647667210945918
0.20156675849729339,0.21554905930222273,0.1505134533716748
0.19383825881799507,0.16936661216099455,0.13744561844944636
0.19161787852741077,0.12346880206439893,0.16171212139062974
0.17707826356385425,0.0747603671360292,0.13284729891256405
0.19488181509117175,0.026581479421099174,0.1471419298082267
0.186,-0.025,0.15
0.18002794204483794,-0.07688035088086996,0.147893707654411
0.19135693060194095,-0.14503217242695204,0.15025150306546786
0.19787209624640417,-0.17431740473525859,0.14950715080701985
0.179981846941421,-0.24950876455379156,0.1537625262831708
0.1880078075504055,-0.2701623312656088,0.14067737685555398
0.1971615124006935,-0.33024216974135306,0.14085103295414797
0.17468258748874285,-0.3742996288646054,0.15681955054292082
0.18510075785858424,-0.43141208260813163,0.14505009499657706
0.19422033084249887,-0.4778604673148816,0.15819430288449543
0.186,-0.525,0.15
0.18452534211692223,-0.5286192838019671,0.1552677240086173
0.1758951592212457,-0.4781069377920261,0.14161982941711537
0.17840919417529721,-0.47523969872015065,0.14518775736201217
0.154251080707162,-0.4409683002652373,0.14695271599297138
0.18201128554792778,-0.4225537470484699,0.1368126201851389
0.16514611079804464,-0.4258250248686443,0.15058557383907603
0.14905525551036114,-0.40008456777446777,0.14862805444332003
0.13472589686420836,-0.3757218540893226,0.15427536893903807
0.14478390960268586,-0.3604893092174519,0.17583827838085458
0.141,-0.341,0.15
0.12991100476783563,-0.2720153818517355,0.15008507786171113
0.14498307375742311,-0.23665324214780956,0.14492448910396777
0.15307638487012887,-0.18587707535359274,0.14603068963616
0.1361204562548527,-0.1147869510964602,0.15201401409317478
0.14708948314908507,-0.0759020155087647,0.1321913971835754
0.13138172413499838,-0.05976743291710895,0.1564083407202589
0.1582180444774228,0.0147834937772384,0.14648266568936105
0.14372830687054897,0.05449001179948958,0.16291853114120108
0.12782032609207147,0.1273707911108575,0.16124497711339783
0.141,0.159,0.15
0.12483552763129294,0.2144151352013748,0.14568550226924631
0.13672605680340832,0.2600755971142244,0.15652788698163636
0.14044608772547001,0.323395677443996,0.14487254340318984
0.1561820836461019,0.3618441805612479,0.16302028424046622
0.15249467850580276,0.41968808974915917,0.15976400819044892
0.13670441284314966,0.48755075181228574,0.15099542607494082
0.15313456494736008,0.5202747399244124,0.17345338316886189
0.15293915493926286,0.5574702029982386,0.1478761383484824
0.1480647512898215,0.6129313274998699,0.14459115298217368
0.141,0.659,0.15
0.1281754920950812,0.6199464973226014,0.1566676237114911
0.1236162759571921,0.5711298553303934,0.13940792046674103
0.10927495572062992,0.5088345204498383,0.1492928941784993
0.12007135702982777,0.506145687007418,0.1744885754691892
0.14517921913898613,0.43576464526637365,0.1564890559333883
0.12088676237014138,0.385131547445,0.14272438976924887
0.11451732777975918,0.36549063441388147,0.14332803184909274
0.11041599222629073,0.31070060311821174,0.16555108419773962
0.10353871378970783,0.28362323354190805,0.130867752126361
0.096,0.232,0.15
0.09183707133938394,0.18519073419856633,0.13628443254257508
0.09480845692143235,0.09843879470735441,0.15187327458499547
0.09452667131838756,0.058257961956347734,0.15412015068095747
0.11160983325627638,0.027209733275894012,0.15953990377222518
0.09031519860133698,-0.04089804812730414,0.1400279890241922
0.08660135970862672,-0.09031575903912557,0.14337856768313176
0.09981630524881777,-0.13883679202675933,0.1641354175375018
0.10586365472478623,-0.18890196683925026,0.14550379466378313
0.0952972660452145,-0.25905809999315377,0.11979467872994196
0.096,-0.293,0.15
0.09345162469825605,-0.3469573565072934,0.16251927357139778
0.09241502322234271,-0.3567847453705039,0.1417572502046973
0.06662244084151453,-0.3938097658185841,0.17060778947851965
0.07434529029057615,-0.43106939974097574,0.14356638105738947
0.07817435657939781,-0.45872060969863176,0.1581892801490966
0.06381114806162495,-0.49927299421672444,0.14990144644351433
0.08071354009745463,-0.5220910275291363,0.14229808524288703
0.06432336518364726,-0.5574988749523118,0.14733404009142553
0.04446075688868105,-0.5873601936925837,0.13381053549492133
0.051,-0.623,0.15
0.049728310619282,-0.5617655904244326,0.1547090710268603
0.052301896962412976,-0.5356203834283354,0.14634182722367753
0.04512531347429363,-0.45071685833455194,0.15995459731073028
0.047839066236344326,-0.42211465067921994,0.145929543654554
0.07274308450912048,-0.340231149816075,0.14070103639232234
0.055941514644525965,-0.3055088155172708,0.15055422023744056
0.048687259297912525,-0.24516251017868504,0.12198845499095004
0.05224516017988182,-0.20245391090058107,0.14638404764363283
0.05885635957494348,-0.13453831502423708,0.16027277255739117
0.051,-0.098,0.15
0.04215316383962056,-0.05729272280357545,0.14025391786104996
0.0491838156842768,0.0035673030816638553,0.15353738213256796
0.04926750896195899,0.04623750647268619,0.14228404962148533
0.049829271381561235,0.11778888972825964,0.15228351532917467
0.043485583063934144,0.1581021428698662,0.13616552126504444
0.05479674543088801,0.2097684076044224,0.14952254487443292
0.058089159105612145,0.23870661635008605,0.13130201909665135
0.05086877048535225,0.29406088960902965,0.1561148389085637
0.052169814012424556,0.35691034131921706,0.15966000385890197
0.051,0.402,0.15
0.04112223978062564,0.40910562161004604,0.160176335571754
0.0158281189946184,0.4189892372752979,0.16576398219049535
0.0472991075617988,0.40895131346816493,0.14608642154189558
0.026820383123175192,0.41497344537018277,0.1359933981763678
0.04298285796598696,0.4305129497922131,0.14757769933763917
0.034729290274919944,0.44349614132482035,0.14766183337183006
0.02905418667364637,0.43274972284123714,0.16603130282630255
0.027006243925626575,0.4640598342178084,0.14421756904591038
0.011282324732362448,0.46415360238078635,0.13142566004668446
0.006,0.464,0.15
0.015360401815775058,0.40600501048591736,0.13481801106493507
0.007169609972490218,0.38557249514956665,0.1418633117218803
-0.003912682144604451,0.32526121026343496,0.14272168050547032
-0.0012788802110499592,0.25454776706410814,0.1417817208398368
0.01435823081028384,0.23522605844732772,0.14033129483231926
0.009513931260724843,0.16960953620268127,0.14580159622942518
0.011973943058815077,0.1008344344102461,0.16157689370310266
0.01989612556799705,0.055753100543408374,0.14696074934686307
0.0005556350375932866,0.025704504227757715,0.14684337891897564
0.006,-0.036,0.15
0.003979353710059582,-0.08597500767391605,0.15570456086436923
0.013800765269195294,-0.1384019006910446,0.15355787111405753
0.01388731185303383,-0.1967122500719009,0.13744066983020184
0.0006178941561385941,-0.2363249016349352,0.1548573771869946
-0.003731927785552626,-0.28089261186005154,0.15189628898858407
0.010699242354233087,-0.34544284284027926,0.1395483420108135
0.020535327543219274,-0.3840980921974756,0.15576694999917667
-0.0008374865118656013,-0.40081025430439426,0.1504904546729698
0.006846193201843221,-0.4771037172046655,0.15604558765848375
0.006,-0.536,0.15
0.001285933740948655,-0.5134059383586544,0.1427321155231524
-0.0028002939562009306,-0.5000739681409154,0.14115181757742493
-0.016408954166616592,-0.4942523432955556,0.16363045343488714
-0.01938643343710412,-0.4642590783827809,0.1594561048638736
-0.01641759196241319,-0.4690047200008407,0.1394300713577713
-0.02121275814822682,-0.4211856543731673,0.14945281710992347
-0.019075871869518646,-0.3906555316690534,0.149157633926537
-0.029991627120013388,-0.40336013734122583,0.14492086121900613
-0.050264436076107616,-0.37573296617855345,0.15263528956203398
-0.039,-0.355,0.15
-0.04008984866618957,-0.29883061692817536,0.15631322768588182
-0.06450865473614278,-0.2538419893419433,0.15910998358205156
-0.04052940525248774,-0.21091130364150124,0.15787608965595332
-0.025770125252849548,-0.1672407253496988,0.12618950939921864
-0.026596074268303793,-0.10129441230052041,0.14402434441794879
-0.036117191649318446,-0.0529470077812184,0.13452581153184398
-0.024695023196084673,0.0008586477486747122,0.15379096604702483
-0.029013315921988945,0.05482230397763886,0.16597254069671186
-0.01872992397845266,0.08392830794085884,0.15417532326753708
-0.039,0.145,0.15
-0.03985375015088138,0.1818602489288593,0.17133207609611192
-0.03775183885657476,0.26012878568065984,0.14839681777592442
-0.031395832876663685,0.2993654200417959,0.14555901717060404
-0.021700242833573632,0.34228664485906224,0.16760416193013056
-0.02383271542614842,0.3886259700604447,0.1436370444640252
-0.04741174073762593,0.45520572968329814,0.15819079175926004
-0.036344665235727124,0.5047377941510656,0.15767998267878186
-0.057419109284615036,0.5758093675032284,0.14146041923050548
-0.032774721975958314,0.6251350886779763,0.14179697400510277
-0.039,0.669,0.15
-0.06287655488695501,0.6402863089556727,0.1554769057986142
-0.04530296894108546,0.5723148526047002,0.14518240191413573
-0.060726605071215786,0.5430910627352415,0.14614358431084912
-0.05277176898582501,0.4930576433883156,0.13897727695026282
-0.0508302516876951,0.44460806014014265,0.14940664555588593
-0.05901809842741468,0.38320052446155833,0.13089449679775714
-0.0775953870011412,0.3569973068121432,0.14463833960138092
-0.08456480791152857,0.30868351131522087,0.14103649447241925
-0.09235213572052328,0.28763298020972294,0.14213203308131642
-0.084,0.221,0.15
-0.09137675183661215,0.17658951461264083,0.15166175846598579
-0.07233738121700638,0.09868892872801938,0.14690379209639964
-0.0908919050110688,0.06323595530544544,0.14210162551676878
-0.08724608114262755,0.013460193394803914,0.1626386308935014
-0.07398543878028827,-0.02158973876896159,0.13194411736389455
-0.09155000517696778,-0.057908562535740775,0.15279136617926983
-0.07601345446172988,-0.12625817620847923,0.15677086765306997
-0.09065962624667953,-0.17478215146236192,0.13737793805810822
-0.09149314228360522,-0.2298530722278343,0.15252886349326872
-0.084,-0.279,0.15
-0.0952990144823645,-0.31341951008772106,0.14440859429357214
-0.09649441145634766,-0.34111403397089446,0.15487272003369856
-0.10252345953054717,-0.3752985493941766,0.14585332517222221
-0.08959048647660582,-0.4085285871329322,0.15632227376615476
-0.10963565723040754,-0.45589376919496855,0.1460167882326986
-0.12375289468411209,-0.4780168060702287,0.14081795242189782
-0.12623512253370622,-0.5327356844598862,0.15762490712520497
-0.11586366364859063,-0.5518505901322601,0.16723790286160584
-0.12116276391905083,-0.5797155514249639,0.14479047935300418
-0.129,-0.612,0.15
-0.13619486938164146,-0.5573472876638075,0.14239597266837845
-0.13454813111505076,-0.5122578861930676,0.15507787874905277
-0.12097449011619499,-0.45609645558738987,0.13971306754596033
-0.1330093034868395,-0.4105343148245981,0.15916545239808844
-0.118187817294982,-0.34770866450971755,0.1512572471215784
-0.1237151692668965,-0.30043094017557,0.14655762530108962
-0.13310147006167203,-0.24961482216182967,0.1474695980320748
-0.14489684533616531,-0.19678665527748143,0.15835279009433983
-0.1220799862209479,-0.13871223420059983,0.14182987879886916
-0.129,-0.087,0.15
-0.12210176445035896,-0.042652226724879005,0.14249386677447629
-0.12670618028718217,0.02266641493343627,0.15181295244512116
-0.1363799337809909,0.04907636713428683,0.1712694979195295
-0.1250759088285576,0.10634586637629785,0.16304970270192176
-0.1277281705025911,0.1723941585381032,0.1428740928791371
-0.1271559807289004,0.21412152114749064,0.14695246709683935
-0.12982213203356696,0.27402444155655387,0.1632939993559068
-0.1360536597274722,0.31588069040762357,0.14931158061543393
-0.1343975919425084,0.3503648132862821,0.15029277683315084
-0.129,0.413,0.15
-0.13521036923743637,0.4074659814866908,0.16339056537660188
-0.14218030455028244,0.4362578438094301,0.14549946762355814
-0.1383899461985251,0.4344211609495522,0.13793910277905735
-0.15682079384868233,0.43185101615549965,0.15523990337357307
-0.15268262998448826,0.44908363652958067,0.14601858136751383
-0.13325732595348178,0.4543049738402911,0.1560257961678993
-0.16670156189923604,0.47065083944914676,0.1466387184210278
-0.18043158986566843,0.48063535742849983,0.14765309087328993
-0.16474789698623976,0.4908277857739043,0.15398307194123556
-0.174,0.478,0.15
-0.17742721607732295,0.4311650710947864,0.1497048102641133
-0.16063497922385409,0.3688561112121333,0.16293310885709947
-0.18812215509670444,0.32388777611831915,0.15720373864557152
-0.16421341170429124,0.2788140215895497,0.1564181888036437
-0.1751695963613007,0.23509548501002364,0.16598011756307152
-0.16671334089833284,0.1765513146146354,0.14839992136606056
-0.18629877304385498,0.13960447589422983,0.1624582888819781
-0.18349475361442147,0.08994726859611496,0.17467071975893303
-0.1935479375135346,0.020250547759481027,0.162446068325451
-0.174,-0.022,0.15
-0.17868355926153306,-0.07279995046372004,0.14464676985274472
-0.17627901009114955,-0.12097158753046258,0.15520201621453436
-0.16456552996757556,-0.1867109750647216,0.15733963649428068
-0.15804533922905384,-0.2300043609827237,0.13994276778384895
-0.19275990351558567,-0.2880091058149508,0.1696681765349843
-0.17261937589519624,-0.33277946477905024,0.14704831587435896
-0.16570300619016548,-0.387815515016035,0.14944186742281604
-0.1919721382518313,-0.43624669858574605,0.1459272031809961
-0.1890086405311648,-0.471312367592574,0.16740119361510894
-0.174,-0.547,0.15
-0.1909722919562488,-0.5329997419805469,0.14792165751364586
-0.18889712487728527,-0.4975636321938668,0.1465420361770102
-0.19590174186517156,-0.4924877454628464,0.15203138836601504
-0.18036201373134397,-0.46826662130608576,0.154424847693069
-0.21196934663780637,-0.44746903453721093,0.15032777091079924
-0.1974671460323526,-0.4170346936906935,0.16168043780704577
-0.19529844837092003,-0.41492993166463626,0.1431491133030981
-0.21278987235112928,-0.3883033389250674,0.1544357985688843
-0.2146334224937324,-0.3621647219522199,0.17256331067523834
-0.219,-0.344,0.15
-0.2082464059112818,-0.29385811634326725,0.1383096934395867
-0.22998480696177875,-0.2296974057098349,0.14752389163295562
-0.2157991227624506,-0.192981784968013,0.15288044304839843
-0.2118491942353354,-0.1345367114702724,0.14703015446298454
-0.23603485128337173,-0.0847251254181447,0.16038830311799032
-0.2269032313476122,-0.03713980740252331,0.15669229926951134
-0.24907948876250846,0.018574657410542133,0.1537613778277666
-0.2059626548296418,0.06955145942804497,0.16473388240781195
-0.19341520450541266,0.10855659444064732,0.144476890571099
-0.219,0.156,0.15
-0.22602190989083007,0.20598557164136636,0.1605115237318145
-0.2026898744358596,0.2710707177791936,0.14120566028309461
-0.21767520027063195,0.3036165076125313,0.14497665706189247
-0.2050788590711579,0.3612585288931473,0.14312838898080635
-0.22892747172366812,0.40767149793494467,0.15206766394193233
-0.22310507746534367,0.4421495215955816,0.1564829000418269
-0.2191107273025907,0.5016780372913292,0.14679824762341057
-0.21919225347768426,0.5666767769573321,0.15584266406474534
-0.21975964508445558,0.6135547405323817,0.14471009358766374
-0.219,0.656,0.15
-0.21983496764287278,0.6187777970959069,0.15231224448418465
-0.24203901361198984,0.5734391924783564,0.1472627135768924
-0.24398824607278624,0.5209298334189051,0.14230244763326447
-0.23400278352022807,0.4741162749061012,0.16632693001883414
-0.23400555361394235,0.4255727614835931,0.15082387439948314
-0.2400070867080287,0.3797239922287916,0.1349000703927011
-0.24636155272732774,0.34592896088945546,0.14158228183847635
-0.25895537227403675,0.30987240297303403,0.1399864634954851
-0.26681804773736395,0.25555828457430263,0.13268201508208094
-0.264,0.21,0.15
-0.2551918929543295,0.15078217282694753,0.14226450748586955
-0.26894005835651275,0.10009970348400991,0.14506421714042467
-0.24579926815277528,0.04979597204466719,0.14787190372663034
-0.2587062998918797,0.007708230845932727,0.15480408672456397
-0.26745688705792453,-0.043129494845185565,0.15396464713052702
-0.2567001679900935,-0.07057336918092556,0.14260570788642432
-0.2463368714641121,-0.14244045071766553,0.15413407161180337
-0.2702270690381826,-0.20495728928800788,0.1380587825727587
-0.2578835359009625,-0.24464707787826961,0.14628857152717337
-0.264,-0.29,0.15
-0.2773264901829674,-0.32266767065511054,0.1534499608396259
-0.2802433885136633,-0.3507309341978648,0.15024899768545144
-0.27031974548805077,-0.37792704322400467,0.16328007333345432
-0.27616106807335156,-0.4236213639027636,0.14975102233079338
-0.28325489492598555,-0.4531304434874179,0.14023042961953483
-0.2926771500721143,-0.46433115125543073,0.14581754796833868
-0.28348790462860574,-0.5154914039214288,0.14991622210445713
-0.2959184590023416,-0.5496442079681394,0.13459585110217925
-0.2991545240679856,-0.5714412398991898,0.15799263413471482
-0.309,-0.601,0.15
-0.31324962868551287,-0.5474102892011496,0.14402074556457145
-0.3021472673856738,-0.49359394063138584,0.1493649102560638
-0.3120409224621906,-0.46279376226268687,0.1644257055484374
-0.31221652644372627,-0.3981398552985571,0.12920684002982025
-0.2902774159967425,-0.3407094952457918,0.14389754886938563
-0.3058579281121222,-0.3258293979127868,0.1620429193867027
-0.3107287481789929,-0.25172484734769185,0.14402062669080173
-0.3189821390461781,-0.2049370831311334,0.14567226670323252
-0.30594488265860614,-0.15421895005165634,0.1399845653384563
-0.309,-0.101,0.15
-0.2892614731378217,-0.06146370180899696,0.1403957331949826
-0.29495573645340717,-0.016685122868797614,0.1526423881696897
-0.30467919598279686,0.03389955472629269,0.15729594570202304
-0.3136951095537406,0.08134747405757167,0.1335703046927219
-0.3180148908062368,0.12863385884177628,0.15561149836660476
-0.29935630788101664,0.20530154869125583,0.1389025111387576
-0.3100906412942568,0.24381275505621244,0.15115229481944942
-0.32851977926312087,0.27699579149176834,0.13860598845850716
-0.32377726819168257,0.3610292870973201,0.12530586185429177
-0.309,0.399,0.15
-0.31210439318856276,0.4176330920045893,0.1476560781142214
-0.3188971133883466,0.40337190830619657,0.15608252830387087
-0.31835085837022875,0.4240324058760393,0.14734487597785695
-0.31407098690256613,0.42946797529500325,0.15655641556497776
-0.332433741570897,0.4329122787837839,0.1423447034075447
-0.3283239317926484,0.4280621649922655,0.13999142877988552
-0.33296202146863546,0.44559035111351314,0.15030373713765297
-0.35508071512282036,0.46058674642625375,0.1404430444218458
-0.34622522756278723,0.45809573399545583,0.13480570767776456
-0.354,0.467,0.15
-0.36305940513621865,0.42059931632278563,0.1508024035234658
-0.3342146332403281,0.35213003434695656,0.13589784366241564
-0.34768387375938553,0.3187757786170757,0.17233837050445197
-0.3622843499596035,0.25721588877274965,0.1531413048450506
-0.3508361807899093,0.1973000919168822,0.14489096166679424
-0.34429621071339744,0.17342420333477362,0.14362026909444853
-0.35283923149663,0.12689695196474748,0.15695357004578742
-0.3482551916178618,0.059307035326225055,0.13932945387866552
-0.3611832245665465,0.007464576504755429,0.12784704246799386
-0.354,-0.033,0.15
-0.3466123257438406,-0.07926236206000928,0.1430080393702153
-0.3629997484972631,-0.14497940992347985,0.12985513168181084
-0.36019258845375723,-0.1750798404175006,0.1524623082417284
-0.35215480100757485,-0.23234791745744382,0.14816356669199135
-0.3514066702156274,-0.28038614231962267,0.14657777422810092
-0.36005212540954434,-0.3311719841050434,0.1595892614017925
-0.3358398948574982,-0.3904983087305621,0.13954255793835835
-0.3578543310761175,-0.42877610420560347,0.15453814757119672
-0.37971600672816824,-0.4808174891036686,0.143359114104689
-0.354,-0.533,0.15
-0.3686148905950343,-0.5024695574794458,0.14514938490204188
-0.3633438869028865,-0.5045830532777736,0.13750146884816097
-0.38303957896664337,-0.46951844312492974,0.16326212360382597
-0.378238377532776,-0.4599942710519929,0.1545762634693264
-0.3848486419682853,-0.4660312950708235,0.15265417143835083
-0.3665198151767072,-0.4364956109789515,0.1326680834627723
-0.4007900809499087,-0.4080631753231135,0.13069910920431663
-0.39724556297363955,-0.3972699722728844,0.14363348617001548
-0.3844129517956123,-0.3502096464821109,0.1495012148100647
-0.399,-0.358,0.15
-0.41490859518446066,-0.3149800992740623,0.1431083851159227
-0.3966885978924322,-0.2597522836455255,0.13521415207209023
-0.4109082442494846,-0.21411442804209252,0.14355177121748758
-0.413790215505333,-0.1427324025525725,0.142691235465776
-0.4037535367975866,-0.08749929554202686,0.14653722563012295
-0.401149013169272,-0.05714890930505003,0.15432121664807605
-0.40147226956353843,0.010054206981998104,0.1661189574264725
-0.4126508283309688,0.07630890932757735,0.1546237475412918
-0.40186165611291635,0.11238840501734158,0.14752231456039774
-0.399,0.167,0.15
-0.402432585099807,0.21761701364238134,0.15741384249008847
-0.3988597176748877,0.257485250740167,0.13051943787786657
-0.40267891525430993,0.3037674476273825,0.1401125440974881
-0.3895285694055706,0.3594632096093655,0.1487380537680529
-0.39890110199162704,0.3865916775946673,0.15276728168120157
-0.40999774414483914,0.4503501107180534,0.14820958277282362
-0.38581229054454724,0.5249690232474704,0.15827507365992854
-0.3847932629392985,0.566708893402199,0.161644342327378
-0.3953195030438983,0.6107318601038928,0.13278873667252306
-0.399,0.667,0.15
-0.41323793585974367,0.6335490676425378,0.16380582260627433
-0.401513718441039,0.5858944671925933,0.14144209597692461
-0.4095480136389409,0.5369422361365491,0.16740721152841226
-0.40854095742328644,0.48339346348720813,0.15003463665175654
-0.4280383792097327,0.4411520983821237,0.16163028572529745
-0.43136443251831036,0.4099205107892184,0.14641677534903896
-0.44638153707598316,0.3423064675222744,0.14889819763839376
-0.43287386459246724,0.3230783963201955,0.14973510184359937
-0.45400768893865284,0.28388755403983523,0.15742567951111677
-0.444,0.224,0.15
-0.45555787393215447,0.1761830278897973,0.15300743228458558
-0.45797864007837347,0.14364358330082105,0.15087331422315545
-0.4335803277403443,0.09898882459602423,0.14604984114500288
-0.4361192068975622,0.010410527735499027,0.14608288372842135
-0.4329203715085725,-0.015343399987505975,0.1453280470703509
-0.43174924309796187,-0.06586603004963293,0.15967908167304468
-0.4493004989719876,-0.13996594954518704,0.15097072496946198
-0.4488519833276434,-0.17926038291098856,0.14632457203710805
-0.4427944910827319,-0.2305186757348413,0.1394694965445465
-0.444,-0.276,0.15
-0.4502930275337638,-0.3013563896190748,0.14982982711923182
-0.4531853288718586,-0.3293216721698339,0.15347244096269358
-0.46339876597601926,-0.3919214883654355,0.1480979719577142
-0.46439943957228197,-0.4290036721648112,0.14797554481377861
-0.4700090012555681,-0.4516221533188083,0.1421311267211801
-0.49161684322642624,-0.47089607787335513,0.1635540558428697
-0.4713878552568149,-0.516925150745584,0.15298201720283403
-0.4869133069578149,-0.544339550347115,0.14736703261078143
-0.49326003552800046,-0.5879015100970454,0.15597599638727086
-0.489,-0.615,0.15
-0.4957734483121166,-0.5863744311668017,0.14809619669963617
-0.4917795058339377,-0.5089020233522432,0.15815776926576183
-0.5130567639047043,-0.46417016285501594,0.1396122337325298
-0.5035304344106463,-0.40665161728484206,0.1363070048081563
-0.4906156978291606,-0.35601228857267725,0.14165946816925418
-0.49554508503670053,-0.2902298122594545,0.15568853705381291
-0.4731955946190386,-0.242595047913202,0.13917527681793926
-0.49338933799864715,-0.20146629429322677,0.15317780123355326
-0.5084318282296526,-0.11996276466559777,0.15530414189681815
-0.489,-0.09,0.15
-0.4832385172348527,-0.05319165764197825,0.14896490260431036
-0.48481841041726287,-0.021691582075197693,0.1605086456405671
-0.4900304324945538,0.05796771469948729,0.14442549958043097
-0.47498478691223583,0.09646112627736116,0.14872566160625572
-0.4685659910595419,0.12271582506853573,0.1465927375435828
-0.4827379553812282,0.18389636461362477,0.15639389383165098
-0.49112529207475103,0.24722075448953934,0.17041682360018165
-0.48817380606192984,0.27683592510588584,0.15659048371160375
-0.4824334952686863,0.33558392202885284,0.17150516704399776
-0.489,0.385,0.15
-0.49132941931997176,0.4046548045282513,0.13960853317609478
-0.5186864443782615,0.4118651298258756,0.16080096178786205
-0.5085015937672271,0.40573771119832397,0.13764025838586855
-0.5101411530525053,0.4232763382885716,0.14752456731936017
-0.49824425182225035,0.44891877861818674,0.14205669473441215
-0.5222056287930122,0.45131559665837667,0.17153480593047934
-0.5242873536055612,0.44541829838317015,0.14379118347810801
-0.5225627447494193,0.4643897191932276,0.13865959351412643
-0.5155053727282803,0.47473287775981526,0.1517269470043633
-0.534,0.481,0.15
-0.5291067709079271,0.42258994645745424,0.15227925874951123
-0.5265283756588148,0.36663424817020124,0.15716279883963485
-0.5545034417442842,0.34195659958347924,0.1466035148508648
-0.5355411906695681,0.27622359589686035,0.14612689320451433
-0.5287156336598869,0.21896046782168427,0.14037637251368557
-0.5373422628841295,0.1896233652999068,0.15852614437578824
-0.5287651998992722,0.12532164630799064,0.14078787717585825
-0.5427171393729687,0.0850654698810029,0.14727821575479186
-0.5158459744425044,0.0362549580735066,0.16115752927577603
-0.534,-0.019,0.15
-0.531711328388402,-0.06504782413641017,0.14621203447691122
-0.5402827167058433,-0.12849728600874774,0.14404239190055726
-0.5303380302610677,-0.1723940240915037,0.14082126451998744
-0.5301347889326655,-0.22959311265724278,0.13975544659602465
-0.5289671574736469,-0.2656999880143251,0.16618794827658398
-0.5493947351316065,-0.32674340169267474,0.15675310200291087
-0.5191317645357468,-0.36784923373180484,0.1482614393712562
-0.5264910943125387,-0.4212873111436804,0.13669330791126091
-0.5270759890629589,-0.47545608853169313,0.13077440632505424
-0.534,-0.519,0.15
-0.5386300001257959,-0.5047622630957612,0.1482025230085038
-0.5438005898142677,-0.4881842964107838,0.1501937383591211
-0.5458767687779267,-0.4700344006372334,0.1593827947771664
-0.5606156950207201,-0.44338370791204623,0.14032303312443717
-0.5696787802523016,-0.4393241591394153,0.1581605413217748
-0.5590055336690596,-0.4144258131737583,0.1424950082025178
-0.565082604411809,-0.3927965178793635,0.1407972725951417
-0.5687726477008932,-0.38110190771622426,0.15109255562703766
-0.578804546829809,-0.352377388016302,0.1544443574796305
-0.579,-0.347,0.15
-0.5773167199599175,-0.2953728174127434,0.15614386209897524
-0.570721509277995,-0.25563739338162483,0.1706859439324626
-0.5751859304211613,-0.18306745464802968,0.15528178072521587
-0.5732492295457129,-0.13803644152775854,0.15258971502153332
-0.5864332605051806,-0.1048615735762206,0.1538073367228025
-0.567710395559994,-0.052538339864384026,0.14769852760497948
-0.5784840174889639,0.00309727251529448,0.1525540210577918
-0.5798763322728688,0.04474774910216703,0.1564513231624402
-0.5773877164484961,0.10148770550625578,0.16001551736020264
-0.579,0.153,0.15
-0.5834544114259455,0.20610113706058242,0.1634096276335456
-0.5712010836978072,0.26544796763749795,0.15217565825000492
-0.5838654030330661,0.2977759770262546,0.15950678188004028
-0.5880156225998624,0.3487393935708679,0.1489731423383494
-0.5910986363375068,0.4071780312891957,0.1559050310961239
-0.5824317481912967,0.44978896050549816,0.1460993305658647
-0.5772895435882203,0.5061582227718017,0.16584574328451357
-0.5680674861882777,0.5510312090189518,0.15525394292753486
-0.5802083465795399,0.6246205358737084,0.15507041092302748
-0.579,0.653,0.15
-0.5980999200068879,0.6100492915175455,0.1564039413884239
-0.5816808473222254,0.5641025489147116,0.16017927579962715
-0.599906880770326,0.5398943233465768,0.11797619913456578
-0.6100180723193976,0.4923234542976613,0.16544683581370503
-0.5982143385578895,0.43736145097553963,0.14902876946637747
-0.6078433692227937,0.406245313526398,0.13639793444246634
-0.6193705011451164,0.34889397940920935,0.1496814403852088
-0.6082545047837526,0.31202990845186457,0.15126614698561547
-0.6360408983180603,0.2676983560209442,0.13867966131727164
-0.624,0.238,0.15
-0.6253864040147601,0.19715052907788028,0.1663532272666446
-0.6256872204540685,0.12585093837433428,0.14380016821526764
-0.6321853256579305,0.0839769138345554,0.14958713170835114
-0.633878281180247,0.022393569201971816,0.14625003973014708
-0.6215674590244922,-0.0003378953906817486,0.1445407572946719
-0.6219068143254256,-0.08147816604389674,0.15869582224619927
-0.6151792186708694,-0.13302277512279123,0.15018839897504604
-0.6152989079245522,-0.16870119774141812,0.15166507692470618
-0.6186331820090235,-0.23927279303340135,0.16517826871677754
-0.624,-0.287,0.15
-0.6026983237022284,-0.3260707011118375,0.14193620888646652
-0.6025987988433874,-0.36424302861035307,0.13868175360957752
-0.5812424622981209,-0.4104489456963889,0.13889965048267913
-0.5640936908164543,-0.4414448069190143,0.1549058681461012
-0.5618455411742656,-0.4792754613555879,0.14450368911301087
-0.5324687539101581,-0.5263378506570202,0.14700322845121105
-0.5322028102196478,-0.5548826699594487,0.15871610830735436
-0.5200432167980561,-0.6107617940413702,0.1473593397995811
-0.49564427152330226,-0.6325635306056491,0.1619955743795256
-0.48,-0.669,0.15
-0.4273478277368197,-0.667725711676525,0.15086390509269873
-0.34691135990237143,-0.6761302958762179,0.15811646437144491
-0.27220264448412046,-0.678481812528601,0.12822353211297402
-0.2112154233222396,-0.6784760797393956,0.1460864278688789
-0.15280017540310675,-0.6750838558175123,0.1480551502521013
-0.07457731727646129,-0.6602088466310166,0.15029022790432273
-3.79590073796305e-05,-0.6762446276586839,0.14504832886209704
0.06395837455010137,-0.6739250921633099,0.15735025652938642
0.11231232117574518,-0.663189330948161,0.15385863959560958
0.187,-0.669,0.15
0.23145415818548346,-0.6517619177270064,0.14238754946566906
0.2732145377432035,-0.6234884267101406,0.1406698202461106
0.2673545450607084,-0.5860873339167277,0.13556797677994228
0.3094284621549652,-0.5817127062094334,0.14303628482936573
0.3437392836854038,-0.552976259405724,0.16052930735335658
0.39743648131863274,-0.51477924973018,0.14737007450496944
0.39303929621908984,-0.49244306278238004,0.1294936616590739
0.44515330971572276,-0.45243466903645235,0.16842161115421386
0.47576419410816184,-0.44069232909451794,0.14384008716346325
0.501,-0.414,0.15
0.49697232275096204,-0.35112937294279295,0.1440338050973078
0.5071729530741147,-0.31535903735133614,0.1440481134168759
0.49710516696822504,-0.24054088806634755,0.14296076152303727
0.5002758139864243,-0.19311699119000209,0.13677559124747626
0.4965841302734117,-0.15494179748164716,0.1585261120162797
0.5008077964108287,-0.10547313674166055,0.14607538105290954
0.5112735990059102,-0.03593114873008414,0.1518556178572501
0.49578515818955327,0.009741466407541964,0.15547525975479318
0.5030316748029116,0.07294069281419266,0.129416715049301
0.501,0.111,0.15
0.5169026167251736,0.15284488748777242,0.1441548970009328
0.5090933883747047,0.20247459243043803,0.16581573845246134
0.5146785190419151,0.24235426226752232,0.16321434794490167
0.4822440871590385,0.3121809246129348,0.14873377817867417
0.4996183207542412,0.3560708701136567,0.16305654848527976
0.498125887611167,0.40623865972683404,0.159946790450407
0.5022141882481186,0.4694103668858958,0.14902563405454097
0.5170883492985997,0.4958034746398886,0.14818929581646417
0.49782250131960015,0.552638636936834,0.15515304172363947
0.501,0.611,0.15
0.5026707520928977,0.5718310196101949,0.1396501435601308
0.5063267391827823,0.5470431807891404,0.1497372374292669
0.4970122905640296,0.5152221669797148,0.1430792681916215
0.5232544055433689,0.48694363891900466,0.14951687752787654
0.5226812427885639,0.4596964069456867,0.16269844146617488
0.5383741630811522,0.4272012032865312,0.14323120268421072
0.5208153561060912,0.38497357470383453,0.1463770195194865
0.5631557190447269,0.3428382916842527,0.14198277595923647
0.5357719672318358,0.3084148873139672,0.15592798956488566
0.546,0.28,0.15
0.5576726016098343,0.2348928851395026,0.15263134046434074
0.547643648263984,0.16844044013747736,0.15110989656081805
0.5429673511203541,0.13123528858348074,0.15776010588634995
0.5591770418716882,0.06886453975245434,0.1431532506981462
0.5562361556899412,0.0428292157311512,0.15429346675043412
0.5450862327018811,-0.010965334896533712,0.14703902172131067
0.5473768082412598,-0.08096977596060143,0.14556680514453282
0.5480509055626154,-0.12324438126489755,0.1513693832766611
0.5490327477268494,-0.17184433559208467,0.15662598508961686
0.546,-0.22,0.15
0.5517733774805257,-0.25544320790503233,0.1479825850485737
0.5591296653877214,-0.3098331164374961,0.17059597008157937
0.5602506330864838,-0.34271709251382,0.15315054161165284
0.5460349276483729,-0.36620632178368834,0.1359764242685738
0.5632057896099374,-0.4514195225213461,0.14876584407081753
0.5793170904154213,-0.4774160605651045,0.16338892051755724
0.5757038048714542,-0.51649901664883,0.1540976002368465
0.5840951651106981,-0.5659263886369197,0.16098250493617444
0.5789541080020479,-0.6094473101608786,0.1425090179761849
0.591,-0.646,0.15
0.5873670050567382,-0.5831804699631907,0.15856155927353974
0.5820061662988414,-0.547898181645531,0.13957748172689258
0.6003303637753687,-0.49401424015465073,0.15470013029379243
0.5980758513100173,-0.45512952472463425,0.1499311449229313
0.5676557129236997,-0.3993733424968996,0.15579296452323732
0.5829733321748578,-0.3527819902365553,0.16627763561068365
0.6014688199774091,-0.31776271875454454,0.15025313245407257
0.5916887013499796,-0.23647366868997305,0.14259161562548567
0.5952307357880505,-0.1952448937817378,0.14158574878117225
0.591,-0.146,0.15
0.5930050293308272,-0.08355051514308319,0.15459692324620142
0.5928865240742207,-0.07172259705948919,0.15157747451451575
0.5838590327166155,0.008219347054337882,0.14800902996202336
0.574187710217027,0.05850245349103824,0.1311484671082781
0.5952375445893697,0.1013494075523473,0.1446068795148847
0.6075309964986698,0.15228775060983146,0.15180816365731195
0.5750476568002594,0.21608737645759127,0.16583935467169209
0.6035117686153519,0.24575909564995774,0.16728822339858124
0.6009228168304022,0.31358527766592365,0.13804953553933988
0.591,0.354,0.15
0.5949380862282908,0.3806408138472793,0.14403997006994207
0.615722519731331,0.39243527897484004,0.16112421398671972
0.6099190878109656,0.3955729699978607,0.14622929249840613
0.619341324712821,0.4293550621950081,0.148049455995097
0.5986210107690615,0.4545533871806343,0.16729685056703003
0.6255889526309398,0.44702410729579645,0.17042416176864647
0.6228895514473819,0.48986326885927634,0.15668173455810325
0.6382580076321887,0.49873524437189665,0.15455383052226981
0.6218149726243773,0.5022005176404566,0.16945877746301316
0.636,0.537,0.15
0.6408562888115467,0.482101449169979,0.16126333753726158
0.6431413798205935,0.44138005410337733,0.15032906435740645
0.6242201596695186,0.37969711217214813,0.13991818836142222
0.6296767949878174,0.32977322509861895,0.16144564356615076
0.6378635846226154,0.29262582462802794,0.13666323567388974
0.6289412658338792,0.23428545781283705,0.14170418335758553
0.6345411415609153,0.1787356192254011,0.15262447822477443
0.6382585852786301,0.16202703505949217,0.1424233891636226
0.631253384739284,0.08650787941321313,0.13739800121191262
0.636,0.037,0.15
0.6328712420063984,-0.010925716415861928,0.15067401624576784
0.6248457689187638,-0.059800265294980566,0.13467186982564192
0.6435671040837031,-0.09636194957976643,0.14738161525264293
0.6501652696524397,-0.15021170177487733,0.14785923786809782
0.6343925198775873,-0.23101276227312714,0.14514929642619506
0.6404110422035663,-0.2704096307899281,0.1614428651609887
0.6641334027389018,-0.3207427097666462,0.14484416550471854
0.6499439378908115,-0.36999055893123933,0.1458322196754133
0.6546804108220678,-0.4091076794972957,0.1616460921359851
0.636,-0.463,0.15
0.6306665418774423,-0.4984762047072792,0.15480250265433945
0.635926596153671,-0.49298269335059436,0.16955709816544323
0.6318712313556666,-0.5385813053046543,0.14285244374795228
0.6350741401813415,-0.5462300354798902,0.16481748264865093
0.6350534399612454,-0.5595215844266302,0.16550092946054445
0.6447773076554344,-0.6011909910716768,0.13742116611975208
0.6222132606712583,-0.627059151302742,0.15447223809208382
0.6558983336790402,-0.6300177798703427,0.1810407516379135
0.6401937977665789,-0.6297313813548937,0.1408671436639866
0.636,-0.669,0.165
0.6421933822333953,-0.6634848427707436,0.15721182623705904
0.6491663721546677,-0.6654724550477685,0.15822276258645576
0.6469455628016357,-0.6764375446741461,0.1590828991647632
0.6369867152481234,-0.6665314185418868,0.1569077762200441
0.6409482155054363,-0.6834718068112237,0.16337779220928092
0.6494716376041895,-0.6498205460657577,0.15860096712442392
0.6482920876903886,-0.6722399488968694,0.18943544856822234
0.6085651223518403,-0.6820043502133057,0.16620770863090814
0.6242447101484263,-0.6778616982628709,0.1591032851969596
0.636,-0.669,0.165
0.6288839150672266,-0.6417367218460002,0.17190308530991993
0.5906013822580937,-0.6129218999421778,0.17341023933152028
0.5690560965755278,-0.6015036741708549,0.1686221182688302
0.5162527854119914,-0.5405425767998078,0.174526305217025
0.5043985286691888,-0.5403922862908481,0.1736383717012399
0.4792499941148839,-0.4977299022929041,0.1551353647825976
0.4559890707962992,-0.48716890933064455,0.15500176361621293
0.41533877803451547,-0.4514286782629115,0.17316188669072047
0.3888929003580715,-0.4397058235033827,0.14323804241661311
0.367,-0.394,0.165
0.3370517410168736,-0.34456450434085756,0.17244199294046378
0.26278784209579475,-0.2845754813680444,0.16166745643215397
0.21891327232091026,-0.24935001459175843,0.1674969006790817
0.15709328666176436,-0.20053711182160594,0.16172838087611746
0.12649879065543712,-0.14870599439358062,0.17227800864064904
0.08417107048560558,-0.11518879393807441,0.16051477578081902
0.05660685590293587,-0.05637106603260659,0.16538256915121233
-0.0059319634139497444,-0.002966497955193022,0.1703267871684968
-0.056823519447876863,0.02571336358643378,0.18134304457093448
-0.098,0.083,0.165
-0.15928730050751816,0.16097151796231646,0.1660287561287209
-0.20797026483496264,0.17673527198442884,0.1715437005643585
-0.23492779943786976,0.23316792547407586,0.1717631696191025
-0.2961482023643098,0.29302058168907036,0.17854201239920398
-0.3409551497142004,0.35294241176800767,0.16578321419618997
-0.39551157958277483,0.39552791322284564,0.1669294369428141
-0.41951785043141315,0.4387679018725173,0.1703631845578201
-0.5011668863532153,0.47529353314805967,0.16181258566856033
-0.5244344627689159,0.5317423053793839,0.1685330844248334
-0.587,0.584,0.165
-0.5830479977263288,0.5291444244292314,0.17914376392304568
-0.6039554051783923,0.5230317822272128,0.1626632761495909
-0.5956000461630535,0.4780430759754084,0.16638498074176353
-0.6215278310542109,0.46271002622233104,0.16905892024036612
-0.6322535546314503,0.4445109992877122,0.16023033953671595
-0.633416695856966,0.40483806784321924,0.16594802581267773
-0.6587207563640741,0.3569493555993749,0.15450881547341624
-0.6587027655604198,0.3440114632739979,0.16195338140111312
-0.6563938532242151,0.29953865097998716,0.1769471482283373
-0.669,0.267,0.165
-0.6643911499633016,0.22861794698322288,0.16333014859526365
-0.6638251147197116,0.17506050921131125,0.16945676771722584
-0.6682891394371557,0.12792128350869292,0.16551704891980296
-0.671016313407214,0.060307496352957124,0.15370626459934725
-0.6661663042406348,0.011852258307514631,0.1758925171457237
-0.6650594910885107,-0.019938514840399983,0.14708648063798604
-0.6453144268483483,-0.07957969474753038,0.16676754279572156
-0.6733736318463749,-0.13865062062533434,0.15910844513328554
-0.6671712347260608,-0.16579702357152545,0.16176890956296588
-0.669,-0.233,0.165
-0.6448415530881281,-0.2790248978557388,0.1788544416377182
-0.6537520219479466,-0.3278314976856059,0.17937902047124754
-0.6599062269212441,-0.3674008754022597,0.16986317216552138
-0.6362729825770157,-0.39342316713845976,0.17236150800978084
-0.6505397473565334,-0.46031946546482955,0.1735402242631918
-0.6346298150020359,-0.4934514814115208,0.18288357671215522
-0.6419676626302672,-0.5401866651444747,0.1516703432771542
-0.6261599585312115,-0.5882851625309925,0.1672068720584216
-0.6162402864606153,-0.6169898589074503,0.15930583972936646
-0.611,-0.669,0.165
-0.5618128615987977,-0.6790776706878181,0.1559265933614754
-0.4974402070766723,-0.6643395057965044,0.15461104500249054
-0.4612822284998364,-0.6660258988104857,0.16094600773514026
-0.40819942048458757,-0.6775420462188346,0.1569436229961734
-0.35480239313884854,-0.6614697432341582,0.15325555694461113
-0.2983100244245332,-0.6701363187191105,0.16416264696278915
-0.24441169229188572,-0.673558567609814,0.16205513956214587
-0.20196077408802257,-0.6672553563957377,0.17478123798530526
-0.12349194245343394,-0.6499123540109416,0.16124217570366323
-0.086,-0.669,0.165
-0.03454974704999475,-0.665922271676382,0.16231354801758663
-0.007759139495785487,-0.6645250904622602,0.15060039221498628
0.0785364379134502,-0.6666656527511298,0.15559208024168303
0.10882680625978652,-0.6546983586143129,0.15807664067870808
0.1677304119493023,-0.6692625800811773,0.1619607307915565
0.20002975175229462,-0.682162659698436,0.16455503762566145
0.27304228231747757,-0.6724205755758584,0.16088590619838258
0.3080960236762903,-0.6631474859097571,0.1477564728826729
0.365996504171359,-0.6670195881308076,0.1607625441844115
0.414,-0.669,0.165
0.4380503691592594,-0.6374240596641355,0.1629611592736533
0.4810806173900122,-0.6374844464532841,0.18568621031173577
0.506058243122934,-0.593968765842115,0.1542261206109127
0.5121680032292407,-0.5760433506202643,0.14929192095752714
0.5522667335157279,-0.5633484715292448,0.1591687620260511
0.5537446597710773,-0.5472697862693313,0.15776251883218323
0.596822742833251,-0.5140509945272337,0.15259715402810745
0.607775728304764,-0.48700438158706194,0.16481555074418935
0.6429454210480592,-0.44793997141381986,0.16876916245805318
0.669,-0.43,0.165
0.6702212014688345,-0.3736788387704313,0.15111467162333944
0.6745188137084697,-0.3227744874625659,0.16704438242630001
0.6678343741950656,-0.2792131548937994,0.16440823878853006
0.6728360238595642,-0.2351711864968299,0.15531269121906405
0.6767516904798511,-0.1747055480086872,0.16334331293284754
0.6747997347056144,-0.118007052425359,0.17098211185499843
0.677374384382807,-0.0800016695975269,0.1743509001933456
0.659797717170436,-0.033085298271659416,0.16587330373773837
0.6746617213539983,0.029720766303360936,0.14345584740962705
0.669,0.07,0.165
0.6718247881483222,0.125695902820803,0.15768966878171747
0.6487351814062876,0.1832116806145261,0.15730318643908128
0.6673277380205833,0.21835280890935868,0.16043450715123295
0.6742140331014845,0.26580606179285554,0.14483013893104213
0.658183234699283,0.30934066874147736,0.16560056748233523
0.6543331597895268,0.36825447918058546,0.15186239236904447
0.6824779441688857,0.4102084042963994,0.14648222921991033
0.656622496197159,0.4711140280291173,0.17430483101894975
0.6532885869976555,0.5220045759731095,0.1745818215977195
0.669,0.57,0.165
0.6289666103308325,0.5737346149199097,0.16159671486321112
0.5730444167053392,0.5970605293705903,0.1580521199361511
0.5385522848467993,0.598087103651156,0.16314848210846838
0.49500339174348007,0.6312909176305468,0.16146576067636095
0.4606033919187282,0.6265933664360799,0.16642946267685438
0.41313229818039315,0.6216354592635995,0.18096890004289762
0.3773426057695233,0.6304032269994861,0.1774625042265634
0.3386528903467981,0.6489733458039257,0.150009368758305
0.27572819549483796,0.6571649704201087,0.16927986531743772
0.248,0.669,0.165
0.19656266954294258,0.6563679732153707,0.15638740303282433
0.13504020825108962,0.6844883792078652,0.1540099721664988
0.10068396815143217,0.678728358066494,0.1654035549713581
0.04779247506424146,0.6658560115032306,0.1626694236862852
0.006875329244966874,0.6632337249882152,0.18063882756434088
-0.037697335825803854,0.6643470049154849,0.1593300185641781
-0.10146659184260282,0.657623212925259,0.16279819882927024
-0.16288498552234965,0.6848867072882742,0.1598156656888822
-0.19845634580128602,0.6652074768762472,0.17336925820766852
-0.252,0.669,0.165
-0.26662355897793577,0.6609663071141342,0.1708388260440302
-0.3005869835568973,0.6689636832743647,0.167234319754255
-0.3680020842436897,0.6627502526120348,0.1635032128652608
-0.3787935872513014,0.6804653260468669,0.16628505400817956
-0.4401443126176286,0.6649423294118079,0.14635846193789329
-0.4734527589079463,0.6735399272450205,0.1616503681200227
-0.5159759605125095,0.6610580641346516,0.1790012154004989
-0.5463786365152257,0.6654220076385061,0.15673260523186813
-0.5790166797148931,0.660843087126501,0.16711401147081054
-0.611,0.664,0.165
-0.5883514269382915,0.6436322456503851,0.16857496074386438
-0.6075867757707374,0.6470916973885843,0.1488610098179688
-0.5813105186118506,0.6336445361286424,0.18418812157328412
-0.5924441109216637,0.6329767049573772,0.17455584946973318
-0.5722367133882523,0.6347808239755413,0.159387120920669
-0.5701511327668202,0.6153195476758783,0.16855963303688612
-0.5715644148781046,0.6095506594887803,0.16832249763735047
-0.5820849399924508,0.6010823549662986,0.17220807597073692
-0.546048441284549,0.599156299831932,0.18299835250331892
-0.555,0.593,0.165
-0.540317271965834,0.5965269958202111,0.17322983802823053
-0.5172083462726879,0.6231811432196995,0.16795117389495323
-0.5392129366602714,0.5962098781091011,0.17794287959552893
-0.5179712731101143,0.601627839647135,0.17488516434119464
-0.5012690395717748,0.6007070265425969,0.17259824302919
-0.49880778441745166,0.6016979455393807,0.1686493311289781
-0.49566316780920583,0.611416954434991,0.1750510511472498
-0.4779131316860617,0.6194763731228067,0.1691165155476466
-0.4763322999493172,0.606662521596168,0.16385437096077743
-0.459,0.625,0.165
-0.4733133007970973,0.5886788745684931,0.16580281179059078
-0.4819498172961343,0.5837323536304643,0.15810776569456705
-0.5014321372929046,0.5686289065453133,0.16079244073934598
-0.536191000077173,0.5421627000262811,0.1632154215487733
-0.5540770793851303,0.5246324521625512,0.14838122566795103
-0.542007514571864,0.4875068875829446,0.168632613338683
-0.5645945082857323,0.47801907349738143,0.17250098137416162
-0.5772785940538265,0.44777920569035934,0.17350842021243512
-0.6010673959167689,0.42638445237105316,0.14784101082051695
-0.615,0.406,0.165
-0.602582081793866,0.41555501529283123,0.17028568076605352
-0.5822829455540232,0.42179785311920504,0.17703085920591086
-0.5510613297402106,0.43883211283663875,0.173021472768356
-0.5266434740532084,0.4698562100013678,0.17261983332318465
-0.5361289028912085,0.46193218184001916,0.15122645716618877
-0.4997633209021572,0.46506002695263127,0.17589263975424388
-0.46854029372656114,0.5070440506159903,0.18319365969696816
-0.4632882098488571,0.5088356351527482,0.1829914843332582
-0.4385867248329999,0.5225302032329848,0.1521454456611332
-0.416,0.54,0.165
-0.42322888505961587,0.5237101596143943,0.16647663630375825
-0.4163323131351907,0.5261893490376505,0.1635425778002524
-0.4167109477763148,0.5187888701576595,0.1765280569771832
-0.4016020247513553,0.5331107738985029,0.16549740651156936
-0.37946781961752357,0.5245066881278724,0.17097197338542633
-0.41564565591417196,0.5096620845057672,0.1742343293726493
-0.419035967241423,0.5048106725339958,0.1536005760651875
-0.4300455496295666,0.5047934814068723,0.16540272894311667
-0.4034577596269182,0.5068259308019923,0.17034126271695466
-0.403,0.49,0.165
-0.4188781111021745,0.47249600392941665,0.1715197725980011
-0.441492380540068,0.4386022806981366,0.19206428127562628
-0.4632507662591966,0.4133661863857,0.16037825753643278
-0.49102122808529663,0.3620089802233641,0.1751676576368442
-0.5162592488419742,0.3499715666460415,0.16614413305667547
-0.5175906108494356,0.3269074132338074,0.1751366079080035
-0.5543241823705158,0.2987684243608767,0.1450933632852813
-0.5685885504656966,0.26554756727258394,0.15486632150167423
-0.5876986849911525,0.24005045176452183,0.1679238478948745
-0.611,0.219,0.165
-0.5453802323495466,0.24049833976053103,0.1626873273059188
-0.5456267864070257,0.2831623587988464,0.16669827138377044
-0.5293625554003021,0.3269515121401886,0.16162145188765475
-0.4757024335045713,0.36795141385510644,0.1467094239693805
-0.44191890393393324,0.41064661135428426,0.17168906274518012
-0.3998138852673898,0.42963512137434823,0.1488764125799364
-0.3709419045752578,0.47237665560176867,0.1496317992328725
-0.35378015644560457,0.49584862671880403,0.16238305093124217
-0.2913878365623942,0.5295103889808525,0.1752535844543797
-0.257,0.572,0.165
-0.2646569751769814,0.5544424024762008,0.17784263928933952
-0.2651542889986665,0.5421982054465025,0.15655362378899176
-0.2641901213634138,0.5551111385228726,0.16800874155793682
-0.27437204637885654,0.5395605264499432,0.1635219726289726
-0.2940689436530154,0.5172175794010341,0.16672005360143977
-0.28001581037585294,0.5167823347653613,0.15689067172491683
-0.26864548218292805,0.48997749013446357,0.1728404211083669
-0.28437269162203,0.47423050665981464,0.1605508944630757
-0.2902753319646328,0.4562397916835402,0.1820573660073329
-0.307,0.459,0.165
-0.33386729678211347,0.4119969373528861,0.17704024174578656
-0.3822715219749923,0.3883653307816357,0.1670304585403574
-0.41990421994655885,0.3534779990438045,0.16689423560969052
-0.43054290667554956,0.3203635698074449,0.14876964552180236
-0.4736129873557529,0.28102339687443656,0.17443218780565273
-0.5112403336457122,0.24770363723639527,0.18103355358875176
-0.5618694737891666,0.21906736017391562,0.17042791837937452
-0.5719194654514305,0.18888314896083613,0.16580922194754968
-0.5998012622650433,0.16335026821403983,0.1577090203037221
-0.643,0.123,0.165
-0.6007130570748181,0.1396830313699134,0.16760334644348826
-0.5819493487023759,0.1685176970294127,0.14017812402580174
-0.5478648560359551,0.18547196801125626,0.17030379722689837
-0.5251119215749134,0.20580517995612288,0.17561258223191753
-0.517164724256644,0.2186059820942281,0.17669412461077083
-0.45520811528756894,0.24819930920835803,0.17062134555498376
-0.4563330739626469,0.2813109776270074,0.1502575599094532
-0.41447765483533067,0.2954170935285367,0.1743638099558145
-0.3728752878741778,0.31096757257357455,0.15734370451897584
-0.37,0.332,0.165
-0.33132763575010304,0.3657288292091934,0.15480627152495743
-0.2785819187265081,0.3980968841872069,0.15812562935463348
-0.24897840686342187,0.4308393259698863,0.1632975776805183
-0.22671019972670947,0.49409503340205735,0.15094954226700194
-0.16769615284658856,0.5170085389802215,0.17466624724779856
-0.13533021032800654,0.5367159480016802,0.14570379718050783
-0.10161554250775424,0.5750124598297301,0.1635040258066519
-0.07042681731038775,0.5871236322423725,0.16781402524822
-0.025091416532781026,0.6339804463787787,0.15433378984471782
0.02,0.669,0.165
0.003852981578024224,0.6256244564122474,0.15215173393213188
-0.04483371641309549,0.6058145642067997,0.14794532180870212
-0.06959035312005152,0.5687343706081646,0.1709689084446312
-0.10279363204650933,0.5143977267799597,0.1610976612154116
-0.15570540906535246,0.4980856934943076,0.1561739823360581
-0.17211406413434835,0.4653327072181713,0.16162033635884812
-0.221859269715138,0.4476547050548632,0.162115051482579
-0.23379822320095772,0.3825107489470623,0.15323358013224037
-0.27941449950433056,0.3736686698041964,0.17523671149420325
-0.311,0.328,0.165
-0.32914428079012803,0.30608213050987737,0.16104956783464328
-0.3890250452142433,0.26275461966788755,0.16689963463033985
-0.4065002989122098,0.2316911143653463,0.1681147266627196
-0.4637618102203896,0.18888269648307218,0.17000522294633133
-0.49772223979532054,0.1512676957545766,0.16727378877040702
-0.519608405717195,0.12892094830686193,0.17865446693308848
-0.5422132959367553,0.08542903741830224,0.1640003461257585
-0.5813693681178309,0.04757277566442803,0.18226269884908783
-0.6254975419669591,-0.007625057112287576,0.1595330714822007
-0.664,-0.026,0.165
-0.6396163783181077,-0.004811688488510802,0.1698725639439291
-0.607300476423849,0.025923371945932125,0.17032012566782115
-0.5788542770381249,0.04851263396611749,0.17559943366994507
-0.5447158785577342,0.07787560159525553,0.18455471321401226
-0.5225618229432966,0.07799812812080428,0.15531105466739245
-0.49097188902895467,0.11745496534587013,0.16634010862308235
-0.47792026004227073,0.1376907305708163,0.15183339497604453
-0.41078367813664396,0.165280981968294,0.16604855293913268
-0.3943532508857212,0.1769561584084244,0.16046351181010188
-0.367,0.208,0.165
-0.33838617043326674,0.24800466156814022,0.16739730605130249
-0.31073268621008543,0.2909904620672979,0.14893758637691037
-0.2611672946432208,0.30498023434055166,0.15535377421340768
-0.229530625966713,0.3474163218356651,0.14830653392571236
-0.2007242627187098,0.38327391020444485,0.1695624733051477
-0.16563089393095254,0.41030152452982577,0.1612694317182547
-0.10845212310249905,0.4830387958086981,0.17154134870984583
-0.09844667157363027,0.5072506910195917,0.14432918373597792
-0.054630211547953784,0.5227658372869695,0.16063486531727647
-0.013,0.562,0.165
-0.012282057753148683,0.5317425993617395,0.1562948418554778
-0.03220354810010662,0.5430115683171064,0.15386570746825817
-0.040784599520551884,0.5176265945484433,0.1755799010497373
-0.037176814940421035,0.5185925317189255,0.15812715157905435
-0.03888836527318162,0.49127695858022913,0.17195406907890545
-0.03192461361971204,0.49079167200421925,0.14668559502723427
-0.04371027284038708,0.4839662597715602,0.15781895883970185
-0.047674471560535725,0.4759046686963236,0.1707207996207435
-0.06370629649095007,0.47123264354107147,0.16224637311348922
-0.06,0.452,0.165
-0.11183111405234313,0.4344324506622866,0.16703324866107241
-0.10888041926165273,0.3799770941543537,0.16145867749877638
-0.17133457320641374,0.34704939320836004,0.17366653482768848
-0.18901322135643803,0.2949461838555888,0.15869295029539252
-0.24886980819835572,0.27365292085657844,0.16486989317396428
-0.26263592677509034,0.2426947745108609,0.1674687363585532
-0.3186347522602043,0.204221267206101,0.1749571761343403
-0.3597801957141378,0.1660829778704792,0.15495194270621485
-0.3852049796882909,0.11857821831403274,0.16546395424229343
-0.413,0.098,0.165
-0.43230861132020076,0.08274290329119435,0.1633675959760148
-0.4569813590130636,0.047238910106715236,0.1669239594353577
-0.4679819512719563,0.012466104055707977,0.16392775434416945
-0.49204811987208896,-0.016691559002599055,0.15653870137048032
-0.5217872368709137,-0.035424287688791224,0.16199448785495082
-0.5463018426420002,-0.059182281839968834,0.17662693297487855
-0.5620285553139399,-0.08013922452443493,0.17489034822478594
-0.5905325889018286,-0.10711161403743474,0.15054037025688355
-0.5855903687479369,-0.13540492321998368,0.15661783973869634
-0.618,-0.17,0.165
-0.5776086642107003,-0.14092758427574553,0.14418978037848468
-0.5505877198928437,-0.10290282168194932,0.1734115778858032
-0.5023236048044228,-0.0642372256898511,0.1598584213975896
-0.46898721914207536,-0.03185123578365193,0.17197623922271085
-0.4397015165839047,0.01150362816945326,0.17410326594255512
-0.3993452444379417,0.03351503139963642,0.15706181597019095
-0.3758810361214585,0.0696025732026668,0.16483648253450764
-0.34808229162485527,0.09639004077409133,0.14990316338737206
-0.3207181521321742,0.14304674715732266,0.15896719060838765
-0.264,0.183,0.165
-0.22487391277779928,0.2084491602415281,0.1723599884031013
-0.20319904103197256,0.2797252770898905,0.16026258859687115
-0.1629744870709493,0.28917331406317004,0.16302421781435059
-0.1344133768593944,0.32098069853371564,0.17555571998086428
-0.08826958095935881,0.3673069060658447,0.18850120475411636
-0.04886454910999139,0.4078500586753227,0.18969882531259707
0.0006815827152742808,0.431138781281613,0.16430249254939203
0.00034405908839942045,0.4597850028112494,0.1622373812255749
0.033549301711267326,0.5037268693020313,0.1649289484692703
0.089,0.537,0.165
0.08661998804071246,0.5240078411031632,0.1527356383221573
0.1130251295882686,0.509901863019408,0.16562977605026807
0.09161117190609096,0.5096318157058579,0.15499912283814432
0.08354344062529023,0.5238537455068707,0.16879459264159646
0.08129396514477909,0.5018345434396828,0.1622196082621775
0.09073557312907791,0.5016230266176082,0.16707579565232716
0.09824554649662304,0.4775107260231417,0.17281635207075655
0.08261338917474506,0.5030052721228465,0.15257261747328826
0.08042541086309295,0.48759140166096776,0.1586777562335192
0.092,0.476,0.165
0.056491472705849644,0.4386689973190549,0.16721887598541732
0.030389330064846815,0.4230824881735035,0.15331400527516037
-0.03417199740952115,0.37501790902630844,0.1728727178190359
-0.04953354570313267,0.3309673018405428,0.1524827659600462
-0.09382692091891262,0.2986778831631675,0.17573690634825972
-0.10768977774731532,0.2552670693631174,0.17670997421640072
-0.16228931182497727,0.23119889548117403,0.1497529491701986
-0.18318320961728543,0.1876919643884783,0.15679762682382947
-0.22218469372983732,0.15697554868204297,0.1605724823060175
-0.261,0.123,0.165
-0.2717627089880245,0.08145411144630135,0.15766482311573318
-0.34047845112937775,0.05755866661447443,0.14977687686649208
-0.35726796350401546,0.0015839913261145762,0.16108591653372784
-0.3858250767961897,-0.03765541492257773,0.1666879142576232
-0.4445629458850547,-0.0693600968850161,0.1649876877556303
-0.4636024413970967,-0.07816472153654112,0.16213562977394735
-0.5029454011878667,-0.12137197298735797,0.17808682903562645
-0.5406879347982209,-0.17532737326215245,0.15268521613682182
-0.5845459968057294,-0.19468147244235046,0.15847853058099493
-0.615,-0.231,0.165
-0.5932567349878689,-0.2084195158445559,0.17961879940652212
-0.5791417119532302,-0.20894559405406413,0.16670401780162564
-0.543763370724806,-0.2020158133319653,0.16504525725322663
-0.523613155423108,-0.18931200722473168,0.1678587469851599
-0.5181083963617734,-0.14406025066373804,0.1643557234753503
-0.5019063381060875,-0.1356773840358082,0.15873955193351075
-0.49321326918124375,-0.12262262981229118,0.1652540578972125
-0.45365988773928073,-0.09673961001434003,0.17323850703218524
-0.4303953048588814,-0.1106289907499992,0.15713728837044125
-0.416,-0.096,0.165
-0.37384597631951827,-0.05148212948586049,0.1648958601603976
-0.3476685879264781,-0.019214239115486073,0.1679071077838768
-0.2925947630390596,0.022185602194274633,0.176529377543301
-0.25973202101674103,0.05094322467642725,0.1563265387168168
-0.20316087199862876,0.08840095356161945,0.18702459389681358
-0.19059160268898753,0.1357289795983015,0.18057047837309168
-0.16502062479809318,0.14675328725635386,0.1678750833361956
-0.10710375325286141,0.17541111264632264,0.1640531504163108
-0.07336054830942786,0.24372845827852116,0.17776093057688902
-0.045,0.275,0.165
-0.008220799832762693,0.3111313143833729,0.15523460482494533
0.019488869103950444,0.3501131313234206,0.16652493239311586
0.05652847351717588,0.3764946052164524,0.17800236034231615
0.08730543211674915,0.4048552908623569,0.17613359294713557
0.12294594907074038,0.4575177473693193,0.17390751170566487
0.1781833104954826,0.4922136233425064,0.18677344616525826
0.19982764961670588,0.5160732300168909,0.1738139710924839
0.22548238120973926,0.539208638500201,0.17659070487805212
0.26936584423976506,0.6014880942500606,0.16135253411226025
0.309,0.629,0.165
0.29582303617910266,0.6157894277470936,0.15758364648078937
0.2851134286489808,0.5879576016752092,0.18123026364260877
0.24874642400081126,0.5512685420887483,0.17004322237041847
0.2560934935164256,0.5394229654754166,0.1428108198779748
0.2245037983510273,0.5221587093387388,0.14941310818435893
0.18573789600595164,0.48078695606921784,0.17065877874537771
0.2047674730068766,0.4655779449190877,0.16902952840944435
0.16728142881090438,0.4503935792026561,0.16471960519023873
0.16242591035060275,0.4257656600700645,0.15524697721656328
0.145,0.402,0.165
0.09931655762315489,0.3573851722796955,0.1607528477656893
0.0757842850072217,0.3316597415659225,0.15465320306911456
0.036808146806928274,0.3064892105629007,0.1746348506369003
0.010487597115868181,0.253372184756903,0.1557926588609655
-0.014387921951942894,0.23210003642437996,0.16134444035223952
-0.07526232419464589,0.19462983522166086,0.15299977770063589
-0.10738152709739505,0.1441030437775543,0.16556197241218645
-0.1328593448907912,0.14319599428840277,0.14606509508187415
-0.17781813519782916,0.09709271323803298,0.16503341151551262
-0.208,0.049,0.165
-0.2534763226975603,0.004116740947356973,0.1841401045126156
-0.28308410736115025,-0.024923829880298055,0.16789880925717157
-0.3293048604700416,-0.06925876994605326,0.16010705439782424
-0.3429508476698676,-0.0982814619133654,0.158432825119011
-0.39851308385033296,-0.13995324533495151,0.1577558461392407
-0.4214311676166565,-0.17616880683734498,0.15379129500274227
-0.4677812300213824,-0.20906392331828216,0.1725347631137309
-0.5041186898889629,-0.23811865177276031,0.16168110792527177
-0.5484966068758935,-0.2770047895864156,0.15993094031278923
-0.579,-0.323,0.165
-0.559357068160701,-0.3129685590835961,0.16211622671010095
-0.5231896310420548,-0.3034160934121935,0.15226782797736757
-0.5320347658573299,-0.3030368809561418,0.17828655658978035
-0.5188037298413506,-0.2868599999406581,0.15002012395544467
-0.517085784289586,-0.2961483671505603,0.15957212460096504
-0.5042739148770217,-0.28153499335744164,0.15324249322807504
-0.4710691458678061,-0.29034711725881707,0.15014763917574553
-0.4849832148638302,-0.2590197071162462,0.15591302763412446
-0.4739245808287818,-0.25743003881405224,0.16860345684588582
-0.452,-0.259,0.165
-0.4269203628011735,-0.21769678952055904,0.1714450568319575
-0.3874742666913014,-0.1874693812044812,0.16725932477074293
-0.3418643907710351,-0.155843459084192,0.18324489735471436
-0.3265566566786829,-0.10991436446017779,0.1620551899748163
-0.2667983091998911,-0.07183385046304835,0.14804798753623932
-0.2254409945352828,-0.03723056916589204,0.1504995216133614
-0.20487890408772994,-0.002089712303205699,0.17639030110854886
-0.1717928872831069,0.0115242358623276,0.18686031357330793
-0.12277002044309043,0.05779011817848739,0.1436980330573513
-0.098,0.095,0.165
-0.03857036913035057,0.1296953277594261,0.15866117561573412
-0.027888074476479396,0.16677961107977607,0.15055825962184585
0.001149555333867059,0.20798404982581603,0.14973311013758092
0.05298428846826809,0.23296815078489244,0.15005991235644647
0.08696300601054285,0.2612880357290052,0.1544556342676232
0.13396058646777342,0.3104844514789942,0.16671788535209398
0.1514588806444794,0.37032749314600244,0.16266423738903768
0.17704521892052624,0.37263340401755535,0.16281257958601017
0.21778990784788357,0.4073985602630994,0.16323461418057708
0.256,0.448,0.165
0.2720915061913195,0.461201011193401,0.17566332503870502
0.28898763346860495,0.46150323132379695,0.16374290495946683
0.30697116291097826,0.4873207512949972,0.17040237698162372
0.33677980088364995,0.5115499024458926,0.18365262437367796
0.3566682096934609,0.5012078588525845,0.16514031014062563
0.36752784724489396,0.5320732713420163,0.16817638104495694
0.3898622310630045,0.5423197320779448,0.1737405553431371
0.41320229728430197,0.542708290670129,0.16404412770473017
0.4311566100681378,0.555702902279936,0.17099623440063583
0.453,0.582,0.165
0.4126994319583005,0.5328531148175335,0.16092593064204033
0.3889924597399083,0.5054391851578683,0.1733875655534235
0.35065440721174196,0.46500952437183785,0.15919216799698827
0.27986279811781695,0.4283775312894475,0.1621899498098637
0.26991069205736357,0.38531401935747744,0.1440129192668616
0.22950039412356985,0.3429254741854155,0.17763318582960572
0.1826227077631947,0.3176725122883982,0.15947247780934637
0.15916635823947364,0.2813381708979742,0.16916725529465682
0.1289448332411579,0.24231859557680582,0.16007861697506104
0.082,0.211,0.165
0.05892341500782136,0.1738776015846815,0.16936145333582517
0.018148952813271092,0.12897274063842107,0.15960895708940318
-0.019090877611006675,0.10463213866279336,0.16669888768720903
-0.06806136986135679,0.06889159231042015,0.16858702928092187
-0.08835823523129133,0.02867143512285554,0.15876469128203566
-0.11590257630051869,0.01635558347954471,0.1545166303202375
-0.16239692160016445,-0.03709242118722131,0.16891394237223914
-0.20887858757650782,-0.09194584575853591,0.15650414931256593
-0.2348481131796584,-0.11247796548475535,0.16640163540798925
-0.272,-0.142,0.165
-0.3129700137153645,-0.1740443204413385,0.1565795620363509
-0.3456673618819369,-0.2045199476094506,0.16967637898081284
-0.3820504380847887,-0.2314828767929406,0.15031251534570314
-0.4122421517186313,-0.27758721130582215,0.1732636292079904
-0.4473323439070244,-0.33770566291098475,0.17234554090373325
-0.49011410358943464,-0.3557811444772522,0.16995192954029986
-0.5279397972428959,-0.3949772010142532,0.18156844266627206
-0.5392751387282746,-0.42786910296516945,0.17630047582827144
-0.6001068915638872,-0.4499883817669802,0.14749852950229725
-0.625,-0.496,0.165
-0.5982589786238465,-0.4875220936939509,0.1581985543824155
-0.5672152920702218,-0.4717517737300253,0.1637255118324503
-0.5581445000120332,-0.4506840792070816,0.1643958197806521
-0.5367855163578859,-0.43838092086969016,0.16353446530710036
-0.5299098231537043,-0.40753223271246436,0.18631025102878174
-0.496708690801713,-0.4109595794696483,0.16242120476677635
-0.483432544384724,-0.38500691635434214,0.15334625444514047
-0.45560950968857317,-0.3840893695960791,0.16210268775442166
-0.4167643818874612,-0.34992932310692126,0.18135778294780355
-0.406,-0.34,0.165
-0.3983053469004599,-0.31040980420769076,0.15998554155620348
-0.34319246179820373,-0.2685889912882863,0.17238361314951553
-0.3036049280954346,-0.23576958026849937,0.16226091569385068
-0.25902182497616766,-0.18702980617607734,0.15677633408984948
-0.24061435827704675,-0.15450389916648297,0.16366418538945726
-0.17536099641630126,-0.12758277441385465,0.16989525941321018
-0.16289599568064328,-0.07753721083559988,0.14458559403647472
-0.12214986751561636,-0.062497681976733055,0.15716467840733783
-0.06821739674476088,-0.011107192515924952,0.17477253460087566
-0.052,0.014,0.165
-0.01669679819953774,0.06067412625416248,0.15901994241376705
0.033225358916215975,0.06972963884180525,0.1541261890284999
0.065073288009108,0.11928093298839493,0.1826758085909931
0.10175977524651884,0.15792049505772157,0.16278036289444747
0.1507940626067791,0.18147371581502222,0.17151933559752702
0.15773282882152065,0.24744680402044777,0.18289416503302502
0.21403209664841658,0.2821821290712618,0.1686532997366076
0.25343342362809457,0.3098874825924689,0.16519831622569717
0.2900867027524483,0.3521691713067141,0.16208598866296572
0.319,0.385,0.165
0.3565807470837813,0.41804886249315415,0.16574102118994127
0.3857594392663509,0.4334009195104449,0.16061011932006763
0.4151909518633598,0.444789065461475,0.16370574626903436
0.4413535462929961,0.49130675191594053,0.15723293449757958
0.4962224696534841,0.5182568749747561,0.169541752995123
0.5174575937984303,0.5487692242690474,0.16468896560033822
0.5367696803039342,0.5567134064002273,0.18169255641473628
0.5879469312521038,0.5921244101968421,0.16994445302139474
0.6216529002768244,0.6389727065025999,0.17839564242775352
0.644,0.646,0.165
0.611995322349061,0.625861474383634,0.15684475049490426
0.5786517325659422,0.5812427865060507,0.17110693567415983
0.5302073961455437,0.5226209323649926,0.1726136484845844
0.4961448222223714,0.5049155391664417,0.15005347967678478
0.48949337205489796,0.48408632684080705,0.15954773211027387
0.42593891394661026,0.4298629632786014,0.16319935592631551
0.40298871307750767,0.3993507498551306,0.15894587589191067
0.36304895466620857,0.3506888182956387,0.17415992886367399
0.32460575684466053,0.3312314206833039,0.16834760885736866
0.29,0.292,0.165
0.2468384179521868,0.25175521230899667,0.15730845584102487
0.2098485660667481,0.2321479401103331,0.16538115328099842
0.19130751912069013,0.19536334059183647,0.17244198857671908
0.14582631972610965,0.15165294449201802,0.16554698576611718
0.11381486447733835,0.11595045633669093,0.14937718287487003
0.0916741623756355,0.0848960622540394,0.15798839964371822
0.047863892367990254,0.03821750727457743,0.16908546728050614
0.0014876437936726782,0.00843191139475498,0.17670727995992694
-0.030150502369166634,-0.042513742536864595,0.14971426120254205
-0.063,-0.061,0.165
-0.09428569834126993,-0.06339342551243761,0.1556982578194155
-0.1424140843431459,-0.12630718123349716,0.15633860484693668
-0.1612943579091904,-0.16796110178092022,0.16980372649311012
-0.209484594947422,-0.2013600927100147,0.16751581513996203
-0.2525119407184211,-0.2477733439897928,0.1813440689573132
-0.310889577509499,-0.28593638434083135,0.17508177356441398
-0.3196391884699614,-0.32161919466420724,0.1579408655839873
-0.3713848326454729,-0.3707336403949184,0.1662106182944385
-0.40855534945459976,-0.3898003117743983,0.16806150210907675
-0.434,-0.432,0.165
-0.44359904522445587,-0.45407670403542605,0.14397449234326964
-0.45642295460442617,-0.46058368877199485,0.15391945039616295
-0.44960486967179636,-0.4721916903770383,0.13857964637358355
-0.46635807407603186,-0.4864481220262561,0.15937339902573133
-0.5012165467353841,-0.522523690972001,0.151144417972806
-0.4880287594240548,-0.5248568112656318,0.15495953128443313
-0.5043390829833402,-0.5383658084180202,0.14239600359062624
-0.5268128113756789,-0.5619056544655581,0.1723021766358955
-0.521163618895258,-0.5659079418903163,0.17287805631084532
-0.534,-0.595,0.165
-0.495898280527931,-0.5583688545338304,0.15820954164630605
-0.43781571564495675,-0.5328783676888024,0.1767369399552782
-0.4321861694242087,-0.49781013584535855,0.16442199845791772
-0.40617808442513453,-0.44544310914313856,0.18452169479871658
-0.3580596025616003,-0.42501890456672614,0.1885069978690448
-0.32275967985555243,-0.3910806914045645,0.1631158966480498
-0.2789615943500935,-0.33253712055492446,0.1599525389262989
-0.25445205987653585,-0.3100664991830683,0.16173353775084823
-0.21987840174434511,-0.2885964247169716,0.1755174426656229
-0.18,-0.242,0.165
-0.15155292948775875,-0.20476585048020787,0.15751508768974348
-0.1057125352832116,-0.16109592000902184,0.1710853074053561
-0.07265731195766999,-0.14063149639602404,0.16466872854075568
-0.03394606705245883,-0.10496754135441762,0.1626479415424339
-0.012131125979321148,-0.0719439234655682,0.16647038259977132
0.049815155075404474,-0.03311454717603641,0.1762631364555911
0.06768975591156498,0.01300893898248576,0.17235679299444803
0.10544334837530815,0.04065298650503684,0.15946191111535016
0.1403601070763712,0.07902039013776166,0.17192180080313868
0.174,0.112,0.165
0.23319611003085658,0.1455018690282588,0.15970179191154926
0.24248391739047562,0.17652727435769233,0.18068242990254382
0.2639870503773588,0.22612573599098804,0.16067827775997762
0.3220658355639616,0.24953866678735842,0.16588280970982772
0.3736395655495465,0.3017247299173756,0.16151811943700314
0.39381683450857025,0.32239842262832563,0.15295971999991673
0.41935083443470955,0.37500613840263575,0.15980430820986535
0.46495802599339736,0.4165201796577484,0.16226715429858674
0.509150867335581,0.44263502630928103,0.17207620548862534
0.545,0.483,0.165
0.5395238014561293,0.47157678040973927,0.18009832239728005
0.5362438681432058,0.4638381825294568,0.1669170046286598
0.5408947636308409,0.4568418396410307,0.1669372229845311
0.5219284908710837,0.43500770601388183,0.16156144377951312
0.5205641309358957,0.4199818160291575,0.17746584740764929
0.500236101499596,0.4105228308674136,0.1805243833842608
0.5091094968474057,0.40469277435550965,0.15877082212584925
0.4908397424157509,0.4034689768421778,0.16380024868241655
0.4828807716712038,0.3659573175799525,0.16725414146602247
0.486,0.361,0.165
0.46725833718858445,0.330027398350046,0.1753764300538701
0.4174197310497269,0.3025515363863455,0.18157968671564712
0.3834422960731787,0.2460709961217357,0.16258016576006182
0.3488422570366543,0.20801672864515303,0.16991771934944672
0.30875502189006626,0.16782691456247817,0.16610989028383755
0.2657884568797694,0.15614770768862016,0.16308633972161715
0.22904886770697006,0.11321527611571207,0.16108983778148
0.20657821923466915,0.10654816827561372,0.16669878932892312
0.18277258780774824,0.047928054818681946,0.16738950024099916
0.133,0.007,0.165
0.10427883960863568,-0.030669046634325174,0.14526895603004514
0.059240790242141,-0.07554845927074416,0.17719852181788492
0.015511043032091495,-0.10379753476677152,0.15692691582364407
-0.008460822099952801,-0.15572856861555914,0.16438721817654645
-0.050658605943459965,-0.1701941430660554,0.15715773460590432
-0.0867905608394259,-0.20147187070592118,0.16566624161845675
-0.11596774828287251,-0.25889147015412034,0.1623155951809571
-0.15731583727843607,-0.3107516618417787,0.17583186593568023
-0.1799653554127143,-0.31030095851556444,0.16772880027600048
-0.221,-0.346,0.165
-0.2323355713427008,-0.37841002892348524,0.1581031410075296
-0.2715637379706462,-0.40978563011596464,0.17824424385084314
-0.29415265558020964,-0.43511814219887696,0.18740388071147623
-0.329441404844156,-0.46593986085669703,0.17540248553311977
-0.3691366467819683,-0.5005459506155207,0.15117349280372044
-0.38209144675029594,-0.5332558108362565,0.16986475392208406
-0.3921749698695088,-0.5729678977740745,0.1648541236071148
-0.43001988045896017,-0.6189590424541841,0.15164706629108493
-0.4352255905287343,-0.6301234373961435,0.17097765159734196
-0.478,-0.667,0.165
-0.4381532346286889,-0.6387753787642383,0.18212221414738766
-0.3983107816113388,-0.6088135598154032,0.16619538222812502
-0.3769126884017542,-0.5442139267967858,0.15410879863475993
-0.336500651969773,-0.5255985065814399,0.15820054838040123
-0.30607474871646745,-0.46933348699486804,0.15538308723002825
-0.2775336887772833,-0.46372929556174136,0.14770466651835584
-0.21278432871930192,-0.41906967239541704,0.1613705179248696
-0.1979112170396019,-0.37569154116240217,0.14868135079519412
-0.16856311418991252,-0.3453091906500719,0.15528203561566023
-0.125,-0.314,0.165
-0.0843369694722897,-0.28043400178043476,0.15791392401456503
-0.07089016252089078,-0.22948020674557046,0.1710797690840395
-0.021036962171402118,-0.2273554442657958,0.1621506048293409
0.004864801471272226,-0.16345883812444362,0.15238313380096913
0.05697576022789865,-0.13901883866247566,0.18079680630342984
0.0974226084056913,-0.09363236828480156,0.19054807109608837
0.12740388290239751,-0.04978907090725985,0.1760213981592893
0.14092966645844235,-0.03125454719842099,0.15494672140208618
0.19065606391608908,0.013663660681535579,0.15746905077822948
0.229,0.04,0.165
0.27201449273464434,0.06220271286514052,0.15844594802887188
0.2939098586559402,0.12162960187879858,0.1573665012553452
0.31747156449097974,0.15452300654932546,0.1705626724237338
0.3756657744167394,0.1899036481633219,0.13232715095397635
0.4181673194527211,0.2120736233220232,0.1724106993507396
0.44040393064453576,0.2641439864235919,0.1790267843524265
0.4674088148448548,0.27150118444078086,0.16198606814793043
0.4992787450775653,0.32634619792030317,0.168385076316421
0.5352022605092303,0.36903503507178137,0.16806774932628976
0.582,0.393,0.165
0.5600776788325422,0.3740772291327452,0.18642285444272566
0.5580864466971311,0.344133212573394,0.14443439313446577
0.5394304549772918,0.33285648344395263,0.17197977212896776
0.5325515804509305,0.3042214459283886,0.1687758376400482
0.5129775414882528,0.30008317671689266,0.168965750343443
0.5068815262388597,0.2659211277914981,0.15676711691381143
0.4811500102189483,0.2566189861258764,0.162273862239146
0.47721703519477165,0.24375688573736748,0.14904212132116265
0.4684477312152633,0.21159108666640963,0.16481204094573115
0.449,0.196,0.165
0.441178824565304,0.15147955097902546,0.15418379546528724
0.37992192337059894,0.13328053662468706,0.17041601384427243
0.3545733407740029,0.0903058225029581,0.1687078141354203
0.31504888124310426,0.05688223902813659,0.162961159855319
0.24778359021778745,0.008591777278617633,0.15874946496069478
0.23053173771606966,-0.023495315700006274,0.15866075100152602
0.18941410868121536,-0.07352378994256036,0.16478579399135557
0.16239029366171825,-0.10770023219451404,0.14369716351874784
0.11987314243820767,-0.12988295157609372,0.15219356055031072
0.078,-0.175,0.165
0.05732847675810406,-0.19947217376850518,0.1612749630635504
0.002062304837031523,-0.2548305583663727,0.16314123613459738
-0.03209001235539948,-0.26224501959574975,0.16444067580004518
-0.05491466605344522,-0.31712099535607374,0.13893596799232444
-0.09599672538947039,-0.3435173314777663,0.16280054002220343
-0.11768976551048436,-0.36642446920727134,0.1658639808379499
-0.1538771976541375,-0.41033562377870186,0.17729415523135286
-0.21755294460298064,-0.4587364605006015,0.16521744788610837
-0.24256951548208067,-0.5000368095539421,0.1503958247977563
-0.276,-0.529,0.165
-0.289507719298914,-0.5316260409697517,0.15398609147510822
-0.24784999740424543,-0.5123492494698448,0.15603968105723504
-0.2459844089765461,-0.5304154491430437,0.15973748141511943
-0.22881885767201907,-0.5237304616987325,0.18091461984867782
-0.2196432824913458,-0.5131935525937211,0.1604058248570144
-0.23343452258815717,-0.511142945742198,0.1528251295937173
-0.2163909537786084,-0.5208765216957805,0.14203116176934683
-0.2022932649591111,-0.5136680955500877,0.15125162449116433
-0.18749691889496614,-0.5229798257400456,0.1722202357928528
-0.186,-0.503,0.165
-0.14207293146478134,-0.4702784451519821,0.16711394964614054
-0.11616045941417036,-0.41285063971281777,0.16440592732368237
-0.0811698050079284,-0.38012000981055455,0.16378837337286223
-0.04919790402576849,-0.3682285982266361,0.17158139385978252
-0.005599869472062827,-0.32265885853421244,0.17804554784008958
0.02801166753421325,-0.3069901742396984,0.1665135654252237
0.061629146001729085,-0.24905314409589066,0.15135814877870876
0.08962669814554222,-0.21838516709402717,0.1465385917031037
0.11778111354840896,-0.18381907608888348,0.16195947604233987
0.167,-0.149,0.165
0.19910524963245735,-0.11124258871460375,0.15067702590272536
0.2538661664455904,-0.09208214666009024,0.1676352659201054
0.2785079887842051,-0.036888523270904035,0.16024104744405387
0.33207845960142424,0.0021828971395181436,0.1884921804531345
0.3545512034685957,0.03461827196185674,0.15734954877769042
0.38216130613824434,0.06695056654696704,0.16458583490321008
0.42792833325212454,0.12881692085340746,0.18007239642964654
0.4647265132962975,0.13408821632430457,0.16349283788246918
0.5005114249781006,0.1997857752105549,0.15660387835064404
0.538,0.222,0.165
0.530258552585405,0.22519887500455835,0.17541804464784105
0.5258849647418216,0.19440606244320066,0.16324831109623056
0.5353236471426491,0.1766391256178182,0.16377361014477052
0.5256988101589714,0.17726345693852036,0.16248420805684932
0.5174509534070868,0.17149169452510202,0.1622321323645272
0.5090568521419391,0.17032299304184623,0.17544281651341773
0.50422369649521,0.1398798902027058,0.1768794063978485
0.5094431773381216,0.1457294219916561,0.146351943659129
0.49490979665455154,0.132368800078646,0.164525536339263
0.493,0.113,0.165
0.44444880105376366,0.07700046559224737,0.16736826469984933
0.4414150196096063,0.04367401420876835,0.18719261985204147
0.3834244257133552,0.0031459841355762487,0.1671814881268926
0.33269493695936775,-0.04316808657919403,0.16508296881404727
0.32178027833056627,-0.05626188629417384,0.16332754838862767
0.29118928191767973,-0.0958041827447893,0.16303552967995705
0.23935250868267866,-0.1310165134623223,0.16670391191937806
0.19713626992742997,-0.1678367534160941,0.1691767446762492
0.17286527211992064,-0.21424234359576785,0.16887346136677112
0.139,-0.241,0.165
0.08207023239899636,-0.29169894300693944,0.16541302388617762
0.07563432463708727,-0.3159338044682371,0.16644464283060062
0.028046393521831095,-0.3486883040868975,0.16127889043444726
0.004280569798378174,-0.3833650807865059,0.16734918776124616
-0.05791704755638765,-0.41796647649796853,0.1703830323730237
-0.06408217528164908,-0.43818921997646504,0.17026624013308292
-0.11273199643055662,-0.4854020189624404,0.16358037795861158
-0.16718553513872322,-0.5230884629992715,0.16724520120146077
-0.17474123196888114,-0.5475825146216007,0.1702225174571987
-0.214,-0.594,0.165
-0.1774828771248669,-0.5817286076117809,0.1622754867507206
-0.17173275338184385,-0.5576567413664212,0.16598606543355965
-0.14783931286831478,-0.5637938496384826,0.15331875832774125
-0.1079453136877427,-0.5295160420829186,0.17327322295091024
-0.10443703753740151,-0.509174525395746,0.147654686547983
-0.0716218584340329,-0.4858530417105537,0.18390721893564985
-0.03564005519679414,-0.49463607016715927,0.16898887009694666
-0.027773510608814205,-0.44182985385704976,0.1704810302178082
-0.0009102699096315522,-0.4340335235861306,0.14468016690027724
0.024,-0.419,0.165
0.05256531987462937,-0.39014567337309775,0.1808035680654494
0.08970531285354814,-0.3463022549465449,0.14612122286747575
0.12754263950598332,-0.3201545643122495,0.1734177050453874
0.16362868131929206,-0.2798599899387527,0.18406150449770708
0.20757222281098509,-0.24293596288369712,0.1572587244021197
0.25685555728736076,-0.20786575515734004,0.15615753383418524
0.28968081243386123,-0.1604604613883922,0.18049735625790594
0.30437946868299515,-0.13324417874666522,0.172157421084452
0.3486477254689843,-0.09601246013270845,0.1645320018719198
0.378,-0.066,0.165
0.40589572515882394,-0.04672099094150903,0.16212266109955453
0.4371125209664892,-0.01955739793980127,0.1469100866014943
0.45887484091212555,-0.00944081414513798,0.16992220556702636
0.483493781070216,0.03033055296943645,0.15775245430123214
0.5021463170707823,0.032632110351554444,0.16865036090273464
0.5405727284340914,0.06130115542959359,0.1697222367448818
0.5668900235784692,0.08440843789252582,0.17074544559827962
0.593468685801012,0.10014720960041955,0.1501702584541904
0.6227239875905206,0.1128063522237106,0.159660830790821
0.653,0.146,0.165
0.616924966648465,0.10768152984125841,0.17498044402840668
0.5981882579517138,0.0633573602052698,0.16472020201682974
0.5403160842804068,0.04451772666771483,0.17543486991426538
0.5109205846712901,0.006342263573153943,0.17929907455614374
0.4963478250292157,-0.021231153663049833,0.15029314116096715
0.45036731596018864,-0.06545685189721231,0.15312493124336365
0.4030781107045531,-0.1218230319166002,0.16961640626278485
0.3573798572735439,-0.13509627929538387,0.18268792744979076
0.3450310029838611,-0.18176697754005416,0.16631486049607422
0.3,-0.207,0.165
0.2653079232151265,-0.2462850802973088,0.1660564360400305
0.22165861308436022,-0.2659168223291255,0.1679386186521241
0.18631592800446192,-0.3019393448206908,0.17295326804947042
0.16289269691763344,-0.34599181135156387,0.1624265102397296
0.14116796457160924,-0.39756094301294576,0.1592935275294319
0.07940018105294062,-0.4018594468305613,0.16066326960054927
0.05833447736651011,-0.4647529117796918,0.1762290920250348
0.0035962275109348296,-0.47823947008659584,0.1550268409882142
-0.02967753844364724,-0.5166307129750898,0.15497087975117255
-0.054,-0.561,0.165
-0.028506960192214326,-0.535245912144046,0.16430906122814962
-0.03024693854440026,-0.538256207456825,0.1596221721966371
-0.014812587875373016,-0.5261489089221142,0.16481719653336507
-0.00533057785939503,-0.5164347148726526,0.16193520522614022
0.03788048938202572,-0.49311752882486704,0.15068427632271364
0.049519942569372095,-0.48645938749534845,0.1573363977308555
0.0729613934030473,-0.4708445576614297,0.1718805489109076
0.08708513527147706,-0.4695055164566705,0.16732878514563918
0.10941955023172202,-0.46430949459936327,0.15603211242535175
0.118,-0.452,0.165
0.15345158188875868,-0.43345392298955493,0.17705123552870955
0.19309688504659003,-0.39157229916616354,0.16632099352556334
0.2196110690817238,-0.34615368184637707,0.15022788187178265
0.25246776649137664,-0.3153420367351781,0.15340148129235381
0.29899092423454915,-0.27728052889394356,0.17014362313606077
0.31471747649074805,-0.22198056782655728,0.1588307853586836
0.36364401594815815,-0.1988631449676168,0.16184498502455455
0.38507757698636,-0.15877520914492313,0.1485073608114891
0.42904927992875513,-0.12650205282729207,0.16917953824609855
0.472,-0.099,0.165
0.4761903202346579,-0.09404380193406695,0.16648808467589898
0.4700683291269198,-0.08985562303921077,0.14007949627975264
0.5187286321384339,-0.09886539779573648,0.14811588768870212
0.520484580867943,-0.0632012939658344,0.17211762493257435
0.5108161046361608,-0.06445984635460139,0.16798372361300273
0.5297150710829862,-0.0731383171190625,0.17215834130540306
0.5279996153125278,-0.1000601469283283,0.18038047145575295
0.5389337128815691,-0.08255296584424228,0.16165500512855865
0.5570521459328615,-0.07247811691037581,0.15967696545241675
0.559,-0.075,0.165
0.5091318274966276,-0.11567398143306813,0.15836351148881744
0.477013397596887,-0.15322420446643717,0.1648539908322101
0.4345598212711101,-0.19702100452970697,0.16346554318173392
0.4020646278970848,-0.22637820051843088,0.164663932483093
0.3836606325530397,-0.26055876828942365,0.1632140453916063
0.3441225030444545,-0.2947588755281184,0.1690091056235451
0.3043707412698781,-0.32615076165349005,0.16640907366103003
0.2742941487069352,-0.35577723465754113,0.16773625043749152
0.23744930580407436,-0.3866657227570847,0.16611042461387054
0.206,-0.429,0.165
0.1994827906458534,-0.44016470330614943,0.16663396935994731
0.17431543556602563,-0.4428969324104961,0.16881667096977615
0.16690930374821808,-0.4692782178314749,0.13657160998481513
0.169974396376895,-0.5047803604500454,0.1567154632608305
0.16328015507876756,-0.4997488619399909,0.16921426033599618
0.1562599104976832,-0.5217766383635101,0.17890719209480516
0.15826843235182755,-0.5412340180896157,0.1630345047389865
0.12746457007110626,-0.5534622217828244,0.17089508288617944
0.11540404134641657,-0.5626331027583448,0.1664773643487912
0.113,-0.585,0.165
0.14804218113119874,-0.5529123086193652,0.16650400235864776
0.17349419472516778,-0.5076992738887103,0.16555370401062353
0.21721896718287093,-0.4712998406747701,0.16966225456022935
0.25346356973874107,-0.4318086411629186,0.16539420005542307
0.3001439962922666,-0.41563209106222454,0.15672034113797595
0.32061736322077844,-0.3824377354841638,0.19628962026861596
0.3595194043050336,-0.3270632831602634,0.16594276654467155
0.3959629873775452,-0.31222123688450876,0.16316840607059035
0.4429991703136367,-0.24546194974037785,0.16955610925446213
0.467,-0.231,0.165
0.4691692980532412,-0.22033015537275868,0.16442371308311418
0.4770099797719533,-0.23733454880738605,0.15881367338188968
0.5148194785341664,-0.22964927084648684,0.19124279208303022
0.50220432928009,-0.21199002265238018,0.16993490583367282
0.5091713129559036,-0.21579088387704282,0.175161304013107
0.5237020876541841,-0.21687445780493125,0.16314009986274938
0.5443434313941051,-0.21857848748269926,0.1648137681205585
0.5367742880105306,-0.21290762686583797,0.16917107545423332
0.562236851081204,-0.18612361625451665,0.16891586550643667
0.564,-0.198,0.165
0.5412701515613886,-0.23298043682801844,0.1901772319511642
0.48988785163208093,-0.2700957445485423,0.1566531420336592
0.45240701579917647,-0.30892196788204335,0.1556499831284007
0.43463161915995346,-0.33827047577076236,0.16729104007824547
0.3896087320248915,-0.38338244030936,0.15704510815616662
0.35204041507476974,-0.42014879639824015,0.1750127525920926
0.3024798689419356,-0.4263828047778112,0.17240035107031407
0.292870382402363,-0.468320274683486,0.17225085421127465
0.26222561876216766,-0.522250096155849,0.16629881332778368
0.21,-0.551,0.165
0.2233253288167636,-0.5441598839796075,0.15308792348882044
0.23320622024219514,-0.5207902897436143,0.16694598566187133
0.26965149478459305,-0.531529363659423,0.17164258668526453
0.2577670042567215,-0.5284266022664869,0.17958163763109858
0.2922973279866211,-0.5006760913880443,0.16321632122922144
0.29300124861053123,-0.5040719064402952,0.16870968993928054
0.3189243055227883,-0.49150983243886254,0.17134238855600745
0.32158861216469914,-0.4886965600901495,0.16095061324271703
0.3623373382407912,-0.4591464489089586,0.15433771638408578
0.363,-0.462,0.165
0.39363564131417117,-0.44284858434118546,0.15968729183941355
0.42193829703042507,-0.4253135485306058,0.15468515588119866
0.44549188895303277,-0.39058881024574055,0.1705099181706259
0.4698043570085786,-0.3571220882914941,0.15574107354740838
0.5136875787972556,-0.3496436227759894,0.1493686817475254
0.5558286551305227,-0.3226020915497029,0.15962373430791107
0.5863572694217668,-0.29434418849776744,0.1719697279793311
0.6043762934075559,-0.25398019046405057,0.18532609697692418
0.6338141551405447,-0.2482293988901604,0.1561438613289554
0.668,-0.221,0.165
0.6239013376864855,-0.24449915609669418,0.14431446374090434
0.5939908426189255,-0.3082535272160204,0.15392487396890558
0.5749525099427559,-0.32029319276889817,0.15351458726375164
0.5214699203821698,-0.362752153585659,0.16637343539908225
0.49164277988990135,-0.37817762352284495,0.16430419943336497
0.47137346845826567,-0.41731834820691,0.17103566686269542
0.4248557406921288,-0.4661302811318366,0.1476472412093046
0.38038782436428004,-0.4944144952019675,0.16874082762016884
0.3567441242864072,-0.5338479656795518,0.19811957098940136
0.314,-0.574,0.165
0.3353069239530042,-0.5461460066177586,0.1746810090899345
0.3447232531645859,-0.5671026200774194,0.14960717125788703
0.37819487056772894,-0.5329839294494289,0.17356756466845213
0.3912138447359667,-0.5235036528063864,0.151533961117535
0.41694199333833465,-0.5137044742875184,0.15857645081744923
0.42563986336237775,-0.5044783189679641,0.16918672570144716
0.43990446055168714,-0.4769278271777895,0.17011423072938542
0.4665602756754461,-0.46701297094443794,0.16820659007560332
0.4787332448273383,-0.4687428916007891,0.1678201649592999
0.496,-0.457,0.165
0.4961625804421188,-0.465164579010094,0.1769697077454014
0.48845468409343495,-0.4649479956060062,0.16650979574438476
0.48657099278189736,-0.4609342983378285,0.15918155414696913
0.4998638242197734,-0.4688798597346656,0.14680146219206194
0.4973049065635255,-0.4885032684689267,0.16902325263146367
0.5116584671608047,-0.47269627332803565,0.17495113774064155
0.5141871488329747,-0.49729266996246746,0.14720365172375569
0.5422654308238047,-0.4862577188695865,0.1774417110340337
0.5219709516631273,-0.48787620203768794,0.16755768581898067
0.517,-0.499,0.165
0.5237690756111175,-0.5197559875013387,0.16230910873944887
0.5168164418065245,-0.49416488631396843,0.14175890000468777
0.5148026487281785,-0.5103329299507124,0.16302063943682857
0.535294706213402,-0.4983547526132265,0.17448587193090218
0.5482263542645789,-0.5140271748830232,0.17823138143145484
0.51062968354193,-0.5235215058204233,0.16093660323247444
0.540204999675559,-0.5055883944331769,0.17163199860451317
0.5398355210599832,-0.5202570171246368,0.15759468278051292
0.535772428235667,-0.5183867472545681,0.165402285720171
0.548,-0.532,0.165
0.5474844732429164,-0.5395153062817105,0.16105640422205103
0.5502449555709308,-0.5556758515411995,0.15680577122918576
0.5294343605614769,-0.5866130865551549,0.1490704090973228
0.5249986042328447,-0.590262235345672,0.15783851166666688
0.5260801857433239,-0.6029682629953687,0.16858315090292345
0.49364438302699504,-0.6096645383466631,0.14908986786161907
0.5002649951499594,-0.616727921033082,0.16771261022819384
0.49528187710410854,-0.6404842295296727,0.1624027358436409
0.4905106676273577,-0.6343940262447101,0.18037864858179828
0.483,-0.66,0.165
0.493705136484946,-0.6587790211324549,0.179044885635349
0.509141874550814,-0.6740372058065703,0.16027584321477756
0.5476290839329203,-0.6671607968858448,0.16851777709040117
0.5434807066442485,-0.6618246634467411,0.17362270504849933
0.5656192703680929,-0.6697795361283553,0.1731004857906986
0.593948757770461,-0.6845878414969062,0.16939966803887913
0.6043465865975325,-0.6594713977529215,0.1764462203058436
0.6345241852526826,-0.667437371207148,0.1737230476870379
0.6675575611135531,-0.6698414132929338,0.16650508792951113
0.669,-0.665,0.165
0.6603085567131444,-0.6539444497461004,0.1804715195421942
0.6677840856639515,-0.6674625048261932,0.1557722117597094
0.656269115492371,-0.6546828246184783,0.15646192507401974
0.6598607365981449,-0.6486845349050115,0.17517278138328649
0.661470938937528,-0.66579971639904,0.16946998103140182
0.6604475225434805,-0.6852307925985078,0.190637395348972
0.6690709206188344,-0.6705390409439204,0.1678910752561202
0.6561511077265174,-0.6684906723975688,0.1682010248384213
0.6802670586366393,-0.6574144901075838,0.16376331005911532
0.669,-0.665,0.18
0.6714401110057037,-0.6698135882968996,0.16485928663048155
0.6505948174975111,-0.6790599636131495,0.17348415082238144
0.6730762489666332,-0.6471174334637475,0.19215897049391056
0.6583422043256447,-0.6587847645748072,0.18194850772648147
0.6647148765219859,-0.6688224985786598,0.17494611443705993
0.6718580887014478,-0.6694581889393202,0.16849328918206954
0.6751415786077435,-0.6587583091158132,0.18813454707141752
0.6659390437296389,-0.6439488417399849,0.1755874370821001
0.6813092501458026,-0.6724217032118966,0.1718444642784492
0.669,-0.665,0.18
0.6181560549063858,-0.6443687071787538,0.16872042925702327
0.55898313257552,-0.5916461683583587,0.1715711269734421
0.5013785546218502,-0.5417215634362517,0.16599106699547705
0.43768243135135354,-0.4988071716048127,0.19312330778254588
0.37975289429544085,-0.47655054085343784,0.1674089978604002
0.29559557123848057,-0.44127559087955653,0.1958350842362255
0.2532707360171812,-0.37566430542334295,0.1790841039799042
0.19068024342197662,-0.345344694879844,0.18551625934696997
0.12935026522708765,-0.27776262323054335,0.1627633062601687
0.075,-0.26,0.18
0.007526891372284525,-0.2250690628245101,0.17321975196398204
-0.04918500928216589,-0.18337639718329493,0.19600638573734241
-0.08561819540446623,-0.1519930864981424,0.18434807586151303
-0.1306412195788868,-0.09966701022573231,0.15906357208187125
-0.19108313628939205,-0.07350326482866874,0.18304545545532858
-0.23729726032302162,-0.021501868124598582,0.1776415293447468
-0.2952227122957683,0.011978959478774363,0.18440096197656713
-0.38192748725099307,0.043560464775991736,0.1887391908938248
-0.4073037103604527,0.059484978589533624,0.1859112139108098
-0.475,0.115,0.18
-0.44679552134421574,0.1392014392909817,0.172918470775699
-0.43344777262571527,0.15540245517961074,0.16109163133828258
-0.40786276458164206,0.18663134045487748,0.18105797531775036
-0.396589032616974,0.22383224896236653,0.1987391555468981
-0.3632447879027357,0.2530530818665771,0.18299340816207735
-0.33549169018886155,0.2817874173887525,0.18322499935348432
-0.3002167695682934,0.3168276343441003,0.16439534112029583
-0.2855082393605561,0.3406043767242012,0.17420823898697654
-0.2776485772701646,0.3536948737457033,0.19758782571961434
-0.252,0.386,0.18
-0.22342875942425244,0.4283715157457021,0.17824652220254378
-0.16656853052862708,0.43048432805253445,0.17973468308306187
-0.12273433301434458,0.43863153024165863,0.15952621895877006
-0.08811265721023966,0.48899432572321977,0.1821249989856755
-0.039956501734807,0.4973427021885951,0.16884310553326157
0.0011146122490221563,0.5403914558471481,0.1784455717010014
0.031142392976710842,0.5440762091601682,0.1768685592084097
0.09895317734148626,0.5757518937497049,0.17259492807030422
0.13199564628236227,0.6015092780848468,0.17957497228149785
0.173,0.621,0.18
0.21215102020484763,0.5720968288408617,0.19154102895007993
0.22057216029977825,0.5292157385648694,0.18917660149333027
0.24587101658462454,0.4837089245048813,0.16125936830696758
0.2568355010471852,0.4418470236619957,0.1691889412498678
0.3191944048282262,0.39083498140739603,0.18957936779206977
0.3373312506570671,0.3383642026321897,0.16595246536653935
0.3494764313770012,0.29026061183153423,0.18394941230973139
0.3801399636280165,0.24262884678986868,0.17160038986602683
0.4141684296000448,0.20672672304210082,0.17724134240068698
0.435,0.167,0.18
0.44115826056515245,0.12832570224613277,0.18024418795455918
0.44398452253062903,0.11350089589550484,0.17607541720396488
0.4782000851736426,0.062278384299980866,0.17809102085828293
0.48738152936178436,-0.00577503332547908,0.18418978022062138
0.4749399952280203,-0.017087563177026442,0.1718766540067077
0.4928064121908118,-0.0751640137706443,0.1899710003342951
0.498660420271597,-0.09740127389606557,0.19172449388184504
0.506764643061101,-0.15141752708858605,0.1837091309996384
0.5330226635356006,-0.1831474842259272,0.19824889043443816
0.536,-0.222,0.18
0.4965381860806719,-0.24619879761992158,0.18173158915634324
0.45167239387821295,-0.2539792801048116,0.1790231590628486
0.40609402079816237,-0.2931141944924066,0.18907870254108156
0.3801443328817662,-0.3326509127143124,0.19164698316071482
0.3207612679826848,-0.34498299021474,0.16437662841478962
0.2873047962453875,-0.37583433817443374,0.19907446105840204
0.24524399624692514,-0.40538722507822644,0.17936848042688344
0.18601283359682502,-0.4437155973021993,0.16873563433277944
0.1327234383111998,-0.4734711455781021,0.18908685293618205
0.103,-0.472,0.18
0.07096300099694673,-0.4858201548376069,0.17578054735454882
0.020388767662015226,-0.4775777924432792,0.18669450862659803
-0.012582689632368112,-0.46794645423346504,0.19028987338979184
-0.034573272408873014,-0.461919137758021,0.1871181681177088
-0.08617570963118397,-0.4497699816402254,0.18405329551766586
-0.11479660872802325,-0.46296831449084547,0.18905286772758056
-0.1553355923030741,-0.4756146691972612,0.16808174374900497
-0.1926659913303191,-0.45862249151684914,0.17900126167949493
-0.24830604718342378,-0.4453238643738112,0.17978561268803167
-0.271,-0.451,0.18
-0.3042759483365532,-0.40621416408630706,0.17216579231328524
-0.3232211443491087,-0.36610248639955206,0.17626872839789134
-0.34380306005201794,-0.323863536425146,0.16626321759327772
-0.3728592940029809,-0.29476345583263136,0.18354516740416785
-0.3756621666077436,-0.2313949650923564,0.18096035116069464
-0.4184891709474347,-0.19212755271461082,0.18080493883834928
-0.44235616530963495,-0.15234424011886244,0.18187808185151427
-0.4798343168704887,-0.10712321896980295,0.17542486463859064
-0.49757682676193554,-0.04315197546485057,0.16776550825970094
-0.521,-0.018,0.18
-0.508698932237232,0.014633031864609007,0.20408536628499724
-0.49046852708115735,0.03456112299403995,0.17558223682599597
-0.4975052100503522,0.036452944420237325,0.1650705131987595
-0.49307167182305245,0.06887489225104383,0.18275219126904235
-0.4741193940259251,0.08177838667718125,0.17449307549773532
-0.44873707496765325,0.07894642007466073,0.18387994634109284
-0.45135432793901953,0.1283197128492896,0.1673143892412061
-0.4508993532388285,0.1516802159968203,0.1754862055884426
-0.4416594591373154,0.16203305014133756,0.16873216835980837
-0.427,0.179,0.18
-0.3774781786761375,0.1768626962263888,0.1718845352917281
-0.34220492109340966,0.16813347092385428,0.1645191842317823
-0.29120868268167005,0.19108405159585007,0.18426618555551627
-0.2192237151588222,0.17885548264975706,0.1684667672102036
-0.17055106479519128,0.17848279375862894,0.1716305988918387
-0.11634368341599374,0.18736667976937502,0.17121508701713115
-0.06262715305164819,0.16795703093715525,0.1695820639535304
-0.02460772705928026,0.1857523700382321,0.18704991797599824
0.013403011977980963,0.17160477887915185,0.17991062406980712
0.073,0.179,0.18
0.10329903720720038,0.17031057820091625,0.17570384790522547
0.1386207751388875,0.16875886734427004,0.18630880725004248
0.16701527421616233,0.19690932584993254,0.17510467063387358
0.18881112417306953,0.15863859684565956,0.18591619211016486
0.21461677055635478,0.17488949906241066,0.1928076367955197
0.25301701323485504,0.16212716205401304,0.1859752798562167
0.28419487245751074,0.15802945793354412,0.1805025084549091
0.28926638293285406,0.14375078147499348,0.17257957870679463
0.3395981906260791,0.1323197667550446,0.19110475229995003
0.366,0.134,0.18
0.3251597404574174,0.1532466922109697,0.19070537371134494
0.27395259441410813,0.1292397187830639,0.18360750725827954
0.21928038957014057,0.13310781517424858,0.17816774201144017
0.1609292409893593,0.13876719264739382,0.18511884533859188
0.10237321636233769,0.15060247986005706,0.18070237687722343
0.043987507915263326,0.12971169784904893,0.16643168293106816
-0.016828608409496897,0.12362841706120169,0.17472374685590525
-0.059406910876512294,0.13940913055630438,0.15742314876466976
-0.10993831029653718,0.11148235140905166,0.1809658787516845
-0.159,0.134,0.18
-0.17079290066484046,0.12489826576696988,0.19314038522113047
-0.2433591625212782,0.127261232532605,0.18387131615237315
-0.2850327081640079,0.11449618694556765,0.17772842191263885
-0.3336089939690774,0.11958439475124912,0.17334172278665597
-0.37074970726802997,0.12287183998783963,0.188004329743662
-0.39724588474475037,0.10791232618369821,0.17446228563531885
-0.4502048138325003,0.10070984694467633,0.1699700467634107
-0.49453369213451615,0.10331187843066839,0.1702384247547747
-0.5487284197679835,0.10782129120379799,0.1672803972925679
-0.583,0.089,0.18
-0.5498768757679613,0.0961078157777343,0.17217269714203806
-0.4882794146653724,0.0815072356282567,0.1637926428180522
-0.43759923209652474,0.09459623784087072,0.18990695927066378
-0.37858353706163406,0.08545313814899567,0.18410284593314066
-0.3148959822415455,0.06845702721546462,0.18218524851089687
-0.27408823085283196,0.11132678964015627,0.1704675048150203
-0.2447991640422737,0.10338916571482566,0.17825395986168263
-0.1735557337266281,0.10974359491120557,0.18272031474012826
-0.1305480047518401,0.09281085677985532,0.18602160509869237
-0.09,0.089,0.18
-0.025853273986561398,0.08185265746878187,0.18580828590105583
0.012517102489362494,0.08679634869505079,0.17274542894744016
0.06341970666554189,0.1057695798232209,0.19256952627752016
0.12770966793840546,0.09142781561731107,0.18715958099571695
0.16818994177479463,0.0881237020692829,0.18768384755515308
0.21783636699767628,0.07955397025680594,0.17163660256295665
0.28735768420728547,0.09814958175240232,0.17381152188146873
0.3335984856829665,0.08594022970222957,0.16906403449139126
0.3890552765156723,0.08981861461544727,0.18080649520257203
0.435,0.089,0.18
0.40536886506368874,0.07734519061513817,0.18487801972708717
0.3604936426961438,0.07698691511353559,0.19236045028016674
0.33352801096171697,0.0918107134841735,0.19631327585859196
0.30220622424891513,0.05764701366732366,0.18793434739050507
0.26994668320972254,0.05327478693735509,0.1925112118502135
0.24406313294151966,0.06774280027667405,0.18602318923192213
0.1769114275001667,0.060734590774217646,0.18675545562905413
0.16793668351822713,0.05135619898783731,0.17257460954462273
0.16114163778837234,0.0497710025337066,0.16796015802015568
0.108,0.044,0.18
0.062071800645460876,0.04101863508715991,0.17863778974197492
0.01760909889280931,0.05086353035274807,0.17808843131298815
-0.04490622695104087,0.032580568950729014,0.1754095742116486
-0.10733478215099135,0.048408757034876106,0.17465999521414027
-0.14133708378267387,0.04683197240111769,0.1904185687540947
-0.184796613938083,0.04447210202839552,0.19427999105168597
-0.23601231871039005,0.05240765875502826,0.1692461779717568
-0.2913991603062716,0.05037619050347173,0.15870873044327566
-0.34571450113557606,0.041845317003622554,0.1679827295647101
-0.392,0.044,0.18
-0.38044653505448106,0.03302599572402794,0.18020393521316827
-0.3562142198401176,0.03255518238304515,0.1682304791449612
-0.34882119489014696,0.03213405628272118,0.20321485350620377
-0.3429842956033238,0.03894835304478163,0.1815020104675364
-0.3192840052105895,0.005370294314712615,0.1739643852562193
-0.3168282586636563,0.03493231607418095,0.17589931723693467
-0.3012594065482226,0.006631859554700075,0.16325844158739294
-0.29846746246006794,0.017673628283664894,0.18438595937766725
-0.27438212849814936,-0.005279232994009965,0.18990698767569422
-0.253,-0.001,0.18
-0.2005457517538707,-0.01328593917188597,0.17383493882475448
-0.14217056877823564,0.000856740025237933,0.1904044887754039
-0.10178917435376582,-0.015107200873242473,0.1744530864747462
-0.0451390439559041,0.004152875842745714,0.1901143642736426
0.014632181523402683,0.012960873145016222,0.18200221286106763
0.08428726652818486,-0.007772181267077121,0.16732370620108222
0.10778156764877996,0.008677174658423062,0.18707849561210455
0.14605613928635436,0.00347220312981908,0.1783736345826261
0.21457535626553367,-0.008804919951835032,0.19463057728287925
0.272,-0.001,0.18
0.29001413816742017,0.003150924105066703,0.17812314446926317
0.2958251406747397,0.0048674963438245684,0.19552163381802962
0.30758401774617183,-0.02475675038562196,0.18252293405969106
0.31416587625538733,-0.014521351391018716,0.16615326856667012
0.3189300285453796,-0.03264504729167192,0.1680485729110201
0.33247372888459165,-0.01604390129323967,0.1743931640300958
0.3361907211601814,-0.03618326649848867,0.19893450567110751
0.3638204895669639,-0.033976485516683363,0.18833609539441207
0.34540373413852427,-0.0476758889845155,0.18468531753795972
0.375,-0.046,0.18
0.3181366700194146,-0.03337602176379013,0.18677283673937234
0.2784700156632612,-0.03667841873658165,0.18386529710306987
0.19243478563210598,-0.04388520074090835,0.1973023013824763
0.17379156826294473,-0.047188970630691884,0.18459490373261897
0.1212953058148165,-0.04952046708330962,0.19305374032070868
0.06240032541829521,-0.07372276595411599,0.17920933928002783
0.03329429281379848,-0.036118501397777905,0.16382463176429957
-0.014269513167606662,-0.056903721228691695,0.1686539406179814
-0.09682167666525084,-0.04518814281529741,0.18436498342573468
-0.125,-0.046,0.18
-0.13252971483649387,-0.048688511823313275,0.17212399859985766
-0.17393182088805698,-0.020878451061171838,0.1950603867909989
-0.2096063722504293,-0.054483647616548385,0.17423802816976802
-0.22555238378330808,-0.07042531794241258,0.18641632630233
-0.2654163646869875,-0.08420762940960445,0.1897418895470862
-0.31667721547721744,-0.08615707687823487,0.16510496545660655
-0.31513325431583555,-0.07848579397140812,0.18207508105781434
-0.36659963662708633,-0.09249102268753596,0.17978212290085727
-0.3855520521642239,-0.08300649541024957,0.17985700558196754
-0.416,-0.091,0.18
-0.3668210407929165,-0.08526023782688522,0.1796903688086345
-0.30876085541249265,-0.08737703817667726,0.1886736221415482
-0.28169914084751174,-0.09116773078623643,0.18565434260882707
-0.2006058423057371,-0.08691838617236035,0.18750799663168533
-0.18204702766466876,-0.09143502622312386,0.1784538064980899
-0.11056699066406182,-0.08252366676306652,0.1729799887721278
-0.08234546923331823,-0.07260577444211964,0.17221996401643236
-0.020355589334490796,-0.09380717817810832,0.17133721050196887
0.05615410305139597,-0.08463555612842347,0.19716487978471742
0.084,-0.091,0.18
0.13206380793967512,-0.08962925631419996,0.18906833473741913
0.18754043419884114,-0.10293856416381528,0.15688728876014987
0.2387387905959646,-0.10512450903709097,0.17185799881012234
0.29109115272300023,-0.10594258921961605,0.18539581090215254
0.3485724392689232,-0.09937072534251201,0.16390905114124948
0.3970178432939079,-0.09885408899303623,0.1713990884823577
0.44695484856629186,-0.11201691536744253,0.16771863661646133
0.47476926314002743,-0.09989125363891488,0.16738721626712824
0.5479645144596611,-0.10974941538672033,0.19580033888794662
0.595,-0.11,0.18
0.5524059503527701,-0.1330417769300138,0.1716715716365674
0.5135706726952043,-0.10254882053846968,0.162010549022465
0.4609951605544065,-0.12608802714029133,0.17783949182991574
0.3988080709952282,-0.12356971601548533,0.18735267594588162
0.3592913980460199,-0.13041475605645175,0.1711615988758147
0.32532766885187275,-0.1170879366694573,0.1800589462445081
0.28662508940509196,-0.11276562656502237,0.16196127389874973
0.2372361665458425,-0.1339669378432418,0.16596243081490078
0.18203881428891475,-0.13583617138465423,0.17451775382487045
0.142,-0.136,0.18
0.09337008797996303,-0.1262719672829118,0.17287269420983686
0.04301487909258691,-0.12801929810717372,0.17902880876129926
-0.005621572815516,-0.13311174600389042,0.1827655692512201
-0.05753887651989869,-0.12847863179207236,0.19068137019300171
-0.11280938329913376,-0.13163392008965474,0.18675990026486783
-0.16186580645359055,-0.1407794914408969,0.1577891820502401
-0.2136489497463938,-0.13708272952310835,0.17508864182916442
-0.2631047139988561,-0.15178747275824117,0.17487106933389093
-0.2985800756981409,-0.13433048704646336,0.18419203777509535
-0.358,-0.136,0.18
-0.3288404303415869,-0.12878419221280252,0.1723151969530552
-0.31834554774651336,-0.13657625818884306,0.18284867331746912
-0.25597359837050393,-0.14890692283610316,0.1881242529619174
-0.2565362506617491,-0.15133690876228242,0.19153135308212588
-0.2063072932041731,-0.1634830444243266,0.17959587802932847
-0.174674915191299,-0.1694838258384729,0.1901753936433914
-0.13353235341410297,-0.16426871795308723,0.18462142386036628
-0.1190990791567892,-0.17820031037625486,0.17923865048935908
-0.10368987163638685,-0.1806395632033415,0.1814839913969227
-0.054,-0.181,0.18
0.0014926941824537337,-0.17367855351150446,0.1864138372236581
0.04977454750998002,-0.17358748793893092,0.17397976845098923
0.10339092525468475,-0.17123629309762695,0.182450547251269
0.150308526389053,-0.17583345978979087,0.18708691907694455
0.20097656513860157,-0.178780966107418,0.171947939158073
0.2590546004874691,-0.17804113467675453,0.1752839804955433
0.2834243578776959,-0.18327035757064283,0.17053892158699702
0.34562567170239367,-0.19322155585347642,0.1665558191683643
0.38768930023543957,-0.187325177601798,0.18291365533442558
0.446,-0.181,0.18
0.42989098688588234,-0.17642767885103108,0.17503345024314787
0.42146986197139646,-0.20368984915819602,0.19547717875809145
0.3980380544338625,-0.20647197753290983,0.16832458172729808
0.3816645356283246,-0.18044568109507195,0.1754928255495954
0.3452563174973969,-0.19475914037776274,0.18491972418014924
0.344429996534361,-0.21379381222387095,0.1788414463681095
0.3128227435778123,-0.21328417709707403,0.1879390943763158
0.3207050007931378,-0.20475468106041037,0.18496522388313058
0.2884173625636726,-0.24043151158501547,0.16623833297519178
0.274,-0.226,0.18
0.2124464381514174,-0.21388914813231408,0.19397304100046608
0.17606205969160046,-0.22706652535844749,0.1976686259770301
0.11102538923220705,-0.2382120931755714,0.1782544592701628
0.09438210415352107,-0.23509918517414233,0.17120113447808602
0.04593197428095261,-0.2255840931129287,0.18363875436787117
-0.03063009100816798,-0.23914985909435688,0.19673258699522755
-0.0836282978126467,-0.22316032398540683,0.18954947373864167
-0.13230519489192621,-0.21503831479594904,0.18023828631299826
-0.17193179667290928,-0.2350702556985827,0.18233172854396326
-0.226,-0.226,0.18
-0.2254479107114205,-0.2337320531198516,0.18928982697383928
-0.18703212435201216,-0.24843046285673825,0.1774069419188779
-0.18568758761310145,-0.2271261728665847,0.17730830988212923
-0.19729640129520667,-0.24905415566160397,0.18104558271877266
-0.17306662515454935,-0.24505973444473989,0.17789823817242775
-0.15062640215825532,-0.2517692711633804,0.16969382050481227
-0.13075185508624518,-0.2647111099685742,0.15598561097548064
-0.1413693762179581,-0.2519143257113451,0.1734240570888193
-0.1169873740711877,-0.249665067362746,0.18295866406810468
-0.107,-0.271,0.18
-0.05533296102599793,-0.28510268021503893,0.17914620932799138
-0.0018692755573008974,-0.2596725232081,0.18229213368056513
0.045588748015542024,-0.2696145441342924,0.1760507772693475
0.10032080869163128,-0.2664438405792231,0.20109777954803104
0.158921929837802,-0.26929810202939636,0.17873307498371993
0.20184603989366487,-0.26870837387692564,0.18511570393445745
0.2520899305139438,-0.2731953113066101,0.17621728661018465
0.32600620245453854,-0.275969770417325,0.165622344352093
0.36964560339483576,-0.27844223880855545,0.16980835768387986
0.418,-0.271,0.18
0.3595380838133689,-0.287934288224914,0.1905967720546583
0.33214882402245177,-0.28056052067101617,0.18120116161275107
0.26457693740397,-0.26356888410111606,0.1863207747434081
0.24373197661377785,-0.2819080824310375,0.1773300230171453
0.1948408240010098,-0.2923842041790549,0.19160324121268504
0.16303948697160553,-0.2773733822529214,0.19585654165875688
0.12333540055442803,-0.31977688039313706,0.19363281981481056
0.09234123046588086,-0.307890994527241,0.1846461328563849
0.030412842299536204,-0.33091071005646777,0.19319385245108953
-0.009,-0.316,0.18
-0.026106983752110603,-0.33453443416608986,0.18560321488223588
-0.04424975372546386,-0.3178671188211193,0.17619417264692513
-0.09386797945649199,-0.3233280720854756,0.18766566191990816
-0.09876840976278808,-0.3114640872154283,0.19539206131068462
-0.11708292964173257,-0.34297213101337365,0.17412069943019912
-0.12039073552658068,-0.34637220409587294,0.18833046286442154
-0.16365689808125095,-0.34933306133971576,0.173864294326613
-0.17192212200153717,-0.3629672137284839,0.19834994842530762
-0.19293897454660952,-0.3746542296212185,0.18090341584828262
-0.219,-0.361,0.18
-0.1792905534590219,-0.3581772372920451,0.19408806146312182
-0.11119030427747305,-0.35764286634551173,0.19484417327790188
-0.07277495643703931,-0.3768655515974678,0.1831121747875451
-0.03196887430140052,-0.3577416484461938,0.15965548622893982
0.05183978167566777,-0.3505524872199854,0.17279038869159913
0.057352337035751585,-0.3618810030420966,0.15821971229357507
0.1356571435830344,-0.3652819229702531,0.169037360077032
0.17254707540417552,-0.359315854336901,0.1675063099562759
0.24589988760155612,-0.36466838129774404,0.1935271984748743
0.281,-0.361,0.18
0.22455780195084077,-0.3727916217504656,0.18965968601334107
0.1762126064899473,-0.3698241757560412,0.17362024994830844
0.14473779443998402,-0.3791362327608614,0.18551130820933193
0.07606576133296315,-0.38668516071337283,0.1912056613677709
0.036604746159123236,-0.37857240882845233,0.17433378639806357
0.0018366596996683485,-0.4026088958863024,0.16133305131395137
-0.06874329141077558,-0.40017118873270857,0.1803771388077895
-0.12611086279909547,-0.38998192133522286,0.18782444462557427
-0.16052571300563648,-0.41008825191967657,0.18155640350850882
-0.209,-0.406,0.18
-0.18080288457409624,-0.40403614579113345,0.1869496273075143
-0.14473031213999918,-0.42418007032199717,0.19075526198927295
-0.11941917171376572,-0.4186219244915464,0.18402460080909602
-0.08398130989720581,-0.41708954336745374,0.1784913152914688
-0.05501796039713634,-0.422925040330096,0.19842146639273361
-0.026995121618639494,-0.43244303227094555,0.1870352194646491
0.005663084338836612,-0.4517803257832526,0.18146994241914005
0.024000372521107118,-0.44520846495132677,0.16026196463928608
0.07048914548818774,-0.4676510634311447,0.16428935497923222
0.085,-0.451,0.18
0.04694189406864922,-0.46309696879023116,0.1637250037003242
0.0366064713812745,-0.47049655176352234,0.18002777111342838
-0.028410131452480895,-0.48043410949394194,0.20021905484977026
-0.057007604211768856,-0.49907695608508895,0.1916878224821077
-0.06960942523581226,-0.4889074969638829,0.18490707494814845
-0.10525193078921988,-0.48184872620274644,0.16695975261567536
-0.145754131610479,-0.4952609064622398,0.18693585243743613
-0.17403900691033558,-0.49259041060160563,0.18020547316749097
-0.20660155930531787,-0.5115485962697609,0.17527979032582644
-0.232,-0.519,0.18
-0.23988241309034597,-0.5210475570759188,0.1749957311545573
-0.20957329669243738,-0.513966979101348,0.17553118608454166
-0.23632405318244493,-0.514186892528846,0.16609139934507353
-0.2391739291205285,-0.5127183162292096,0.17667722395160373
-0.23910169956119479,-0.4786447112585798,0.18156102035021082
-0.2584897346140802,-0.48521364549594975,0.19760603016144726
-0.2527606122487391,-0.49862102374223544,0.17366840327399904
-0.2403186022747068,-0.4773278405097969,0.18945450971200412
-0.24455282092225394,-0.4655006498114338,0.16639543026194742
-0.245,-0.461,0.18
-0.27620372302460505,-0.40616056877577317,0.18512391282493515
-0.3251562898168127,-0.33594281420822647,0.17681020745776715
-0.33869747439717246,-0.26449028236394617,0.17445300693909568
-0.35391509633309837,-0.20445715807302484,0.17280387601623007
-0.36524829947715143,-0.14829287897671994,0.17307077382033664
-0.39955139614261503,-0.0952375340836048,0.18111399393165825
-0.40975720530957555,-0.03034416042760242,0.16744679386440509
-0.44163625560856307,0.01598281331697437,0.18942979049248404
-0.45973980616436433,0.097255183528816,0.1777817882532392
-0.503,0.153,0.18
-0.4715588681960769,0.1558377707883396,0.16979988246976965
-0.42048130009045936,0.14789191121410616,0.18030738564948104
-0.36550686630483703,0.18104174427882538,0.16487136061141744
-0.3253594540707369,0.18729230909260397,0.19541137998817573
-0.2834615371440064,0.1888451188850655,0.18393755986128296
-0.2545629142240959,0.18939091318612014,0.19468915711025128
-0.20995928050264187,0.22928364646648275,0.19416431722346478
-0.1487255330390729,0.20078380158008213,0.18967903232695993
-0.1297960311993286,0.2114102021919975,0.18749988489338906
-0.075,0.224,0.18
-0.01646320213691431,0.21976855080850458,0.1740508309371584
0.004609692239904718,0.2178284674577356,0.1738910962714629
0.07775839409470667,0.22518506564213056,0.18399193876069256
0.11846237151360982,0.2135841987460922,0.17801260516183368
0.147572064288207,0.2226100786812806,0.18617004311475904
0.2038603919675503,0.2173856107815982,0.18897549511078923
0.27112333475788847,0.23577729233632455,0.17923141297966833
0.2840579386152262,0.2302115706517545,0.17281355683910862
0.3441880919783522,0.23686668249125778,0.16489056255636186
0.393,0.24,0.18
0.33666154688808336,0.24589861722332804,0.1846022630956136
0.30085821761894305,0.24484259458155336,0.1772791443524817
0.24478696067491926,0.23683889995837684,0.17712310150062247
0.19490649464265045,0.2533845037052554,0.17154587602460744
0.1651451107696521,0.2484082903815135,0.17335030689021966
0.1089540602157113,0.24995904617343626,0.18635734863362435
0.059568343557076256,0.2647412240672566,0.18801022783256183
0.00844507123701693,0.25731674989620235,0.17629825070204994
-0.05408881104324443,0.24759134882645759,0.17454175643473283
-0.09,0.269,0.18
-0.1006061459388736,0.2629361372380869,0.17496643889751376
-0.13614902402008947,0.3037240792220468,0.18975353611869583
-0.18591098542499412,0.2741192197846184,0.17091014396525211
-0.18345712476567774,0.29948970269913444,0.18247703996918807
-0.20966637349515158,0.29413755291789206,0.1740916602248248
-0.2467017011682779,0.29449669447030347,0.1745408743048101
-0.22645224495286406,0.2780769091664512,0.19717973254382812
-0.29369245738353544,0.30671798810761947,0.18245447250494576
-0.2966002261097092,0.29883989360383095,0.17664169804752608
-0.328,0.314,0.18
-0.2637155169514403,0.3158655387003509,0.17880121470138755
-0.20968506301776696,0.3351443081682356,0.18806785168258217
-0.1717986942371514,0.31876529209435545,0.20337641716480973
-0.1183376007770846,0.30867199992732763,0.1590416796166527
-0.07991056514318415,0.30944883615577534,0.18299350400999595
-0.016788049522723468,0.3265703425360363,0.17515474227002314
0.05563353867001303,0.3197443740608674,0.16128647756042577
0.10481556059024341,0.3082536133241228,0.1777456313433839
0.1474522312338426,0.313736415554615,0.1707368195843825
0.197,0.314,0.18
0.17553337407975458,0.34221521805263294,0.17709560739542787
0.16476565310828842,0.32601638067210253,0.18028835082519837
0.1290618672073943,0.3321659159059746,0.18549557452782708
0.12426869322360404,0.34028840513126996,0.18260213885481794
0.10237203587814812,0.33932432798814954,0.1768450251617751
0.10342088519421565,0.35035279660669694,0.1778885809025393
0.10270840505298544,0.34504021938423274,0.18769644587942452
0.07927843489145649,0.3437527992507417,0.1825122012798629
0.04818215709092332,0.3449531827651142,0.18534495980831733
0.034,0.359,0.18
0.03000522000562179,0.35801477270545373,0.1800902831959516
0.010518472113901434,0.3553887231014942,0.1713785238053674
-0.024155224333042936,0.37596266945615303,0.17289573781706777
-0.029251778406483363,0.37509355709691716,0.19334627306593455
-0.053238014971247576,0.38312591531837137,0.18799742065578737
-0.08164924409758319,0.3742579592170151,0.1951440728390473
-0.09017701250756137,0.39008856723519175,0.19557804502935983
-0.09603331108669907,0.3742739534677835,0.1730901612727877
-0.12209841942410533,0.4126937859230221,0.18891343269378794
-0.14,0.404,0.18
-0.09344620173259496,0.3927100302806337,0.17540621948075688
-0.06060039459431379,0.4167088129992014,0.16710135451864988
-0.007961044096614828,0.4110749161401534,0.19213433694763385
0.034200744457779916,0.410396493446962,0.1855008092462909
0.04929920357425546,0.4413312727240461,0.1853894143023293
0.09883593334316831,0.4248859679851189,0.19693954699701435
0.1422233110883316,0.43538964896313215,0.17689623485992426
0.1799088631162757,0.42005465466954056,0.1830031360591482
0.22145626346335773,0.43778495315421817,0.20645870727867896
0.267,0.449,0.18
0.25277387277027524,0.45373782104913785,0.18677047470382582
0.21228221534813624,0.45125410497852186,0.17123444161327098
0.16753217235571186,0.45042985900612714,0.17387099282671034
0.1592971285519298,0.4703330104365372,0.1786638506202
0.1012292168395483,0.4739980035812325,0.184137385959252
0.09397884708979123,0.4745552498449368,0.19275351862695156
0.05402186108851936,0.4721524790466817,0.17211600287162085
0.0028059012675130043,0.48277828015019375,0.18906016735465916
0.0051103314292399935,0.49392289813737184,0.17139752613052758
-0.036,0.494,0.18
-0.023874045355557996,0.5010934701769495,0.17368809932992643
-0.012701075414210413,0.4979904374580515,0.1840532107265781
0.007893294304595497,0.519708914331161,0.17805843545771455
0.0014731790540447576,0.5187522327407817,0.18349773960275018
0.0212503700788481,0.5107946874286657,0.17935453282465683
0.02421369221327565,0.5235160706368346,0.162446756810976
0.03368385738519241,0.5332110768780888,0.19831580103783064
0.01865355011384332,0.5488486895409777,0.17536561391772304
0.044236789844801165,0.5371436469163465,0.17776675903882166
0.06,0.539,0.18
0.07893865351097139,0.5519086061376761,0.190521792403965
0.08055813201766332,0.5494001481124801,0.19305363025576014
0.11620395364150207,0.5462512764222172,0.18918283056084853
0.09809509870056894,0.5522269188263564,0.15916962969624202
0.11314532019560347,0.5586403163090496,0.20598354696105853
0.14214866813004906,0.5712090861499215,0.19079242617801898
0.15629923180451077,0.5589084167407292,0.1966193261411395
0.15081834773901737,0.5716410361802293,0.1881990400406437
0.20051015986141216,0.5814812716352287,0.1909261530609782
0.194,0.584,0.195
0.19464658940598212,0.5835863306903156,0.20094011266924275
0.19093074925834427,0.5803670123544422,0.2037195904590529
0.19695423549781813,0.5775841790824338,0.20911917561525542
0.1838740392222825,0.5866769726057239,0.18683451551190272
0.175910982623658,0.5742324367900193,0.21353486253713694
0.19908987464680503,0.5814521512056173,0.1748497907804072
0.19145640769792838,0.5766529604572366,0.19391830372885563
0.18516843695249943,0.5867436221058542,0.19368231191647794
0.21532282605068137,0.5604812624185497,0.18965560764589906
0.194,0.584,0.195
0.152335236229127,0.5761922898446049,0.20471469041160323
0.14097777062700306,0.5449861007392276,0.1959038805569008
0.09097578714952963,0.5429546554370611,0.19889649996638878
0.06555206274314258,0.5191520577717326,0.19251888090638578
0.018059323839860555,0.496327015874702,0.202322777537813
-0.01585693928783892,0.495245608211846,0.21200245096908127
-0.06309797379216063,0.4485074873411945,0.1914872011882662
-0.08481872445854882,0.43982109255738594,0.20957496408930582
-0.12377818512849768,0.43352034900111414,0.20012133706622706
-0.155,0.407,0.195
-0.18983169608677697,0.3558702915043418,0.19076174229754322
-0.24974306580702346,0.34235681293902753,0.20000537352136458
-0.3002323017595955,0.3222733045958218,0.1929586186671483
-0.33910237386795206,0.2920613846025908,0.20325143600891357
-0.36046928667345635,0.24731982000077626,0.19775414092528423
-0.41481802963025877,0.21177048552538555,0.20757720644764682
-0.4392345005004527,0.17647153273909422,0.21011525702305778
-0.5002530746457367,0.15244348585672754,0.18826871350972452
-0.5471846044950684,0.11860708757217588,0.19708991021521804
-0.582,0.088,0.195
-0.5487384225405788,0.02638249357531459,0.18581882539340233
-0.5264666946010381,-0.008875606324667142,0.19843281607169863
-0.5166136846221048,-0.0371212359000337,0.19666830006191333
-0.4717894606265725,-0.10488412966880754,0.20258840154028412
-0.45689722563021656,-0.136219111097661,0.19011380029652553
-0.4445038437562187,-0.1795974943489199,0.18738395216030776
-0.38980403870407543,-0.23233459259346528,0.1873606615135314
-0.3403489397717313,-0.26042573983108813,0.2051287448746524
-0.34109195423529504,-0.3337322185780646,0.207118531746405
-0.32,-0.367,0.195
-0.27921515783687445,-0.389819479283793,0.1929267611396925
-0.26304848740866726,-0.38283433066861877,0.18751317400451226
-0.2108405941931223,-0.3969270003839171,0.20474599163409377
-0.18934548634536155,-0.4313705977863065,0.16943675850023013
-0.15594798593823148,-0.44823317804364254,0.20091522862373662
-0.12142037251649601,-0.47228612484578986,0.20992263836517408
-0.08820245015074714,-0.4861669227515777,0.21383720831901384
-0.05758134164730912,-0.5021694572126862,0.1902332779657597
-0.04651027108336665,-0.5261030302772897,0.20471960914727527
-0.002,-0.533,0.195
0.04261334273667138,-0.5126383810345925,0.20719214303002761
0.07334564652087455,-0.4818749757569658,0.20002205079162944
0.13177468887148674,-0.4665401085940136,0.18532275964406705
0.1760048102366703,-0.4424384673024775,0.20964403088333322
0.19437015338806718,-0.3932580887119111,0.19030074064916158
0.25374712474485694,-0.3832955096072365,0.19253194673100205
0.28762540506121026,-0.3685914854635947,0.20312889135295473
0.3362076351935404,-0.346678866683778,0.18550639781159106
0.3973150641791632,-0.32472779816107533,0.17266279744631496
0.431,-0.283,0.195
0.4263897059509931,-0.24002821222722698,0.19540762443455673
0.44048654767120715,-0.23637630235717103,0.19510951891453224
0.4578589156209981,-0.17035233356862672,0.19901149824586745
0.4645723923729186,-0.14243596143392862,0.19798492850156463
0.46148491513841133,-0.09197410722085708,0.18634349672641423
0.48487503468522336,-0.09715166961728598,0.19866674091732262
0.4656414489963988,-0.0390171908021431,0.1891506151158395
0.47431112081466986,0.011698386722360822,0.19310377342390606
0.4886965932746278,0.031091813147478407,0.20105711715950333
0.496,0.061,0.195
0.47400656123013213,0.11165531411081675,0.2006358860108301
0.4534887920806094,0.16522139470041394,0.2088155245728017
0.4212168097822339,0.19499981673084665,0.19841047696775915
0.40555958963205246,0.22395155400964134,0.18969356919627936
0.3725695520771998,0.2818125845764322,0.20561755072043994
0.34137302586585705,0.33069716424722917,0.19165086106469703
0.30447933708378294,0.37808948604863785,0.20967541056142286
0.32214149372549805,0.40042443355963414,0.19868938468493005
0.27176830048054357,0.47150912686188723,0.1910028765359553
0.246,0.494,0.195
0.2233097563429235,0.46338994602589834,0.2035501965059847
0.17208034612588677,0.4912121940102789,0.19458363705853615
0.1261313215721245,0.45931366530227824,0.1883139702478496
0.09852244351269307,0.4769912366025546,0.20795823832257426
0.03796035491358918,0.48066390636326844,0.1826538432620838
0.003628051962574724,0.4747259694818265,0.1998741927312024
-0.011764106458662812,0.45364521354096676,0.2017436692975944
-0.07049202009073441,0.4579124667003908,0.1752399250107137
-0.09650415446385781,0.466562306113397,0.19315446314437743
-0.147,0.447,0.195
-0.2009096821786438,0.41436623328455147,0.18193411582188893
-0.23098019385422539,0.41190484066960337,0.19042774692044298
-0.27083513723395136,0.3759929351372374,0.1950035900024785
-0.3216400546871626,0.3557548928279609,0.1792598809942932
-0.3597082542779308,0.30690285360527114,0.2005496507425873
-0.410148076175407,0.29629961725582393,0.19537926894296548
-0.44269120711457344,0.25257779092812993,0.19545346895567822
-0.5062698330309089,0.23401044546029404,0.19025400487061028
-0.5446123363423117,0.20455010458980155,0.19000977223533433
-0.58,0.197,0.195
-0.5557919560997122,0.16658930736085104,0.18879144826117567
-0.5180389742981215,0.14591504928572038,0.18495008686217893
-0.504801309201849,0.12240552436580318,0.2027188909418323
-0.46416799822886523,0.07394538134137867,0.20193497028760743
-0.4578289099948725,0.07558452539491432,0.19294194348684685
-0.4206717892427146,0.005246659360219473,0.18986866453622095
-0.399115740837006,0.0029900843773023947,0.20212700578229228
-0.3741856244043164,-0.026547257016758183,0.19139071850283199
-0.3510440659151531,-0.06259247289793299,0.19226976994592992
-0.322,-0.089,0.195
-0.2786882243261935,-0.11969975380599758,0.21561846532718323
-0.2350124667227343,-0.18055939267400084,0.1961953297136679
-0.2360817564697884,-0.19180637585437524,0.2072651886663531
-0.179448040645036,-0.23465856302642066,0.20300600662936075
-0.1417368720147456,-0.2562256690354843,0.1942440990038613
-0.10975996534436351,-0.2879253085504097,0.1808181804802212
-0.07133948217180736,-0.335263884293498,0.20095177871306485
-0.025691826538052777,-0.3726272277217637,0.18863245395221123
-0.012538493900051193,-0.4070000629437477,0.1912062418257904
0.031,-0.443,0.195
-0.009333045998836323,-0.42228990545146267,0.20205651953086468
-0.018426281432633224,-0.39588517359349157,0.1973358213263501
-0.05432460592269703,-0.36052667645414305,0.2059843914509673
-0.09209690342606902,-0.35551818814417113,0.18863477620090066
-0.09816150831363646,-0.32927289550213773,0.2008949649176553
-0.15085710639097807,-0.3186922368769807,0.19662231788975526
-0.15443435625634888,-0.2846314560132278,0.20705111015851949
-0.19727049619366982,-0.2666422886628833,0.19046359180260575
-0.22674726843591944,-0.23541514262830873,0.1913452094452535
-0.255,-0.221,0.195
-0.286688068833266,-0.1862768839897435,0.1829832840532929
-0.3175494575727404,-0.149654001519479,0.18945923903769812
-0.3490297684710636,-0.12762280498298223,0.18399001053339095
-0.3991116835571249,-0.08281949787731806,0.1937046535330545
-0.45664129683230087,-0.040502353949829976,0.19848795276566528
-0.46874308207820364,-0.023687105402373676,0.20204088935492714
-0.49872151372584944,0.020990004966103728,0.18865046234567248
-0.5381880095660189,0.08671387317896091,0.19202558441880135
-0.5749055160139215,0.10012132739367981,0.1907552986880942
-0.608,0.132,0.195
-0.5518206885746298,0.1126947520695489,0.1936141222839044
-0.5413703499856249,0.07311949673973231,0.18667197660373913
-0.49398682303253183,0.060997488877407274,0.18086736111966634
-0.4575748259806929,0.03995188412026432,0.19339156538135696
-0.423575279773515,0.02267744623610116,0.20450319638393755
-0.39905598859219377,-0.005942931023620719,0.18026318649958378
-0.365247378837367,-0.01927543632988708,0.18924558412094317
-0.3427452047000443,-0.05381628308160449,0.191557199759169
-0.27947016881379216,-0.05978441459131294,0.19355485479953635
-0.264,-0.085,0.195
-0.2399077026254689,-0.11315899629547538,0.19477172748363583
-0.18817205041858187,-0.14911895962539043,0.1986201344580643
-0.13882247712503604,-0.18681003538630117,0.18397944591496965
-0.1191058738918963,-0.22428010359616202,0.19938217422025253
-0.08254722888957464,-0.2606187878924733,0.18613429218366784
-0.05641856140311943,-0.2923339842370063,0.20452174729581854
-0.02578576482132837,-0.33106179465086455,0.1828851119710491
0.02044192961412176,-0.3602523157707589,0.18428487148821837
0.03480865352815682,-0.3992538798791787,0.18357632921557918
0.09,-0.438,0.195
0.07427905507424071,-0.4027963366492789,0.19568171585946628
0.04735583942626371,-0.39011080056071157,0.19252881211915515
0.02994704764376594,-0.3497300515076947,0.21250889440344609
-0.005987064662206018,-0.3130413451773977,0.20910178225914167
-0.011580342654154571,-0.28029509349102183,0.1970389534769673
-0.0451918966770432,-0.255892172293027,0.19591539037270092
-0.07557125770302647,-0.2202627987896225,0.19381634533604805
-0.10875014664615086,-0.18029431156768266,0.19786185243662083
-0.12926370505748316,-0.16024793569616047,0.19300793831926785
-0.152,-0.132,0.195
-0.19975760039555474,-0.08637590916228294,0.19605583824174908
-0.22050587213985554,-0.0668115040426951,0.18652469221935336
-0.2466744489205488,-0.022761251957189223,0.17521443042247611
-0.2816887282739606,0.006199800178071773,0.20033389506484214
-0.3301426002391869,0.041873801486698725,0.19561976440539966
-0.36752373215168743,0.080527811883965,0.188263310661048
-0.39745513207254946,0.12185599089902899,0.1949602706893951
-0.43567564408731146,0.14875972995775447,0.19925154594037167
-0.4766823740592618,0.18582722744884347,0.21508483417021032
-0.506,0.221,0.195
-0.4734206495865412,0.19829652078757037,0.18569917858936374
-0.43232558239362556,0.1688547176780948,0.19006330407178013
-0.4022074506233497,0.12050029315047153,0.18509802283170662
-0.36659250241448876,0.12709956816514711,0.21055078896744325
-0.3322720319065456,0.08801101105540197,0.18503762060626358
-0.31888750852728087,0.04413133018182149,0.20678622090028706
-0.2849432312692439,0.02073253139208342,0.1885962618463086
-0.2429402831847953,0.00278855382883151,0.20570382052348937
-0.20503792657966363,-0.028814972661131068,0.2070870499076413
-0.171,-0.05,0.195
-0.13969269044839924,-0.09490473497975137,0.19067632513166863
-0.10421933253932023,-0.13391766269782057,0.19979144767310064
-0.07853605644601737,-0.15232526316290915,0.19103747355525175
-0.035508898161614164,-0.1764909872197805,0.1917602304345219
0.009359830896380792,-0.2285087316146894,0.20298652295361172
0.05299485650957095,-0.26594288246026676,0.2070393494789652
0.07222638760709751,-0.30669041790050666,0.1837106682073219
0.09295668461320707,-0.3238299315999678,0.19296321990712448
0.1492325925415255,-0.3695790789247949,0.1901513015764079
0.183,-0.404,0.195
0.17973729891981124,-0.39477064230255404,0.2042848655299256
0.14458622354646927,-0.3376715520504041,0.19950571518004018
0.11761167610846904,-0.3236264807011126,0.18957662593603627
0.07254790667380004,-0.28772277720482337,0.1992080186193034
0.0626131006826068,-0.26350891742848126,0.19294807307252987
0.024248519433258196,-0.21044272232922975,0.20437065343676594
0.00742303652223267,-0.19437205535618587,0.18713970261985566
-0.016084758618933097,-0.1487505019354898,0.19137166665996372
-0.04004988795460302,-0.12819179184867563,0.20549458077109628
-0.066,-0.091,0.195
-0.10467781842447797,-0.05240587471100377,0.20063273207249885
-0.14056127199425922,-0.0044535314776092735,0.19866654032105951
-0.17942720421481656,0.03432073198831477,0.20473918890139128
-0.20339129829770072,0.05568887656892035,0.20698633705888542
-0.23320458499987654,0.10077591586467602,0.20941775408411545
-0.2881334951375109,0.14067517748351455,0.19217195530047393
-0.32084394365916974,0.1592292906222025,0.18641341797849886
-0.3645472650136229,0.20099080049055107,0.20219756386014914
-0.3974437380391318,0.2386469033185611,0.1926330866165989
-0.437,0.279,0.195
-0.4108878803383405,0.25068128025292874,0.20223565877220007
-0.3673371262890325,0.22095088735420326,0.17263298050324488
-0.30967898124719284,0.1964156523373001,0.21390947514353456
-0.296773172474573,0.15451413837441277,0.1974475141358171
-0.24056655823700204,0.11902396872156043,0.19117007668150657
-0.22327279860248977,0.08240289862948963,0.2067691576149083
-0.1780171166027125,0.08485376899687241,0.21508373035950934
-0.15261028467539167,0.017542245600108527,0.19896790498491743
-0.1327372001442426,0.020099910001965312,0.1979434238674178
-0.078,-0.015,0.195
-0.054979296466428774,-0.047882870470208616,0.1957417261312238
-0.01686171653597316,-0.08894581102281358,0.1955892777834792
0.026924230390098166,-0.11674864360811943,0.20001434232645263
0.041976215107712926,-0.14735376524781169,0.18470537320272346
0.10081598838162237,-0.18686051929794112,0.20879067548986086
0.14453772098057566,-0.21963803100746,0.18344945331739887
0.16918772030968496,-0.2609677168312245,0.19015655435711346
0.20344530855216553,-0.29166638861568206,0.20498343799761148
0.2318090207739335,-0.33118320660587924,0.19968756558975656
0.275,-0.369,0.195
0.2473097172544926,-0.31678021781506677,0.19719575463780953
0.2295609075321959,-0.28667824106605816,0.19051958151484427
0.18790908120125796,-0.2778875874212928,0.20028653195236593
0.16830025738111107,-0.2451569896389664,0.18863901483705714
0.1335045084139243,-0.22278199445781496,0.17660939869801073
0.10331747149569173,-0.16429923654059858,0.19877174850500262
0.09205639235664659,-0.1279493675154517,0.19027917389418617
0.04779203790427816,-0.0947768107765282,0.20274590800275824
0.03271883370556532,-0.0685588428372843,0.18624428152239286
0.003,-0.033,0.195
-0.03835857848942906,-0.011582155534073392,0.18992360446949158
-0.08112967709862662,0.03828341704775876,0.19347698143155642
-0.10160842820789245,0.07934072527349402,0.19799357726647576
-0.13189703680230713,0.10674249548407828,0.19464681839042794
-0.17658800745582004,0.1322598447494865,0.2143432121438406
-0.20128738794599085,0.1853842727997206,0.2023095482162645
-0.2426537679302305,0.209115099498494,0.18912792463305478
-0.27669668312755347,0.26663679576449395,0.19424832635686876
-0.30725961095514914,0.2893664266405102,0.19224810394874503
-0.345,0.332,0.195
-0.311747033747323,0.29919931002903744,0.19578465202876164
-0.26642847040978757,0.2674590013394486,0.1979141453487836
-0.23298871415679318,0.23431002451622557,0.17874629765024344
-0.19674900801899817,0.21083230543014606,0.19171345103191453
-0.17861138237369015,0.16958828187933406,0.18220566790253043
-0.12500093539889454,0.1307359380904614,0.18819484662221703
-0.09812872489051117,0.09750682937207016,0.2032857637561835
-0.04919719363911155,0.07755245899105605,0.18377268766290047
-0.02470292670158139,0.0558714754025416,0.20579634641498143
0.014,0.019,0.195
0.06784966094144523,-0.019230899857008946,0.1903991096057312
0.09673709689087165,-0.03628643109488809,0.19509902943042226
0.11787259393858555,-0.0785412918357546,0.18829295559830905
0.14228828711691452,-0.13230729006500966,0.19077563195000122
0.18354748821642083,-0.15301881094077535,0.18716943194434774
0.23816573679905262,-0.19671101725082146,0.19079112768622916
0.25687639563912473,-0.22590331013864848,0.19318245551524948
0.2947119949213103,-0.24520162020721692,0.18864067221938127
0.3360468882079624,-0.28513848200546416,0.1914237789676153
0.365,-0.321,0.195
0.32210450145595754,-0.29153818864132397,0.20471505570947535
0.31285154845966934,-0.25659108109876616,0.211584670813392
0.268367686562638,-0.22463506499561237,0.195356584439597
0.25155901044212153,-0.18442484035656306,0.1876998012551394
0.20854400206343185,-0.1691026861843024,0.20899833196011658
0.18870412056095867,-0.11715337029264625,0.19354346703281242
0.16740050573313908,-0.07218296188347914,0.1898871827200318
0.13026821174651976,-0.05575512095906476,0.21571091709225917
0.1163749330462644,-0.01936451531581082,0.18945473044550395
0.071,0.026,0.195
0.035752280090919485,0.04991917105644686,0.1900865114698044
0.012043551542219255,0.10779112251740498,0.20125500604446395
-0.014007072040661544,0.12902238895868176,0.18823267266097185
-0.06552261270665602,0.17936107043306693,0.19492513195331726
-0.08330442599713875,0.21268525208770211,0.18841993647725022
-0.11441319946535912,0.2521390188297518,0.2190554508578442
-0.16239912710211762,0.28528715824508466,0.19597868040445635
-0.18022102628904052,0.3141672225720144,0.16249434486412187
-0.21571656009648735,0.3626028270624425,0.1766498694543001
-0.244,0.39,0.195
-0.20260894860127804,0.3559655719879042,0.18662094091521547
-0.15907507760750192,0.3251223744340263,0.1784308236696871
-0.11715301817774844,0.30641055246683563,0.18292800985228203
-0.09637645638859431,0.2471033178661877,0.19398817310615396
-0.07139659860035304,0.2006747786355068,0.19790022665841212
-0.023360156702189282,0.17725926049487534,0.20046049902837104
0.00446924222242049,0.1582641432766365,0.19101567170164452
0.046980470894987185,0.13881122856517908,0.2118509275786922
0.07213244615431168,0.09446955784088444,0.18684540504194297
0.107,0.054,0.195
0.13831133176350782,0.014947725128018487,0.2030245520227233
0.170737365796125,-0.00907012407950601,0.18655380206348185
0.2178206862262127,-0.03537097581619864,0.19584925100479006
0.2570816593894067,-0.08801990300110792,0.18162500243500873
0.28367457318758077,-0.1108996582736717,0.21260932549211164
0.32569917079908217,-0.13846413416391443,0.20099501380886226
0.35522861038610853,-0.1734102233177661,0.1973627852128751
0.3932655056296434,-0.18881524039127606,0.19093472160737007
0.4364371591878689,-0.23651512795937688,0.18963301574526545
0.465,-0.263,0.195
0.41957416523616153,-0.23514135968489486,0.18032377592470772
0.39024137551466254,-0.19037181167937436,0.213359447953924
0.37059744434676456,-0.15022377646163854,0.19592841054328353
0.33131381477464517,-0.13042756689390614,0.20324462858818193
0.28957762389346325,-0.0780933040330674,0.18758947521703426
0.2488981939999385,-0.06271950015755587,0.20694080876003376
0.2530669818684229,-0.023459243298934847,0.1951346928847092
0.2027252196495913,0.005593137859386829,0.20338393084775877
0.14108712892615685,0.038747704144204254,0.19418393490572147
0.14,0.084,0.195
0.10696478744726809,0.12834003448762588,0.21056614559327935
0.06456394684689398,0.1533292184526901,0.21070676534602853
0.040735682243225844,0.1849133539244561,0.19664415617591863
0.025043575902016463,0.22175347532817768,0.19812642527565177
-0.01383694649584528,0.257525514629358,0.21634991996394096
-0.049799253089175065,0.2784989677469692,0.2099470964198296
-0.07324271948107522,0.33211649631580764,0.19748015474597586
-0.11322789429322426,0.3770632540171385,0.18637496224455372
-0.14797364146582587,0.4038262239041375,0.1876091370401092
-0.173,0.432,0.195
-0.12692203094456236,0.38021310485559756,0.19270872183340587
-0.08397633336166795,0.3706670099457452,0.19143378796940289
-0.06120191747576491,0.33699588848372264,0.2134927502918612
-0.0330478200018782,0.2770598306935828,0.1899780424093895
-0.007776523513860611,0.2466582991259635,0.1904404810445013
0.04153887252852602,0.22358969223375258,0.17891564617546096
0.060531872488507596,0.18936275890500617,0.2051693157447016
0.119548781900396,0.1622351468391169,0.1909423582467123
0.1728060606989689,0.13835248138386175,0.18546171853590068
0.2,0.088,0.195
0.2465470256622878,0.07074682717623117,0.20047036179555422
0.2630816242153328,0.02514116674895828,0.20339527409943345
0.3010778578108302,-0.014024542716121288,0.1939169612821944
0.35019887568807695,-0.026822742440414642,0.19755742919661928
0.39498272864889356,-0.06463976780173844,0.19239712996382904
0.41781987508333296,-0.09073733433008735,0.19724035599397238
0.4490037433214228,-0.12026262122278071,0.21303221024222135
0.4816822557411818,-0.17022365749794222,0.20164997120453687
0.5292172976614621,-0.17422561112481325,0.2097605415623629
0.56,-0.208,0.195
0.5277151141375207,-0.16564721082027445,0.17195427996880472
0.49393812451202296,-0.13831187435105352,0.21267035086557098
0.4694466661388587,-0.10895100396878184,0.17977667590565277
0.4215072596960218,-0.06058337761549031,0.19152942458523614
0.3758931334450077,-0.047691648145823475,0.19568501890083426
0.36991532328647764,0.003929880618163924,0.190338216467609
0.30278144240268706,0.03758063657348087,0.196099964347964
0.2928663911937908,0.0719118858152084,0.18464509201395926
0.2387031228652985,0.0958601545507807,0.18738272198953604
0.209,0.143,0.195
0.17149277948924624,0.19570609865601762,0.19914223646793447
0.16374075747278471,0.23019510970045398,0.18192452111726137
0.1368167425455311,0.25039811303824827,0.20032364945710426
0.12051966563570102,0.2948625258492896,0.20437671120996534
0.06031825993106283,0.3164325764866205,0.17823997753476625
0.04216745435096819,0.32260425851471075,0.19046856383106806
0.016390135508283596,0.3760444385599919,0.1969933699722946
-0.01303574185221943,0.41028341019295606,0.18670686366031244
-0.046148967100197856,0.45546432861930897,0.20776011695609453
-0.074,0.489,0.195
-0.04123808937832032,0.45339978969347555,0.19815467108848908
7.011828263159053e-05,0.40826450226734473,0.19862897936925936
0.04495153856816253,0.38892612771214186,0.2034284252770897
0.0629607961330825,0.34100822152377563,0.20350236438648622
0.10800672014713279,0.31956981490248054,0.19308476646099249
0.14390130057895353,0.2578072406539148,0.18443158939643775
0.19107555898363376,0.216772998143844,0.18686827417499005
0.21709744348648657,0.19449906000320896,0.1982357546819994
0.2464298956042337,0.15532493251187438,0.19598163620839482
0.293,0.123,0.195
0.3138082151654772,0.09544124559374825,0.1822466553005739
0.3693606362205544,0.06730590046124296,0.19031175697986355
0.3849580461613974,0.030835555065048956,0.1910686424420697
0.39600896894299314,0.01582811205203262,0.195058288470855
0.44563107692555104,0.010009196600411467,0.16346930907269355
0.4684166482236143,-0.030689153390394346,0.20202466963459345
0.4995516824443447,-0.05083385503422441,0.20076212847222244
0.5289492411798383,-0.08454483050875754,0.19605386634332725
0.5781393020871306,-0.08406759196887338,0.20266469251486763
0.602,-0.123,0.195
0.5645714210186275,-0.06725635838271928,0.18274028114867544
0.5370868591178702,-0.06253155676223421,0.1919250146695155
0.5068124212681124,-0.010431608151520555,0.20624407555147073
0.4655873550322877,0.0391476424498136,0.1953979790717761
0.4292886255308898,0.04007707993424251,0.188219973345701
0.38180376485043355,0.087941076104169,0.19426658810775138
0.3599661764626163,0.12990912897530338,0.20445203851074864
0.34820405418985956,0.15270903892706614,0.2049069715575509
0.29137059563673134,0.19041339521821665,0.17827422970018086
0.248,0.231,0.195
0.2461810319887712,0.27492222895171814,0.19592188035677707
0.19879556265633605,0.2858453521526009,0.19790280107956496
0.18927789119615201,0.30974648880280514,0.1858445949299371
0.15681538681408555,0.33123641375277346,0.18467133882177902
0.14576772963012108,0.3498040379998632,0.1948825866724114
0.12238801675172077,0.388252667023778,0.1968621042847197
0.10568049031453552,0.4282137923473062,0.20615142508859402
0.10042042510896124,0.44994754487063204,0.20174225975632987
0.05845362909593036,0.46866357084169286,0.18935649023736878
0.043,0.5,0.195
0.07343673887836341,0.47346482243385446,0.19952425151364048
0.09796098357688236,0.4297348085051084,0.2005938192387
0.14132621064046655,0.3821458620894806,0.184470858098562
0.1839203725992536,0.3520120639645432,0.20187841206144733
0.21603591335783232,0.3262423187602148,0.1958828160079604
0.2627307288704042,0.2903285215282654,0.1886772748299289
0.2742645653614264,0.250325783738052,0.2080476792163816
0.3283559708722658,0.21466151951408186,0.187446780237737
0.3622398147771529,0.18917135027138388,0.1854222755322517
0.397,0.146,0.195
0.3887682647484208,0.1525657220702939,0.18958506822742754
0.37182689453602763,0.1860434987502218,0.1983821653711005
0.35896100481440896,0.2047285882066538,0.18729898934302222
0.3594676373171409,0.2223591749857029,0.1862898795599456
0.33855562938033773,0.2451518380937312,0.22031885675452584
0.3299821712694019,0.265975553039708,0.1950484195681883
0.32812964078193957,0.29151313480169905,0.18958545010493288
0.2946198480080798,0.2909902415347667,0.1816119436073284
0.28838716947629917,0.3084168320840577,0.1936862585166326
0.282,0.325,0.195
0.2755567354706141,0.3423810513889277,0.19965702146916325
0.25114272533827847,0.3649465144968917,0.18705517371106803
0.25882922276362597,0.3875853505647343,0.18994023609787833
0.2274060276934724,0.40365750916615617,0.2022453298551738
0.21597351470465923,0.4059355107464957,0.19120020649023745
0.21313158836182447,0.4376414199036131,0.20912234870166338
0.1976007749965259,0.44930564791057476,0.2018787720770874
0.17655429647138837,0.4423240810018258,0.19980803518086782
0.1891008422846757,0.48070075609316787,0.20496827316218855
0.171,0.499,0.195
0.1590747488343623,0.5072168838011898,0.18205623373551838
0.16642810919556114,0.5172876983696977,0.20483031256604445
0.16884893883229823,0.5105920394359836,0.18083969146736675
0.18168293944146718,0.5094794157150317,0.18470491505841807
0.1821440697732241,0.5242985600736534,0.18827746054005107
0.1716981061709995,0.5307849763505916,0.18717276284871925
0.1817699848353959,0.5365945987004963,0.20277789394073753
0.1791425308722898,0.553219077169702,0.2176730248590934
0.17104605252355878,0.5539230428072008,0.1882632721741242
0.177,0.556,0.195
0.13205910317492298,0.5189356760365066,0.1975531822341926
0.08243796601799576,0.5074027082966349,0.1855714773317406
0.04674270914071435,0.45796271584217985,0.20427798099770506
-0.002373494641967814,0.43260142131545826,0.18670419213853637
-0.05573566007800296,0.3598562543826201,0.1984794693515258
-0.07769663397445754,0.367201146477313,0.1907968002832099
-0.1488379713998648,0.32172325345473207,0.19506493228362923
-0.1889415554153539,0.2690297550970793,0.18965311958681894
-0.23351606018963308,0.2461490590918199,0.17791852948615783
-0.279,0.214,0.195
-0.2826244478368502,0.17648325009635837,0.18340349270248527
-0.2892353668939597,0.13921815605539647,0.19226391958158448
-0.2959250819505986,0.11585806459570985,0.2023478577712857
-0.31223308610892647,0.06233694107315204,0.20740867577401167
-0.32945785679184925,0.011085114188064196,0.21185510868114835
-0.3207441221636382,-0.008758616382925972,0.1987652694151067
-0.31634367642947414,-0.05782131448279426,0.1915889410903729
-0.33678353990062976,-0.10754958733017383,0.18481874767444292
-0.3252721147498873,-0.15346338788448988,0.19309709169548298
-0.351,-0.188,0.195
-0.31047354541717925,-0.21657010041313476,0.19872497423514954
-0.27007943479338464,-0.2604290961294546,0.2017150120254673
-0.2614667775790809,-0.3008222742450767,0.1855174905326892
-0.21894466465386428,-0.35074487870507387,0.20976073785584973
-0.18743064326525216,-0.36461700430359023,0.19940194879901296
-0.1693687731043476,-0.39505080314302793,0.18417434986407302
-0.13091170457261372,-0.45055223003617695,0.20180945265318412
-0.09714685931005117,-0.4910910961749107,0.2150155713518743
-0.07769876859620715,-0.5081324777334079,0.19175506751322874
-0.036,-0.552,0.195
-0.062427550667077565,-0.5210002494412777,0.18433083016314747
-0.10038395240179217,-0.47208456379957375,0.18768548522187048
-0.16357784313841273,-0.43882192206695164,0.19234528537644136
-0.16731287451373658,-0.40537970088794784,0.22352897298094776
-0.19679250571532053,-0.41199672253272107,0.20049549870976396
-0.24164129727260172,-0.3476913366776282,0.1945259752769008
-0.2837438328948241,-0.31523843942703667,0.2036760095903555
-0.33103984141575327,-0.29032681388803855,0.21141294056743834
-0.3443659016102728,-0.25342569538705123,0.19481347186396303
-0.387,-0.216,0.195
-0.36354482076983496,-0.2370631194558334,0.20774464834056094
-0.33377032664674305,-0.2782968020754002,0.1969841774007825
-0.30310021898923617,-0.31648515752691103,0.2020769902991133
-0.2908355925255734,-0.34286674805622686,0.19305552252055985
-0.256765088650954,-0.3735613027775568,0.21614333308163614
-0.25127893411319513,-0.4067556857024254,0.20347474542884314
-0.22278646857463222,-0.45250465064509104,0.20151997416643622
-0.18758769952460616,-0.4492948994985196,0.20682835755740725
-0.17881527346719842,-0.4941107515665979,0.18972044827149442
-0.144,-0.522,0.195
-0.1510362395387483,-0.5354346611890816,0.18946749401062452
-0.14432274012874952,-0.5448983602317955,0.205130052746504
-0.15844923234945185,-0.5426839434358127,0.2120009720807476
-0.15622208960076636,-0.5561959011955825,0.1883817185566037
-0.1522163947602221,-0.5666877438119806,0.20258553411118674
-0.1679466111925322,-0.5899332596249447,0.19802818914304704
-0.1504873162688754,-0.5924473934687922,0.19550433804795297
-0.1421763554714149,-0.6001832903542196,0.20406355424355743
-0.15538246768845485,-0.617461422340432,0.18841240246784066
-0.166,-0.627,0.199
-0.17036859668026536,-0.6272925631434252,0.19577374165569864
-0.15988804847699764,-0.620351352494444,0.1956109500515513
-0.17187577908574506,-0.6245282203801052,0.21180857536019712
-0.1748657231512614,-0.6396516738425188,0.20522450013569954
-0.1744804146933301,-0.6281840670301199,0.20622111726617987
-0.15815993947115928,-0.6260503541658629,0.20038159762144378
-0.15013481790022995,-0.6225770996746545,0.190589933219816
-0.16355252953281127,-0.6335514778839465,0.1956408173853231
-0.17100655884431012,-0.6349370912823121,0.20180011549733154
-0.166,-0.627,0.21
-0.16597632852198557,-0.6386002670901264,0.19645522098595955
-0.17198424099764215,-0.6410282753081797,0.21245507578525544
-0.17359101744528146,-0.6406496057972876,0.23427419744622086
-0.18135665886828473,-0.6407878075329749,0.2235992038123285
-0.15987494091242963,-0.5965147685480748,0.20693809583429004
-0.17410918301673156,-0.6410144694130535,0.23109787945698756
-0.16228313549200793,-0.6292568190892692,0.22059740689390978
-0.16273400356824586,-0.6322498803261044,0.20334237556016124
-0.16361823427945252,-0.633615072419925,0.19878219086496596
-0.166,-0.627,0.21
-0.15982185447337785,-0.6145325299188522,0.2000350415936016
-0.15875335023440187,-0.6223953914249746,0.20240462475106574
-0.1460459143600473,-0.6051275756284534,0.20438213166464808
-0.13276266238222342,-0.6224055933454846,0.21673291462833677
-0.12855039072371308,-0.6044875644340355,0.21034517876770698
-0.12277335085742579,-0.6119099824716558,0.2205365831622871
-0.10427597003566011,-0.5922988734070448,0.2090329853604203
-0.12280321104822833,-0.583097422459832,0.2094967992194384
-0.10245138633601922,-0.5919851283449286,0.2187347555987083
-0.09,-0.584,0.21
-0.11486015674131635,-0.5519491144770681,0.20505144722713647
-0.1492133731654023,-0.5213491653090343,0.2274602375735011
-0.17820548283711762,-0.49258046619749235,0.2073866925030192
-0.2181557049839158,-0.46084643588731156,0.1985820936323399
-0.22668209742873724,-0.43842152265321327,0.19941105846330562
-0.2340338946172728,-0.3982367803063007,0.21048605190291808
-0.2980619748347419,-0.3682337322149714,0.22447832460349149
-0.3103602869143392,-0.33882648125439224,0.19924959022692967
-0.33901305419020855,-0.3034884471166953,0.21598564844148516
-0.37,-0.279,0.21
-0.4091527773219115,-0.24114859009122008,0.22443438882500813
-0.42747193830158103,-0.193695849112769,0.2058162638437193
-0.4557140458996834,-0.14872921213408405,0.20378950489020442
-0.46860744217167943,-0.10315127569694028,0.21368086886892704
-0.4860583165220602,-0.047673691642179716,0.2106934337522096
-0.5215534010953922,-0.01062028891472068,0.2102028136898954
-0.5562064158810309,0.04040068845954838,0.20390718526891616
-0.560864183977958,0.08616830954336417,0.20390163374316855
-0.6027514715312993,0.12430949602284497,0.20340605508464754
-0.626,0.17,0.21
-0.5853003671700788,0.19493268880917594,0.22039373110018579
-0.5399156807851877,0.21423643397552208,0.2121693799280517
-0.48711403700864514,0.251534946253858,0.20079681204926245
-0.45495018278167265,0.2792390686936135,0.21731823500719702
-0.4058994061302015,0.28346665166959323,0.20797820288447702
-0.35661794673202823,0.3079789601780175,0.1888779535135299
-0.3161793250942714,0.368400563740978,0.22203511581150107
-0.26216262690096037,0.3656112932344748,0.2071857303768705
-0.23670991673417946,0.40214346287103103,0.2004257992554506
-0.194,0.42,0.21
-0.15191001755737463,0.43982021839246443,0.20953916707794493
-0.11012360805525583,0.440735265287671,0.21690641191576332
-0.057059731996335905,0.4838772308064213,0.21169749903670185
-0.042880088882188194,0.48749492016512697,0.21756160670859134
-0.010588246170856176,0.49017918026780133,0.22097509177508232
0.03871055235363151,0.49740418232762096,0.21291797706529406
0.07894497462464668,0.49015303018186357,0.20475826489608204
0.13766347510429044,0.5128185382426531,0.18749912448144926
0.17204522106962572,0.5389178513774978,0.19744017710060996
0.206,0.563,0.21
0.22419603142809905,0.5201895411774244,0.1998865336197804
0.24640029165949104,0.46393590998864026,0.21037391849014625
0.31729288456923027,0.43186102106779833,0.20292013587010657
0.30393661203469674,0.39662847586871497,0.22537755306111437
0.3304471092267239,0.33062833804550124,0.2092357758345298
0.3665807055949656,0.28743553437890507,0.20484827831875516
0.38325678761232107,0.2505039705729753,0.2053058357898421
0.418775164393189,0.22687335492893013,0.20409418924744221
0.4400135867682698,0.1704790208794684,0.2120475918531657
0.456,0.13,0.21
0.4417329889818017,0.11116115972466091,0.206539971741693
0.4692958196191169,0.05521552206832426,0.22617291155950953
0.45792970237605957,0.010670569422655898,0.21965788365035507
0.4604096222745572,-0.019221342665412575,0.20688059609956166
0.48788901835849463,-0.04383369060460028,0.2081072137135586
0.4910246780592428,-0.07899875342221432,0.22372824482648987
0.48817129366548273,-0.132147501985832,0.19817036872145438
0.48167417522049144,-0.17589242393084506,0.20856782175962263
0.48831060889541084,-0.20553860493223117,0.21173899474755806
0.499,-0.243,0.21
0.4792753186432886,-0.26216777675972947,0.20024502889365678
0.44045669002524257,-0.2588170681031758,0.21912004477224406
0.4056367681652661,-0.27375459945260205,0.1989069062694509
0.3673445402469378,-0.26131314687060264,0.21451747044538783
0.31654184946359665,-0.25998783558055694,0.2073515660503138
0.3029874547718413,-0.2716145275163934,0.22193947064196354
0.25847825666393875,-0.2895829356652181,0.20866341212607042
0.23970078319611896,-0.2955619542285735,0.20484575414984768
0.22620820584797802,-0.3030611176331901,0.2095385382499395
0.179,-0.301,0.21
0.17952447620093723,-0.25663897829906074,0.206446220132052
0.16869190527589897,-0.2040601818206545,0.1979445572267419
0.16518759957153809,-0.148921559741572,0.19791074935706135
0.19091084827712784,-0.10654352122620268,0.20406329738556153
0.172383221894022,-0.04975439105040674,0.19836488582259063
0.18441714181209232,-0.005041284865180741,0.2016732955497936
0.19298470571362702,0.03893707345991459,0.192235284101115
0.17133987423414626,0.12414404352609651,0.20590388888904684
0.17127568550798533,0.1492254948868669,0.19761766722476934
0.179,0.199,0.21
0.17384662399593862,0.25589239062752733,0.21357390853811062
0.173300241887211,0.26997257325688206,0.1925511038551967
0.15841106843030342,0.31175463406422543,0.1987114868518088
0.154674947730442,0.35328496912415214,0.21000015705678313
0.1565558075542529,0.3766526870322449,0.2183336730623801
0.14406855623197784,0.4173726458933697,0.2123348003349646
0.1445979803175445,0.46111975330619875,0.20953082238963516
0.14674147591643094,0.49650675384750154,0.22501683789724974
0.14076887591597895,0.5481951285012481,0.21619409958424596
0.134,0.573,0.21
0.14215279309223786,0.5208183528756499,0.2146129516695708
0.12289323907527301,0.47085525381868987,0.22004414182394597
0.14480071678377046,0.44533151961705303,0.2042466104910431
0.11703063729663739,0.36369713131620385,0.2016509940177703
0.11886772262729153,0.3215616999861738,0.21292842724928876
0.1390191985061527,0.27555632800813207,0.2181473410677247
0.13211847298661178,0.20796222396734385,0.22854368083159313
0.11782416350601121,0.19085502112130903,0.19926067410924972
0.11961576964398953,0.13483029586716772,0.19091938967298105
0.134,0.074,0.21
0.13820821795651964,0.009084131071433812,0.18994494143739615
0.1433322231794507,-0.03616840651079718,0.20472310079404057
0.14070469972546545,-0.07744752135828296,0.20840173466062162
0.11739701181740102,-0.15842478448186453,0.22824316299072916
0.11396888908529804,-0.17463394303338842,0.21135238894184835
0.1310083710423639,-0.24716292776115817,0.19466300295679842
0.11003645746017304,-0.2889899894697512,0.20574646279053965
0.12301384431394576,-0.35748321669734545,0.213378208240183
0.13585021968858527,-0.40294440806000686,0.22061989094326814
0.134,-0.451,0.21
0.1309375291526456,-0.401715692521045,0.20687945381829773
0.12983511803108624,-0.3590608186258781,0.21105007162902842
0.12865441847341055,-0.3360608664559963,0.21561322409823647
0.11361943806239695,-0.2985528534277896,0.21135318548314017
0.1142482955171798,-0.23884736013402713,0.21682479725203654
0.11998663378171591,-0.1955121188254102,0.21347439920470032
0.11867613247272502,-0.16832734474601327,0.19462004947828584
0.10168927863391797,-0.10994243692417728,0.1994456471470073
0.08170662693753133,-0.08752988390931958,0.19787077752029775
0.089,-0.04,0.21
0.11762623902491327,0.03300991237264417,0.22121942262938604
0.09367428490254778,0.07099637474317098,0.20925578992453797
0.08487441132874815,0.1071125397744131,0.22594036672184722
0.10414362845737077,0.15613276201972132,0.19947708980397946
0.07116421413442031,0.2084845923242018,0.2054722476146883
0.09341611709212211,0.25612268019837287,0.22085893608812865
0.08344673453191569,0.30429976873635917,0.20331965626655038
0.08827555921180112,0.36147001871113543,0.20071158910244496
0.08990524838161518,0.42274308846090486,0.2119523185496487
0.089,0.46,0.21
0.1042959665778743,0.4368321200697054,0.20319392719455903
0.09707756802962242,0.42524867082591256,0.19222231215128066
0.09865745531365724,0.3975134309065913,0.21158472723642074
0.05788397500128817,0.39244003568975966,0.2179755094871881
0.05174656429150592,0.3393448331340725,0.21900612414733825
0.06683715872767863,0.31925533291853264,0.23249460195222818
0.047708346251899666,0.3214621681056813,0.19891058767314787
0.05687613732505012,0.2722938121429108,0.22150186347775047
0.05287106336392092,0.2611638655203423,0.21569118234200568
0.044,0.237,0.21
0.05155508574103669,0.1935441886061959,0.20573369010815762
0.04242551358995885,0.11905004829418135,0.2089096880802188
0.03298308661071846,0.0687956890103702,0.20188062372894683
0.0467840833118007,0.04951189376474448,0.2124506034547957
0.05316835468103318,-0.02805379423205338,0.21647519973274654
0.03970033849954592,-0.07862796783297832,0.21019273070686645
0.03691416944192107,-0.12055890659208096,0.2136181706004712
0.033783331593972045,-0.18936688216651848,0.19859877771520315
0.04201328920492875,-0.23660753846619925,0.21777007900158843
0.044,-0.288,0.21
0.045132882684677765,-0.27676846872173166,0.21383464070590721
0.012827913606004455,-0.28802224057313075,0.19531900955760115
0.031903633217221714,-0.29344389639683066,0.19467792090154656
0.027056647052453114,-0.29507765509227846,0.21058209952138573
0.024598713304700936,-0.30813688529388655,0.20843337452881408
0.014055693723560869,-0.31376757776866826,0.21424955424123424
0.024825965800185576,-0.3027468873491188,0.19763753489425934
0.0013717722268981047,-0.3038993042597158,0.21374511565641244
0.009695745614988292,-0.3039657150308021,0.2043712534396282
-0.001,-0.307,0.21
-0.0032125767076647675,-0.2612103756508948,0.20776981121281293
0.0020015222707547306,-0.21930430325909814,0.18926686329294293
0.011301243674773812,-0.15133964145563486,0.2279760352881283
-0.00421980480266755,-0.10327802355892995,0.20020671089414774
0.0007121123261890543,-0.061101464715160904,0.20693819692879262
-0.013100005950675675,-0.022090007200672713,0.20180322045745247
-0.0053577935340640825,0.05281334096931026,0.21450515174652465
0.0032199945224900394,0.09973281584398483,0.21384220129854045
0.0036042953394697453,0.15569567238873352,0.20939175914201127
-0.001,0.193,0.21
0.00285904345528901,0.21957158042744707,0.2093600383515313
-0.010514913913760192,0.243949521558459,0.21168897509191362
-0.023443861453179667,0.2602538257879307,0.2176087789175391
-0.024372275745212606,0.2876285605797343,0.20077087960746823
-0.020476616277805237,0.3127458693045567,0.20810675233811787
-0.03540659717939088,0.3137151054674005,0.2251295502863211
-0.04481052935777492,0.3551284166576384,0.2137487460321558
-0.034570185049639914,0.37640455651398835,0.20692367959845004
-0.03746493313149803,0.3821904143176233,0.20562892340641034
-0.046,0.4,0.21
-0.03634735439914708,0.34390010678332483,0.20265087275113
-0.053077319610334184,0.3026913784619775,0.20461682337613812
-0.04154345888276016,0.24911041277582552,0.20706629399425802
-0.038379634911392506,0.19860950918461384,0.20856706089409646
-0.04589255575765182,0.13910888043701558,0.20750276368366413
-0.04508234803369302,0.09531141728659896,0.2089850181966683
-0.060489838787902456,0.03435789418622719,0.23052805606551396
-0.05518359500118687,-0.025934771045000988,0.207480432528681
-0.048652674089813594,-0.041130327646306024,0.21932421940893734
-0.046,-0.125,0.21
-0.04756166546358913,-0.15722388615078628,0.2040999955198679
-0.057373179407641924,-0.21372709487808916,0.20244647661998627
-0.06452432972901986,-0.2705105058315118,0.2166759542234604
-0.044433764178163665,-0.316519714593051,0.2089244805202596
-0.0659680588957585,-0.35502181740505556,0.21452315485497692
-0.05312010050885327,-0.38745151334315997,0.19885628276758466
-0.06888538461723323,-0.4447594979573193,0.21151184338595905
-0.06725081169925468,-0.47803604783798825,0.21200845558496048
-0.0749092028735123,-0.5378927619615362,0.19099214354205546
-0.091,-0.574,0.21
-0.09080298868619348,-0.5308507470761594,0.20739439766554443
-0.08935021256464586,-0.4689459667959638,0.2119070479692177
-0.07292290250661317,-0.42756566698220105,0.18622208461410825
-0.10067346399929111,-0.3679768468356537,0.2099354192854646
-0.08890420014240165,-0.3188530452306889,0.20821438186429128
-0.09825127937560463,-0.2715269343973293,0.22490492938119722
-0.09381514692593408,-0.22428564179842958,0.19143856862376266
-0.07134434918607978,-0.16715389399082792,0.22212021914737456
-0.08368636404226593,-0.1341749796567569,0.213623366443799
-0.091,-0.074,0.21
-0.08111669177288988,-0.015902616227990156,0.20237548296094554
-0.09947668875210512,0.02778399164673096,0.21145079719968474
-0.0941658082109323,0.06731458714305324,0.22832335782560667
-0.08899049731380168,0.12020661825516954,0.22543147067228736
-0.08370185437326957,0.16381680081874336,0.19781491674190743
-0.08597032928842084,0.23349661471260258,0.22697436520781444
-0.0814216468914768,0.2892895842317611,0.199855000933971
-0.07396098900309708,0.3372722268779729,0.22029695977455438
-0.10718330300487662,0.3671564411552333,0.21099742681224037
-0.091,0.426,0.21
-0.09222760137370979,0.38859717969659086,0.22235553941200897
-0.11745296791426763,0.3382320642162369,0.22046127088160608
-0.1024741482595404,0.3126088557121556,0.20351956273086844
-0.1014760522050191,0.2837298771484368,0.21893533892795
-0.12305859346440085,0.2280078921584882,0.21283381343713748
-0.12527946619722657,0.22223588075295167,0.21859458948860006
-0.11857296774698281,0.1732645046296002,0.21719902023576365
-0.1316599962428382,0.14408411832008103,0.2178922345624124
-0.1358725022773544,0.09761146136719352,0.2085675864589513
-0.136,0.063,0.21
-0.1483210756957123,0.00927867185558765,0.21888885610385617
-0.15367665085935836,-0.04559523269840607,0.20952031943590765
-0.12766839639343913,-0.10775335861906551,0.219139715186765
-0.1491562018371791,-0.14075595443221428,0.20643701376620566
-0.14099196716671297,-0.21151290458613242,0.21080327911912056
-0.13499214943797144,-0.24858927364433434,0.20201513350741043
-0.14071441888022734,-0.310241181183925,0.21189371535542764
-0.14028420064916405,-0.3555262830082118,0.20567729334261875
-0.14577062033344335,-0.41522529955127596,0.19751136501922792
-0.136,-0.462,0.21
-0.14093833588837607,-0.43103562216966046,0.213795150448528
-0.13121753546723072,-0.4237222623249816,0.1951123919125538
-0.14291866882350493,-0.4020620451467904,0.21203531103265263
-0.16805879880819571,-0.4020601819013336,0.21804608829754096
-0.14922847739639,-0.3905103785629492,0.2033829574609188
-0.1662684950166916,-0.3757171630750365,0.2084508041521425
-0.16376376477080415,-0.3661685154506607,0.1986420657887735
-0.17798897100621308,-0.32319324795318555,0.2087756849726015
-0.17923256256678674,-0.32299844747823514,0.2299384243197847
-0.181,-0.307,0.21
-0.19198735693712488,-0.25296482416411636,0.21447343194697743
-0.19527571627215665,-0.2019745035519481,0.19824387882041944
-0.18277158242283176,-0.1436927717011256,0.20249578811675956
-0.17368532717635912,-0.10522609600078059,0.21226265437988628
-0.19479839985892458,-0.04450364958032511,0.20731357528263789
-0.19043351887207685,-0.005967902744504927,0.22306968674076516
-0.16753187380448042,0.06356124492187372,0.2049275796470687
-0.17397792853814517,0.10561849172802226,0.22480957681468028
-0.18939484465194156,0.14287047410252898,0.21519490727304985
-0.181,0.193,0.21
-0.19379202008609908,0.1883702670456334,0.22882851710163724
-0.17622054608131238,0.1709232824322155,0.19533117555746807
-0.20000420232532262,0.19235747660953678,0.20971038012733959
-0.19829000333809213,0.17840670402621167,0.20810793842974112
-0.1983435740267598,0.19265623432841567,0.20626262640040313
-0.2157522522408094,0.17749153350680982,0.20308533094292294
-0.21141359970747897,0.17017012553874092,0.22293929575381843
-0.22615218870998843,0.18451073113772445,0.19433064638587183
-0.21686764701738964,0.2059599524127413,0.2059875979089101
-0.226,0.192,0.21
-0.2235099656136497,0.1273240403477048,0.20583576270713572
-0.2295776681277881,0.07276978337886013,0.2079672349545836
-0.2216177580951942,0.039993904133292076,0.21368574453491812
-0.23070209948714782,-0.023435942964300134,0.21135392532931657
-0.22623027059239137,-0.0669034535219479,0.20974725428732874
-0.22888025780210167,-0.11814185496180483,0.22027644837802096
-0.21790439358252378,-0.17677333808631646,0.21624761668119327
-0.22500652846485894,-0.23333324483887627,0.19851833186990456
-0.22753289405933347,-0.29651722822492926,0.20904441368390717
-0.226,-0.333,0.21
-0.22097310982943213,-0.3216164761210966,0.1934386603644258
-0.22606370009600157,-0.3206269649799244,0.21219296119434233
-0.2485979298826125,-0.28957630335473883,0.221250045739755
-0.23819455662106087,-0.31407672138752246,0.20527877375505832
-0.26153301821661507,-0.2923543663713853,0.21857229919939772
-0.24789937701734574,-0.27881224171493685,0.2293149550412831
-0.26628579179316025,-0.27902651484967605,0.22045286628501673
-0.2588859180193528,-0.277085592967351,0.20931469405568404
-0.24614805924851263,-0.25629884450808565,0.22086782250695464
-0.271,-0.256,0.21
-0.28377636938976575,-0.20240123286206632,0.21003166181651975
-0.25942406106092025,-0.1547397785720087,0.20215680726576746
-0.28688614642037635,-0.11540971566598282,0.22089814882450287
-0.2711875484547553,-0.06528405776280849,0.2143564392436056
-0.2524949297809525,0.005722548649430401,0.21626334914858267
-0.2422322295605144,0.055420068810398564,0.20645077936200562
-0.26190480862533694,0.11450908973835894,0.2162503280606052
-0.26911161457211097,0.18272871444809125,0.21070528699421778
-0.26264966665889855,0.21427546275775855,0.2005240759393806
-0.271,0.269,0.21
-0.25799170318778625,0.24688555176241894,0.21092706811005046
-0.2658475891817508,0.20370564207976197,0.20210697017651533
-0.2916549524332039,0.1890913463573535,0.20042037423697168
-0.2989009999344092,0.153717716669217,0.21705879663103392
-0.2977818674643033,0.13158419186157563,0.20879629057749957
-0.29522399052785475,0.10418620815085812,0.21470479827827513
-0.2961045291234108,0.0998707483995499,0.20162228624616846
-0.30191975209507094,0.08497107775567662,0.19538762635707135
-0.3118244034617351,0.046177002950011925,0.225659947636313
-0.316,0.012,0.21
-0.3189675297903317,-0.030812702000354998,0.20670377312674854
-0.31551443239736654,-0.04116429359304042,0.20273623263788418
-0.3273270243420391,-0.0806091189176863,0.22198837696187948
-0.34697647866897274,-0.1024299134258584,0.20990608670109026
-0.3407725680692508,-0.12807384645516212,0.2034943393855781
-0.35521934163923824,-0.15533552207019516,0.2011212392122826
-0.367537938877636,-0.1811534288104659,0.21521754603727503
-0.3552545955355396,-0.19161010110278404,0.21697170666273208
-0.3546078897668676,-0.2417656685038983,0.19098393752080806
-0.361,-0.265,0.21
-0.36822630250908167,-0.20499903508811,0.19875822303793586
-0.37762168358505,-0.15995738862671674,0.20901563392609215
-0.36644527355951384,-0.11372296498342356,0.21186411661645113
-0.3638907207984672,-0.039611413924321076,0.19991790492149794
-0.36444415050457,-0.0026302783123286822,0.1985579836851598
-0.34819392913452935,0.05452386257915324,0.21865868728220336
-0.36760703989065846,0.11700456885439614,0.20942173707680808
-0.3685612429560362,0.1681030784827317,0.21880720820357832
-0.3626108181813226,0.1924727174591744,0.208507600652738
-0.361,0.26,0.21
-0.36549639180892546,0.24848718611398057,0.2133371130350778
-0.3780847538067967,0.1857325288545059,0.20486608966983966
-0.3720812625794233,0.14226542299417408,0.21419951512064647
-0.36151114424149167,0.140967475305752,0.21372747162899233
-0.3937293605268374,0.08211265826044684,0.21684870145352855
-0.3879196735998676,0.053235093065405005,0.22288053382708353
-0.39937637125974984,0.0034245185142105852,0.21395897343865214
-0.38528127381853305,-0.013395347875020754,0.22335430074033738
-0.4094630293505608,-0.0480025310925845,0.21105221277638034
-0.406,-0.084,0.21
-0.410886762532227,-0.07100499235090385,0.20889898663587428
-0.4055911581478581,-0.05295742740350298,0.2004431499423353
-0.42612607364896754,-0.004247701265144626,0.2080774935934977
-0.4233941968848034,0.0007922032850363877,0.20246983275621327
-0.4181873696140462,0.030348570492918184,0.23147642084326198
-0.43641824374270344,0.044325580562056016,0.2167480768118796
-0.4228783899321192,0.05346100322450969,0.2113720567990508
-0.446735515279535,0.09972718842594298,0.18429514841029523
-0.4513241258882998,0.11571635313406185,0.21406548397368397
-0.451,0.143,0.21
-0.4597564183314149,0.11451720439304568,0.2214240514007112
-0.4506312884443661,0.1157278595210898,0.19378718985834903
-0.4608833896260156,0.07878184812805801,0.2134751741564597
-0.46634144187052096,0.07039962118485264,0.20925416907259567
-0.46711763663827494,0.05194072249450736,0.20722340780341753
-0.4847405957491497,0.01914890256972563,0.20872297477316445
-0.48616144153866486,0.013621272985921288,0.21860041423957297
-0.4862671735101427,-0.02138510014813468,0.21937704260790067
-0.49701755594146274,-0.021851393503616,0.21088509880050343
-0.497,-0.06,0.21
-0.5046786013315924,-0.037454997193307596,0.21259358526587133
-0.5058713361987041,-0.024645755031951294,0.20403347293839277
-0.5190803728663069,0.008087290213680631,0.2102067102298646
-0.5044147643072677,-0.009638980216285419,0.19449042794564605
-0.51255847933266,0.05460397800850457,0.2206850398913738
-0.49688953076777675,0.0335510302678623,0.19368980973327324
-0.5109959637891457,0.07564512899772514,0.22970521187565965
-0.5205294093243221,0.07779879660710785,0.21463149029106288
-0.5296227211396702,0.09303154443202143,0.21196565324477998
-0.52,0.131,0.21
-0.4591725728533024,0.1730817092683975,0.21647992132288008
-0.3918308585521771,0.19290956856505362,0.19221428756748282
-0.3437206253007415,0.21547219873332482,0.22323252714104144
-0.27179770011026394,0.26126014371886747,0.2213566008302554
-0.20212750842412677,0.29207394694486505,0.19407440070404874
-0.15983643032874068,0.3464179285746376,0.19735046908771775
-0.08820948781688381,0.35643027609246536,0.23080098319954706
-0.04307266071371699,0.40381655814669104,0.22458171610015498
0.03688762688092216,0.424519666209075,0.22739025665659293
0.096,0.464,0.21
0.09507599070038723,0.42619208165154215,0.20269526689373168
0.12046598012857926,0.39429451773384794,0.21040020794680048
0.12872872464017945,0.35635747939769946,0.21018847190685555
0.1504660049014236,0.33002048824388014,0.2133127940805059
0.17268938381521393,0.3091863387034151,0.20526678956689134
0.1703802898693421,0.27356547324458985,0.2020273111418643
0.19124096653003397,0.24347285237706856,0.22437571698968375
0.2103187205415308,0.20985370221286817,0.1942943487785879
0.20149634545005832,0.1959122484007563,0.2013157085886453
0.224,0.151,0.21
0.21944816261230063,0.10811486505207037,0.21808929217429532
0.2057775226994221,0.06509160767853821,0.21783273749717755
0.20941722176768301,-0.005835098162665063,0.19246741824344893
0.21714785486230975,-0.05681920790255117,0.20337474505745276
0.23257230525729375,-0.10678853006448964,0.18203830575291877
0.2369805036030453,-0.163626580306459,0.2111214628580158
0.2312788426612163,-0.18883552205036236,0.19954812727444507
0.2226355934779681,-0.25073257161060797,0.21383028061563747
0.2135347486923864,-0.2943185027461071,0.21454082981094555
0.224,-0.349,0.21
0.21467506357287752,-0.3093439425856197,0.2270771054517963
0.22645420690078666,-0.28949757546574767,0.22690220887905907
0.2341165097114215,-0.24146575728906888,0.22395531396197166
0.25192870521363253,-0.20197798241107048,0.2114486437886888
0.2552725389905125,-0.1662418280720906,0.22594044261031906
0.27164547338673495,-0.1267652146155763,0.2069030628567148
0.25211913066021174,-0.11034530961877992,0.22241323125849288
0.2764749571850561,-0.049607973213708655,0.19621853897669297
0.2814436565559898,0.0015624951597842385,0.21080623291068887
0.269,0.014,0.21
0.26456903394228976,0.0679465593490456,0.22573020156582013
0.28304471880713206,0.09086606675007967,0.2261029922417941
0.2551198211014773,0.11011106928455834,0.21660275487802488
0.2756015405425447,0.17619804143016504,0.20753496487930034
0.2847466476215992,0.19492234109746492,0.21694422745069927
0.2891201962084964,0.24597436371268278,0.21939482291119097
0.29105421087041655,0.2925954250093269,0.24050208973486353
0.2960304542528179,0.30719576028799744,0.21389851869984147
0.29968249721915113,0.35312715852163756,0.20880909265008588
0.302,0.398,0.21
0.3008940580773519,0.36155966781147464,0.19993382376484328
0.30097049922945285,0.3083489029596276,0.223359360145195
0.3116329044216094,0.25458166381596714,0.22763092543880795
0.2846957584726339,0.177360266734034,0.20894253616668582
0.3247771043366516,0.14340516333069805,0.22257080896027115
0.3250672574688569,0.08062268732167356,0.20312733752621817
0.3109779825867926,0.03218354066238191,0.2103037061338421
0.29339958801085486,-0.029042196518071446,0.2268829008948338
0.3102111911538721,-0.06839916838272793,0.21113918128153555
0.314,-0.121,0.21
0.31005282809247176,-0.11650612798094452,0.21029563641874324
0.3176639187526743,-0.11375561336784881,0.2098133969357861
0.3249847591660551,-0.11618672818303828,0.20758028561662428
0.32794314672277436,-0.10740778357181827,0.19995364968061172
0.34238515413167164,-0.11395507809002632,0.20925764567623265
0.33778807254352783,-0.11470276854845908,0.20646580575678966
0.3422734227857596,-0.11740349631733125,0.2151464210109187
0.35296413203905547,-0.10294465116898671,0.22052517351893278
0.3449000287539532,-0.10600749804651234,0.22453354339818757
0.359,-0.11,0.21
0.3644903565601028,-0.0795700542234786,0.2171631981671534
0.3691171670035837,-0.05095868036995427,0.21491583252599336
0.37063930802127704,-0.028536284792896018,0.19625785131522397
0.3896617074299685,0.013438328914561553,0.20220226991549423
0.3788708054857469,0.05755117322043745,0.2164404624952255
0.3904276381938555,0.09446423522813258,0.214416936405866
0.3787160017585588,0.12177353886780548,0.20970518663896465
0.3915312718488314,0.15173635798699417,0.20735258228256462
0.391599362985964,0.1754752343532606,0.21276580406740614
0.404,0.216,0.21
0.4043807810163205,0.1816865051863651,0.20047597417208302
0.4138996469207621,0.11487667335887584,0.20509401530248955
0.4034486081300801,0.0562650747556589,0.198569681209895
0.4134287011036199,0.020326760609367903,0.2126104937783885
0.3903824998253387,-0.03762257967210839,0.21240265481220924
0.3901296620497254,-0.09228637196375275,0.20677533607546986
0.4067862396299384,-0.14835766753270033,0.20860199959411024
0.39650711528338356,-0.1799550349947009,0.2095484903174453
0.4112926565543936,-0.23756798470885254,0.22704140378524768
0.404,-0.284,0.21
0.404753083745442,-0.24495764226718936,0.20431087647070179
0.42930698421669183,-0.20829596584050752,0.21240646170582175
0.39477911742300104,-0.1543857704158093,0.20118275867486615
0.4148178433758186,-0.11666791433491638,0.212014628468465
0.42260901564198405,-0.08396195977863066,0.20867030794378352
0.4232336432972406,-0.02789308308327148,0.22016191625171488
0.44561270894521465,0.00020251667812813678,0.2082440887607502
0.4560643621717988,0.0486634184805515,0.20875537360361093
0.45110844755252383,0.09238756980326675,0.1944826602978652
0.452,0.138,0.21
0.45194843739370055,0.11583631642315766,0.2160614348073419
0.4581976824535251,0.08835713646472333,0.19384327367725646
0.4851814122846313,0.059368132915730565,0.19088547458117427
0.4772045621359532,0.029357331207795087,0.22354465794386258
0.5068217859550891,0.004391627230480889,0.21193515270402025
0.49935303958523297,-0.02747565059127874,0.21311116749506454
0.5213096194642676,-0.047356057050431555,0.21947556257359788
0.5202277773804059,-0.08938633021260808,0.19696611099539016
0.524155945043637,-0.11297376297902494,0.20653360188224612
0.539,-0.136,0.21
0.5399803099169875,-0.15156849927721122,0.22082232745852282
0.5399095748135385,-0.15329275491769767,0.2067385529735395
0.5539505784010694,-0.1547118729475164,0.2105041119299225
0.549305756043754,-0.16210357549347212,0.22436722353432606
0.5634377239735111,-0.16628428564896647,0.21347379715180287
0.5774372575940827,-0.16466695646554907,0.2085009818595219
0.5610863966793204,-0.17055272391910448,0.22130042867269956
0.5883164451269299,-0.1725342690898149,0.2216238680108155
0.5796873775583936,-0.19136085007385983,0.22806471840150738
0.584,-0.194,0.225
0.590445453901847,-0.19725805791751305,0.2185321067924245
0.5924780191831956,-0.18583246832741562,0.2194839281562981
0.5768538799917932,-0.1931553384493198,0.22369446180632532
0.5673702852600434,-0.18375442887807342,0.2274691769685272
0.5697949363717851,-0.20440065155596238,0.22388684362880618
0.5683290818805922,-0.19000919061955113,0.22390402386161973
0.5841727673514667,-0.19724978746727442,0.22702108202339844
0.5755251519635072,-0.18003161519902142,0.20647359363377094
0.5839036370266671,-0.20225850084397728,0.22213808276377486
0.584,-0.194,0.225
0.5744032959555619,-0.2103291618956888,0.2389775422179407
0.5425251959420283,-0.21365181388442356,0.23664244136674073
0.5210835869620841,-0.2150415584342927,0.23403690071021407
0.5095076112166298,-0.22336684251067346,0.21218204584844608
0.49352067400738336,-0.26770076183644553,0.21501768915320474
0.4798221359493142,-0.26499621440480553,0.22689570446870705
0.447131563370077,-0.27567559202524256,0.23673790682455043
0.4413073247903814,-0.3000133526503849,0.20907697185183205
0.4082585322218622,-0.29777710402547686,0.23718511697861788
0.396,-0.303,0.225
0.33072168934833374,-0.33303340757529426,0.22278938472435722
0.27482453510956545,-0.36997306529087864,0.22109348436060455
0.24419149279119987,-0.3903774138074494,0.23468036431094189
0.17848243576273887,-0.4431091020026498,0.22854180300913812
0.13917995559998037,-0.4442636396289061,0.2320198299260067
0.07253917267811104,-0.5048719466871218,0.2339030886067576
0.019886374740412948,-0.520768957346892,0.2265542187938213
-0.04214898497096749,-0.5352019090452433,0.22873197604487974
-0.0839365821121592,-0.5986407301365492,0.20508245476733122
-0.145,-0.615,0.225
-0.08753510792066876,-0.5766093089853087,0.2139637575989226
-0.058364072424820466,-0.5457622348110642,0.21540416850286603
-0.004813574018385216,-0.5434565119182709,0.22118120444278322
0.040632543399788924,-0.5216353905968535,0.2285618730070867
0.07908284303464365,-0.5054622414980364,0.2375483074726806
0.12256059383914956,-0.46683481798862453,0.22572269153863656
0.14069008281108025,-0.4360263887668471,0.23254741025524897
0.20841332445357377,-0.39891148783772806,0.23057474681808415
0.22994852320365902,-0.41237768484591014,0.2191712368546867
0.288,-0.365,0.225
0.3163738700857797,-0.3361127662992888,0.24293661724599036
0.3663922160128438,-0.3059283717932648,0.22084184223137918
0.3709230368118863,-0.29324801959133695,0.21748278582066802
0.3929402235041887,-0.2539996370660834,0.2125311739643415
0.4251899907400217,-0.2367657675997783,0.20650844917354252
0.4621336618968481,-0.1813096152355566,0.22218984719645907
0.4752630663178904,-0.16190578127303895,0.22583629879445277
0.5311800263265586,-0.1430472995035322,0.21000293340357498
0.5500022489867,-0.1266363460644259,0.234724385368631
0.578,-0.081,0.225
0.5589096604647324,-0.039731863271700564,0.21128273476059017
0.52533557273657,0.011513330123379129,0.21847093230035347
0.5009323804150541,0.04451153693180888,0.231751035642016
0.49067016742501673,0.09255234301870645,0.23133326235179177
0.46284953338289236,0.12300775898243947,0.232932163142903
0.42238837094894227,0.1793044159325644,0.22438994224803036
0.4087883970295813,0.23934083587783414,0.21941063510002534
0.39101156064856224,0.2687374248277404,0.225918934582072
0.3596562979298756,0.3034273979723542,0.24263809691292573
0.328,0.352,0.225
0.3014183030109595,0.38769117871056025,0.21839742108373064
0.26832563670432336,0.369473102750288,0.2029500888290463
0.22971508155072692,0.397894218400109,0.21889989195684365
0.18681544267939731,0.41113604250267066,0.22668589673531353
0.18237996231695147,0.44047685619300087,0.22691266373239444
0.13499142630869512,0.4385652376739258,0.22266911766189026
0.08291728490947647,0.4631096530014668,0.23634923453739293
0.06100463435974213,0.4860438791673386,0.23685674880894855
0.046228641002768515,0.5061699873906554,0.2181764983484572
-0.004,0.529,0.225
-0.038030191245222944,0.5036677355249605,0.228405172783627
-0.087478403076049,0.46702137511491265,0.226227869935948
-0.13018938421137968,0.4396337771516261,0.2118412186015755
-0.19236385339830858,0.42418520429603884,0.21764826334448986
-0.23066866806329872,0.40796232502603835,0.22418486329086784
-0.2579756667688955,0.40577109510296827,0.20981374323782206
-0.29694929414234666,0.3431054867748275,0.22423779652495723
-0.3538746874630032,0.3324574100673878,0.21419108628015024
-0.38839052739731555,0.29325871933919595,0.20879481115480464
-0.437,0.279,0.225
-0.44750496323174066,0.23543114584071537,0.2313931796940747
-0.45331847412468,0.20326630107694726,0.23745323004696312
-0.45004952129613585,0.186128306900748,0.23316558665951492
-0.4470352370799486,0.13371756600342646,0.21820926573740074
-0.4606348301679077,0.10715614838691805,0.23002739580551537
-0.47455362598570194,0.07046319096771705,0.21413398203898065
-0.47623905013118745,0.04894775379958587,0.24489251352395222
-0.4913210278237864,0.005850923448205477,0.22568197991038905
-0.48618666608462086,-0.027991512356290507,0.21653541539057888
-0.492,-0.068,0.225
-0.47683386068901235,-0.10398279061112053,0.22454870262231968
-0.42475251438019085,-0.14930048822131792,0.22410184226454852
-0.41660176014944666,-0.19494943693544273,0.22233587470926092
-0.39249310699636736,-0.23723718526952228,0.23981177269585327
-0.36529561700714847,-0.2729780301508508,0.2239021482954575
-0.34878660230784675,-0.3291656078872797,0.22245642196517715
-0.32026519580597024,-0.3694972768667013,0.21874857857143726
-0.2984183306351963,-0.4151232876531738,0.22281759129965717
-0.27679546647099895,-0.45138942060644205,0.23940911703456358
-0.242,-0.501,0.225
-0.2105813830442107,-0.4876149335986559,0.22082440488669533
-0.17467029201785556,-0.4787310103995041,0.2286402398627445
-0.15691324385945676,-0.4671642743053833,0.2287427726172967
-0.13591422613923604,-0.4236922263112674,0.22455868365062215
-0.10051383607481404,-0.451729064509724,0.24345033734535573
-0.0808268748115119,-0.42499187946391154,0.2261476408716701
-0.05110702698296294,-0.42395636126505687,0.2523591257448854
-0.015191012372102977,-0.3954332065749305,0.23069092677556657
0.002355357081904045,-0.38469628595351474,0.21759126755915395
0.047,-0.368,0.225
0.08065767496886851,-0.35135586963731047,0.20585955385852278
0.12476376230342145,-0.29934835644650243,0.23607734483924023
0.16747109742549304,-0.24605434929944675,0.20217072877693676
0.18647680722261245,-0.23151982174669766,0.22392161087092677
0.21206528022605978,-0.19983396802828926,0.22653902465175488
0.25931382594793956,-0.1461449507885122,0.2223656796449282
0.2800932942518524,-0.12462632328457128,0.2120709005603941
0.3253911437162874,-0.06940853044201135,0.2150992257532402
0.3634909800797705,-0.0408835452110553,0.23126919848706354
0.4,-0.015,0.225
0.3806738338451943,-0.009182121595681065,0.2111065764502459
0.37335867799982897,-0.04629758390178605,0.2069530037013137
0.3505061287187566,-0.048234532701711616,0.22817767821963394
0.3186286572517442,-0.04862828171984015,0.22470323173709555
0.32150888076832485,-0.0642811063902528,0.21898096182526283
0.3122347096118148,-0.0802879680850693,0.20947199324393573
0.28486591472124184,-0.07406183018885651,0.2294815241963417
0.27010353550132415,-0.09830373711111744,0.2429895653573037
0.26366180980018217,-0.10230551976912411,0.21914884593774508
0.237,-0.115,0.225
0.1971336969660583,-0.1400279380400343,0.22314038350034035
0.16099751946758334,-0.19210329049894725,0.24490774437776758
0.11432568324979031,-0.23090904508664858,0.23737376593255985
0.09798257108969795,-0.2629235486960711,0.21821958520251775
0.05608662293931325,-0.28677539620425796,0.24472320170822975
0.03469990980316244,-0.31109526320512576,0.1986323376447467
0.00919926170841839,-0.38679194123525956,0.22226847344264056
-0.04255340517038163,-0.4037234128563494,0.21981117962000457
-0.0922115143147808,-0.4374798449293713,0.22999286096311775
-0.117,-0.469,0.225
-0.08934011425638141,-0.4499320076839353,0.22063458018399132
-0.08383508609959031,-0.4282888611401047,0.2161266764824768
-0.07985656709124506,-0.4037272305046633,0.24265852590586348
-0.06577902706060568,-0.39217649846156094,0.2247360505853586
-0.05932555102186417,-0.38486993192990177,0.24328977569719176
-0.049912401715256065,-0.3701628222447445,0.2283711997528532
-0.02853628543933612,-0.3621390077607913,0.22697528736654127
-0.034733709635365664,-0.3347779328522543,0.2174862000840936
-0.007350860545007387,-0.29139151168830035,0.23008366114565296
-0.005,-0.293,0.225
0.0366601286397293,-0.2649618538409167,0.20651308707374977
0.06938217166495747,-0.20924431640123212,0.2113851508159915
0.10520155036274285,-0.19412747624729546,0.24723828187219876
0.15921524211450047,-0.14631444375916192,0.2205732624385587
0.17593409088545384,-0.10758869188387536,0.22844307605941155
0.19935603571925167,-0.07402295270352181,0.24456448704575595
0.25497994942222146,-0.012243432365577199,0.22941635702900726
0.29922133619026264,0.011934949257579909,0.22174631537911568
0.31489068130702597,0.01859126032872151,0.2320179301660655
0.366,0.078,0.225
0.3519145163825619,0.04945619433582363,0.23000455952076285
0.33845030778147583,0.0746705686258641,0.23232677704525442
0.3010092122028302,0.04665077570006114,0.2339770581414472
0.2886661629287487,0.027675549854845365,0.2424941274644756
0.24730068265619345,0.017421207921258182,0.22497308328935742
0.24033882233827164,0.006095163826297063,0.23155222614940674
0.23913124439814734,-0.026342893875890862,0.22040360968260175
0.2166787359864798,-0.03046595098617054,0.24094868872516964
0.2067656255192502,-0.03932409068773884,0.23403639377626223
0.178,-0.046,0.225
0.13056550936561484,-0.07109829615912999,0.22676039883607663
0.10096914590197366,-0.1229248699430551,0.24096410593702655
0.05626192558562709,-0.14068435937772658,0.2326373068260305
0.03134859056787775,-0.1930898111420837,0.21792226049273403
0.000412031977460514,-0.24569805010671622,0.21503985042346468
-0.0361045610181209,-0.2628725145208765,0.2194104677506157
-0.06695811274560934,-0.2871125490802545,0.21041278766707897
-0.09896570355963885,-0.334112907003024,0.23679064682744985
-0.13713971542960468,-0.3667973053927157,0.21848096019029728
-0.175,-0.4,0.225
-0.16897927067761834,-0.3847560518602706,0.19812566345510868
-0.14239307531286993,-0.3605422959811935,0.23454470602779237
-0.13080056932617343,-0.34532762400021316,0.2304441190556422
-0.11836047646647807,-0.32500091980424856,0.22345155804453914
-0.1134853900331219,-0.30956657541791904,0.2300742168880258
-0.10566673051161299,-0.26600881850186747,0.21782621185710035
-0.07952276492739493,-0.25802229947018923,0.2238572779120303
-0.0731291865326448,-0.23112483045103085,0.24049355098976408
-0.05069274085664523,-0.2115434935567161,0.21141115036503977
-0.04,-0.201,0.225
-0.0025466454415990396,-0.17725351410728174,0.24253470274741043
0.03486045996477358,-0.13551457629307997,0.23937458346869103
0.0742619523319072,-0.10050620827649501,0.23648519913883903
0.11045392971367138,-0.04776545598592249,0.22422369103493328
0.13358152882507612,-0.035108276335728245,0.23503906336735916
0.1861995794647673,0.01946343581022518,0.22006488973653995
0.2028683041701159,0.06952741006143248,0.22582204575670387
0.2501360935927468,0.09147616654673377,0.22897122734042408
0.3019042124955586,0.13449522021008228,0.2192160638678428
0.331,0.171,0.225
0.31489400553373914,0.14803990541891143,0.22066517238226113
0.3020425633725127,0.14346202243649606,0.24476575980110743
0.27481442098110864,0.13564211369460194,0.20321795639804485
0.24814402233565533,0.12038646082322804,0.2114305434220103
0.22901581382053005,0.09684119970796265,0.22684871778913648
0.19408548373396936,0.08545093430918115,0.21015639096914057
0.1903089123684646,0.06652239563097924,0.23303679473229952
0.15048580897814237,0.057020994353351014,0.23060385318747378
0.11420286608040964,0.03655876380849689,0.20388160954204537
0.119,0.022,0.225
0.09638195137765714,-0.004215719261608311,0.23626591947437187
0.03670905948810305,-0.058542522109768805,0.23176815222269595
0.01297113091262878,-0.07998632073870741,0.22723394811871947
-0.014103554149380176,-0.11833204388946118,0.2136546612174168
-0.06316063904105965,-0.14643721207744953,0.20983221737863367
-0.0780698172293482,-0.19571792175417568,0.2197629353438714
-0.1427707622130919,-0.2251010418103605,0.2215067398270491
-0.1736491603995378,-0.25865520594524544,0.21677976206287514
-0.18743237217042674,-0.2880381735715309,0.22700542409523874
-0.234,-0.331,0.225
-0.22790642708240416,-0.2938422624839451,0.23591468923680486
-0.19609914621372357,-0.285594602016989,0.20898569044560747
-0.1831438224915507,-0.2676908484771436,0.21075599694570504
-0.1739177729856452,-0.27091972446763724,0.23285725554411468
-0.1296989551897852,-0.20909094280189,0.22529582435137055
-0.13519314955035253,-0.18354862569622832,0.21894790095133512
-0.13103430182607312,-0.17194706791995573,0.24251121846965645
-0.08470909840345442,-0.15771373787854373,0.23743649387346352
-0.09814717493846424,-0.10624265507239482,0.24614204525627065
-0.074,-0.108,0.225
-0.018979410147601326,-0.08030683028410136,0.21383174000971705
-0.019454887603210326,-0.02865478527246994,0.2557306647310891
0.03896520867955582,0.02111953344904538,0.23961400386499532
0.06921734092267563,0.04240860125120795,0.21505424595178474
0.10498549403665974,0.06867818729082588,0.22309269506128263
0.13653258385251177,0.10757502526654208,0.23044907722388996
0.17600452263604657,0.15796903330932244,0.21882717011451092
0.205162003970327,0.18142858485158064,0.2198686766211931
0.26552046649049926,0.22209299608860278,0.20659797490747062
0.279,0.246,0.225
0.2530730408953529,0.2257050423005738,0.23118319526240536
0.2448127469277151,0.2094648027188398,0.2216258098512054
0.22723128512285098,0.19177987105082525,0.22009977267726397
0.19626807058528217,0.18135782661828223,0.20653493726213668
0.15223619185982834,0.16499254763023805,0.2015914266496377
0.15235756966239317,0.17019515461967083,0.2298255163092326
0.11835506672198662,0.14625226387314172,0.2150569493224511
0.1074124230417854,0.12665250528879138,0.20880884061469054
0.06912696232936937,0.09488723029382684,0.22776312000074758
0.061,0.091,0.225
0.029509529560668844,0.053478891993134776,0.23006581440190857
-0.013515439281218096,0.018046295504831545,0.23320535422299546
-0.01781303966162049,-0.015480778032655304,0.23894142244454852
-0.06337683006459949,-0.05116112891055213,0.2321616494708455
-0.11471333302145363,-0.08431169594613516,0.21596350216011245
-0.15752985418111712,-0.11913835810894578,0.2332124925077629
-0.18838446965482952,-0.1575892925775907,0.24816966775613702
-0.2266750615316911,-0.20147088418591327,0.21594259364477475
-0.2659818474615841,-0.236468597944928,0.21979566695913
-0.293,-0.263,0.225
-0.26609261148231966,-0.2454009456914779,0.20244979376845765
-0.25819831920375963,-0.21872173394734482,0.2208573429967373
-0.24026325378932578,-0.19148553424761128,0.23326647875801682
-0.2238875691078707,-0.15679166600735636,0.24065565445759418
-0.20969617297015355,-0.1400194355199168,0.21048349917511605
-0.19716745552726694,-0.12129575716365748,0.2293343985935522
-0.16414828523902103,-0.09095218344286041,0.22935910612455718
-0.14757047755881364,-0.05802722245957706,0.22393584727554594
-0.11563169526679332,-0.012807626410361584,0.2350870825173015
-0.109,-0.015,0.225
-0.06470691861924759,0.02977573723149419,0.2283312943315746
-0.02315355226185318,0.047259175472081576,0.2289694134810175
-0.003910418408260722,0.10465787232863569,0.22621654067179933
0.04490086653442761,0.12979282445909535,0.21920707402968045
0.07870863362021707,0.16256429818156937,0.2318190797205526
0.10988924515448428,0.20188400958942992,0.23654745690679566
0.14134895613864554,0.22200329346982517,0.23426849137478628
0.15817490788249786,0.28411343600215067,0.21702184541282848
0.22380433769966443,0.2912422992435944,0.23735123044782575
0.245,0.338,0.225
0.2151827927003063,0.30335626099508606,0.2340301452484534
0.2026969133198334,0.2982158310000252,0.24713878659783722
0.17666828335947912,0.3063933467481367,0.22948577753697794
0.14944533006800512,0.2862036939790402,0.22955397100387742
0.1560167371256542,0.26738231599275225,0.20012660163056736
0.11132029741367136,0.23193736317694302,0.2405338557367867
0.0826431289566136,0.2094747256848427,0.21456595542402646
0.05634778686619024,0.19886641972173266,0.22453880144962649
0.035473867282583754,0.19596315252273447,0.20895348341843728
0.02,0.177,0.225
-0.004752003148501865,0.13166110838704562,0.21773530733519622
-0.04064557169426809,0.09675469406065773,0.22768374765378335
-0.10867206939560818,0.06813447335827283,0.23185553393451153
-0.15320831226443135,0.02083641433396968,0.23768242133297035
-0.17555512707323692,-0.002777871284943157,0.220816954114589
-0.22499720923111902,-0.04412499948937114,0.23662488321014166
-0.25874980922345936,-0.09296149362891384,0.22451720692513952
-0.2824279580993273,-0.11158966013313433,0.22908723106109097
-0.3248783028142956,-0.16170444253424862,0.23111517243534238
-0.351,-0.194,0.225
-0.3361649013790679,-0.15727034174486038,0.20595014453466196
-0.2924306273778757,-0.13993556417848652,0.21753321067915682
-0.2766916455583431,-0.09989891291797628,0.2366065647559762
-0.28091188114919285,-0.09546796501279822,0.236256707733225
-0.24893257970217822,-0.06484022244117883,0.2317625038448943
-0.23227294852299601,-0.03180507537778834,0.23224283936020038
-0.21529551129694566,0.005862892515941775,0.2382679091729452
-0.18624951879060297,0.030951040750257435,0.22474978595479486
-0.15798112770742526,0.04806100574450499,0.20843542188649566
-0.144,0.077,0.225
-0.11117276053088582,0.10688083883406711,0.21710985076253966
-0.05494678975674484,0.15436786426248186,0.22491813701784596
-0.03261674265474768,0.19417957253141896,0.23026330230435904
-0.00541326495222843,0.19308545186990403,0.23528340772898032
0.036612270687705145,0.26430324341450373,0.230992376325328
0.06113809744829676,0.2739452204591281,0.2198704010727865
0.11329645959218979,0.3166981873026272,0.22278060865528432
0.14180754089849346,0.36529064121291216,0.2114551813548642
0.18304616028705842,0.395048457466959,0.19475873463011456
0.21,0.431,0.225
0.20537948691295665,0.4026464858947395,0.2224560640547784
0.16688659935913935,0.4032389071498617,0.22273684890794107
0.11008750834865014,0.37578186688441206,0.2158235725418347
0.09954655364754265,0.37076514995513354,0.2263352853193086
0.07592135911687276,0.34196037852013006,0.24303359500884109
0.07960544275260925,0.30863712146047456,0.22374844989237672
0.0313347049241613,0.28682637809593137,0.23335010676605264
0.003626718132001612,0.29438863092357387,0.22421227498191146
-0.028794335719081972,0.28663099808505327,0.2199011946461628
-0.039,0.246,0.225
-0.07249448867178247,0.2060816578853082,0.23503181269943318
-0.11767876358140708,0.18348651984472136,0.2445066887917618
-0.16325498465739355,0.13445041728116994,0.2391329547483892
-0.19424026055063773,0.10330073177814178,0.23522988665386235
-0.2137204452141221,0.040519451794545955,0.21520933282177673
-0.2653453894705158,0.023151786414309258,0.22885416175620737
-0.31058931279622054,-0.007891319730599776,0.22751152108414102
-0.34393659150300504,-0.03890580183183186,0.22997643516685864
-0.367492488147326,-0.09932640906590663,0.22260551050178568
-0.41,-0.125,0.225
-0.3864038510764523,-0.06655633957264592,0.2229662515571117
-0.36651356498486903,-0.07030487304104836,0.21682761503304507
-0.34586657128636916,-0.037163160007429426,0.2166070126765591
-0.31269599231186884,-0.016596823641426957,0.21324242884759687
-0.2828703881109684,0.013160278675439575,0.21747136413445106
-0.2703602550626193,0.035175606012505106,0.22052334910969915
-0.25150124079431285,0.09605422021688488,0.2342063250938738
-0.21216591745813243,0.09620395040114268,0.23403454735103135
-0.21363137884136482,0.1448935922884525,0.21863445839085843
-0.178,0.17,0.225
-0.15453081596634266,0.21939661008982017,0.2082465633393315
-0.1169340388919194,0.25707456385665556,0.2146347502191905
-0.06497346877151237,0.29787153458844423,0.22657086363753268
-0.04909603366479319,0.30536291164326596,0.22228283647773972
-0.007141808637668616,0.3488556596202383,0.21963855916015282
0.02974162649539991,0.37970030588223797,0.22962761056249625
0.07450431076992912,0.4074416129291767,0.22375765497290417
0.09253234852546578,0.45745105567676947,0.21449563089151694
0.12332316899062798,0.48233711794775425,0.21400230341726942
0.175,0.524,0.225
0.1532297096587028,0.5052249515662152,0.23316937678191368
0.1170601619393496,0.4794381781916705,0.2194511931660929
0.10071339245275537,0.45737896911357434,0.2039163760486587
0.06058775338159291,0.4565072994172438,0.2076989675442058
0.03226184766675444,0.4133643368600831,0.21254206578051218
0.015571228541029058,0.3918436829551088,0.22742500526243092
-1.9207540405732568e-05,0.3811206977213764,0.22386902321285773
-0.044894951778009354,0.3448930549966055,0.22579389322387255
-0.06977914382645393,0.33964990808862083,0.23743562599799964
-0.097,0.315,0.225
-0.12207670520839843,0.2878463427197439,0.22730931745647226
-0.16607913843591285,0.2358692236629183,0.23789063745007785
-0.19206420857054002,0.21000343279793107,0.23831571732023143
-0.23619212639607262,0.17128178723376042,0.2333461213166399
-0.28244937934819075,0.16831585767014218,0.22122963467850468
-0.31955825238280916,0.09258021134507013,0.22633986605187023
-0.3268439401080399,0.06439142354025067,0.2138265619205773
-0.3884199397617815,0.0426000265158968,0.21447053273446576
-0.4256852443257584,-0.00025313358147042867,0.23993955258308966
-0.451,-0.039,0.225
-0.41671285504582534,-0.008411711094312073,0.23251127913955083
-0.4184157973970219,0.031491546847677784,0.21213761593290284
-0.3676335738818474,0.04988767336853796,0.22822017616188678
-0.35798365937580295,0.06344498599072848,0.24497310417230725
-0.3455803867878819,0.09614858210287998,0.23046462213196348
-0.30623755107677975,0.15660676415758779,0.21453559560131846
-0.27667047280690654,0.1884940109740861,0.22322104256169908
-0.25118686251570777,0.17955275730270287,0.22254161776599488
-0.24073453104280743,0.254577106611721,0.23353491485884553
-0.213,0.263,0.225
-0.1781466395135062,0.2905605672779057,0.22608048663875566
-0.16560479170227016,0.3279259041251968,0.2327936304081142
-0.1257561551808283,0.3726208059290854,0.22237476707981357
-0.09055370685802082,0.3997446167702775,0.22378125657736775
-0.051135467482286714,0.41316113872105675,0.21663772904771775
-0.007286864454229661,0.4621807661292108,0.21755681255641973
0.0235541300020834,0.47949823900501687,0.23383936750633771
0.03704315847596219,0.5439311511166753,0.22301420838871375
0.10840931569449405,0.5806759907552873,0.2247809285303909
0.128,0.605,0.225
0.0802428305536157,0.565392190033509,0.2110327216315392
0.04792084787782814,0.5434979009712113,0.22348456032086736
0.011425583898222565,0.49553242529596775,0.23627001271381207
-0.029677756499456566,0.4788481050311654,0.22572036168102522
-0.09761142347779943,0.44626633938797916,0.21449429654985783
-0.13796494848244956,0.3944974814490983,0.2326167236501431
-0.15288870536134988,0.36684948084149566,0.23905065106018772
-0.19218617313318645,0.34831467287600576,0.20659406337035788
-0.2379587418105098,0.30037409782549107,0.22582164161264978
-0.276,0.263,0.225
-0.29795277605730414,0.26145179378990757,0.223437853116804
-0.3412700395246285,0.22513994699760304,0.2106143727158059
-0.3369527666597043,0.21892284806478565,0.21933524325253623
-0.3497092150134733,0.21373705375775084,0.2118359634480129
-0.38824149921536144,0.19105234007081104,0.22875326659758272
-0.4017668214801014,0.1687321671790344,0.2348122754612089
-0.4310057410300386,0.15267355382383566,0.2057518243712244
-0.45436357570415103,0.13405392557036738,0.22115943147390094
-0.4784067008686581,0.13400018446502593,0.1987172615214482
-0.498,0.105,0.225
-0.46628314981556745,0.12885037794456558,0.22971146937843798
-0.4709525504127498,0.17332853312948215,0.23531873008810722
-0.3993321013825102,0.20338302760020038,0.22816625658183573
-0.3864451842482664,0.2278256514037939,0.23706924074698482
-0.35046352841453904,0.251375838453578,0.21484813641922584
-0.3362040152830967,0.2948729662976959,0.20371122701758823
-0.304645518568068,0.3277550047972196,0.2349499855109741
-0.290096814518437,0.34014361680933525,0.23360181747527567
-0.2522328909799711,0.3542042605518887,0.21824822994259924
-0.228,0.4,0.225
-0.2720253999697995,0.3622765328311063,0.23139218196183767
-0.30039449722970896,0.3269533168168436,0.23154373910744971
-0.3388519801416951,0.3021440625432904,0.2109467828753427
-0.3816370533817389,0.3074076559680106,0.23156557946056966
-0.4160352725629305,0.27302343051653843,0.24092289187414753
-0.46253370942597916,0.20718456705267996,0.22696577934308623
-0.5083863691636307,0.1838926789801822,0.22116537287274704
-0.5277760662481698,0.18154810462253018,0.22849491984128012
-0.5533115998078579,0.15469857499974146,0.2287437035465915
-0.603,0.124,0.225
-0.6010284403522672,0.11660644888061698,0.20380994586534754
-0.6065867099997136,0.10296699707668139,0.23308343780028848
-0.5968950522581267,0.08170619421182655,0.22351625868642455
-0.5872822015493959,0.07495549694650845,0.23407971768044258
-0.5681473579897344,0.05682511120123623,0.2247297981801674
-0.5549119536419556,0.03993920888545596,0.2518245421879867
-0.5345177822259273,0.06324424797366875,0.22083693923332398
-0.5546967024544842,0.050892429681095516,0.2189401288976925
-0.536698861313354,0.02288208856041629,0.21637660060492098
-0.528,0.015,0.225
-0.47861889009175546,-0.040233173589583573,0.25183586287781695
-0.46158948105985503,-0.10057375194124406,0.22435100416836792
-0.4256950253228145,-0.1738557303173519,0.24194454063985832
-0.3836133942191505,-0.2200107364222949,0.23576792799488905
-0.33153377696334957,-0.2565895482310401,0.23545405868999925
-0.30799377388661026,-0.3203134861641193,0.2201877146248407
-0.27719633274607464,-0.3616757526610512,0.22205353454599533
-0.23510979662409237,-0.4301885185960031,0.2163191966832012
-0.20523885925107713,-0.48248864933060787,0.23597998738315698
-0.163,-0.543,0.225
-0.14867055394902337,-0.5118306042506219,0.22888456315786723
-0.1082960552601237,-0.4919194176814519,0.21980281216604705
-0.07398016533928542,-0.47633336475551974,0.24184468868791167
-0.019646582974257483,-0.4435844886757183,0.22832627063758634
-0.016599901979940813,-0.4214575576030761,0.22202499081503638
0.04121309819182148,-0.4167964624795796,0.21238721390488496
0.07953851535670112,-0.3625044136137677,0.2288644221005672
0.10963778048572548,-0.34101870672586254,0.2124297816501272
0.14647791557429202,-0.3285538211522194,0.23761842394582425
0.185,-0.294,0.225
0.2224839609501663,-0.24955894631716935,0.22235734098278567
0.26680430841717623,-0.23456004529978716,0.2062906790865021
0.30657798217759413,-0.20852815713270334,0.20146365418277823
0.320635492994587,-0.19148070063394165,0.24604447914813193
0.3382029580298197,-0.1679879928329445,0.23765247610569665
0.3844311016967502,-0.11241701470226238,0.22524584868128586
0.4475395728007134,-0.10461805541070414,0.21695984863769047
0.45496938177387175,-0.06607434470080281,0.22026557816258605
0.500134451317685,-0.039379542054610216,0.2154928775516874
0.527,-0.015,0.225
0.48456122758274217,-0.04584800722537304,0.2136450358638694
0.44852554205369216,-0.07229506069922846,0.2338632369409932
0.445528749192645,-0.11892646998275282,0.2285789219398223
0.41924718192006327,-0.15476098514987177,0.21487509176684233
0.34002875583908276,-0.18902683434698694,0.23539585470198757
0.328155381045821,-0.23850738651178713,0.22458692777407022
0.2757173110475246,-0.2740864439520771,0.23393926981307944
0.251005544611943,-0.3017078287402725,0.2050655512013041
0.2110500131471378,-0.34415619171050854,0.226561491889513
0.174,-0.369,0.225
0.18878935433014407,-0.36233605018248655,0.22826114509231818
0.2023964182453235,-0.36092912070583916,0.22395955216982752
0.2092789808725077,-0.3504001448648609,0.24181857427756195
0.20002967904640903,-0.3471834337163209,0.241095078200479
0.22549900010614782,-0.35684364756659326,0.2200112943421601
0.25714572429159455,-0.33868787518402843,0.2102888651020979
0.24180231396587576,-0.35435999068542956,0.23655850256679484
0.25290944426996054,-0.32552277231243343,0.22253643927715036
0.2585440348103035,-0.33278585168066266,0.23842376953476113
0.279,-0.327,0.225
0.2858943870343679,-0.2855655998531403,0.23163119469354923
0.3275743278875892,-0.2700968870922306,0.21410186872443354
0.37036345887553457,-0.2586873660051031,0.2292898359459723
0.38462504924100765,-0.2463766467866069,0.22162121264266688
0.41770688351757695,-0.22518890666742392,0.2409406306877163
0.43772062104604914,-0.2051468806488174,0.22203546131578966
0.46134264262200636,-0.1932170200636962,0.22887947302902217
0.494618014571605,-0.17139969115143058,0.23074641401544535
0.5123101265416924,-0.12960078136795566,0.24350933495534915
0.544,-0.126,0.225
0.5484447473846185,-0.12556689871970847,0.22021887963795803
0.537367473323087,-0.15487774378338673,0.21264241750439541
0.5488958562997261,-0.15956197296048644,0.23418116146431833
0.5380411336731634,-0.16660122002337985,0.20552118693110025
0.5375725834885825,-0.17256250798066636,0.23325641949691137
0.5352333008949105,-0.18555778457869465,0.23610830005073144
0.5365105830677159,-0.17093035865707465,0.20534426501819275
0.5314688538693055,-0.17886815784170965,0.22326367129386498
0.523504286134918,-0.18884546492241475,0.23402220536394175
0.529,-0.205,0.225
0.5346901962132224,-0.21055259286278813,0.24475651273312288
0.5333890103786817,-0.19315744339501634,0.22522819206842692
0.5722758754137232,-0.16947988903336655,0.23564916660046556
0.5519512700958294,-0.1741143185212741,0.2203462346377827
0.5639127409289356,-0.15531654727862235,0.2569933725765051
0.5791781104088349,-0.16011093212961,0.21871330426115823
0.5833315756917846,-0.16749653544979504,0.23130136318812852
0.5898187661193623,-0.15595164752898227,0.21800074050080973
0.5955405047966179,-0.14298847559821254,0.235804952720868
0.605,-0.128,0.24
0.6137396251399909,-0.13400689193815762,0.24649036442689226
0.6043251596406527,-0.12352334524521268,0.2545414099317552
0.6139724318361981,-0.1179486210956226,0.24175224627649355
0.5838659454723985,-0.13489354982248636,0.2383111400838467
0.607360374535624,-0.13347664653472957,0.24429893310542047
0.6029490886920165,-0.1307467482060607,0.2327229223169534
0.617061919697485,-0.1272891318161257,0.2409683391275269
0.6072228732297575,-0.11877620333906024,0.22735386910144664
0.6049126505828167,-0.13631069082342837,0.23646010928633301
0.605,-0.128,0.24
0.573973189157613,-0.11257692265260806,0.22497049452089699
0.5231339624768805,-0.08612570074223669,0.24535400724227502
0.4533727516895827,-0.08083354508049982,0.2368831901241853
0.43497842706502055,-0.06511712268620805,0.24597987873402422
0.3750472132662832,-0.027664300338619066,0.24726784768589588
0.33785044590865876,-0.016223614394721433,0.2396699739476301
0.287300137363269,-0.002409634005472363,0.23544529188233904
0.2520723549141117,0.012016391520046991,0.2248404374908597
0.21849085700340612,0.025135047888863185,0.2474585895314811
0.159,0.051,0.24
0.14012059197001875,0.039453979393688506,0.2491601298606426
0.10257509783481414,0.025282817193648312,0.24254217757520782
0.07695139804687631,0.019648709989079315,0.2385938731157933
0.06051555443550033,0.0073026913750943055,0.24323543705947268
0.0163562526026029,-0.0010258322646992763,0.22846460964154341
-0.01595445890864477,-0.014381876996826127,0.22548141184320666
-0.00804485082251814,-0.018665662425855486,0.2333671770048146
-0.06832391528980444,-0.00466970525832628,0.24653612703736152
-0.05155526465653866,-0.03982400414691101,0.22471199800453673
-0.098,-0.045,0.24
-0.09626506910466426,-0.0010351353555244176,0.2254522633867574
-0.10923817668919021,0.03689235818415336,0.24911840305240732
-0.10294066229480028,0.08726667147588531,0.23895279331716607
-0.1164199348775506,0.12321316885939858,0.24250826436574233
-0.0977083860969155,0.15940991572851732,0.2493470073240599
-0.11349161391307888,0.20031858388521176,0.2391136820188634
-0.12311593782293531,0.23577966735833453,0.24658660466240173
-0.14221638833975808,0.27210536564589427,0.24140609937863913
-0.11940867592543393,0.29431463409117703,0.233381280426843
-0.134,0.349,0.24
-0.1044152452178604,0.3647828180661035,0.236227184497528
-0.05571611267549569,0.3649268184492516,0.23252806737042234
-0.016094100357446316,0.34084933679265184,0.2357980913324205
0.010379632097389924,0.3635169348137843,0.2229636673467217
0.05239406106270311,0.36788709946830456,0.242820436364512
0.07028842879335942,0.36646724821673127,0.2515297250350481
0.13386607030318223,0.39172755306276275,0.23804479152559216
0.15427071535835296,0.378411241391773,0.22370228518117105
0.18071717313381527,0.3775448083170682,0.24564014384459842
0.233,0.386,0.24
0.26726057166740047,0.33547437640022243,0.2229586781855053
0.29090545760807857,0.29338443387750623,0.2300919686710221
0.2926973081041028,0.24746830900835254,0.24688252790952384
0.31394465378605313,0.216674356745838,0.2465435193551558
0.34160059055786735,0.18075157930388724,0.24173154336995048
0.36731626701644243,0.10431971807403992,0.23324742199653511
0.3667230553405284,0.09504873720068321,0.24756917374342713
0.4061658513887032,0.037693100101661756,0.23390871738015506
0.43125995104156295,-0.001207085825532534,0.23501722070256761
0.449,-0.036,0.24
0.4166208272888468,-0.07216507934370368,0.24053599195616243
0.4066249766013149,-0.1206896466574093,0.25739416528070536
0.3612911518390257,-0.14997570897166237,0.24185159161056194
0.33114066972847955,-0.1835918662939098,0.25973927614725967
0.3094608474183924,-0.2389365207745247,0.24002858945521136
0.2736345116695934,-0.2704557327155587,0.2577278813659368
0.24175330841672452,-0.31401115648397326,0.25084809209565545
0.22500808071813003,-0.35229048810628755,0.2221391029367838
0.1908253889791223,-0.3793485844170658,0.2336303689956669
0.169,-0.418,0.24
0.11170995464832156,-0.4132528265802842,0.23815763093171377
0.061456220348178416,-0.39561319095106856,0.24762360782484918
0.0332840037166369,-0.3780352634579752,0.22982246708096848
-0.018475960134782695,-0.365609235983134,0.23885657501485294
-0.07444267682265504,-0.37282099251816353,0.24217984161391745
-0.11571267877601688,-0.34632058528437065,0.24452777458416244
-0.17178619215099017,-0.35183912184236915,0.23133545230628696
-0.22296249163840895,-0.3274576245075932,0.23867004469932065
-0.25589493556506365,-0.3394138395193624,0.23929259276909767
-0.317,-0.32,0.24
-0.33756725145772865,-0.28958604719859815,0.23818783960060633
-0.33058877457976504,-0.21842604945896577,0.23871809554767337
-0.3599609130781614,-0.1767590662092113,0.24455373442949932
-0.35582746737520937,-0.12342142857479037,0.23340298056586709
-0.36889934246791206,-0.09433335854248089,0.23309371784615385
-0.3831418385215454,-0.05738625110071977,0.24314052435787
-0.3981422802599894,0.010748124569624965,0.2437621592571277
-0.4008184298311766,0.03419032708613959,0.22884381709727059
-0.3916153949641215,0.1050445907568015,0.24960255419624583
-0.429,0.141,0.24
-0.411489899510161,0.16656397557295133,0.24161546472653592
-0.3502512624931452,0.18519420593179903,0.24456712738021202
-0.3312123750181561,0.24083097067388312,0.2447044922688081
-0.30440735197404406,0.2619632831182696,0.22315015240272565
-0.2668777388900379,0.2617417976255707,0.24868355461872826
-0.23769074992981576,0.2987837294194479,0.22782978136767165
-0.21219906169463648,0.33407027190673066,0.2451548710060719
-0.1951064381538825,0.3423720743427974,0.22639115401951085
-0.1434230873602277,0.3727726359738276,0.25200467865679466
-0.12,0.405,0.24
-0.10421816061239805,0.4003556956555057,0.24985523849837968
-0.056061618840261465,0.3966419923985908,0.24116101072273455
-0.039318390185618377,0.39416664461190726,0.2420297888352909
0.0009162014919443743,0.38110348999612664,0.2506430063527571
0.03879740452964126,0.37427042852138537,0.2581362079166058
0.05310115749463656,0.3693114424126287,0.24785149549778313
0.07128708014762349,0.373643165506515,0.24143098677759622
0.13403149646193088,0.384363689946734,0.23020745843125873
0.1347349982747129,0.3618922660733307,0.24746936628562358
0.172,0.36,0.24
0.10743496965784365,0.36734933936846065,0.2577149471496014
0.06913016326147953,0.3486607343582492,0.24395226933795405
0.01602027082909037,0.35387707784233563,0.2331377788213136
-0.03541057313396019,0.3497573392933312,0.2275091262412642
-0.06584052664042052,0.31560269592914864,0.24547161333756198
-0.12217297246116707,0.3182218571752379,0.24191243914760763
-0.1682068559286399,0.31918701830813745,0.24788370687561662
-0.21181086830999118,0.3100846288211327,0.22772440757019277
-0.2607479926074188,0.32678182057202004,0.23966797953853908
-0.32,0.317,0.24
-0.2614173577383781,0.3065499072213486,0.2300738554843065
-0.2179560145237786,0.31158666764892684,0.24589583269333162
-0.17718980296370976,0.3265332654698756,0.231599175770517
-0.12218813746409718,0.2975660756177489,0.24750032918893106
-0.05814881604950979,0.3270000974091364,0.2301921636266747
-0.0050154381393797895,0.30724748224467824,0.240816986073283
0.039036254157039235,0.3245140376618923,0.2346674382216757
0.0899955404953357,0.3029017390841564,0.23948712354870438
0.14130927793563086,0.31403212605148045,0.2234072827294647
0.192,0.315,0.24
0.16571349113062459,0.30850396616427705,0.246617537971175
0.15568165509141063,0.3054027959578133,0.23452187596417812
0.16419309322899142,0.2906199562355792,0.22536804147770584
0.12271079447688542,0.28725176467836827,0.24033596053769796
0.13577171490931786,0.28969280169456785,0.24778139241911482
0.1189112989880284,0.28914991258337697,0.23165547465090292
0.08486909501240462,0.27192034065255033,0.23781492541097282
0.08478507451221073,0.28286644967307034,0.22984584352964524
0.07280022273189463,0.28376234442855697,0.2611265003648015
0.054,0.27,0.24
0.021805769932048566,0.2697195980266681,0.23394275079891189
-0.02157020189191522,0.2666999594804199,0.26265044315312824
-0.06781410987030785,0.2386011358279024,0.22863026551784926
-0.10413752612812519,0.2502014210946652,0.25387484978624625
-0.1652094513798595,0.2563596323925249,0.24489028920844813
-0.20015498204033924,0.24182151602997923,0.23736588156417335
-0.23330186400060277,0.23768065730665755,0.230185395821164
-0.2870611829723197,0.23240541531037892,0.24448251182901984
-0.320666419430403,0.23639520003211464,0.23431204539502037
-0.366,0.225,0.24
-0.31560073102933855,0.25278573662730236,0.23714893087577588
-0.258132648941144,0.22499830880963076,0.2505775548658749
-0.209768321782969,0.2204175794946339,0.260085689195859
-0.18217201984353487,0.21627014662715663,0.23214608249908195
-0.10539345150196275,0.22066037146666376,0.2384888132977778
-0.07470258188092604,0.21730663063004077,0.2533949690137729
0.00201718936364146,0.21755290459591994,0.23811515709149023
0.03027668117323523,0.20173809803523074,0.241614483594568
0.07553594673188106,0.22734515020789703,0.2377186077367221
0.134,0.225,0.24
0.13270980500146562,0.21384904282351785,0.23619338182998084
0.16874828778164488,0.20338292120373602,0.24051507018511004
0.16166074626457747,0.21854294293916043,0.22782542088510715
0.1819172018760912,0.2120032672895781,0.2466195010556621
0.18196261455301965,0.20191458083080432,0.24162928892860458
0.18961298516757902,0.2045647097437588,0.2351725034799844
0.20649605788037478,0.18739196033993424,0.25514244697489086
0.2057839119155931,0.17736099083532297,0.25084723101174927
0.21299984219549054,0.1944925861829968,0.23446900751481847
0.226,0.18,0.24
0.17286780636877663,0.17415261186551242,0.2468211908163254
0.10134389300118615,0.17581050133625853,0.24557716977758395
0.0705985606016174,0.2051388407719759,0.24536427920064866
0.01891714264656273,0.17078816118893347,0.25705171756347023
-0.04361285352465091,0.1792158486296391,0.24060367084158757
-0.0792630048407599,0.18375682652132969,0.23861704210443566
-0.15602737146371887,0.18309594665904141,0.2546371797738123
-0.1984585805847111,0.17636918746595223,0.239185853229805
-0.2586474717403239,0.1944017230744778,0.23286278972432314
-0.299,0.18,0.24
-0.27709434953720846,0.1849731598490391,0.21956595644968202
-0.24720423922134285,0.1621779472297348,0.2531633501287568
-0.22566684828647834,0.16814917227610243,0.23179670724193277
-0.2120783482195088,0.1606347843498499,0.24654928701296852
-0.2080244556153762,0.15877866383960829,0.24023246461099704
-0.1802281698002756,0.16893994941963988,0.23451558125304114
-0.1635773165419111,0.14521810290620374,0.23065471011141475
-0.13468065513965993,0.1409220170087625,0.23870769044633489
-0.12728857292569903,0.1281166496945313,0.23921146454678954
-0.098,0.135,0.24
-0.03632299665998573,0.13074945483105077,0.24003978704701148
0.0037683816839149155,0.13532744175397693,0.2460177130353184
0.034275429345951756,0.1298596921340568,0.22686040028689083
0.11616610767416563,0.14878407372345975,0.2427115391272319
0.1553229378936204,0.11366116970001262,0.24577887384434252
0.21683054823059975,0.15281637272161125,0.23922625281444376
0.2439556692809199,0.14771182973918803,0.22871645513429975
0.32778888646318877,0.12973590188001008,0.24932450760654298
0.34893388731746405,0.14949511087075218,0.2564992462411825
0.402,0.135,0.24
0.3732510586232351,0.11750357085261613,0.2278283974523571
0.339872011309621,0.10397751875908182,0.25274134631901535
0.3016961710199923,0.11210441851352855,0.22215440253980948
0.27185098149093445,0.09770626418792089,0.23253215930547896
0.2480241740596413,0.10689779843988052,0.2470669112207033
0.20155915030142676,0.0941703063147156,0.23986323814361782
0.18667932707912036,0.06445926468904907,0.24431499052670225
0.14580348146205468,0.07405957791005403,0.23878821428522112
0.116345684711198,0.06625583960104649,0.25495221004649327
0.084,0.061,0.24
0.11369463126318385,0.04261090153714175,0.2155527505498036
0.13472733284426655,0.041011536854219,0.23787098265834697
0.17852344187355096,0.06274867851225914,0.24739073153247843
0.19086706842956871,0.03442485251242074,0.23602665550772922
0.2464244627827887,0.03179381231844522,0.23906372168113096
0.2689203840281244,0.019699744479791354,0.2481834544719443
0.2940659283326335,0.027638163587367655,0.2490851160643373
0.3075111800766086,0.009323238041737947,0.22062113059014077
0.3606322944782214,0.012631366481877543,0.2339660889276921
0.38,0.0,0.24
0.3718988531935988,-0.0020859393879149256,0.2553151339452777
0.3608017259095924,-0.014490171138309237,0.23283994226548466
0.3537724795776049,-0.0006155563196179881,0.23181295702642102
0.3459729924076637,-0.03295421316795012,0.2409771651928314
0.32690472199686404,-0.0022122753352282996,0.2460421890338908
0.3350364826959314,-0.024346055312688658,0.2339090674365195
0.3189762495606695,-0.04145260095883389,0.25088399725105104
0.31978950716424437,-0.05900202018489263,0.24851172118792447
0.31576987551896535,-0.040204321773595876,0.24181665003470187
0.298,-0.045,0.24
0.3006949015364207,-0.04182556241067005,0.2495934760255665
0.2623401138274636,-0.0536972470280143,0.23694863971940883
0.23633835682320306,-0.0687010819905993,0.2342317726908544
0.23746925956075451,-0.07344973916567249,0.23232944438805395
0.22345391652083427,-0.08181506059926648,0.2521254760218298
0.20083940362191716,-0.08495557264353865,0.2461537213970982
0.18533241155410582,-0.07805418768216565,0.2379843425140968
0.18682739120240516,-0.09096849590715016,0.23565189956316407
0.16601520362403677,-0.08853652942373137,0.24870709882932443
0.144,-0.09,0.24
0.08742705555742294,-0.09074419284085807,0.2473211764470592
0.042992221015926195,-0.08604434862249155,0.24223027562674496
-0.010425443553045165,-0.0882930072869188,0.23888563863315435
-0.036419294308145,-0.09529678519488591,0.2334804124437189
-0.1008313354813294,-0.08197083711636202,0.23846583457148196
-0.14851870343679727,-0.09783312726086338,0.23060957567186616
-0.22032829981269977,-0.10370954668986396,0.2327987952792018
-0.2446745077775056,-0.07117034826406624,0.24134003723719777
-0.3185950448806553,-0.08304132415886951,0.24828472434909557
-0.366,-0.09,0.24
-0.3449763053165797,-0.08767048253965438,0.24379601844692508
-0.3130399381891564,-0.08850173116474236,0.2297146959540649
-0.2875260651027162,-0.062323126515947236,0.2509675404680619
-0.2588612413824626,-0.07087357326626534,0.23185918099619798
-0.2255001737274022,-0.05152207939928332,0.23742283686405996
-0.19632956769803586,-0.04832748856686034,0.25492590269299614
-0.1884226166510425,-0.019124914981788265,0.2534953833484891
-0.13919139080520715,-0.04142974793865089,0.23280922999790277
-0.11763251078851024,-0.03468599400130143,0.24804574041012287
-0.102,-0.03,0.24
-0.11988051758005507,-0.028954913923876162,0.24079395146209406
-0.14875524663115133,-0.0197549339259443,0.22434035059082505
-0.18515935015589574,-0.011393667592392654,0.22961955448844157
-0.19780837819788294,-0.0031897689142016935,0.248649744082567
-0.23810282600142463,0.0017355146413935993,0.23269228128487252
-0.26013947415781685,0.019909901026072183,0.2593391382130532
-0.27090604518966793,0.030911720301434208,0.2516880754945565
-0.30055937191081106,0.031643861446451864,0.24999426552260265
-0.3199429015355055,0.047829707213813966,0.2359011345476687
-0.352,0.045,0.24
-0.33776560115352555,0.04428438617419535,0.23281911932137084
-0.3459757800402656,0.05285757816067495,0.2573391555849439
-0.33050188966160565,0.06366993201171785,0.24522818227439044
-0.30926823087059396,0.057160064719408495,0.23496762143622416
-0.30195985347997795,0.06728700212097688,0.23438854054198882
-0.2784359636778043,0.07447643101233158,0.22926993538395674
-0.27446871219424457,0.06998192836167234,0.22589210518070435
-0.26172114418581527,0.07605792160439945,0.21219165352515926
-0.25732262815443346,0.08041560684449683,0.23870602053311737
-0.244,0.09,0.24
-0.24583973837705306,0.06650525733935658,0.24263671544048926
-0.2748318719739091,0.04113690624932981,0.2369700197775615
-0.26885564592779243,0.020179755735754548,0.2332866362028088
-0.279828014648815,0.0071194320615142375,0.245669475257359
-0.28821416424583823,-0.033239870405292575,0.22553298275877437
-0.2869355219628122,-0.06236195276035554,0.25295488758777224
-0.3140836775508996,-0.06520005876016814,0.2550729991298926
-0.3238207700592407,-0.07493570033165123,0.23040153236664046
-0.3268585239041951,-0.10219001273663092,0.23975535609284085
-0.34,-0.135,0.24
-0.27773210095877293,-0.1435407503022359,0.23497880954572115
-0.24284241614401691,-0.14214194882950373,0.24846908909925297
-0.1870478033013487,-0.14449656774352598,0.23222842099150434
-0.11424710815126568,-0.1487525349693105,0.2321415292200268
-0.07089497637712211,-0.13895916737241784,0.2514370902163855
-0.020395711714987694,-0.13167985832808857,0.2478136024519301
0.03344834081731509,-0.14424280964978262,0.24206532138710632
0.06782216829052266,-0.12284415835606828,0.2295952419006049
0.12785004102246714,-0.13237870868114793,0.24455140414656776
0.185,-0.135,0.24
0.18072840690099148,-0.12450444611184273,0.24982895976523786
0.19564366357418464,-0.13282639614136868,0.2359754098036283
0.20392441904569522,-0.12595018209455655,0.25619072595158027
0.19967467305284264,-0.15459722472501677,0.24981541669550347
0.19229488177142032,-0.15270478742805987,0.23955496210327765
0.2109740279247263,-0.15937898713297413,0.24728648028680955
0.19973038364531176,-0.15424390941694083,0.24320725609776586
0.2067742628172925,-0.1662832994561242,0.21833404064009188
0.18659377349902156,-0.16892263204484495,0.2426510523435351
0.212,-0.18,0.24
0.18265833991657518,-0.1856426112798172,0.230251822780424
0.10034900572466599,-0.16937571485985958,0.2303120000995173
0.07642712042299574,-0.1845089694784779,0.24387283851636737
0.013365582714849375,-0.18436441498255352,0.2353737748573749
-0.04129062162791554,-0.176392162842262,0.22486756816119285
-0.11338614607041937,-0.1659438138171898,0.23290513537464477
-0.16963412633944316,-0.17933240562110728,0.2522659188191846
-0.20144520747813657,-0.19497952029570484,0.2570118374072743
-0.27531910185237035,-0.1700900370781744,0.22472765040247233
-0.313,-0.18,0.24
-0.27677176487239363,-0.19160381815421898,0.24329399575659003
-0.2593816952406034,-0.18532859857709408,0.227983762365965
-0.23553040676401588,-0.19581982708501705,0.25336071930378845
-0.21670503369968086,-0.19648237467419763,0.23689016596833554
-0.1815144893740534,-0.1991555480587432,0.23566270361212105
-0.14256581613566127,-0.20487163861785992,0.24623762029427587
-0.12354199472827938,-0.23245310338460845,0.2507720284185449
-0.08672773766621075,-0.24399954802810916,0.24962949221122271
-0.07274019579481815,-0.21819842470455494,0.23082391744396083
-0.046,-0.225,0.24
-0.013973316161832528,-0.23280330674622063,0.2497444955716421
0.020435047549114738,-0.22684328274161344,0.22586447882640992
0.07296272203185766,-0.22867374800716794,0.2239770179641088
0.10160517823604556,-0.24817570257656746,0.2419838429668476
0.1704337351319558,-0.2476209902113269,0.2446860384676558
0.20793978280283423,-0.2591974136609775,0.23381425825219623
0.24879215728727408,-0.25606932273453836,0.25534149411477725
0.27065692604831676,-0.26106840602903875,0.2427601901166799
0.320053388995827,-0.291198763396184,0.23731023133050153
0.357,-0.27,0.24
0.30825295474940184,-0.26443792769213553,0.23942198905892423
0.24916931630886355,-0.27402841644157977,0.2485898239159489
0.1937528707113322,-0.26661302280570337,0.2316560928862658
0.16085381057631604,-0.27526820300007904,0.23147727970499363
0.1080007845397367,-0.2715551570351278,0.22713894979697066
0.06057714678308192,-0.2656363670320263,0.24691328495505258
0.005544977085578969,-0.26790702943541317,0.2349212605102096
-0.03002119393087096,-0.2724198812267128,0.2383883398227878
-0.08799705601112874,-0.25561911205372817,0.24700799593650166
-0.143,-0.27,0.24
-0.14398020423352859,-0.2585546889019343,0.2488406884652166
-0.12891875268494793,-0.2869820348764642,0.25536628846847587
-0.11692134788574181,-0.29147868550414474,0.23609591151333773
-0.1076856387386759,-0.279733363971298,0.23177445926254703
-0.11367911121549136,-0.29030592943109085,0.24122416407553027
-0.1027573707084696,-0.2934646677059334,0.23416632496198292
-0.09736890705927037,-0.29270993085124547,0.23613640462111996
-0.06754856203135666,-0.3015592322881305,0.21867645542905026
-0.09027869783383698,-0.3055980920193067,0.2692319640193015
-0.078,-0.315,0.24
-0.0253127527052851,-0.328497425523152,0.2401664242218642
-0.010317436258479536,-0.3204196956839019,0.24021397736863168
0.026956694429031265,-0.3299931667383576,0.23989864694718802
0.06510275092591479,-0.32873935604018717,0.24205721121254745
0.07733475288755634,-0.33493442106357074,0.25285338041002325
0.10585502226860848,-0.34219558221021545,0.24155145363380617
0.1560467588847886,-0.35603770599629014,0.24956936267317334
0.1902218608543502,-0.360680067760091,0.23765869118321126
0.2151224165296962,-0.33574252220244416,0.24854645878684778
0.238,-0.36,0.24
0.18616553738235192,-0.3546394025286743,0.2359925987919418
0.12821645340732304,-0.37239562468361526,0.23263057213705277
0.09492661496291989,-0.3578856265066158,0.24890095940261073
0.039007315633940026,-0.35653114332347935,0.23461901322613918
0.010526781379490726,-0.3620707871690975,0.22765969140870532
-0.06934465342747818,-0.3605978754037099,0.23408577188345706
-0.10294010766049445,-0.3729727964670698,0.2490762132739383
-0.17032196931017848,-0.35489260937258843,0.24046011560463457
-0.21260244362012448,-0.35628844861143655,0.25868986616228096
-0.262,-0.36,0.24
-0.22463855989926765,-0.3723475489553405,0.24488689566868468
-0.17035240263085968,-0.3574291945331553,0.2546543292271932
-0.11790638506544965,-0.3667621019350138,0.23151318499533893
-0.0726860307756773,-0.3714591517450968,0.22428834574057707
-0.029859356816263345,-0.38592372358799837,0.2518183605782787
0.025137350089469268,-0.3718942184868024,0.25224941920557004
0.06323366242157055,-0.3877900308838442,0.24215873213460995
0.10076973107066839,-0.3915600024965616,0.24005200188904824
0.16199017806674415,-0.39980441384799964,0.23711720489673077
0.196,-0.398,0.24
0.18817057469672235,-0.35054505464979935,0.24740382120894405
0.17833416976817354,-0.2474468271687604,0.22827945716767403
0.14906468238710252,-0.17676914028790264,0.2551450476722811
0.13905908492783428,-0.13329472630193162,0.24801548305615156
0.14704145681154854,-0.07039994123931377,0.23041100065418524
0.12373759909760339,0.014699964832672253,0.22660065850213845
0.09477115674224776,0.07652006198006292,0.24046351712005634
0.10055087684188996,0.1566824107613506,0.24207741921443512
0.08007638370619502,0.21018537304272497,0.23443704055048092
0.069,0.29,0.24
0.06545374463978448,0.3069478077294194,0.24482407881792298
0.0478056746614492,0.3275469212472642,0.24735348816525907
0.025975238823085743,0.33492548828616586,0.2590292537348494
0.02820328208697405,0.34317332997438343,0.23434191053811995
0.008153630639181439,0.38241603081021897,0.25118696731245765
0.005351257744280857,0.38736699421169885,0.2583439948978751
-0.017975865122941824,0.3971004023049767,0.2486766916130474
-0.017713961757466416,0.412706040771688,0.2615972927551984
-0.032091631763912276,0.4487907549821806,0.25202508734661216
-0.04,0.45,0.255
-0.049926264734023826,0.4450102481030209,0.26363905565224854
-0.0542766802372261,0.4271302657976951,0.2516502940518122
-0.035071349628554946,0.4606973935411486,0.24127622070941826
-0.04246521700678371,0.4368335268466319,0.2452331209979828
-0.04109961481170021,0.46413087612495035,0.268092605596211
-0.04149233719444438,0.4225356420828821,0.2412515758884331
-0.02611210023665702,0.44334479439299235,0.23554447328463807
-0.03747787408415699,0.44087015311858113,0.24458514593527397
-0.002918064732732456,0.445922893362939,0.23413382806061947
-0.04,0.45,0.255
-0.025530854466063464,0.4279279108907466,0.28407577754605795
-0.03600785241589783,0.4000668001668938,0.2471097695117124
-0.06068782340661542,0.38856132262629234,0.25943327387603804
-0.046870171369344106,0.3491736360613525,0.24405109440102768
-0.0639252249350804,0.33263067626909076,0.26273327021533804
-0.06647118788810191,0.31671401508291874,0.2596792172784807
-0.057261863941623074,0.3091166279635587,0.25193537075006445
-0.05673469923256877,0.2884598085881854,0.25516315652271315
-0.06882419829036181,0.25314759666330716,0.2472886946904899
-0.072,0.225,0.255
-0.05751945390881699,0.1986597053361805,0.2541599909597597
-0.04422971638587359,0.1931418272097066,0.22958410811660362
-0.017829490369908906,0.14101925749116176,0.2456033813022111
-0.01098621055480641,0.10953575353065542,0.2705361915479849
0.028392963571350155,0.10328797523271367,0.25078527612207663
0.04138066007287472,0.07004960360973927,0.25817211325930894
0.04639912737677157,0.04894051371822712,0.2410774547761353
0.06576419108452367,0.035321887683374124,0.2460338827608549
0.09132022819049748,0.008330278014920863,0.2521002246646967
0.107,-0.016,0.255
0.10169992104477092,0.008777798862428677,0.26957795154947
0.0874653348595802,-0.012876689673592897,0.256726996087949
0.08070283250338875,-0.03920340559707603,0.24751530281884995
0.07705749744583393,-0.042431593095387445,0.2663138564623905
0.0714875836084962,-0.02238226369145677,0.2578371525780413
0.06276726753199616,-0.05498960564908856,0.24115976998995345
0.06004897678103773,-0.048651012223014295,0.2641980318667975
0.04547196125271311,-0.04566943477255003,0.26916058067112547
0.05185261694576011,-0.07307367185051283,0.271575520662711
0.034,-0.074,0.255
0.06486699748654004,-0.05819798688186982,0.27530855578149716
0.1159453270919023,-0.08144262902844723,0.2584554646556077
0.166024883120583,-0.02089758348523592,0.23377511938308682
0.20890574061043488,-0.029496947731906746,0.2516437673198576
0.248813362103573,-0.051722443423566446,0.24735727152786044
0.285113304288983,-0.03266686965659678,0.25975950997056924
0.3360743096903654,-0.02000175150584369,0.24701314648283945
0.3672307054774816,-0.0202387074608818,0.27423540282773057
0.3964892126026692,-0.011532507602963767,0.2544021395168501
0.452,-0.001,0.255
0.41928246538943914,0.051096270566034496,0.2604349010886791
0.4122792883417492,0.07514595543216665,0.2666394942500336
0.3901947568969114,0.11355594686457571,0.25820874241839337
0.349608409550392,0.17171626697075995,0.2557732070086746
0.322105564999374,0.20396838136039655,0.25676386447065275
0.28499048628796736,0.24624676272885168,0.25660581675921057
0.2812304360696023,0.27456617680853074,0.25492633185664837
0.2507154953867348,0.31832162687425664,0.262686258416359
0.22629890483085005,0.36895062123040767,0.2592061935632387
0.202,0.403,0.255
0.14821795846721839,0.3982672011076644,0.25906923884398303
0.094506544851477,0.3818090450839489,0.2741234974316844
0.07385052442467828,0.3736354110109421,0.2590672148208406
0.007851084366134096,0.39806956554325157,0.2524869190845774
-0.04325489487815121,0.387891362434997,0.25985000296960375
-0.06994615574846508,0.37495822863050626,0.24432904674511177
-0.1317180594585993,0.3807781033298111,0.25713691824235285
-0.18739330312690897,0.346589918446429,0.2729468610944368
-0.22283870280834348,0.3566715332285886,0.260735052866793
-0.27,0.36,0.255
-0.2825412306335612,0.3123816000264803,0.2522025376245834
-0.3120131934454051,0.26260659716822865,0.25072568068953893
-0.3259441023890334,0.22250325411813737,0.2640107230949822
-0.34480541016918165,0.18262526632134846,0.23519827426740852
-0.3545502420769291,0.13256920598155011,0.2548922058646043
-0.36846847084814793,0.09786703012867021,0.24836946397288126
-0.3979305455391739,0.04117606077755497,0.2392108259017531
-0.40670932211197625,0.007941158334640064,0.24285502922964528
-0.4261544746332208,-0.035168475602492325,0.2600864106100935
-0.444,-0.081,0.255
-0.41539562155900134,-0.11749999369496816,0.2550815679080262
-0.37446867997169037,-0.15132012478752582,0.2587328183115042
-0.33174600753411765,-0.17953830304189453,0.26317539044909516
-0.30951941925044973,-0.22764079223894906,0.242759231814632
-0.2608228081680651,-0.2589202037720871,0.25366039993998424
-0.24477290875860613,-0.28196118931009173,0.24445455364562443
-0.20286337244388333,-0.3297604523909858,0.25909957866197275
-0.17337093790326247,-0.3692543328863536,0.27413371847551216
-0.12787637419607661,-0.3972682645933367,0.2399564467545085
-0.101,-0.44,0.255
-0.05367707642137978,-0.4329202244172171,0.2538653945132999
-0.00838458895895882,-0.40229077057497287,0.261826432365219
0.015983214664328508,-0.4031623654657384,0.25069780085433346
0.06278403088490551,-0.3614428882822555,0.24378468612750667
0.1238461354764777,-0.3513794582777716,0.2566908123779609
0.15178688713125263,-0.34747558551077856,0.24229108375473468
0.2187570468565672,-0.31879479619433765,0.26696691515643795
0.25436869439062393,-0.3187119328810463,0.2554022679408061
0.2845585215949308,-0.31420343182949456,0.26240779870667535
0.348,-0.287,0.255
0.32520882858259714,-0.26266604577125574,0.2571429988203029
0.30378771567085533,-0.21668716314956848,0.2343317641715931
0.2825329878478592,-0.17315681651688655,0.2661228436269066
0.25594142664471975,-0.14998044444144618,0.24497835629591203
0.22736874216030034,-0.1140513216875963,0.2613994300124232
0.21134132608448955,-0.0654948440167589,0.25542562015061265
0.18305028332988324,-0.043357208566837446,0.2377500106704328
0.17455346045800582,-0.004833650868954533,0.2677803386473592
0.15203062200102052,0.03329707680737033,0.24616008462185268
0.131,0.058,0.255
0.08964176699084275,0.08566076809959428,0.25706003451527526
0.07107645090900591,0.12737599056188864,0.2427581523584821
0.01779102456767611,0.15522796340843809,0.2424515228926932
-0.013716008987248882,0.17436746571310777,0.27489493836379614
-0.0568410478158493,0.22783265699552016,0.2567932994837448
-0.08543503125008645,0.2735407933257756,0.24732189400656468
-0.12256274824945396,0.2859915444686319,0.2601967117375371
-0.14905067719379422,0.3237111383605434,0.24731670243588197
-0.18187101895264943,0.3772827853428313,0.24695268086972272
-0.221,0.392,0.255
-0.19689633263601616,0.3594262034669788,0.26542633233463525
-0.18258617553112966,0.3464444513053389,0.2683351391239025
-0.1663703091928645,0.2978249966754718,0.2612658831699508
-0.14073997175734157,0.2792521916829425,0.24538641551564458
-0.11961165667626762,0.24974292713424315,0.25260040222388
-0.12391390157363155,0.2398310340237233,0.25672486589666216
-0.11716211241623223,0.2007660091032146,0.26489847111054154
-0.10749862248565081,0.16986113713954737,0.2557804350800334
-0.07857315031696942,0.13590944780778605,0.24479596558819666
-0.055,0.117,0.255
-0.07094733478575307,0.08903816280583868,0.25399412048969183
-0.10522986824171528,0.14119689205755082,0.25274365546026195
-0.10234050020285022,0.1541179863137091,0.26126324501625525
-0.1391889145165723,0.16055741031851603,0.2529648454123702
-0.14664280768944357,0.18101112536759303,0.24374196707079487
-0.18803408652745807,0.1935470878061172,0.2782220880205982
-0.18106165254318,0.19586817469273013,0.2598654853020839
-0.18030944558320497,0.20623162802378156,0.249016899552416
-0.21072905398856653,0.21173933054386912,0.24564232199619535
-0.233,0.231,0.255
-0.24353100913952627,0.2108981208197003,0.2537819284482203
-0.23754614866664003,0.21053204799491854,0.24572694350394828
-0.24369509732247935,0.22399962059315637,0.2665524643839344
-0.2611602763958487,0.22474815547602875,0.24203404074145518
-0.2551284153401716,0.22889631626083212,0.26860731550625994
-0.2525786022949472,0.2244704296065742,0.24893083753707235
-0.2680921960006722,0.22734882309341345,0.2468881996992046
-0.2740285836147523,0.225685912020772,0.2628040532152218
-0.29583312508369625,0.2175219090208773,0.26386200498561685
-0.282,0.216,0.255
-0.2546118679272226,0.1871888299582293,0.27017026003741124
-0.2673034606345953,0.17052404418168424,0.23565403668945717
-0.23987442658699734,0.17297272607199476,0.2737803013342033
-0.24533791123536292,0.11947628958094961,0.2695233677669836
-0.19890203273464008,0.09307627981660445,0.25964342420906555
-0.1902037656152052,0.0825876674254816,0.2403458961172066
-0.16404604914078544,0.065829886327355,0.2541422133207247
-0.1578101982663538,0.04980270733521553,0.24080912473764235
-0.12486052256928958,0.025953662353865488,0.24408231801609037
-0.127,-0.002,0.255
-0.11260323105034278,-0.04347622050177962,0.2571727639158866
-0.055034796097012895,-0.06812791327336207,0.23731545647031915
-0.03246597981941951,-0.1215709190697654,0.24719472339844667
0.016397188466210823,-0.13556855096385936,0.2674678932299002
0.04818958441277409,-0.17101193544961404,0.25656014775967456
0.07932603862394338,-0.23937424651016712,0.24748366053181658
0.1211977841332802,-0.23947084653978803,0.25974191748625214
0.1746474653324807,-0.2962064926554077,0.2521576984990708
0.20622977563854664,-0.325021278382751,0.26902692489980257
0.236,-0.365,0.255
0.20123179092964377,-0.32720300248742984,0.24674792969105613
0.19660741546887456,-0.3185170463985172,0.27595066831661536
0.1968533801162772,-0.28630122281491877,0.27189397525631853
0.1734135470297271,-0.2670983134350074,0.23395468199585814
0.15623134466355562,-0.2294135149456415,0.25635728221274945
0.1270160647260989,-0.20986974747526135,0.24878036335615278
0.14479831289476897,-0.176591118232901,0.26120378622503304
0.11529522079217527,-0.13989192861723673,0.2809097549350137
0.10414759426016042,-0.12451815912357493,0.2725667468670174
0.097,-0.099,0.255
0.11556943398161593,-0.10452604462969388,0.2495737050018475
0.11564128718066119,-0.09632525279069301,0.24366136807369965
0.14133470329365247,-0.11282297339090115,0.2642201539333165
0.16808106851816274,-0.09778851877259138,0.2310631539511831
0.16183157356573935,-0.14693797617983173,0.2719417970940364
0.18616534418077785,-0.14095640376233773,0.24148351272180155
0.18321463929361012,-0.15518857354565938,0.27555527723317846
0.214422979229844,-0.1601163946282443,0.2699904733125687
0.21557647120341178,-0.15854559953699693,0.23583519524209973
0.233,-0.171,0.255
0.2346834982067137,-0.1630999832878843,0.26463113404250216
0.23526620123636122,-0.16620122314201705,0.25485371757315817
0.23825658090670268,-0.156350354082077,0.248071313768896
0.2720951589853291,-0.16166375932420216,0.24274156695067703
0.23980360020994584,-0.15106227746393866,0.2588011890318925
0.25185424375097004,-0.16174497852727943,0.25404416496013926
0.2948975037271913,-0.15582150409288026,0.2612949275168992
0.29045948420033335,-0.16166200357910612,0.24939221991523258
0.289562582338329,-0.15511321348482607,0.23870266593915265
0.284,-0.158,0.255
0.2772371941463694,-0.12877206610337322,0.2512899702106925
0.2752006974192924,-0.12027581899824506,0.2713656955568188
0.2565904450695641,-0.1142545512449459,0.236686359827488
0.2539965701036966,-0.1044229060659059,0.23506760202170296
0.24502484542641845,-0.07078349783255973,0.2690075538596752
0.2447668858523399,-0.0445424878316842,0.24160698356154306
0.2660843493448094,-0.02926596892116096,0.26039787691636956
0.23674506624150624,0.0013673170240041995,0.26526682332597806
0.24988252855274412,0.03016078642886691,0.2447233532181073
0.218,0.035,0.255
0.19286624334973698,0.06107359747083031,0.2529367568858645
0.16213756662076786,0.1154415934126765,0.25454266614539184
0.10819459046451584,0.15080439450012972,0.25795778394420354
0.0668121096853594,0.16144344020177448,0.2449157590806437
0.044293798414127214,0.230255834428902,0.2584570783818974
-0.0038092984761747602,0.25590916034452776,0.2516983154753326
-0.0037444844479369993,0.2910855875450598,0.2542499961954297
-0.059706747130613295,0.34498303986772594,0.26181048960653974
-0.103932508827299,0.3590584797862639,0.24271488784859857
-0.135,0.388,0.255
-0.10331530244730701,0.36491093819956527,0.2560346693206477
-0.08750020652096821,0.3422802709140515,0.2538452771968704
-0.045849251289392504,0.3231891961100449,0.2469752522248683
-0.002907876018216856,0.2879905677924944,0.24084271840604762
0.026907914269810852,0.2553942777278079,0.2615368847988656
0.03415069899579143,0.25159804739658065,0.26942839556809767
0.1002033830697262,0.2150361249334732,0.25634365856383745
0.12304929429578176,0.18160892683147561,0.2509119030616695
0.13717670830897422,0.16567210010298217,0.26546349768319466
0.182,0.134,0.255
0.199607474752398,0.11405713137159082,0.2576144747456882
0.22410693981754662,0.10857512749325156,0.25175888995085793
0.2509127700649926,0.08384371375662072,0.24728459524040267
0.24599890534800428,0.06581932794015127,0.25418793169207954
0.2932362247209125,0.06186139687049443,0.2550372911623278
0.3150158239514775,0.051314347570329676,0.26283162563936063
0.32575244321431535,0.04188864362904859,0.23300073244807326
0.3400872618202428,0.029635883145907475,0.2546272606430583
0.3680209423943176,0.002819330360434861,0.2559656122207873
0.386,-0.006,0.255
0.3566764759830974,0.021771953809212867,0.26725414233843214
0.31176961236719025,0.06580781050597495,0.26074009100282786
0.2638910616174849,0.10404718856672816,0.2566977859539674
0.2631585636451259,0.13783829377559773,0.253064620796961
0.1991354453233073,0.16696154776567948,0.25229347274549696
0.1728874345435589,0.21258440122361566,0.26285160144528497
0.1455463939142032,0.2550625267991731,0.24548076298912394
0.09504313899781494,0.2935635573953391,0.25001655819583196
0.06459818689546595,0.3195602194032368,0.25050649304120903
0.032,0.348,0.255
0.037087366862540425,0.3533209515198794,0.25929870283145107
0.07321704862619231,0.3264725689682144,0.24338748803277416
0.07427588566475324,0.3109855442037127,0.24714188129735887
0.1300196030214588,0.3135585722105894,0.26667655796704465
0.12003769341715675,0.29849876442842027,0.2655336504169719
0.15634019891575407,0.276080404779446,0.2603409840581288
0.15340073716905367,0.2713143810431051,0.24297801975725722
0.1611255009674397,0.25862301921222913,0.259119786975974
0.19421406077160508,0.2519248977980052,0.2515688172558736
0.205,0.238,0.255
0.22943314465144166,0.22782232878951575,0.2700468526746018
0.23903479562592259,0.2173732354310924,0.24194879140131173
0.2576928623695434,0.19791513005453756,0.23702326161219725
0.27375402617819633,0.1838764759344337,0.2663024205943772
0.3042145047756149,0.1813328425205887,0.24740039030821
0.32494841105746664,0.17576471332666294,0.24488626059619328
0.3443189559509846,0.1568112218216905,0.23239712378126526
0.3683294885434802,0.13700371554952281,0.23634273699368818
0.377794866713302,0.15252712372859734,0.25477086938470805
0.387,0.12,0.255
0.3615174376185553,0.16763745033653324,0.2521104799075288
0.3451418182165147,0.17444585233410348,0.2672648994782623
0.2965620092152841,0.19960991419901583,0.2554562692683858
0.290543527509916,0.25049194670275887,0.2517029716277044
0.2547289129576945,0.2617327107629759,0.23439882763649172
0.2390899020095922,0.3238160136194507,0.26385558942108056
0.20332639894803423,0.3468799992802318,0.2701863767231028
0.19839825920884585,0.36501047964018113,0.24556557296786324
0.157149484698346,0.4091269791819302,0.23616372138324376
0.132,0.429,0.255
0.1573388618386671,0.4066081901460783,0.2566929348226703
0.184317807638422,0.3725692512722696,0.25087363734815377
0.20782197018319445,0.3597818436114955,0.2571649363640083
0.23749141869338775,0.34124982798352527,0.2757382671975355
0.23686369235258892,0.32183964109129237,0.2667733808091609
0.270252867783964,0.3224468482495115,0.2660818036925889
0.3213701914568665,0.27569973901394385,0.24918053146216274
0.32179118426968784,0.26606029452735447,0.247558105294638
0.36273367117415845,0.26353129074047327,0.25836151410994135
0.382,0.226,0.255
0.33130179565134227,0.2159479238699042,0.2610959883654783
0.27291843067950544,0.23127003657154435,0.24000917008877637
0.22002214985059126,0.2366042791070623,0.2732500792318436
0.1738341650486772,0.24373176731979787,0.250497685944262
0.098317843732239,0.24103472695541012,0.25624975620587176
0.04975248874836904,0.2287243205008829,0.2489184606062822
-0.010518745772244136,0.23628406887416598,0.2543602191507605
-0.04237324451480828,0.22682277818154112,0.2545428586202459
-0.10256212464816339,0.24534855592863147,0.25023059603215286
-0.164,0.255,0.255
-0.16741486785489818,0.22957550931845325,0.25307156734924174
-0.1638114547920996,0.21498995310901023,0.25473037087813627
-0.1735534953924267,0.1717550641919963,0.24914052144169146
-0.1846904072148618,0.13998759076548514,0.24441173910611524
-0.17567627908012623,0.12453782051578592,0.24500002122876996
-0.16781819619503688,0.09397136671986571,0.2573808687764065
-0.17420366587596683,0.05847167160408885,0.27174558804214854
-0.17253941594314232,0.008504949803759272,0.2531221081680858
-0.1798987961957608,-0.00804496128396592,0.26017571380858434
-0.181,-0.012,0.255
-0.15251759657427377,-0.04190846357647809,0.2479475766506191
-0.09190647162612618,-0.08220791546233705,0.2718676132053916
-0.08795525831541659,-0.12040388455637828,0.24891686467463423
-0.03364942293123542,-0.16915766462400902,0.26619583330348134
0.016545564690022316,-0.2008530789029341,0.24645248427164393
0.03763650813211539,-0.24784615411138228,0.2729807008628513
0.08212042664095154,-0.261529759633336,0.2488690154113361
0.12519210778315618,-0.29828217811710905,0.2587897485183326
0.1222404510195261,-0.35423977089501274,0.25234466602132466
0.19,-0.383,0.255
0.15665506812222568,-0.3445027902116226,0.24323984429292272
0.1350757627506236,-0.32243792074933186,0.24391186117471436
0.06810034118114588,-0.30527343697294,0.24515203899470775
0.05829072853509007,-0.2806028824947861,0.25703975800051654
0.03049918419023285,-0.24823212198553768,0.2546123816644241
-0.0019976855440338227,-0.22327754595011087,0.242509493724138
-0.0224209295444607,-0.20764989759604524,0.2685242889688379
-0.08251325061560796,-0.17716820245156886,0.24185965218963876
-0.09604629116927464,-0.16272680983169335,0.24741559595960722
-0.136,-0.121,0.255
-0.16184713575605947,-0.07841965889664762,0.27787335549986547
-0.18879960374973137,-0.0682159035834826,0.25631059146373636
-0.2158960878769923,-0.05395640488788715,0.26606618405054977
-0.24052134510969658,-0.029795094007881145,0.24754958921519657
-0.27427674485432985,0.008601944218824847,0.25546371706070786
-0.30732617991918143,0.0025838491652036104,0.25282122064555185
-0.34293865352449526,0.04535788000487271,0.26264331917784334
-0.364991913997753,0.06355191025563273,0.25682761153750283
-0.3924319856901363,0.08356491182340946,0.23931008098086246
-0.423,0.103,0.255
-0.38373090198211823,0.05063463039219247,0.2630101035041126
-0.3597041147023889,0.03361074961980326,0.2475365115076846
-0.31554112314805666,-0.001302355150252208,0.24523443252467408
-0.26324477335960667,-0.06373317783694218,0.24654996825509684
-0.24092519080902416,-0.0737849662362316,0.2457533448449581
-0.2056318371602752,-0.1347824882812483,0.2561471140902444
-0.14939794058425201,-0.16434822212066336,0.2511629943067137
-0.12904514252774069,-0.19979983147598102,0.24118203513581
-0.09415490117608204,-0.23032326063739697,0.26452603033757605
-0.051,-0.269,0.255
-0.05330271844591753,-0.2776226095906692,0.2595522808663641
-0.06870249607351601,-0.26429063152541055,0.26650123137354537
-0.07974406399243697,-0.28148800694429754,0.26737310200727143
-0.05411260251821751,-0.2790600227903638,0.24766862445735516
-0.06724195832890688,-0.27304443326190647,0.244475197361585
-0.07229277470292986,-0.2768506468726537,0.2662141993896508
-0.08358432889833087,-0.28473975076392366,0.25791460181080855
-0.06808971393142649,-0.28651074351859657,0.24767142108935783
-0.11170646308002194,-0.27480473294947527,0.26237251303297116
-0.1,-0.284,0.255
-0.1347385425432367,-0.2389260942197722,0.2476755593563348
-0.1628764592463634,-0.21554517606884932,0.23386628876858195
-0.20610123526668642,-0.1883889444342557,0.24921191207815344
-0.23041592112225456,-0.15511277386349653,0.2538666748715561
-0.2805934794597132,-0.11126036913921304,0.24094713003023302
-0.2908939715658737,-0.10230078148577348,0.2373185328166542
-0.34319664212441525,-0.05567716065976305,0.23928252815211407
-0.38770297010494126,0.0003415489205259928,0.2643307486849433
-0.4133646510416947,0.030040811608120204,0.2475037862833396
-0.447,0.061,0.255
-0.42825243685313774,0.01527715528336983,0.2522582897955062
-0.38370333125708234,-0.025494782942785243,0.25493768928434507
-0.3536978136734647,-0.042909934385875405,0.26647417965855946
-0.3139184662159214,-0.09388324484578979,0.24749417557723535
-0.27158562887659277,-0.10880667037953004,0.26343366622915204
-0.25573387981495393,-0.15888902965840987,0.22746922216212834
-0.2239305394675987,-0.21130999271811027,0.2661904767284978
-0.19770923771226595,-0.24429452933085694,0.26245319583857674
-0.14838237222694547,-0.2712737703632778,0.2466966400300052
-0.134,-0.313,0.255
-0.1492570505599071,-0.3063331324094581,0.2579195104053338
-0.17605284603102592,-0.3118664278674478,0.2574717701140856
-0.1826535801887006,-0.3049554329017528,0.25387873574255443
-0.15792719787039278,-0.28828376155900814,0.263643372408026
-0.188028783822469,-0.2976637622353179,0.25063875545532077
-0.17979359291568867,-0.2987848036962457,0.23428300353639378
-0.20002454892598315,-0.28790928404658783,0.26134379326041235
-0.2283100726620138,-0.2959975303545858,0.2523948609889013
-0.2378301456180573,-0.2904283743612388,0.25330530401486023
-0.233,-0.278,0.255
-0.2456233981555782,-0.2677778133906426,0.259162226320623
-0.25738975182778984,-0.2795432852355248,0.24838967833536765
-0.26218291211168426,-0.2511530120624578,0.262362714916406
-0.26978307661429785,-0.277385056773843,0.25179291780794155
-0.2643979394959605,-0.2614786810390273,0.2536414262681881
-0.29306567918830767,-0.24842372688539777,0.2515447140952761
-0.2942530695636534,-0.25717521310061003,0.2541801907321041
-0.32221440205406954,-0.25827218354019976,0.2684084642340384
-0.318777265580177,-0.2530110939919734,0.2545828011199037
-0.326,-0.248,0.255
-0.30310993348101184,-0.2641052946507772,0.2554983219891158
-0.2951057534827762,-0.29293670019950807,0.27653989240660426
-0.2583222268375853,-0.2988620499789336,0.2630717451217455
-0.24215671572961137,-0.33246862839214936,0.27154220313024235
-0.23149520323490083,-0.33470336072312445,0.27500560254592227
-0.24199950285580102,-0.35756499179914697,0.2485163982656758
-0.21455065866644232,-0.369261929986253,0.25615660467647505
-0.20370040983569415,-0.3980277123652574,0.2702238682018169
-0.18004045396880805,-0.4033278827801723,0.26832710017024364
-0.15,-0.424,0.27
-0.17413714254589968,-0.43373844646165,0.289415020978124
-0.14178653526464852,-0.4343472836750338,0.267290160902893
-0.1280032847151112,-0.40940940863518144,0.2805494585982099
-0.1487913355361536,-0.42595389255869714,0.2693198754978364
-0.15269437222198137,-0.4326786456506414,0.27481035551144817
-0.16818082985527674,-0.4222827756745907,0.26244485480262714
-0.15852069556653475,-0.4384340300679286,0.2680171762007569
-0.16737110870367883,-0.42901539177904896,0.28488263621404764
-0.1374179234867609,-0.42781420155609123,0.26058703457097215
-0.15,-0.424,0.27
-0.15025565325898316,-0.421382270718177,0.26755908841118325
-0.1369611393462317,-0.41322819903883085,0.2779646184236856
-0.16426831126319952,-0.42281855739346685,0.27369045512801754
-0.15477180313864528,-0.4346763320968285,0.27591175058105116
-0.15294953791819568,-0.43349957983124476,0.26291871625496976
-0.14676138643830802,-0.4302357424351119,0.26719208616939305
-0.1530749990271129,-0.42890616998173803,0.26498921355025834
-0.13860354016057191,-0.4291103863013761,0.26419405051003153
-0.14220675567594496,-0.4132980951424799,0.2663495626179152
-0.15,-0.424,0.27
-0.18049680658644904,-0.400621446339467,0.2802417341443118
-0.20073711836907418,-0.3197929435703126,0.2738261900716932
-0.23682828711760318,-0.2643559559527126,0.2633572272913616
-0.2562200010832686,-0.19918145015674668,0.288496888919665
-0.2887418136318247,-0.16117260669286487,0.2830368310400653
-0.3095683635152335,-0.09625058521478477,0.28402957370865667
-0.3629419791993612,-0.042524506803595374,0.2795853561154198
-0.3818076242458757,0.00017078206069063087,0.2825078886613867
-0.3949920738386977,0.05596906933731748,0.2753344165747142
-0.436,0.113,0.27
-0.41075826309110336,0.17006542994040275,0.25373612306200427
-0.3799235463209378,0.17150121921809844,0.26838069054653213
-0.32990462261204395,0.21488118770038872,0.26445243513502475
-0.30679947647435407,0.2500942506537745,0.2701763724060164
-0.2852983728294095,0.2822211791722196,0.26730862608076617
-0.23456041151732712,0.3308539114627538,0.2530446672396309
-0.20845504396522338,0.32883407484078364,0.26018012957454734
-0.17117149247980248,0.38258616836259635,0.26798015010249904
-0.14309131044129375,0.4143642751372498,0.2692803488186373
-0.093,0.441,0.27
-0.04908239309737096,0.433137638542112,0.279849608491641
-0.02433608186411791,0.42056030062928607,0.28754500434434016
0.04185155010796696,0.3941104223513286,0.25726454307295576
0.07600881327088192,0.38431639689660413,0.2801585677938452
0.13647539617568893,0.3665192643757729,0.2648708486751916
0.14799446418413764,0.3420793246798613,0.28737597120134933
0.22688879846400029,0.3447592858312762,0.2578862238307135
0.25316775590720214,0.322474615584024,0.2999524345208648
0.2949213232642126,0.2992003798079914,0.2779001708795506
0.354,0.281,0.27
0.3572621221229001,0.2527671939469217,0.2657765226687314
0.3685754261565463,0.18995848063115872,0.29267852322786064
0.3677279395870763,0.14489337323215598,0.2625884901164824
0.38417247836053814,0.06715332655419251,0.2864825932991415
0.37346424744948054,0.0286400102408563,0.26578990122216967
0.38698287484887467,-0.009466359724395586,0.2643919664704064
0.3828304645113539,-0.04861660205784588,0.2730015739684682
0.41146767392680333,-0.08341620659266878,0.25436758940985055
0.4005501504426719,-0.1485651966493656,0.25895150226535274
0.408,-0.191,0.27
0.36020155913667623,-0.21999598597750875,0.2725149635497999
0.3370083452174497,-0.24051638773859252,0.27492021927503013
0.28623677068829134,-0.2660039098841465,0.2770706487705764
0.24801340402642025,-0.29664137606555574,0.2836531023783909
0.19665504952951912,-0.3192136998270968,0.2882022351763886
0.15917110079837954,-0.35124350485507283,0.2730610964420005
0.11326382267133701,-0.3757102203672821,0.26505069834515393
0.05836752554394162,-0.3781397227291608,0.2751565328286459
0.027769718095588578,-0.4313397709417207,0.28533199545174853
-0.014,-0.45,0.27
-0.03319801819508919,-0.40187919904934805,0.2711597643377375
-0.0626073666000426,-0.361930275786763,0.2708428033662117
-0.02587074698495736,-0.3261765648557328,0.27942407031686495
-0.046442411046563215,-0.28756752001974034,0.2653884946295105
-0.08168775796830897,-0.259332065114293,0.2588054206465308
-0.11198394089059276,-0.22871297894991013,0.2573385680006632
-0.08244927053273089,-0.18046542258135798,0.2730113156727497
-0.13888186166160904,-0.1485197907673047,0.2624291644433734
-0.11824682195402642,-0.10862422946622435,0.2815794439716197
-0.136,-0.074,0.27
-0.11579765381150886,-0.07743337079491001,0.2657131562216437
-0.09969314502809341,-0.07339487652194844,0.2768443483363661
-0.08089627085320059,-0.07508412757881104,0.2620453728492793
-0.06415220845380849,-0.0905981744703893,0.2879654261215733
-0.035964469043754936,-0.09127347466769677,0.2718906609594892
-0.03246769218504636,-0.09117529445050575,0.27096426304413096
-0.004172476664631762,-0.08904080576662649,0.27419995830923166
0.029016765546571087,-0.08786602821033702,0.26192062050828013
0.010275710475663662,-0.09984371841160528,0.27832244051309213
0.058,-0.091,0.27
0.04685763502052066,-0.06436752931644038,0.2697106867470079
0.02350963446857087,-0.02592577015598228,0.268053271276467
0.022138786347381832,-0.019552330216561862,0.2717555739653818
-0.003231334695808052,0.022191112823411088,0.27466977579627183
-0.006790780114592788,0.041560027933625766,0.2894573944219779
-0.04182547020577894,0.1012847325572902,0.28087109463585735
-0.05125757626007622,0.1384614292030518,0.2516819543581409
-0.06003863821033177,0.16015894533091246,0.265567077695139
-0.08210062795755105,0.17317622956486584,0.26792530037241336
-0.092,0.217,0.27
-0.07838950681236154,0.20750963152718616,0.25980189745539545
-0.07978550439334507,0.22444956824587006,0.2758767062206721
-0.0709573971205234,0.21343952381063944,0.2802829760267384
-0.07869938623311028,0.22012823537612342,0.2643782970125942
-0.06166287633658536,0.2305565447341589,0.2829362600506
-0.04839860469794119,0.21857154925984945,0.26751733932874555
-0.06940445508229853,0.2147203792709246,0.26175852226129
-0.042366925317026974,0.22101367546488565,0.2805300697900649
-0.06665033486171659,0.21952318574918414,0.27599939232896326
-0.047,0.225,0.27
-0.02921337549953816,0.252552440522834,0.2756867107661895
-0.03448778242458876,0.26003450466826367,0.2844601662502474
-0.02804149160563784,0.285067654177039,0.2629995406174496
-0.02574720883867222,0.33262506090718597,0.2583216128181525
-0.006791423862977014,0.3392340582706557,0.24686742384690677
-0.036966273977231734,0.3753036472417204,0.27231389513706294
-0.012642776173498564,0.3759148755262531,0.2734623668698888
-0.006262553907094023,0.3975669513374084,0.26852703216199003
-0.0194360075218609,0.4214253354390368,0.2862337225666517
-0.002,0.45,0.27
0.013125463620146653,0.40602525489498903,0.273715308752871
0.005731163997868178,0.386534607613535,0.26592642614412154
0.014306838133958964,0.369501133409358,0.2744915244900908
0.04083714881262983,0.30811819403267887,0.27175565815650304
0.056034688163425786,0.26881001419900774,0.2713256208599678
0.04562186330973774,0.23467825131283745,0.2665226822977494
0.06563388627051384,0.19712966082092426,0.27312459769919206
0.0741758729478122,0.16160951040372426,0.2827296239115623
0.07190851911929139,0.13311665551486324,0.27971198803153713
0.088,0.1,0.27
0.07823963016918398,0.10019693530160405,0.26485324861271603
0.08690889144869406,0.137079228568528,0.268849936444261
0.10458969566045934,0.16816337046083696,0.2585862514039048
0.11963889129762884,0.1933001376448922,0.2678851427651127
0.11591528024345298,0.2158072319798165,0.2619768765085871
0.12167066938647692,0.23269827376462232,0.270972661265852
0.11709941632434898,0.2556772599930692,0.28324198063644435
0.11090308157441939,0.2907412115000779,0.2694819881542737
0.12661462724429823,0.29223103483295715,0.27746696541170845
0.133,0.325,0.27
0.12758763809115534,0.28497073249072347,0.2753745582511699
0.11543587411862281,0.21522922812345074,0.2707795104521918
0.1383972125934051,0.16798335373380027,0.2750230732233068
0.1424352324713295,0.11424091761866143,0.2634067781297722
0.13681521435992364,0.07215527256922714,0.2885353133768021
0.12389205215711642,0.02931305185616349,0.27603966687416953
0.11279922160777746,-0.02081149216448447,0.2801763393703588
0.14743295508068968,-0.07270997747210295,0.2695670237671396
0.1400757301117574,-0.12196799867176632,0.286863751643741
0.133,-0.175,0.27
0.1325216817568934,-0.18800645748176212,0.25977402241856334
0.12207773001776047,-0.17475976538864652,0.2666246772790127
0.10562373362085323,-0.1904523396632783,0.2701251865111039
0.11429314362325353,-0.19737242269684707,0.2657583582552789
0.11959039602914018,-0.216751218158525,0.2563626676387798
0.09017228382030855,-0.20892623814506756,0.2707139758677148
0.1060863797773926,-0.227747559089307,0.2841898806215568
0.10018035034527181,-0.21808062562647013,0.2670803422690221
0.09150776707245013,-0.2525624765757627,0.27178027474379557
0.088,-0.251,0.27
0.06437462719154177,-0.25886877182225376,0.27217779997825226
0.08301030031945805,-0.2644313362717379,0.2703432363789463
0.09257738005884195,-0.26730157299419033,0.25398707742632615
0.07885623109740938,-0.31263557977340645,0.2707268266447331
0.07075299504601584,-0.3283877140810744,0.2651914630135978
0.05373328878231367,-0.33385551956063664,0.2580456999288435
0.052101857407562825,-0.3285019672119146,0.2804896570314387
0.0554325146060654,-0.3651209445994698,0.26313394266995827
0.056504360447283575,-0.369845887050364,0.2840603327298529
0.043,-0.375,0.27
0.03898674258172225,-0.35963597484190707,0.269246906268021
0.026041138388001043,-0.3132404128566845,0.2664021684058926
0.020476008822976222,-0.28166275115707523,0.2716115950982233
0.02312299818605798,-0.25758953289173375,0.2861358667201577
0.008595746071662809,-0.2523751069534693,0.27892500560255457
-0.024732903694684154,-0.2078481526847042,0.26496330308901905
-0.014874539891614007,-0.19665767393437802,0.26908818978894844
-0.02552643139348848,-0.15361759194106894,0.2733374579927964
-0.005546217867480316,-0.1417018745644908,0.2723566249701583
-0.031,-0.101,0.27
-0.05481888468463124,-0.1187372610101326,0.2570864075400655
-0.04607158051777711,-0.16335671040324856,0.2915994152520516
-0.044527493087282544,-0.15890683643026943,0.26794507646300547
-0.06494287473150015,-0.21982771412091448,0.27021342650050684
-0.07891604008571905,-0.23931209911450332,0.2588414964575931
-0.07168867741121422,-0.24403006683237774,0.29250388712470066
-0.07651090639462851,-0.30313957728261,0.2581581871202635
-0.08213252921405526,-0.32226188976371495,0.2465466443345573
-0.0801881205583523,-0.3492832443917805,0.27606786954034357
-0.092,-0.367,0.27
-0.0967813274173402,-0.3406788359689186,0.2755515002549875
-0.13936146481319375,-0.33307641002975213,0.2781832915077308
-0.15455541948982585,-0.31463939219274745,0.2702361640931109
-0.18358120419167057,-0.28356469423191627,0.26454692424267234
-0.2095528532513782,-0.2557326292329343,0.2634900453340294
-0.22577274803174543,-0.24137621143654628,0.2532813267758249
-0.23834513083692152,-0.22427779699394704,0.2726604096345463
-0.28921202258380657,-0.19568592067392676,0.26824842437627566
-0.29245649478111396,-0.17863749302016874,0.28005042749489256
-0.314,-0.153,0.27
-0.30498823214519205,-0.12899915469417486,0.2808975683720952
-0.3288026140275365,-0.07186584184224136,0.2803560058742588
-0.3486144442127499,-0.04055335519659348,0.268459473661856
-0.344704355430869,-0.013587415085628118,0.28045330726943335
-0.35607235972858864,0.03294244053948579,0.2828166111310999
-0.3687010128155755,0.06253091373790028,0.2575694451564112
-0.3650542214350218,0.09492687995522922,0.27508915880672463
-0.39337841983334665,0.12678565482588988,0.24990970138745958
-0.3760108711607016,0.18991267500312098,0.27621059592128694
-0.394,0.215,0.27
-0.38574196164389424,0.17436141071899286,0.25962544180741676
-0.3733022069305287,0.1381919514635225,0.2763175112247914
-0.3766794655486186,0.09186857195274568,0.26358275048667285
-0.38730996538551565,0.05887214845107758,0.2669231080363204
-0.37680537151388255,0.0038279371127720296,0.2722661007036218
-0.37906076352400614,-0.054189588157810914,0.2753332225354611
-0.3767203142481641,-0.08486704525024102,0.2808758550581646
-0.39073292805170984,-0.12548892778192833,0.27733964312618387
-0.3626417023365364,-0.14326799031102655,0.2561584707285241
-0.362,-0.199,0.27
-0.3565533346992394,-0.17090904344970545,0.26759073627138863
-0.35914272138853365,-0.15953427461455108,0.26376386701021365
-0.3280836233371607,-0.11524678362086381,0.2569003908937183
-0.3437568971249163,-0.11813041479018929,0.28877510376892684
-0.3364214057030608,-0.08448839845723805,0.2822628147724602
-0.32372585977789153,-0.06599889247966831,0.26360397324664386
-0.3193001782724827,-0.023803325963117693,0.2816527009984671
-0.3358170855309223,-0.012131919222620836,0.27973436550919645
-0.3267226066891202,0.00172828533908039,0.2907413782920281
-0.317,0.04,0.27
-0.2989053904925388,0.05752201282929003,0.2682294210443416
-0.3060628473456145,0.06621679748830353,0.2772162522587435
-0.3117762749780436,0.09234314566200096,0.27698411962042024
-0.30431273829257555,0.10307447501497467,0.2744926932040838
-0.29440922893756005,0.11877289778072878,0.2652705978764577
-0.29480615471241617,0.13397313226973548,0.26259658737612923
-0.2838578184943832,0.161909027310315,0.25753260771887515
-0.2807086136343184,0.17697995827655674,0.263194781256537
-0.28640245663922975,0.19204565816523883,0.2707927308095384
-0.272,0.202,0.27
-0.2653529716872123,0.123719157273236,0.28280136468547856
-0.2812619961892644,0.08806877947745101,0.2775662765894511
-0.2573331923964375,0.045610343067637615,0.27130315697261187
-0.2652198857576964,0.0036003135790148777,0.2686151795528577
-0.2661899760889608,-0.027978593092544808,0.27306773324388134
-0.27349632084348313,-0.09811712495354444,0.2628542037405472
-0.2538096059008923,-0.155790585647477,0.2859025586076277
-0.2508551079402173,-0.1902858942988707,0.2685516634856593
-0.2678739958120523,-0.26518589106322843,0.27279318718197293
-0.272,-0.298,0.27
-0.2766910649893548,-0.2685466393093534,0.27265541506225766
-0.2675391159608363,-0.2523973521451681,0.279002571071666
-0.2458942111139603,-0.20947485599419038,0.26636821306650865
-0.26693788442491967,-0.16686444212133497,0.29113723919422396
-0.23204307159467497,-0.16485846339512575,0.25712650579395807
-0.25303683396523724,-0.118530171432023,0.264899957368477
-0.24179928753952254,-0.08270875498776345,0.2635750826255928
-0.23379953053415564,-0.07035190903979167,0.2755753126011481
-0.2373669680560838,-0.025128031210908324,0.25939303606858166
-0.227,-0.009,0.27
-0.22566238334517155,0.007616213111161511,0.26306941651991844
-0.23991770768308351,0.05218975941932376,0.27118149123754315
-0.20988322273760007,0.09084534316733521,0.286464143698939
-0.22016655498136778,0.13373768342081804,0.2564093884399682
-0.19838064970834457,0.1586555190921902,0.27568025641629973
-0.20129973690109126,0.17467443744633554,0.2748047184634203
-0.1936019966485836,0.24836957796934836,0.2708394939642446
-0.18358144119686093,0.2870258052143317,0.26345327757269316
-0.19718023448251124,0.3000891118719626,0.2627162137324871
-0.182,0.343,0.27
-0.18276086061221783,0.269065022280296,0.26775214085006593
-0.19366254631500146,0.2489494914662158,0.275647988116519
-0.19006040234872992,0.18365836230069504,0.2502157585406445
-0.16554145118295396,0.13458194521931904,0.27218623470649445
-0.18068356712833653,0.09608073780532636,0.2636724343997948
-0.19171350764940998,0.041424868387087525,0.2744477853676059
-0.177643033627331,-0.008815668425604547,0.2910235988111406
-0.1888583225021628,-0.04258036511196323,0.2735076487983084
-0.1698942765347995,-0.11870917449994854,0.26648679818062837
-0.182,-0.157,0.27
-0.1803996645919977,-0.15671262066733238,0.2713111199681939
-0.17436396801193382,-0.1620348439112448,0.2650865779349354
-0.16222611639740292,-0.16063303520771502,0.2698139125731023
-0.1653229162919031,-0.18927926116894947,0.27123713958542883
-0.1337774527981372,-0.20468017100379685,0.2813026656946514
-0.1542005305753364,-0.2042013925139411,0.27798646333266647
-0.1369250675578896,-0.22255803984589612,0.27016007596126196
-0.1444107431244626,-0.23028799731733185,0.25614319149661163
-0.14556742279120768,-0.23969592343422572,0.27094692925735114
-0.137,-0.241,0.27
-0.1339837480166672,-0.18854140343582196,0.27502457364271676
-0.13761740820894605,-0.14085234395054083,0.27566507630503023
-0.14854095237960735,-0.09894169327229858,0.27929206156658853
-0.13042398821030068,-0.04199383835175109,0.274364294033265
-0.1272434433592648,0.009819079505231648,0.27657422079799804
-0.1485832843108174,0.05838159600844202,0.26555100353847133
-0.14179155622389114,0.1199597717429348,0.25566387939645246
-0.14719720067648848,0.16920870505641697,0.2851024944800717
-0.1401607861367964,0.19963865823134366,0.28044381388132117
-0.137,0.259,0.27
-0.10540798859285722,0.2597928477722068,0.26830045708930106
-0.08919916235931957,0.27510775940523585,0.26164047834753884
-0.04020632543760495,0.2848644307110266,0.26802764229068
-0.010087935594833534,0.25934461648847285,0.2585001752945671
0.018153621109808886,0.2828392167171764,0.27116238461673514
0.0673334433927642,0.3130956892138893,0.2605495836568933
0.08525738374776572,0.300746020130366,0.26656192492091674
0.11656274609807908,0.3056819326982982,0.2766227097428631
0.14784142241701378,0.31907299690356994,0.282187006698727
0.178,0.316,0.27
0.1689333353975127,0.2624160102763009,0.2682155827813299
0.1781097353753347,0.22558034630454585,0.26618022583409745
0.16895770223772513,0.1671442938169749,0.27039699039365056
0.18982219590326402,0.12119721487912263,0.26910254291831615
0.1800353108076976,0.06767743845452259,0.27271059862853053
0.1791626656567906,-0.0038613686943349164,0.27826386352524474
0.17059328600337967,-0.04048484173846292,0.27237226813760307
0.17636313317296443,-0.08453089826996994,0.2609849997737366
0.16175706183299457,-0.13656968695599753,0.2862255016859372
0.178,-0.184,0.27
0.17345764854210977,-0.17393176188979068,0.28177027580081876
0.18153302759711512,-0.18293579853001873,0.2671537120630471
0.17335607630063285,-0.17844911766619273,0.25898014079133325
0.19464938525020914,-0.17881323622561507,0.26405565329243064
0.21028404476688095,-0.17949953023146267,0.2655886582783014
0.20515773827391626,-0.1862958932119591,0.2631655117431243
0.20087983935862458,-0.18766291112012184,0.27095968890613054
0.2159890702532096,-0.17090802780339123,0.2608986665076757
0.23812808704571106,-0.17475694322145974,0.28006712616433416
0.223,-0.178,0.27
0.21281511523596106,-0.13003814268068306,0.2607964082433931
0.22294254135209612,-0.06801425219490757,0.28249677723348104
0.22714133211139179,-0.0067752133659065295,0.2628088726108938
0.22625839525413477,0.005553373108050149,0.2586547346714538
0.22987971822585282,0.06337346091775745,0.27001953098814246
0.22937442118680787,0.1234924190501146,0.24118228410740844
0.24512975761534253,0.16028665617944116,0.2737573916038869
0.22073952592581841,0.20531257196796737,0.2643333190936022
0.23132207711446706,0.26021786570898264,0.25516152815098225
0.223,0.322,0.27
0.21641945847567773,0.27283450778253054,0.2751416188949582
0.23880127090692344,0.2440585555748031,0.2927394156600687
0.23304475464896385,0.2316425484471271,0.2736090030962072
0.2248680995673012,0.19475641874110933,0.274047651249468
0.22828738750342942,0.15200995966761863,0.2612586726838131
0.25597787508233033,0.1233847543509565,0.27164322482865566
0.23683536140517947,0.07845373263144477,0.2610279930629135
0.22571803487519193,0.055889454658579564,0.27379502369109504
0.26411109079774897,0.021745954604715876,0.2798278896718258
0.268,-0.01,0.27
0.27738975045352543,-0.016175291842757563,0.2649763736908724
0.28203854222575125,-0.0399859477403907,0.26769141333579877
0.2801947711253948,-0.07725094893623854,0.2809258819655216
0.29391325429332227,-0.09072453444023917,0.27780948959145685
0.29480847966665374,-0.11230136033742087,0.2712949317256913
0.2833844301428262,-0.11057145568705007,0.26970511549639603
0.30817769957352276,-0.1531438404190403,0.26958585114476813
0.2973838936545966,-0.15865428390410213,0.26422128752775775
0.31101140587744786,-0.19580001710856093,0.2629353067118647
0.313,-0.212,0.27
0.31370853349386046,-0.13128496280644059,0.268192093932056
0.3127752181043458,-0.09764429607439266,0.27912318250232915
0.30233453909150015,-0.05334268535422446,0.2769985961145307
0.32210130778917245,-0.014184470348746068,0.2885378212575291
0.30920451640175317,0.040876928536133506,0.28678633594530445
0.3156311424118373,0.08729139778454094,0.26814479599375235
0.30887695706813384,0.12896775528811338,0.26934894064499065
0.3087143729920048,0.18598285137672252,0.2805886265392689
0.311134024311487,0.24428263595698102,0.2685659821711324
0.313,0.288,0.27
0.3295653223374526,0.24807015576217148,0.27074794121390594
0.30600866721494674,0.18091076159168465,0.26700591738086904
0.3300988139893595,0.16363810118949093,0.2793805648858678
0.3268604401474983,0.11254521623274302,0.27509572950888345
0.32713903140951883,0.08239044177096111,0.27742804651779057
0.3401508887731825,0.04768752183112033,0.25669910731000734
0.34738103311270085,0.002126157080181208,0.2780348519281193
0.35912356022585584,-0.04526212149089895,0.2536130701102137
0.3623323109306278,-0.07379916166210009,0.27494373722325355
0.358,-0.12,0.27
0.3498856795281303,-0.09755239141757993,0.2834664592824814
0.36391027706207635,-0.08610102554097804,0.2691989688526751
0.351804565140171,-0.06962806331037914,0.2787707215945422
0.37840618685019556,-0.050030694454998484,0.28859016652979863
0.3820260411924919,-0.010735692865719609,0.26625026254444467
0.38557926107119056,-0.017272373356098148,0.2689457017262754
0.38797404052474327,0.006519241980806846,0.2681993627122219
0.4005073514886857,0.021267684441558677,0.2621778582585716
0.3871183776017896,0.04986389539088559,0.26580985854423234
0.403,0.062,0.27
0.40894487550627434,0.042960145502156766,0.26841813805710435
0.41046141763295263,0.03679521372026795,0.2532700248947692
0.42508821223289256,0.0347028602595379,0.2833049742772587
0.4206958476186915,0.018706846251032156,0.2786381707420952
0.4356435819155045,0.009787038661529074,0.26985752661515344
0.43934223375591364,0.0059209872277540525,0.2690019909007312
0.4312032841731908,-0.0061946640487618556,0.27718515565910995
0.43896398844536,-0.015708495133854743,0.26093627809223024
0.44798978311264376,-0.02192897410871456,0.2861527142775884
0.448,-0.042,0.285
0.45387436772851086,-0.05138265442289151,0.2815706505341759
0.4473027752871312,-0.05040555320413879,0.2786656935990929
0.4558795185689211,-0.03778021633407066,0.28014188790550043
0.43577209288677443,-0.05166976431948066,0.27083266269951
0.4464835163647493,-0.045987587651110176,0.2737700515408233
0.4449280504764306,-0.04763240828766512,0.2866838896463072
0.43548929205929526,-0.04848477884493953,0.2746336600100366
0.46171006247663615,-0.04178183417802671,0.29279166878535523
0.452292019643009,-0.02869764366974676,0.28881969439741567
0.448,-0.042,0.285
0.4318453229576949,-0.04756067318060794,0.2883423899301736
0.37807807359059215,-0.06166413200577188,0.2899260368659126
0.3374679240890024,-0.04749273787991554,0.26885995021918463
0.3047965555192833,-0.060498032389174755,0.2886029732526392
0.2786763867940124,-0.050504318669969656,0.2789621491746239
0.25271813088707995,-0.054545490433237254,0.28290004078245784
0.21044297294016837,-0.07914347925486294,0.29981341801417144
0.16960134855056225,-0.06454569177557297,0.28626970378046923
0.1444631371234001,-0.06342742405556143,0.28988250035564755
0.111,-0.067,0.285
0.10101564621308715,-0.022224443190935642,0.27784737593533526
0.10617850121558012,-0.03786658262797692,0.28327538469751473
0.10593417647546055,-0.03297495683937611,0.28898433548923397
0.0918458098594251,0.0023407846346544543,0.27337595354617134
0.10350685516718304,-0.007266382460380853,0.291589583362936
0.10060639793467463,0.025442313156781273,0.2803089504473006
0.07248482682520822,0.04990349477925359,0.28432562528153094
0.06538778191957408,0.06697085202275896,0.2784415933347405
0.06838355596933952,0.05334308264606939,0.2943453825442498
0.065,0.086,0.285
0.04095372522222016,0.03947498441083684,0.2775603063191344
0.019235412722182554,0.017566900449427617,0.2867904020708643
0.008771444953950835,-0.04877584773118685,0.27876886132565126
0.012549631160798989,-0.08244454958762153,0.29088311256888244
0.00668508636399439,-0.10712082121507556,0.2792589070124042
-0.03474366248125876,-0.16550055339523675,0.28571179241161926
-0.034635257967379554,-0.2058995802080473,0.29577185793651767
-0.07317939082434739,-0.25306778508614286,0.2769919870319568
-0.10632535762817723,-0.29283676061064584,0.29392170098237036
-0.099,-0.324,0.285
-0.07068348309985815,-0.32654388514614147,0.283476810467003
-0.017282577715043143,-0.3277984622222647,0.28424400275100464
0.013418161683612696,-0.3391940898493693,0.27540932669855317
0.06176325363649792,-0.32394335887289527,0.2949312924626519
0.09458188930282403,-0.35255605442464916,0.26837828405006225
0.12698682489212712,-0.3279231390945318,0.30297861010021815
0.16474663335230114,-0.34026580479766705,0.2827753339990316
0.2079630570650879,-0.34192890384538155,0.3022896233946073
0.2474103077665606,-0.3544705557782267,0.2887193462469809
0.272,-0.359,0.285
0.2917281541117272,-0.32057031701885724,0.290238166735528
0.30881847756239306,-0.2626930280338948,0.2933538630526668
0.31196504152111365,-0.22004167020156365,0.2721891148672443
0.34918586895873305,-0.17901713913094136,0.28164287559449575
0.34342534375198086,-0.13905227903255438,0.29821821512820224
0.3843384205910135,-0.08711702001819346,0.27089785484862683
0.3791966094733048,-0.05018713862361754,0.2905886758678818
0.3967267563640441,-0.008993527516509598,0.2621808164224313
0.41196207880708535,0.023131737391941486,0.2660612783766766
0.443,0.084,0.285
0.42290862647872796,0.12362557755165278,0.2852499775182601
0.3837050409513973,0.14553005796365687,0.30526755082563745
0.3461780218119353,0.1744273615906474,0.29502814190497145
0.31927668393686537,0.2130614910495505,0.2878181387109239
0.2718980777287787,0.26799455712577414,0.2959503271172033
0.25015329727695823,0.2891897862133172,0.28099466053172356
0.21016560765632367,0.31314856194042984,0.2823776025314441
0.18206819207922678,0.34946988016743524,0.290010079360693
0.14160813790900964,0.39194364381664437,0.28791284524199295
0.123,0.434,0.285
0.08842853617755127,0.40821803945860746,0.2933454968265684
0.029297792884981296,0.4026092310029343,0.2843723104563707
-0.024188656954123047,0.38372810943122887,0.2999445517465005
-0.07152460837219568,0.3810878935697129,0.27595345535395016
-0.11323749856385484,0.3494242043977739,0.2909600668768533
-0.15046416207031676,0.3578713661869874,0.2894155245252735
-0.19893846717191693,0.3442177139417551,0.283889054168994
-0.23940802249918194,0.3060648812178998,0.2815953412711202
-0.30650415233482897,0.3035638560664292,0.2808788866540366
-0.35,0.285,0.285
-0.34545676016221755,0.22828267453012946,0.2725122643333491
-0.36869677208727814,0.20525864961581253,0.28219201945713185
-0.35784068027767274,0.13314504115037767,0.29125414585480086
-0.3675715872585471,0.09277146094133237,0.27724160220285515
-0.37503398951040173,0.05021505143249318,0.26932456456347303
-0.3853907806580111,0.0267105709377298,0.28600909881474507
-0.3807028819983631,-0.052239949617620955,0.2965582817720168
-0.39023130783427196,-0.08937310578135352,0.27625032796184695
-0.39224892909142073,-0.1505344905865472,0.29320928492091575
-0.41,-0.186,0.285
-0.37349827969322524,-0.21725533059342433,0.2730205749322664
-0.3503176210215637,-0.24009377787153952,0.2676363494987188
-0.3311815805235781,-0.2463493785582276,0.2825771391697251
-0.2856797794564958,-0.2782303539674514,0.2904483986306178
-0.23345323547042696,-0.2945815405347626,0.28545549006932014
-0.20576118376553384,-0.29224956932799767,0.281051092935686
-0.1790990708876274,-0.34220045568214336,0.27299781211846424
-0.13238040493364622,-0.361592627127084,0.2835376975462552
-0.10102061897388928,-0.37841459560723467,0.2969685002870627
-0.078,-0.394,0.285
-0.04521790404661153,-0.3639127363474461,0.3090412228571299
-0.01571925334276087,-0.33770271152028547,0.27065411611450946
0.0331873327590388,-0.29059828266665344,0.307862524190639
0.06141956557991264,-0.2561947049332454,0.28266919631838217
0.09495089166180581,-0.22167536360055723,0.2672580002380028
0.13554354836027976,-0.18683864055103597,0.28134137287144223
0.17307126013764806,-0.14658229504865058,0.28989198254064913
0.19624789426766528,-0.11259070617603864,0.29050081282225104
0.24453419047215752,-0.08799651379805734,0.29103010450067657
0.276,-0.041,0.285
0.25875002233592614,-0.03701537978258058,0.27400800477242554
0.26592221391618465,-0.04327028527634792,0.2833869448567174
0.2708386371055463,-0.029653296768548113,0.281700999034261
0.264014484087331,-0.028885883154759245,0.28357942796427116
0.2734223950960706,-0.026741036797585813,0.26124344937401284
0.27523889634983956,-0.016659106956217692,0.280553703222914
0.2627912257591714,-0.030516396212828055,0.2911443554411991
0.25766868525588127,-0.015782560011352826,0.283941599302192
0.2473955757847439,-0.013395692380273178,0.2926638889427287
0.246,-0.007,0.285
0.21502803060148573,-0.03841352670089089,0.2928187210646514
0.1849314848228787,-0.07101269348151347,0.27856656702824867
0.13636812308468724,-0.11664211833914033,0.27798632957413794
0.09565384172711877,-0.1412440172584457,0.29389225262661983
0.06087023395637729,-0.16774081452993309,0.2751643536175069
0.02802961619603199,-0.215996189956071,0.29583624646641715
-0.0006115800010557727,-0.2523040881159317,0.2906810016845998
-0.043090363946368906,-0.28474515796593697,0.28570261673735486
-0.06922551183148073,-0.3171235365199247,0.28592614857318144
-0.108,-0.361,0.285
-0.08306790800485832,-0.33601483669840215,0.27962230144967765
-0.09176985197540227,-0.3214985034493647,0.27537732600391585
-0.05825646876368838,-0.2798112546361627,0.2828796723048343
-0.04908114792295193,-0.2792252289081906,0.28327566850282737
-0.04678991840396553,-0.24605026485142664,0.2805273294445357
-0.008521303415264388,-0.22338836358289502,0.2917949840685022
0.0016009344333749993,-0.20736391427012538,0.2799731825136722
0.011174766078080656,-0.18043085120007213,0.27197372739046727
0.03337346047919884,-0.1659998501496479,0.292770240918699
0.048,-0.141,0.285
0.08203380750973317,-0.09239435832003676,0.2829757276872955
0.11287286974473418,-0.08108552414708878,0.2764553545742642
0.14800208671736548,-0.03503206032317311,0.2930536136991171
0.19300706283862676,-0.005440405209813505,0.26781736766675224
0.2272221251135106,0.0278291972668534,0.2705815962242317
0.2532119982750104,0.07166752872396719,0.2901189754049636
0.29481109825771257,0.10281049459493084,0.3014281876932424
0.3358411956645864,0.1415707726761292,0.29818755515684137
0.36111166201316947,0.19356386793718244,0.2980222667316351
0.399,0.21,0.285
0.3845164216722306,0.22041115204787082,0.2848883112397285
0.3406301260104123,0.17293356263121137,0.287424009115385
0.29188878899431314,0.15220945009202538,0.2670927106737057
0.2738207307912125,0.13998820028728226,0.2752987887184017
0.24918477225288893,0.13946573665754655,0.28938728291716376
0.23468616685218402,0.1175528340141681,0.29424958833584364
0.1983269666931086,0.10676569699868323,0.2958857312734114
0.18026610246769298,0.07321531070541826,0.2861339077656227
0.14538956629374652,0.08652907393132447,0.29182034336018914
0.125,0.063,0.285
0.12919273543338408,0.0814067544856365,0.2937890990871676
0.13938254054630192,0.09076153289586861,0.28679701414820047
0.1664103137114365,0.11791736120189664,0.2969553854048651
0.1573901190874017,0.1184034012778509,0.2800067035221183
0.17640894545722832,0.15402990353890436,0.28030159084658757
0.17191298954289955,0.1627257650603993,0.2839894719493055
0.19737448851681566,0.17569648750467126,0.2972725928961168
0.2243261722516336,0.19480108458521164,0.28129224971148475
0.2259392190932967,0.2122736616575328,0.28407834117085484
0.222,0.224,0.285
0.21290121488460387,0.22614766943405115,0.28254869011665057
0.22250011240762238,0.21134064259393617,0.26472291179470414
0.21053274245127016,0.23442174608569863,0.28834783862631763
0.23008255528576935,0.23691609092797236,0.2901156252120062
0.2387079123013504,0.2525645544441286,0.2895604642613911
0.21984300206393478,0.27131755350512515,0.2793075850639325
0.22869602490807395,0.2671491339784254,0.2594884977387793
0.20086283828086987,0.26987790361267505,0.2685287978894518
0.20829861105249647,0.25318709214101004,0.29241453283891894
0.206,0.272,0.285
0.197877243832304,0.25213901110837983,0.28950141811358887
0.1675994320375187,0.24375351893463518,0.266547570223164
0.15201339550851026,0.24599592086163147,0.2935747483871483
0.12806366153727336,0.23085300327560793,0.2851046597952129
0.11408691453211132,0.18933467994392159,0.3131496598929586
0.08500807054246433,0.19260838037565411,0.2793089798094474
0.07642995035140276,0.17328022319212327,0.28865618548370076
0.037273320311453834,0.17061749099943568,0.2954395982826071
0.01903539393498155,0.15759248310268983,0.2747863710438336
0.008,0.137,0.285
-0.019081123358980788,0.09289190864791227,0.28615539818896474
-0.08201086486443539,0.05730019153701913,0.29138107704637134
-0.09003055705879917,0.02792267933908754,0.2838713514716436
-0.1565934244474464,-0.01970978977600964,0.2801649963173062
-0.15471204069074784,-0.03820657427516902,0.2860088145773406
-0.21358229488676966,-0.08251389846514402,0.285758258683375
-0.25550149619801016,-0.1056426091164858,0.29527032315911256
-0.2615184487185401,-0.15652770918739373,0.28622054371835093
-0.32098052375903474,-0.19026506040623017,0.2804850472335283
-0.354,-0.225,0.285
-0.32562164225226276,-0.21570312772606656,0.2746751198183251
-0.32378216075768657,-0.1874006848650887,0.2903332973461535
-0.2785141463374249,-0.1895709653173427,0.28014562353995
-0.2525889261940811,-0.1678168814380326,0.28520264356912983
-0.2247126916841775,-0.16367202850755921,0.2831100455772086
-0.21701593540761485,-0.16553231969939436,0.2896537787508208
-0.18110865876806034,-0.14109826167020784,0.28941344419472825
-0.1470243044119909,-0.1297240430216082,0.29114363009185834
-0.1319701920981814,-0.10558627560876489,0.28742432645483046
-0.107,-0.105,0.285
-0.11293872157048573,-0.1189371103992111,0.2684457625835847
-0.11186018123725189,-0.13418769473896466,0.2802017746254271
-0.13301975130130603,-0.14835329519546187,0.28647104296739045
-0.1269088293457007,-0.1525678469632846,0.2745783064863185
-0.16480315689152925,-0.15759659984415705,0.27772190482376746
-0.1546469752889057,-0.1986031611535577,0.2864646230568559
-0.14076949626550533,-0.20753674586025567,0.2856596952987352
-0.1722906798126726,-0.2137887131333348,0.2907790739365444
-0.17403076723533617,-0.21357362700826188,0.28960598842764596
-0.181,-0.243,0.285
-0.16313330575409676,-0.2239280077343402,0.27442698709608054
-0.17027535884421366,-0.263308703938036,0.27841056851662743
-0.1638760776526416,-0.2510431339364866,0.2822491493604459
-0.1641187108374306,-0.25292869230629733,0.28250659653678944
-0.15074532495275814,-0.2636756737413507,0.28625808588484647
-0.1528636010246674,-0.281888442390518,0.2736131375582625
-0.156526094567558,-0.2686878628917334,0.30202128247517995
-0.1523454670057952,-0.27415152992804914,0.2985068470093794
-0.14182584541797197,-0.2621491527882375,0.28394272264666154
-0.149,-0.274,0.285
-0.11751119419283981,-0.27924352835633487,0.26893092252354567
-0.08843654030033549,-0.27687821619001163,0.279849078088511
-0.08144369436654036,-0.2793003392634593,0.27840531360200965
-0.06670516744067956,-0.31668398649190327,0.2627767519623753
-0.024938221483429255,-0.28388128098282234,0.2867035825813212
-0.010010167786117427,-0.29899945994868354,0.2866389297128279
-0.005469963709547955,-0.31405477819560834,0.2746759909751222
0.022288518611589887,-0.3096600374153268,0.2891751163465875
0.04975652355413462,-0.3001706116206339,0.28261349970554017
0.069,-0.311,0.285
0.10235066909797669,-0.29181331944659256,0.2785146184437762
0.15017353161882022,-0.23238142122871688,0.29096114945815715
0.17715897614046924,-0.20659538373260133,0.2891549802440715
0.22198043091561465,-0.15681714731291263,0.2855068954824634
0.24451581631469438,-0.10228919221752916,0.2890393506830218
0.29952616909883606,-0.06936382083703208,0.26864181064210657
0.3308455215983534,-0.04832534454542103,0.30958376818019023
0.35635477985460934,-0.02356058543266167,0.2830413349681803
0.4219099193870101,0.027083786329822664,0.2884008716337907
0.441,0.061,0.285
0.4011214041211296,0.02802261614556611,0.2677348628546889
0.38487534230571574,-0.021096227224061213,0.2958497827370827
0.37003975777140746,-0.0570659991057632,0.2935770075912784
0.3320203798400276,-0.06677990466326864,0.2933370877667952
0.29165471473736404,-0.11536179158868869,0.26455589972386534
0.28330828936192626,-0.16120255565610528,0.28412847627395676
0.22628301868944206,-0.20251785246138254,0.2825642985025411
0.19694204958327766,-0.20888335405937533,0.2737751990503528
0.17582233891888735,-0.27257312304416353,0.27202899700888106
0.146,-0.297,0.285
0.15106264970356056,-0.2960423318037123,0.28859740649001586
0.1613924022096409,-0.2920601423600822,0.2942213324449573
0.15719848543870493,-0.286451710511323,0.2907664857847833
0.17890230519971562,-0.300368468886904,0.27858875200285804
0.18706836718365363,-0.28756590473364224,0.2772988488522651
0.17465662829208,-0.305262482647287,0.28422083232066553
0.19862657329283276,-0.2877297688803033,0.27570724147967673
0.1970108763776251,-0.29678430804330885,0.2790175488957259
0.2135046123274079,-0.2934795268814462,0.27543725073738046
0.213,-0.294,0.285
0.24021134778848044,-0.2747963845561648,0.27658626990260476
0.2526142251066506,-0.2913131835703988,0.28974504586723937
0.2677340071292302,-0.26609621252300536,0.28705592552948384
0.2789513710856184,-0.2667080420972061,0.2865387472746647
0.2776504260543816,-0.24798727225309325,0.26198260686778374
0.30238557680855066,-0.23983340169605688,0.2783230272888735
0.324346709512844,-0.23767676137394214,0.3015373602641097
0.353820277412954,-0.2256577559686767,0.28581306320495636
0.3601940167143717,-0.2096662843739111,0.2718841146128922
0.366,-0.205,0.285
0.37806613199650285,-0.2198061245307832,0.2887550711340565
0.3541301905743265,-0.2196578359898997,0.2810976330161985
0.364346800241979,-0.23435142660450797,0.3117013901731205
0.37512038596528624,-0.24402711554566048,0.2922580156676542
0.3558713309361947,-0.240344253039815,0.286195029072932
0.3351445094787675,-0.2584314672852457,0.2788110620252884
0.3335153988292211,-0.2694910754374793,0.2827822212376336
0.3536474709748017,-0.29588567678103467,0.29326913342321487
0.333706194347896,-0.26410584054061287,0.27942275320801996
0.339,-0.295,0.285
0.3039292229425751,-0.2340275094354511,0.2834734501160915
0.3257419281637763,-0.1569579813131137,0.27887812801784306
0.2957232194745099,-0.10468515551740136,0.28901989946994217
0.2957973775912649,-0.07975482658666647,0.26134021329878365
0.2730954072633144,0.017932594346829603,0.2796117952537666
0.25665679574343647,0.08789083808996935,0.293848912079521
0.2635356943937051,0.1510535656161778,0.27531867031286944
0.25140608704755585,0.20104568842576587,0.2844532445343972
0.229124533509467,0.2720871298269106,0.2900582102290005
0.22,0.337,0.285
0.19905250157406834,0.32018300281446865,0.2938473606925069
0.16059703531758204,0.2700503941389185,0.30106211224420204
0.11579211062419259,0.25248167027432483,0.28427483933118397
0.1037720332877707,0.24889795037039628,0.284836976256739
0.05933073204642425,0.2086897674971842,0.3022030001609407
0.010294595607893954,0.19418900255404237,0.28928008721512855
-0.015583953885329283,0.15468302324071523,0.27614185001817376
-0.035978513600909146,0.12884581178675264,0.29125958485385517
-0.07405544417070908,0.11022744937341758,0.29073922778107564
-0.106,0.087,0.285
-0.12860923574064745,0.07092452423158026,0.29178449707267584
-0.15107832500793084,0.04403143604557888,0.2831882668840538
-0.1848481400271854,0.013185468150087185,0.27798728918246
-0.20181609961892744,-0.018836259060010338,0.2790278492609118
-0.23658905051439,-0.04000598760836666,0.2897518920535002
-0.28699530662986894,-0.05085248182396377,0.29032925307511026
-0.30080553113526953,-0.07225191582495949,0.27614955947126246
-0.3448284359738209,-0.08472326589273232,0.2946955012643997
-0.3831611593765535,-0.12552590978677855,0.28950268897204684
-0.399,-0.142,0.285
-0.36546991058112444,-0.09548745238323782,0.2844033417848926
-0.34050725622612593,-0.06960369489217096,0.29238751097643606
-0.3040075726851689,-0.029539103112707986,0.2710542457922129
-0.2598735724156009,0.007125596060903471,0.2908427264448253
-0.23161384422549608,0.037844321707116574,0.29352324548878234
-0.18476930265484037,0.07813292294915088,0.2948943563437138
-0.1538162967300252,0.1106156124891836,0.28293649032129875
-0.1262567713906648,0.13842980848225683,0.2733779949412188
-0.0913440866810352,0.19298362922312542,0.27989976522021165
-0.045,0.211,0.285
-0.04586142745590668,0.21179649132987735,0.28279055503330086
-0.04548843109657935,0.24273808617887402,0.26981660268271795
-0.025787480810864558,0.2473588155587291,0.2929502762253314
-0.03429410512132901,0.2442244320297727,0.2821628709725533
-0.035504968962154576,0.27257936179512043,0.27310974610629707
-0.02101266861659009,0.27741231043341774,0.2783969121724105
-0.023246401660507923,0.2845372688376052,0.28252869062181957
-0.028502967214050493,0.2912155111493223,0.29616283751717526
0.0015585387604486814,0.3284048961810735,0.2795199338838596
-0.008,0.313,0.285
-0.061517821971245334,0.27815177419941317,0.27265023841995706
-0.07069078432744316,0.2175122151434638,0.28955938193734254
-0.13831078868741814,0.22002342175920647,0.2869057602426349
-0.15884061003403063,0.16309870241424987,0.27022723568315765
-0.20381383570054404,0.1349093253164067,0.29549056189661804
-0.22746504064042744,0.10091529823215992,0.29322974407418356
-0.2445389353015202,0.059095116683764895,0.2728466414991032
-0.2874601283340302,0.0355447165554199,0.2894007160674478
-0.324410768685382,-0.011880819294131147,0.29746625703678964
-0.361,-0.041,0.285
-0.35184877166249073,-0.018556411485112532,0.2953575191169949
-0.3275406088778849,0.013417969520767308,0.28577757052893854
-0.2937852124644156,0.02436294745239709,0.27147046035355876
-0.3003105492276827,0.04162159384073904,0.28793310266973515
-0.3004727239140929,0.05510072312779885,0.28278810490515094
-0.25580766287358203,0.08751093588615948,0.2831368848706984
-0.24532362191623627,0.11361162491422439,0.28519741402152443
-0.24264659705947528,0.12363190429311349,0.27385154941297307
-0.22809648864594637,0.13780499096210186,0.27377991542035407
-0.208,0.176,0.285
-0.19971590050359103,0.18146287958733764,0.2788847845770837
-0.1685325049937047,0.22931975077727182,0.3028409904050462
-0.15172491929704368,0.2402206663909185,0.2753888623192808
-0.1504071062572596,0.2579896360218894,0.2976553485373647
-0.11465267782338714,0.3046403559110515,0.2759805896656966
-0.09801830457774198,0.33373025660462163,0.26493352318175356
-0.11031272952416851,0.34493979795343876,0.26506910581981497
-0.07448150985467099,0.36353781544576924,0.2773180662340098
-0.07459800892668289,0.3763997283281154,0.2944756191760103
-0.037,0.411,0.285
-0.06229238147231713,0.36321941981192896,0.27904696401314444
-0.10064740553845543,0.32345537951461634,0.2711534778212187
-0.14803944078940384,0.29331996017733847,0.29434769150967255
-0.17976346931462497,0.2524544067932941,0.27474472018814655
-0.22964844775729565,0.19884268401762306,0.26225254888389543
-0.2525001250884131,0.20000675532732295,0.2794975962372218
-0.3040361683636066,0.15433895638389633,0.2930934675520513
-0.3379877096022453,0.11506934089040846,0.2929079575275001
-0.3638483867462462,0.08292161351378796,0.2667911606409531
-0.408,0.04,0.285
-0.3858804058184752,0.06820473680341468,0.2789618814442335
-0.3406322210844292,0.10790493682670584,0.2740572549514864
-0.3375592704522378,0.10579121633695181,0.29022686702836187
-0.3292813486498894,0.15004658947731603,0.2993869180634301
-0.29173531347479625,0.15805860131630795,0.2855894010675724
-0.27757635857860585,0.20510277243249728,0.2956506491631858
-0.2516096843322916,0.22297383172058935,0.2915754912042486
-0.24066477288858643,0.2900013488011429,0.272595238463203
-0.19156539493832522,0.2839192155964899,0.27849221705371485
-0.186,0.325,0.285
-0.18852954311727066,0.32374474910224915,0.2774389497916107
-0.2315413797708071,0.30546876112909777,0.2695790782571562
-0.2365012818507094,0.2980976299486955,0.2895549567997683
-0.24051590003662354,0.31107419746885645,0.28541231086313806
-0.25009267131582935,0.30294183519598905,0.29881290329118143
-0.278736303943792,0.28009072219130526,0.2789417157078148
-0.3008508637202427,0.2760685277215795,0.2830687744343725
-0.29213962884491024,0.26890893949878925,0.28916861967852747
-0.3185175653448027,0.27080572049190216,0.27844446992299055
-0.325,0.25,0.285
-0.33890172873413327,0.24422617501744376,0.3079520111008267
-0.3616767940907552,0.23080627251515984,0.2838238863368606
-0.35331073008271324,0.205381986839118,0.2856259109128276
-0.3631936501587719,0.21456954827987448,0.2903141503361283
-0.3824356708080025,0.21228309142722104,0.29811696096308027
-0.3848238771471562,0.2105978416253214,0.2812332395362381
-0.4029435407152112,0.17716393499286487,0.30954804563921784
-0.4202316884224701,0.17268630974971888,0.3072500822093994
-0.3861331169045451,0.14595471496414106,0.2993847672899565
-0.427,0.148,0.3
