TimeStamp,Toolcode Execution Time,Pos X(inch),Pos Y(inch),Pos Z(inch),Velocity X,Velocity Y,Velocity Z,Pos Alps(inch),Alps Spot Size(inch),PF4 RPM,PF4 RPM Setpoint,PF4 Argon MFlow,Center Purge Argon MFlow,PF4 Argon VFlow,Center Purge Argon VFlow,PF4 Argon Temp(°F),Center Purge Argon Temp(°F),PF4 Argon Absolute Pressure,Center Purge Argon Absolute Pressure,H2O Sensor,O2 Sensor,Head Temperature (RTD 1)(°F),PF4 Top Pressure,PF4 Bottom Pressure,Laser On,Laser Setpoint,Laser Power (from laser),Laser Water Flow (L/min),Laser Water Temp (°C),DI Water Temp (°C),Laser On Time (ms),Feed Fiber FFBD (mV),Process Fiber FFBD (mV),Power From Meter,Beam Size From Meter (inch),Beam Pos X From Meter (inch),Beam Pos Y From Meter (inch),Power From Meter (uncompensated),Beam Flags From Meter,Camera Temp(°F),Melt Pool Area,Melt Pool Area: Valid Value,Layer #,Events,TimeStamp_Original
2026-05-15 11:54:36+00:00,0.0,-0.669,-0.669,0.0,0.0,0.0,0.0,2.118,0.07,5.001,5.0,10.002,40.0,7.784,36.68,87.24,83.34,19.24,16.21,-46.55,23.1,83.8,3.294,3.283,0.0,1070.0,0.0,30.5,20.5,28.5,0.0,0.0,0.0,0.05,0.0,-0.0721,-0.3163,0.05,3220000000.0,98.4,0.0,0.0,0.0,,11:54.6
2026-05-15 11:55:36+00:00,1.0,-0.669,-0.634,0.0,0.0,30.0,0.0,2.118,0.07,8.257,8.25,10.004,40.0,7.775,36.69,87.24,83.34,19.27,16.21,-46.55,23.1,83.8,3.33,3.311,0.0,1070.0,0.0,30.6,20.5,28.5,0.0,0.0,0.0,0.05,0.0,-0.0939,-0.2933,0.05,3220000000.0,98.4,0.0,0.0,0.0,,11:55.6
2026-05-15 11:56:36+00:00,2.0,-0.669,-0.134,0.0,0.0,30.0,0.0,2.118,0.07,8.247,8.25,10.002,40.0,7.755,36.69,87.24,83.34,19.31,16.21,-46.55,23.1,83.8,3.366,3.347,1.0,1070.0,1063.0,30.6,20.5,28.5,1015.0,227.0,209.0,0.854,0.0,-0.0835,-0.1673,0.86,2680000000.0,98.4,834.0,0.0,0.0,,11:56.6
2026-05-15 11:57:36+00:00,3.0,-0.669,0.366,0.0,0.0,30.0,0.0,2.118,0.07,8.252,8.25,10.0,40.0,7.734,36.69,87.24,83.34,19.36,16.21,-46.55,23.1,83.8,3.431,3.423,1.0,1070.0,1063.0,30.5,20.5,28.5,1876.0,225.0,208.0,1.45,0.0,-0.0673,-0.1092,1.46,2680000000.0,98.4,909.0,0.0,0.0,,11:57.6
2026-05-15 11:58:36+00:00,4.0,-0.478,0.669,0.0,30.0,0.0,0.0,2.118,0.07,8.247,8.25,10.002,40.0,7.719,36.68,87.24,83.34,19.41,16.21,-46.55,23.1,83.8,3.479,3.459,1.0,1070.0,1064.0,30.5,20.6,28.5,3033.0,219.0,208.0,1.479,0.0,-0.0587,-0.0939,1.49,3220000000.0,98.4,1076.0,1.0,0.0,,11:58.6
2026-05-15 11:59:36+00:00,5.0,0.022,0.669,0.0,30.0,0.0,0.0,2.118,0.07,8.251,8.25,9.996,40.0,7.705,36.68,87.24,83.32,19.42,16.21,-46.55,23.1,83.8,3.507,3.49,1.0,1070.0,1064.0,30.5,20.6,28.5,3819.0,220.0,208.0,1.489,0.0,-0.0544,-0.0891,1.5,3220000000.0,98.4,949.0,1.0,0.0,,11:59.6
2026-05-15 12:00:36+00:00,6.0,0.547,0.669,0.0,30.0,0.0,0.0,2.118,0.07,8.239,8.25,10.001,40.0,7.695,36.68,87.24,83.32,19.46,16.21,-46.55,23.1,83.8,3.539,3.523,1.0,1070.0,1064.0,30.5,20.6,28.5,5056.0,227.0,216.0,1.499,0.0,-0.0547,-0.0834,1.51,3220000000.0,98.4,950.0,1.0,0.0,,12:00.6
2026-05-15 12:01:36+00:00,7.0,0.669,0.297,0.0,0.0,-30.0,0.0,2.118,0.07,8.256,8.25,9.998,40.0,7.68,36.68,87.24,83.32,19.49,16.21,-46.56,23.1,83.8,3.562,3.559,1.0,1070.0,1064.0,30.5,20.6,28.5,5834.0,220.0,207.0,1.499,0.0,-0.0531,-0.0815,1.51,3220000000.0,98.2,935.0,1.0,0.0,,12:01.6
2026-05-15 12:02:42+00:00,8.0,0.669,-0.203,0.0,0.0,-30.0,0.0,2.118,0.07,8.243,8.25,9.999,40.0,7.671,36.68,87.24,83.32,19.52,16.21,-46.56,23.1,83.8,3.617,3.571,1.0,1070.0,1065.0,30.5,20.6,28.5,7014.0,223.0,208.0,1.489,0.0,-0.0532,-0.0802,1.5,3220000000.0,98.2,812.0,1.0,0.0,,12:02.7
2026-05-15 12:03:42+00:00,9.0,0.64,-0.669,0.0,-30.0,0.0,0.0,2.118,0.07,8.254,8.25,9.997,40.0,7.662,36.68,87.24,83.32,19.54,16.21,-46.56,23.1,83.8,3.639,3.621,1.0,1070.0,1065.0,30.5,20.6,28.5,7884.0,222.0,207.0,1.489,0.0,-0.0526,-0.0799,1.5,3220000000.0,98.2,1321.0,1.0,0.0,,12:03.7
2026-05-15 12:04:42+00:00,10.0,0.115,-0.669,0.0,-30.0,0.0,0.0,2.118,0.07,8.255,8.25,9.999,40.0,7.649,36.68,87.24,83.32,19.58,16.21,-46.56,23.1,83.8,3.666,3.649,1.0,1070.0,1065.0,30.5,20.6,28.5,9075.0,219.0,207.0,1.489,0.0,-0.0526,-0.0787,1.5,3220000000.0,98.2,1158.0,1.0,0.0,,12:04.7
2026-05-15 12:05:42+00:00,11.0,-0.385,-0.669,0.0,-30.0,0.0,0.0,2.118,0.07,8.245,8.25,9.997,40.0,7.638,36.68,87.24,83.32,19.6,16.21,-46.56,23.1,83.8,3.691,3.675,1.0,1070.0,1064.0,30.5,20.6,28.5,9904.0,223.0,208.0,1.489,0.0,-0.0524,-0.0782,1.5,3220000000.0,98.2,1335.0,1.0,0.0,,12:05.7
2026-05-15 12:06:42+00:00,12.0,-0.516,-0.624,0.0,30.0,0.0,0.0,2.118,0.07,8.258,8.25,9.998,40.0,7.631,36.68,87.24,83.32,19.62,16.21,-46.56,23.1,83.8,3.728,3.696,1.0,1070.0,1065.0,30.5,20.6,28.5,199.0,219.0,207.0,1.46,0.4265,-0.0467,-0.0682,1.47,0.0,98.2,1133.0,0.0,0.0,,12:06.7
2026-05-15 12:07:42+00:00,13.0,-0.016,-0.624,0.0,30.0,0.0,0.0,2.118,0.07,8.246,8.25,10.004,40.0,7.626,36.68,87.24,83.32,19.65,16.21,-46.57,23.1,83.8,3.745,3.733,1.0,1070.0,1064.0,30.6,20.6,28.5,1022.0,219.0,208.0,1.41,0.0,-0.0529,-0.0812,1.42,3220000000.0,98.2,1115.0,0.0,0.0,,12:07.7
2026-05-15 12:08:42+00:00,14.0,0.484,-0.624,0.0,30.0,0.0,0.0,2.118,0.07,8.257,8.25,10.004,40.0,7.617,36.68,87.24,83.32,19.67,16.21,-46.57,23.1,83.8,3.77,3.748,1.0,1070.0,1064.0,30.6,20.6,28.5,2201.0,220.0,208.0,1.479,0.0,-0.0522,-0.0789,1.49,3220000000.0,98.2,1333.0,0.0,0.0,,12:08.7
2026-05-15 12:09:42+00:00,15.0,0.382,-0.579,0.0,-30.0,0.0,0.0,2.118,0.07,8.243,8.25,10.002,40.0,7.609,36.68,87.24,83.32,19.69,16.21,-46.57,23.1,83.8,3.792,3.765,1.0,1070.0,1064.0,30.5,20.6,28.5,577.0,219.0,207.0,1.39,0.3834,-0.0478,-0.0707,1.4,65536.0,98.2,1110.0,0.0,0.0,,12:09.7
2026-05-15 12:10:42+00:00,16.0,-0.118,-0.579,0.0,-30.0,0.0,0.0,2.118,0.07,8.255,8.25,9.998,40.0,7.603,36.68,87.24,83.3,19.69,16.22,-46.57,23.1,83.8,3.816,3.775,1.0,1070.0,1064.0,30.5,20.6,28.5,1438.0,220.0,208.0,1.43,0.0,-0.0532,-0.0792,1.44,3220000000.0,98.2,1072.0,0.0,0.0,,12:10.7
2026-05-15 12:11:48+00:00,17.0,-0.618,-0.579,0.0,-30.0,0.0,0.0,2.118,0.07,8.25,8.25,9.997,40.0,7.59,36.68,87.24,83.3,19.73,16.22,-46.58,23.1,83.8,3.826,3.814,1.0,1070.0,1064.0,30.5,20.6,28.5,2579.0,212.0,207.0,1.479,0.0,-0.0518,-0.0807,1.49,3220000000.0,98.2,1240.0,0.0,0.0,,12:11.8
2026-05-15 12:12:48+00:00,18.0,-0.273,-0.534,0.0,30.0,0.0,0.0,2.118,0.07,8.248,8.25,9.999,40.0,7.58,36.68,87.24,83.3,19.75,16.21,-46.58,23.1,83.7,3.859,3.843,1.0,1070.0,1064.0,30.5,20.6,28.5,659.0,219.0,208.0,1.36,0.0,-0.051,-0.0774,1.37,3220000000.0,98.2,1082.0,0.0,0.0,,12:12.8
2026-05-15 12:13:48+00:00,19.0,0.252,-0.534,0.0,30.0,0.0,0.0,2.118,0.07,8.241,8.25,10.004,40.0,7.578,36.67,87.24,83.3,19.77,16.21,-46.58,23.1,83.7,3.873,3.861,1.0,1070.0,1064.0,30.5,20.6,28.5,1420.0,219.0,208.0,1.45,0.0,-0.0518,-0.0817,1.46,3220000000.0,98.2,1137.0,0.0,0.0,,12:13.8
2026-05-15 12:14:48+00:00,20.0,0.639,-0.489,0.0,-30.0,0.0,0.0,2.118,0.07,8.257,8.25,9.997,40.0,7.568,36.68,87.24,83.3,19.78,16.22,-46.59,23.1,83.7,3.891,3.879,1.0,1070.0,1063.0,30.5,20.6,28.5,2618.0,0.0,0.0,1.48,0.0,-0.0522,-0.0789,1.49,3220000000.0,98.2,535.0,0.0,0.0,,12:14.8
2026-05-15 12:15:48+00:00,21.0,0.139,-0.489,0.0,-30.0,0.0,0.0,2.118,0.07,8.246,8.25,9.998,40.0,7.562,36.68,87.24,83.3,19.79,16.21,-46.59,23.1,83.7,3.913,3.895,1.0,1070.0,1063.0,30.5,20.6,28.5,1007.0,214.0,207.0,1.38,0.0,-0.0519,-0.0819,1.39,3220000000.0,98.2,739.0,0.0,0.0,,12:15.8
2026-05-15 12:16:48+00:00,22.0,-0.361,-0.489,0.0,-30.0,0.0,0.0,2.118,0.07,8.253,8.25,10.0,40.0,7.561,36.67,87.24,83.3,19.8,16.22,-46.59,23.1,83.7,3.919,3.905,1.0,1070.0,1063.0,30.5,20.6,28.5,1836.0,219.0,208.0,1.47,0.0,-0.0515,-0.081,1.48,3220000000.0,98.2,961.0,0.0,0.0,,12:16.8
2026-05-15 12:17:48+00:00,23.0,-0.505,-0.444,0.0,30.0,0.0,0.0,2.118,0.07,8.246,8.25,9.997,40.0,7.556,36.67,87.24,83.28,19.81,16.22,-46.6,23.1,83.7,3.931,3.91,1.0,1070.0,1064.0,30.6,20.6,28.5,217.0,219.0,208.0,1.47,0.4382,-0.0477,-0.0704,1.48,0.0,98.2,929.0,0.0,0.0,,12:17.8
2026-05-15 12:18:48+00:00,24.0,-0.005,-0.444,0.0,30.0,0.0,0.0,2.118,0.07,8.256,8.25,10.0,40.0,7.552,36.68,87.24,83.28,19.83,16.22,-46.6,23.1,83.7,3.944,3.926,1.0,1070.0,1063.0,30.6,20.7,28.5,1057.0,212.0,207.0,1.4,0.0,-0.051,-0.0822,1.41,3220000000.0,98.2,896.0,0.0,0.0,,12:18.8
2026-05-15 12:19:54+00:00,25.0,0.495,-0.444,0.0,30.0,0.0,0.0,2.118,0.07,8.245,8.25,10.004,40.0,7.547,36.67,87.24,83.28,19.85,16.21,-46.6,23.1,83.7,3.976,3.946,1.0,1070.0,1063.0,30.6,20.6,28.5,2217.0,216.0,207.0,1.48,0.0,-0.0507,-0.0815,1.49,3220000000.0,98.2,888.0,0.0,0.0,,12:19.9
2026-05-15 12:20:54+00:00,26.0,0.396,-0.399,0.0,-30.0,0.0,0.0,2.118,0.07,8.26,8.25,10.002,40.0,7.539,36.67,87.24,83.28,19.87,16.22,-46.61,23.1,83.7,3.992,3.961,1.0,1070.0,1063.0,30.6,20.6,28.4,239.0,218.0,207.0,1.37,0.3593,-0.0507,-0.0731,1.38,65536.0,98.2,347.0,0.0,0.0,,12:20.9
2026-05-15 12:21:54+00:00,28.0,-0.104,-0.399,0.0,-30.0,0.0,0.0,2.118,0.07,8.258,8.25,9.998,40.0,7.532,36.67,87.24,83.28,19.87,16.22,-46.61,23.1,83.7,4.01,3.978,1.0,1070.0,1063.0,30.6,20.6,28.4,1459.0,213.0,207.0,1.43,0.0,-0.0521,-0.0812,1.44,3220000000.0,98.2,1068.0,0.0,0.0,,12:21.9
2026-05-15 12:22:54+00:00,28.0,-0.629,-0.399,0.0,-30.0,0.0,0.0,2.118,0.07,8.24,8.25,10.002,40.0,7.53,36.67,87.24,83.28,19.89,16.21,-46.62,23.0,83.7,4.019,3.988,1.0,1070.0,1063.0,30.6,20.7,28.4,2300.0,212.0,208.0,1.48,0.0,-0.0526,-0.0791,1.49,3220000000.0,98.2,1337.0,0.0,0.0,,12:22.9
2026-05-15 12:23:54+00:00,29.0,-0.262,-0.354,0.0,30.0,0.0,0.0,2.118,0.07,8.256,8.25,10.002,40.0,7.527,36.67,87.24,83.28,19.9,16.21,-46.62,23.0,83.7,4.026,3.994,1.0,1070.0,1062.0,30.6,20.7,28.5,676.0,212.0,207.0,1.36,0.0,-0.0516,-0.0794,1.37,3220000000.0,98.2,649.0,0.0,0.0,,12:23.9
2026-05-15 12:24:54+00:00,31.0,0.238,-0.354,0.0,30.0,0.0,0.0,2.118,0.07,8.245,8.25,10.003,40.0,7.527,36.67,87.24,83.28,19.9,16.22,-46.63,23.0,83.7,4.03,4.001,1.0,1070.0,1063.0,30.6,20.7,28.5,1837.0,212.0,207.0,1.46,0.0,-0.0531,-0.0811,1.47,3220000000.0,98.2,626.0,0.0,0.0,,12:24.9
2026-05-15 12:25:54+00:00,31.0,0.653,-0.309,0.0,-30.0,0.0,0.0,2.118,0.07,8.256,8.25,10.0,40.0,7.52,36.67,87.24,83.28,19.91,16.22,-46.63,23.0,83.7,4.042,4.013,1.0,1070.0,1063.0,30.5,20.7,28.5,2606.0,219.0,208.0,1.48,0.0,-0.0528,-0.0791,1.49,3220000000.0,98.2,320.0,0.0,0.0,,12:25.9
2026-05-15 12:26:54+00:00,32.0,0.128,-0.309,0.0,-30.0,0.0,0.0,2.118,0.07,8.247,8.25,10.001,40.0,7.515,36.67,87.24,83.28,19.93,16.22,-46.63,23.0,83.7,4.053,4.03,1.0,1070.0,1063.0,30.5,20.7,28.5,1064.0,212.0,208.0,1.39,0.0,-0.0525,-0.0804,1.4,3220000000.0,98.2,863.0,0.0,0.0,,12:26.9
2026-05-15 12:27:54+00:00,33.0,-0.372,-0.309,0.0,-30.0,0.0,0.0,2.118,0.07,8.249,8.25,9.999,40.0,7.51,36.67,87.24,83.28,19.94,16.22,-46.64,23.0,83.7,4.069,4.052,1.0,1070.0,1062.0,30.5,20.7,28.5,1894.0,212.0,208.0,1.47,0.0,-0.053,-0.0801,1.48,3220000000.0,98.2,775.0,0.0,0.0,,12:27.9
2026-05-15 12:29:00+00:00,34.0,-0.519,-0.264,0.0,30.0,0.0,0.0,2.118,0.07,8.245,8.25,9.994,40.0,7.504,36.67,87.24,83.28,19.94,16.22,-46.64,23.0,83.7,4.08,4.067,1.0,1070.0,1063.0,30.5,20.7,28.5,70.0,220.0,208.0,1.44,0.4561,-0.0506,-0.0742,1.45,0.0,98.2,0.0,0.0,0.0,,12:29.0
2026-05-15 12:30:00+00:00,36.0,-0.019,-0.264,0.0,30.0,0.0,0.0,2.118,0.07,8.256,8.25,9.996,40.0,7.501,36.67,87.24,83.26,19.96,16.22,-46.65,23.0,83.7,4.089,4.078,1.0,1070.0,1062.0,30.5,20.7,28.5,1251.0,212.0,207.0,1.39,0.0,-0.0516,-0.0827,1.4,3220000000.0,98.2,317.0,0.0,0.0,,12:30.0
2026-05-15 12:31:00+00:00,37.0,0.481,-0.264,0.0,30.0,0.0,0.0,2.118,0.07,8.251,8.25,10.002,40.0,7.502,36.67,87.24,83.26,19.96,16.22,-46.65,22.9,83.7,4.093,4.082,1.0,1070.0,1062.0,30.5,20.7,28.5,2150.0,219.0,208.0,1.47,0.0,-0.0512,-0.0807,1.48,3220000000.0,98.0,400.0,0.0,0.0,,12:31.0
2026-05-15 12:32:00+00:00,37.0,0.385,-0.219,0.0,-30.0,0.0,0.0,2.118,0.07,8.255,8.25,10.003,40.0,7.501,36.67,87.24,83.26,19.97,16.22,-46.66,22.9,83.7,4.098,4.082,1.0,1070.0,1062.0,30.6,20.7,28.5,270.0,213.0,208.0,1.38,0.0,-0.0496,-0.0761,1.39,3220000000.0,98.0,610.0,0.0,0.0,,12:32.0
2026-05-15 12:33:00+00:00,38.0,-0.115,-0.219,0.0,-30.0,0.0,0.0,2.118,0.07,8.245,8.25,10.001,40.0,7.497,36.66,87.24,83.26,19.98,16.21,-46.67,22.9,83.6,4.104,4.086,1.0,1070.0,1062.0,30.6,20.7,28.5,1510.0,212.0,207.0,1.44,0.0,-0.0526,-0.0816,1.45,3220000000.0,98.0,617.0,0.0,0.0,,12:33.0
2026-05-15 12:34:00+00:00,40.0,-0.615,-0.219,0.0,-30.0,0.0,0.0,2.118,0.07,8.255,8.25,10.0,40.0,7.492,36.67,87.24,83.26,19.99,16.22,-46.67,22.9,83.6,4.122,4.103,1.0,1070.0,1063.0,30.6,20.7,28.5,2433.0,212.0,207.0,1.48,0.0,-0.053,-0.08,1.49,3220000000.0,98.0,696.0,0.0,0.0,,12:34.0
2026-05-15 12:35:00+00:00,41.0,-0.276,-0.174,0.0,30.0,0.0,0.0,2.118,0.07,8.242,8.25,10.003,40.0,7.491,36.66,87.24,83.26,20.0,16.22,-46.68,22.9,83.6,4.131,4.111,1.0,1070.0,1062.0,30.6,20.7,28.5,798.0,212.0,208.0,1.351,0.0,-0.052,-0.0796,1.36,3220000000.0,98.0,628.0,0.0,0.0,,12:35.0
2026-05-15 12:36:00+00:00,41.0,0.249,-0.174,0.0,30.0,0.0,0.0,2.118,0.07,8.256,8.25,10.001,40.0,7.489,36.67,87.24,83.26,20.0,16.22,-46.68,22.9,83.6,4.135,4.12,1.0,1070.0,1063.0,30.5,20.7,28.5,1679.0,212.0,207.0,1.46,0.0,-0.0532,-0.0806,1.47,3220000000.0,98.0,631.0,0.0,0.0,,12:36.0
2026-05-15 12:37:00+00:00,42.0,0.642,-0.129,0.0,-30.0,0.0,0.0,2.118,0.07,8.248,8.25,10.0,40.0,7.483,36.66,87.24,83.26,20.01,16.22,-46.69,22.9,83.6,4.145,4.127,1.0,1070.0,516.0,30.5,20.7,28.4,0.0,0.0,0.0,1.48,0.0,-0.052,-0.0803,1.49,3220000000.0,98.0,477.0,0.0,0.0,,12:37.0
2026-05-15 12:38:06+00:00,43.0,0.142,-0.129,0.0,-30.0,0.0,0.0,2.118,0.07,8.253,8.25,10.002,40.0,7.482,36.66,87.24,83.26,20.02,16.22,-46.69,22.9,83.6,4.145,4.134,1.0,1070.0,1063.0,30.5,20.7,28.5,1008.0,212.0,207.0,1.39,0.0,-0.0517,-0.0817,1.4,3220000000.0,98.0,773.0,0.0,0.0,,12:38.1
2026-05-15 12:39:06+00:00,44.0,-0.358,-0.129,0.0,-30.0,0.0,0.0,2.118,0.07,8.245,8.25,10.002,40.0,7.482,36.66,87.24,83.26,20.02,16.22,-46.7,22.9,83.6,4.151,4.135,1.0,1070.0,1063.0,30.5,20.7,28.4,1883.0,212.0,208.0,1.47,0.0,-0.0534,-0.0813,1.48,3220000000.0,98.0,832.0,0.0,0.0,,12:39.1
2026-05-15 12:40:06+00:00,46.0,-0.508,-0.084,0.0,30.0,0.0,0.0,2.118,0.07,8.25,8.25,9.999,40.0,7.479,36.66,87.24,83.26,20.02,16.22,-46.7,22.9,83.6,4.156,4.135,1.0,1070.0,706.0,30.5,20.7,28.4,296.0,219.0,207.0,1.46,0.4083,-0.0493,-0.0705,1.47,65536.0,98.0,781.0,0.0,0.0,,12:40.1
2026-05-15 12:41:06+00:00,47.0,-0.008,-0.084,0.0,30.0,0.0,0.0,2.118,0.07,8.255,8.25,9.995,40.0,7.471,36.66,87.24,83.25,20.04,16.22,-46.71,22.8,83.6,4.167,4.146,1.0,1070.0,1063.0,30.5,20.8,28.4,1278.0,213.0,207.0,1.41,0.0,-0.0524,-0.0825,1.42,3220000000.0,98.0,644.0,0.0,0.0,,12:41.1
2026-05-15 12:42:06+00:00,48.0,0.492,-0.084,0.0,30.0,0.0,0.0,2.118,0.07,8.244,8.25,9.998,40.0,7.472,36.66,87.24,83.25,20.04,16.22,-46.71,22.8,83.6,4.182,4.154,1.0,1070.0,1063.0,30.5,20.8,28.4,2257.0,212.0,208.0,1.47,0.0,-0.0515,-0.0807,1.48,3220000000.0,98.0,1354.0,0.0,0.0,,12:42.1
2026-05-15 12:43:06+00:00,49.0,0.399,-0.039,0.0,-30.0,0.0,0.0,2.118,0.07,8.255,8.25,9.998,40.0,7.472,36.66,87.24,83.25,20.03,16.22,-46.72,22.8,83.6,4.192,4.158,1.0,1070.0,1063.0,30.5,20.8,28.4,515.0,216.0,208.0,1.38,0.3734,-0.0484,-0.073,1.39,65536.0,98.0,773.0,0.0,0.0,,12:43.1
2026-05-15 12:44:06+00:00,50.0,-0.126,-0.039,0.0,-30.0,0.0,0.0,2.118,0.07,8.245,8.25,10.002,40.0,7.471,36.66,87.24,83.25,20.05,16.22,-46.72,22.8,83.6,4.199,4.166,1.0,1070.0,1063.0,30.5,20.8,28.4,1319.0,212.0,207.0,1.44,0.0,-0.0527,-0.083,1.45,3220000000.0,98.0,966.0,0.0,0.0,,12:44.1
2026-05-15 12:45:06+00:00,50.0,-0.626,-0.039,0.0,-30.0,0.0,0.0,2.118,0.07,8.255,8.25,9.998,40.0,7.466,36.66,87.24,83.25,20.05,16.22,-46.73,22.8,83.6,4.204,4.171,1.0,1070.0,1063.0,30.5,20.8,28.4,2539.0,212.0,208.0,1.48,0.0,-0.0528,-0.0804,1.49,3220000000.0,98.0,1338.0,0.0,0.0,,12:45.1
2026-05-15 12:46:12+00:00,52.0,-0.265,0.006,0.0,30.0,0.0,0.0,2.118,0.07,8.247,8.25,10.0,40.0,7.466,36.66,87.24,83.25,20.05,16.22,-46.73,22.8,83.6,4.202,4.166,1.0,1070.0,1063.0,30.6,20.8,28.4,627.0,212.0,207.0,1.351,0.0,-0.0517,-0.0798,1.36,3220000000.0,98.0,1296.0,0.0,0.0,,12:46.2
2026-05-15 12:47:12+00:00,53.0,0.235,0.006,0.0,30.0,0.0,0.0,2.118,0.07,8.251,8.25,10.003,40.0,7.467,36.66,87.24,83.25,20.06,16.22,-46.74,22.8,83.6,4.199,4.173,1.0,1070.0,1063.0,30.6,20.8,28.4,1745.0,212.0,208.0,1.46,0.0,-0.0533,-0.0812,1.47,3220000000.0,98.0,928.0,0.0,0.0,,12:47.2
2026-05-15 12:48:12+00:00,53.0,0.656,0.051,0.0,-30.0,0.0,0.0,2.118,0.07,8.245,8.25,10.0,40.0,7.462,36.66,87.24,83.25,20.07,16.22,-46.74,22.8,83.6,4.206,4.176,0.0,1070.0,904.0,30.6,20.8,28.4,2658.0,212.0,207.0,1.48,0.0,-0.0519,-0.0801,1.49,3220000000.0,98.0,714.0,0.0,0.0,,12:48.2
2026-05-15 12:49:12+00:00,54.0,0.131,0.051,0.0,-30.0,0.0,0.0,2.118,0.07,8.251,8.25,10.004,40.01,7.462,36.67,87.24,83.25,20.08,16.22,-46.75,22.9,83.6,4.217,4.186,1.0,1070.0,1063.0,30.6,20.8,28.4,1086.0,212.0,207.0,1.39,0.0,-0.0523,-0.081,1.4,3220000000.0,98.0,1122.0,0.0,0.0,,12:49.2
2026-05-15 12:50:12+00:00,56.0,-0.369,0.051,0.0,-30.0,0.0,0.0,2.118,0.07,8.248,8.25,10.002,40.0,7.461,36.66,87.24,83.25,20.08,16.22,-46.75,22.9,83.6,4.217,4.187,1.0,1070.0,1063.0,30.6,20.8,28.4,2080.0,212.0,207.0,1.47,0.0,-0.052,-0.0813,1.48,3220000000.0,98.0,1259.0,0.0,0.0,,12:50.2
2026-05-15 12:51:12+00:00,57.0,-0.522,0.096,0.0,30.0,0.0,0.0,2.118,0.07,8.255,8.25,10.007,40.0,7.461,36.66,87.24,83.25,20.09,16.22,-46.76,22.9,83.6,4.225,4.192,1.0,1070.0,1063.0,30.6,20.8,28.4,316.0,227.0,216.0,1.42,0.4584,-0.0492,-0.0742,1.43,0.0,98.0,977.0,0.0,0.0,,12:51.2
2026-05-15 12:52:12+00:00,58.0,0.003,0.096,0.0,30.0,0.0,0.0,2.118,0.07,8.246,8.25,10.003,40.0,7.458,36.66,87.24,83.25,20.09,16.22,-46.76,22.9,83.5,4.223,4.198,1.0,1070.0,1063.0,30.7,20.8,28.4,1315.0,212.0,208.0,1.42,0.0,-0.0544,-0.0824,1.43,3220000000.0,98.0,1175.0,0.0,0.0,,12:52.2
2026-05-15 12:53:12+00:00,59.0,0.503,0.096,0.0,30.0,0.0,0.0,2.118,0.07,8.255,8.25,10.003,40.0,7.459,36.66,87.24,83.23,20.08,16.22,-46.77,22.9,83.5,4.224,4.197,1.0,1070.0,1063.0,30.7,20.8,28.4,2125.0,212.0,208.0,1.47,0.0,-0.0523,-0.0813,1.48,3220000000.0,98.0,1339.0,0.0,0.0,,12:53.2
2026-05-15 12:54:18+00:00,60.0,0.388,0.141,0.0,-30.0,0.0,0.0,2.118,0.07,8.242,8.25,9.998,40.0,7.458,36.66,87.24,83.23,20.08,16.22,-46.78,22.9,83.5,4.22,4.196,1.0,1070.0,1063.0,30.6,20.8,28.4,560.0,212.0,207.0,1.351,0.3582,-0.0492,-0.075,1.36,65536.0,98.0,887.0,0.0,0.0,,12:54.3
2026-05-15 12:55:18+00:00,61.0,-0.112,0.141,0.0,-30.0,0.0,0.0,2.118,0.07,8.263,8.25,9.996,40.0,7.452,36.66,87.24,83.23,20.09,16.22,-46.78,22.9,83.5,4.232,4.205,1.0,1070.0,1063.0,30.6,20.8,28.4,1529.0,212.0,207.0,1.43,0.0,-0.0525,-0.0804,1.44,3220000000.0,98.0,1285.0,0.0,0.0,,12:55.3
2026-05-15 12:56:18+00:00,62.0,-0.612,0.141,0.0,-30.0,0.0,0.0,2.118,0.07,8.243,8.25,9.996,40.0,7.45,36.66,87.24,83.23,20.1,16.22,-46.79,22.9,83.5,4.234,4.21,1.0,1070.0,1063.0,30.6,20.8,28.4,2482.0,212.0,208.0,1.47,0.0,-0.052,-0.0811,1.48,3220000000.0,98.0,1258.0,0.0,0.0,,12:56.3
2026-05-15 12:57:18+00:00,63.0,-0.254,0.186,0.0,30.0,0.0,0.0,2.118,0.07,8.243,8.25,9.997,40.0,7.448,36.66,87.24,83.23,20.1,16.22,-46.79,22.9,83.5,4.24,4.209,1.0,1070.0,1063.0,30.6,20.8,28.4,793.0,212.0,207.0,1.351,0.0,-0.0511,-0.0801,1.36,3220000000.0,98.0,1097.0,0.0,0.0,,12:57.3
2026-05-15 12:58:18+00:00,64.0,0.246,0.186,0.0,30.0,0.0,0.0,2.118,0.07,8.253,8.25,10.002,40.0,7.451,36.66,87.24,83.23,20.1,16.22,-46.79,22.9,83.5,4.244,4.214,1.0,1070.0,1063.0,30.6,20.8,28.4,1731.0,212.0,207.0,1.46,0.0,-0.0521,-0.0809,1.47,3220000000.0,98.0,1314.0,0.0,0.0,,12:58.3
2026-05-15 12:59:18+00:00,65.0,0.645,0.231,0.0,-30.0,0.0,0.0,2.118,0.07,8.247,8.25,10.0,40.0,7.449,36.66,87.24,83.23,20.11,16.22,-46.8,22.8,83.5,4.249,4.218,1.0,1070.0,152.0,30.6,20.9,28.4,0.0,216.0,208.0,1.48,0.4411,-0.0534,-0.0798,1.49,65536.0,98.0,0.0,0.0,0.0,,12:59.3
2026-05-15 13:00:18+00:00,66.0,0.145,0.231,0.0,-30.0,0.0,0.0,2.118,0.07,8.254,8.25,10.001,40.0,7.45,36.66,87.24,83.23,20.1,16.22,-46.8,22.8,83.5,4.242,4.211,1.0,1070.0,1063.0,30.6,20.9,28.4,943.0,212.0,208.0,1.361,0.0,-0.0528,-0.0818,1.37,3220000000.0,98.0,887.0,0.0,0.0,,13:00.3
2026-05-15 13:01:18+00:00,67.0,-0.38,0.231,0.0,-30.0,0.0,0.0,2.118,0.07,8.247,8.25,10.002,40.0,7.453,36.66,87.24,83.23,20.1,16.22,-46.81,22.8,83.5,4.245,4.215,1.0,1070.0,1062.0,30.6,20.9,28.4,1964.0,212.0,207.0,1.47,0.0,-0.0528,-0.0804,1.48,3220000000.0,98.0,1201.0,0.0,0.0,,13:01.3
2026-05-15 13:02:24+00:00,68.0,-0.511,0.276,0.0,30.0,0.0,0.0,2.118,0.07,8.251,8.25,9.999,40.0,7.45,36.66,87.24,83.23,20.1,16.22,-46.81,22.8,83.5,4.249,4.22,1.0,1070.0,1063.0,30.6,20.9,28.4,220.0,212.0,208.0,1.46,0.4324,-0.0477,-0.0718,1.47,0.0,98.0,876.0,0.0,0.0,,13:02.4
2026-05-15 13:03:24+00:00,69.0,-0.011,0.276,0.0,30.0,0.0,0.0,2.118,0.07,8.246,8.25,10.0,40.0,7.446,36.66,87.24,83.23,20.11,16.22,-46.82,22.8,83.5,4.253,4.223,1.0,1070.0,1063.0,30.6,20.9,28.4,1244.0,212.0,208.0,1.4,0.0,-0.0531,-0.0812,1.41,3220000000.0,98.0,1065.0,0.0,0.0,,13:03.4
2026-05-15 13:04:24+00:00,70.0,0.489,0.276,0.0,30.0,0.0,0.0,2.118,0.07,8.253,8.25,10.002,40.0,7.447,36.66,87.24,83.23,20.12,16.22,-46.82,22.8,83.5,4.251,4.235,1.0,1070.0,1062.0,30.5,20.9,28.4,2229.0,212.0,207.0,1.47,0.0,-0.0529,-0.08,1.48,3220000000.0,98.0,1131.0,0.0,0.0,,13:04.4
2026-05-15 13:05:24+00:00,71.0,0.377,0.321,0.0,-30.0,0.0,0.0,2.118,0.07,8.247,8.25,10.002,40.0,7.448,36.66,87.24,83.23,20.11,16.22,-46.82,22.8,83.5,4.262,4.238,1.0,1070.0,1062.0,30.5,20.9,28.4,263.0,212.0,208.0,1.38,0.3474,-0.0496,-0.0753,1.39,65536.0,98.0,794.0,0.0,0.0,,13:05.4
2026-05-15 13:06:24+00:00,72.0,-0.123,0.321,0.0,-30.0,0.0,0.0,2.118,0.07,8.253,8.25,9.998,40.0,7.443,36.66,87.24,83.23,20.12,16.22,-46.83,22.8,83.5,4.262,4.239,1.0,1070.0,1062.0,30.6,20.9,28.4,1465.0,212.0,207.0,1.43,0.0,-0.0536,-0.0812,1.44,3220000000.0,98.0,1201.0,0.0,0.0,,13:06.4
2026-05-15 13:07:24+00:00,73.0,-0.623,0.321,0.0,-30.0,0.0,0.0,2.118,0.07,8.241,8.25,9.999,40.0,7.444,36.66,87.24,83.21,20.12,16.22,-46.83,22.8,83.5,4.261,4.239,1.0,1070.0,1062.0,30.6,20.9,28.4,2396.0,212.0,207.0,1.47,0.0,-0.0521,-0.0806,1.48,3220000000.0,98.0,1436.0,0.0,0.0,,13:07.4
2026-05-15 13:08:24+00:00,74.0,-0.268,0.366,0.0,30.0,0.0,0.0,2.118,0.07,8.257,8.25,9.996,40.0,7.443,36.66,87.24,83.21,20.11,16.22,-46.84,22.8,83.5,4.26,4.237,1.0,1070.0,1062.0,30.6,20.9,28.4,482.0,212.0,207.0,1.351,0.0,-0.0511,-0.0818,1.36,3220000000.0,98.0,769.0,0.0,0.0,,13:08.4
2026-05-15 13:09:24+00:00,75.0,0.257,0.366,0.0,30.0,0.0,0.0,2.118,0.07,8.247,8.25,9.999,40.0,7.445,36.66,87.24,83.21,20.11,16.22,-46.84,22.8,83.5,4.258,4.234,1.0,1070.0,1062.0,30.6,20.9,28.4,1697.0,212.0,208.0,1.45,0.0,-0.053,-0.0804,1.46,3220000000.0,98.0,855.0,0.0,0.0,,13:09.4
2026-05-15 13:10:24+00:00,76.0,0.634,0.411,0.0,-30.0,0.0,0.0,2.118,0.07,8.255,8.25,10.006,40.0,7.448,36.66,87.24,83.21,20.12,16.22,-46.84,22.8,83.5,4.258,4.239,0.0,1070.0,1062.0,30.6,20.9,28.4,2618.0,0.0,0.0,1.47,0.0,-0.0522,-0.0793,1.48,3220000000.0,98.0,555.0,0.0,0.0,,13:10.4
2026-05-15 13:11:30+00:00,77.0,0.134,0.411,0.0,-30.0,0.0,0.0,2.118,0.07,8.246,8.25,10.002,40.0,7.443,36.66,87.24,83.21,20.12,16.22,-46.85,22.8,83.5,4.266,4.248,1.0,1070.0,1062.0,30.6,20.9,28.4,1056.0,212.0,207.0,1.38,0.0,-0.0524,-0.0798,1.39,3220000000.0,98.0,710.0,0.0,0.0,,13:11.5
2026-05-15 13:12:30+00:00,78.0,-0.366,0.411,0.0,-30.0,0.0,0.0,2.118,0.07,8.251,8.25,9.998,40.0,7.441,36.66,87.24,83.21,20.12,16.22,-46.85,22.8,83.5,4.268,4.248,1.0,1070.0,1062.0,30.6,20.9,28.4,1916.0,212.0,208.0,1.47,0.0,-0.0529,-0.0799,1.48,3220000000.0,98.0,1162.0,0.0,0.0,,13:12.5
2026-05-15 13:13:30+00:00,79.0,-0.525,0.456,0.0,30.0,0.0,0.0,2.118,0.07,8.252,8.25,10.004,40.0,7.442,36.66,87.24,83.21,20.13,16.22,-46.85,22.7,83.5,4.264,4.256,1.0,1070.0,892.0,30.6,21.0,28.4,316.0,0.0,0.0,1.47,0.4252,-0.0488,-0.071,1.48,65536.0,97.8,772.0,0.0,0.0,,13:13.5
2026-05-15 13:14:30+00:00,80.0,0.0,0.456,0.0,30.0,0.0,0.0,2.118,0.07,8.249,8.25,10.0,40.0,7.443,36.66,87.24,83.21,20.12,16.22,-46.86,22.7,83.4,4.27,4.248,1.0,1070.0,1062.0,30.6,21.0,28.4,1340.0,212.0,207.0,1.4,0.0,-0.054,-0.0802,1.41,3220000000.0,97.8,1084.0,0.0,0.0,,13:14.5
2026-05-15 13:15:30+00:00,81.0,0.5,0.456,0.0,30.0,0.0,0.0,2.118,0.07,8.254,8.25,10.0,40.0,7.441,36.66,87.24,83.21,20.12,16.22,-46.86,22.7,83.4,4.264,4.244,1.0,1070.0,1062.0,30.6,21.0,28.4,2325.0,212.0,207.0,1.47,0.0,-0.0528,-0.0789,1.48,3220000000.0,97.8,1482.0,0.0,0.0,,13:15.5
2026-05-15 13:16:30+00:00,82.0,0.391,0.501,0.0,-30.0,0.0,0.0,2.118,0.07,8.245,8.25,10.002,40.0,7.444,36.66,87.24,83.19,20.12,16.22,-46.86,22.7,83.4,4.27,4.24,1.0,1070.0,1062.0,30.7,21.0,28.4,514.0,212.0,208.0,1.39,0.0,-0.0496,-0.076,1.4,3220000000.0,97.8,807.0,0.0,0.0,,13:16.5
2026-05-15 13:17:30+00:00,83.0,-0.134,0.501,0.0,-30.0,0.0,0.0,2.118,0.07,8.255,8.25,9.998,40.0,7.439,36.66,87.24,83.19,20.12,16.22,-46.87,22.7,83.4,4.268,4.252,1.0,1070.0,1062.0,30.7,21.0,28.4,1339.0,212.0,207.0,1.43,0.0,-0.0515,-0.0804,1.44,3220000000.0,97.8,1211.0,0.0,0.0,,13:17.5
2026-05-15 13:18:30+00:00,84.0,-0.634,0.501,0.0,-30.0,0.0,0.0,2.118,0.07,8.24,8.25,10.001,40.0,7.443,36.66,87.24,83.19,20.12,16.22,-46.87,22.7,83.4,4.27,4.256,1.0,1070.0,1062.0,30.6,21.0,28.4,2356.0,212.0,207.0,1.47,0.0,-0.0519,-0.0796,1.48,3220000000.0,97.8,1446.0,0.0,0.0,,13:18.5
2026-05-15 13:19:36+00:00,85.0,-0.257,0.546,0.0,30.0,0.0,0.0,2.118,0.07,8.253,8.25,10.001,40.0,7.441,36.66,87.24,83.19,20.12,16.22,-46.87,22.7,83.4,4.278,4.262,1.0,1070.0,1062.0,30.6,21.0,28.4,734.0,212.0,207.0,1.351,0.0,-0.0513,-0.0805,1.36,3220000000.0,97.8,969.0,0.0,0.0,,13:19.6
2026-05-15 13:20:36+00:00,86.0,0.243,0.546,0.0,30.0,0.0,0.0,2.118,0.07,8.247,8.25,9.995,40.0,7.436,36.66,87.24,83.19,20.12,16.22,-46.88,22.7,83.4,4.278,4.26,1.0,1070.0,1062.0,30.6,21.0,28.4,1776.0,212.0,207.0,1.46,0.0,-0.0521,-0.0804,1.47,3220000000.0,97.8,1402.0,0.0,0.0,,13:20.6
2026-05-15 13:21:36+00:00,87.0,0.648,0.591,0.0,-30.0,0.0,0.0,2.118,0.07,8.252,8.25,10.003,40.0,7.442,36.66,87.24,83.19,20.13,16.22,-46.88,22.7,83.4,4.276,4.257,1.0,1070.0,761.0,30.6,21.0,28.4,0.0,212.0,207.0,1.47,0.0,-0.0528,-0.0792,1.48,3220000000.0,97.8,663.0,0.0,0.0,,13:21.6
2026-05-15 13:22:36+00:00,88.0,0.123,0.591,0.0,-30.0,0.0,0.0,2.118,0.07,8.244,8.25,9.998,40.0,7.439,36.66,87.24,83.19,20.13,16.22,-46.88,22.7,83.4,4.271,4.253,1.0,1070.0,1062.0,30.6,21.0,28.4,968.0,212.0,207.0,1.381,0.0,-0.0513,-0.0809,1.39,3220000000.0,97.8,1094.0,0.0,0.0,,13:22.6
2026-05-15 13:23:36+00:00,89.0,-0.377,0.591,0.0,-30.0,0.0,0.0,2.118,0.07,8.254,8.25,10.0,40.0,7.441,36.66,87.26,83.19,20.13,16.22,-46.89,22.7,83.4,4.27,4.251,1.0,1070.0,1060.0,30.5,21.0,28.4,2101.0,212.0,207.0,1.46,0.0,-0.0528,-0.0795,1.47,3220000000.0,97.8,1289.0,0.0,0.0,,13:23.6
2026-05-15 13:24:36+00:00,90.0,-0.514,0.636,0.0,30.0,0.0,0.0,2.118,0.07,8.249,8.25,10.0,40.0,7.437,36.66,87.26,83.19,20.14,16.22,-46.89,22.7,83.4,4.272,4.261,1.0,1070.0,1062.0,30.5,21.0,28.4,17.0,215.0,207.0,1.45,0.3953,-0.0471,-0.0717,1.46,65536.0,97.8,550.0,0.0,0.0,,13:24.6
2026-05-15 13:25:36+00:00,91.0,-0.014,0.636,0.0,30.0,0.0,0.0,2.118,0.07,8.25,8.25,9.999,40.0,7.437,36.66,87.26,83.19,20.13,16.22,-46.89,22.7,83.4,4.273,4.264,1.0,1070.0,1060.0,30.5,21.0,28.4,1217.0,215.0,208.0,1.41,0.0,-0.0515,-0.0804,1.42,3220000000.0,97.8,1038.0,0.0,0.0,,13:25.6
2026-05-15 13:26:36+00:00,92.0,0.511,0.636,0.0,30.0,0.0,0.0,2.118,0.07,8.246,8.25,10.0,40.0,7.439,36.66,87.26,83.19,20.13,16.22,-46.9,22.7,83.4,4.283,4.264,1.0,1070.0,1059.0,30.5,21.0,28.4,2195.0,212.0,207.0,1.48,0.0,-0.0521,-0.0789,1.49,3220000000.0,97.8,455.0,0.0,0.0,,13:26.6
2026-05-15 13:27:36+00:00,93.0,0.669,0.636,0.015,0.0,0.0,0.0,2.118,0.07,8.245,8.25,10.0,40.0,7.436,36.66,87.26,83.19,20.14,16.22,-46.9,22.7,83.4,4.281,4.271,0.0,1070.0,0.0,30.6,21.0,28.4,0.0,0.0,0.0,1.47,0.0,-0.0465,-0.064,1.48,3220000000.0,97.8,0.0,0.0,1.0,,13:27.6
2026-05-15 13:28:42+00:00,93.0,0.669,0.636,0.015,0.0,0.0,0.0,2.118,0.07,8.249,8.25,10.0,40.0,7.436,36.66,87.26,83.19,20.14,16.22,-46.9,22.7,83.4,4.282,4.271,0.0,1070.0,0.0,30.6,21.0,28.4,0.0,0.0,0.0,1.47,0.0,-0.0465,-0.064,1.48,3220000000.0,97.8,0.0,0.0,1.0,,13:28.7
2026-05-15 13:29:42+00:00,94.0,0.254,0.266,0.015,-29.877,-26.597,0.0,2.118,0.07,8.246,8.25,10.001,40.0,7.439,36.66,87.26,83.17,20.13,16.22,-46.9,22.6,83.4,4.274,4.263,0.0,1070.0,0.0,30.6,21.1,28.4,0.0,0.0,0.0,0.06,0.0,-0.0104,-0.0296,0.06,3220000000.0,97.8,0.0,0.0,1.0,,13:29.7
2026-05-15 13:30:42+00:00,96.0,-0.244,-0.177,0.015,-29.877,-26.597,0.0,2.118,0.07,8.259,8.25,10.002,40.0,7.442,36.66,87.26,83.17,20.13,16.21,-46.91,22.6,83.4,4.273,4.264,0.0,1070.0,0.0,30.6,21.1,28.4,0.0,0.0,0.0,0.06,0.0,-0.0172,-0.0521,0.06,3220000000.0,97.8,0.0,0.0,1.0,,13:30.7
2026-05-15 13:31:42+00:00,97.0,-0.669,-0.645,0.015,0.0,-30.0,0.0,2.118,0.07,8.252,8.25,10.002,40.0,7.438,36.66,87.26,83.17,20.14,16.22,-46.91,22.6,83.4,4.274,4.27,0.0,1070.0,1066.0,30.6,21.1,28.3,100.0,0.0,0.0,0.05,0.0,-0.0166,-0.1039,0.05,3220000000.0,97.8,541.0,0.0,1.0,,13:31.7
2026-05-15 13:32:42+00:00,98.0,-0.199,-0.669,0.015,30.0,0.0,0.0,2.118,0.07,8.249,8.25,10.001,40.0,7.438,36.66,87.26,83.17,20.13,16.21,-46.91,22.6,83.4,4.278,4.27,1.0,1070.0,1064.0,30.6,21.1,28.3,944.0,220.0,208.0,0.924,0.0,-0.0743,-0.1312,0.93,2680000000.0,97.8,291.0,0.0,1.0,,13:32.7
2026-05-15 13:33:42+00:00,99.0,0.301,-0.669,0.015,30.0,0.0,0.0,2.118,0.07,8.251,8.25,10.004,40.0,7.442,36.66,87.26,83.17,20.13,16.22,-46.91,22.6,83.4,4.281,4.269,1.0,1070.0,1062.0,30.6,21.1,28.3,1944.0,217.0,207.0,1.45,0.0,-0.0609,-0.1003,1.46,2680000000.0,97.8,0.0,0.0,1.0,,13:33.7
2026-05-15 13:34:42+00:00,100.0,0.669,-0.543,0.015,0.0,30.0,0.0,2.118,0.07,8.251,8.25,10.002,40.0,7.439,36.66,87.26,83.17,20.14,16.22,-46.92,22.6,83.3,4.282,4.27,1.0,1070.0,1062.0,30.6,21.1,28.3,3078.0,212.0,207.0,1.47,0.0,-0.0579,-0.0891,1.48,3220000000.0,97.8,349.0,1.0,1.0,,13:34.7
2026-05-15 13:35:42+00:00,101.0,0.669,-0.043,0.015,0.0,30.0,0.0,2.118,0.07,8.249,8.25,10.003,40.0,7.435,36.66,87.26,83.17,20.15,16.21,-46.92,22.6,83.3,4.281,4.274,1.0,1070.0,1062.0,30.6,21.1,28.3,4109.0,216.0,208.0,1.48,0.0,-0.0561,-0.0854,1.49,3220000000.0,97.8,217.0,1.0,1.0,,13:35.7
2026-05-15 13:36:42+00:00,102.0,0.669,0.482,0.015,0.0,30.0,0.0,2.118,0.07,8.263,8.25,10.001,40.0,7.437,36.66,87.26,83.17,20.14,16.22,-46.92,22.6,83.3,4.282,4.271,1.0,1070.0,1062.0,30.6,21.1,28.3,5101.0,212.0,208.0,1.48,0.0,-0.0552,-0.0803,1.49,3220000000.0,97.8,173.0,1.0,1.0,,13:36.7
2026-05-15 13:37:48+00:00,103.0,0.361,0.669,0.015,-30.0,0.0,0.0,2.118,0.07,8.237,8.25,10.005,40.0,7.443,36.67,87.26,83.17,20.13,16.22,-46.92,22.6,83.3,4.275,4.263,1.0,1070.0,1062.0,30.6,21.1,28.4,6102.0,212.0,207.0,1.48,0.0,-0.0541,-0.0808,1.49,3220000000.0,97.8,0.0,1.0,1.0,,13:37.8
2026-05-15 13:38:48+00:00,104.0,-0.139,0.669,0.015,-30.0,0.0,0.0,2.118,0.07,8.255,8.25,10.0,40.0,7.437,36.66,87.26,83.17,20.14,16.21,-46.92,22.6,83.3,4.281,4.268,1.0,1070.0,1062.0,30.6,21.1,28.4,7129.0,214.0,208.0,1.48,0.0,-0.0534,-0.0792,1.49,3220000000.0,97.8,0.0,1.0,1.0,,13:38.8
2026-05-15 13:39:48+00:00,105.0,-0.639,0.669,0.015,-30.0,0.0,0.0,2.118,0.07,8.243,8.25,9.998,40.0,7.434,36.66,87.26,83.17,20.14,16.22,-46.93,22.6,83.3,4.283,4.269,1.0,1070.0,1062.0,30.6,21.1,28.4,8101.0,219.0,207.0,1.48,0.0,-0.0519,-0.0779,1.49,3220000000.0,97.8,0.0,1.0,1.0,,13:39.8
2026-05-15 13:40:48+00:00,106.0,-0.669,0.18,0.015,0.0,-30.0,0.0,2.118,0.07,8.25,8.25,9.995,40.0,7.431,36.66,87.26,83.17,20.14,16.21,-46.93,22.6,83.3,4.281,4.277,1.0,1070.0,1062.0,30.6,21.1,28.3,9100.0,212.0,207.0,1.48,0.0,-0.054,-0.0777,1.49,3220000000.0,97.8,383.0,1.0,1.0,,13:40.8
2026-05-15 13:41:48+00:00,107.0,-0.669,-0.295,0.015,0.0,-30.0,0.0,2.118,0.07,8.25,8.25,9.994,40.0,7.431,36.66,87.26,83.17,20.14,16.22,-46.93,22.6,83.3,4.286,4.274,1.0,1070.0,1062.0,30.7,21.1,28.3,10179.0,219.0,208.0,1.48,0.0,-0.0522,-0.0771,1.49,3220000000.0,97.8,603.0,1.0,1.0,,13:41.8
2026-05-15 13:42:48+00:00,108.0,-0.588,-0.669,0.015,-40.0,0.0,0.0,2.118,0.07,8.253,8.25,10.0,40.0,7.434,36.66,87.26,83.16,20.14,16.22,-46.93,22.6,83.3,4.288,4.273,1.0,1070.0,1062.0,30.7,21.1,28.3,0.0,219.0,208.0,1.43,0.4135,-0.049,-0.0709,1.44,65536.0,97.8,0.0,0.0,1.0,,13:42.8
2026-05-15 13:43:48+00:00,109.0,-0.478,-0.669,0.015,36.182,0.0,0.0,2.118,0.07,8.253,8.25,10.0,40.0,7.436,36.66,87.26,83.16,20.14,16.22,-46.93,22.6,83.3,4.286,4.277,1.0,1070.0,1062.0,30.7,21.1,28.3,288.0,212.0,207.0,1.013,0.3374,-0.0467,-0.0645,1.02,65536.0,97.8,0.0,0.0,1.0,,13:43.8
2026-05-15 13:44:48+00:00,110.0,-0.659,-0.361,0.015,21.213,-21.213,0.0,2.118,0.07,8.251,8.25,10.004,40.0,7.44,36.66,87.26,83.16,20.14,16.22,-46.94,22.6,83.3,4.282,4.269,1.0,1070.0,1062.0,30.7,21.1,28.3,0.0,212.0,207.0,1.192,0.0,-0.0539,-0.0848,1.2,3220000000.0,97.8,0.0,0.0,1.0,,13:44.8
2026-05-15 13:45:48+00:00,111.0,-0.288,-0.669,0.015,-21.213,21.213,0.0,2.118,0.07,8.261,8.25,9.999,40.0,7.437,36.66,87.26,83.16,20.14,16.22,-46.94,22.6,83.3,4.28,4.268,1.0,1070.0,1062.0,30.7,21.0,28.3,0.0,212.0,208.0,1.301,0.3948,-0.054,-0.083,1.31,65536.0,97.8,0.0,0.0,1.0,,13:45.8
2026-05-15 13:46:48+00:00,112.0,-0.641,-0.316,0.015,-21.213,21.213,0.0,2.118,0.07,8.243,8.25,10.0,40.0,7.436,36.66,87.26,83.16,20.14,16.22,-46.94,22.6,83.3,4.291,4.275,1.0,1070.0,1062.0,30.7,21.0,28.3,730.0,212.0,207.0,1.321,0.0,-0.0529,-0.0826,1.33,3220000000.0,97.8,0.0,0.0,1.0,,13:46.8
2026-05-15 13:47:54+00:00,113.0,-0.372,-0.521,0.015,21.213,-21.213,0.0,2.118,0.07,8.248,8.25,10.005,40.0,7.437,36.66,87.26,83.16,20.15,16.21,-46.94,22.6,83.3,4.285,4.274,1.0,1070.0,1062.0,30.7,21.0,28.3,726.0,212.0,208.0,1.311,0.0,-0.0531,-0.0811,1.32,3220000000.0,97.8,0.0,0.0,1.0,,13:47.9
2026-05-15 13:48:54+00:00,114.0,-0.319,-0.51,0.015,-21.213,21.213,0.0,2.118,0.07,8.24,8.25,10.005,40.0,7.439,36.66,87.26,83.16,20.15,16.22,-46.94,22.6,83.3,4.283,4.28,1.0,1070.0,1062.0,30.7,20.9,28.3,130.0,222.0,215.0,1.321,0.3555,-0.0482,-0.0711,1.33,65536.0,97.8,0.0,0.0,1.0,,13:48.9
2026-05-15 13:49:54+00:00,115.0,-0.669,-0.16,0.015,0.0,36.182,0.0,2.118,0.07,8.257,8.25,10.002,40.0,7.437,36.66,87.26,83.16,20.14,16.22,-46.94,22.6,83.3,4.291,4.277,1.0,1070.0,1062.0,30.6,20.9,28.3,1290.0,212.0,208.0,1.41,0.0,-0.0533,-0.0816,1.42,3220000000.0,97.8,0.0,0.0,1.0,,13:49.9
2026-05-15 13:50:54+00:00,116.0,-0.358,-0.407,0.015,21.213,-21.213,0.0,2.118,0.07,8.248,8.25,10.0,40.0,7.435,36.66,87.26,83.16,20.14,16.22,-46.94,22.6,83.3,4.283,4.272,1.0,1070.0,1062.0,30.6,20.8,28.3,918.0,212.0,207.0,1.301,0.0,-0.0528,-0.0793,1.31,3220000000.0,97.8,0.0,0.0,1.0,,13:50.9
2026-05-15 13:51:54+00:00,117.0,-0.096,-0.606,0.015,-21.213,21.213,0.0,2.118,0.07,8.246,8.25,10.002,40.0,7.438,36.66,87.26,83.16,20.13,16.22,-46.95,22.6,83.3,4.282,4.27,1.0,1070.0,250.0,30.6,20.8,28.3,19.0,0.0,0.0,1.45,0.4876,-0.0503,-0.0696,1.46,0.0,97.8,0.0,0.0,1.0,,13:51.9
2026-05-15 13:52:54+00:00,118.0,-0.45,-0.252,0.015,-21.213,21.213,0.0,2.118,0.07,8.251,8.25,10.001,40.0,7.437,36.66,87.26,83.16,20.14,16.22,-46.95,22.6,83.3,4.28,4.269,1.0,1070.0,1062.0,30.6,20.7,28.3,949.0,212.0,207.0,1.371,0.0,-0.0535,-0.0804,1.38,3220000000.0,97.8,0.0,0.0,1.0,,13:52.9
2026-05-15 13:53:54+00:00,119.0,-0.581,-0.057,0.015,21.213,-21.213,0.0,2.118,0.07,8.251,8.25,10.0,40.0,7.435,36.66,87.26,83.16,20.14,16.21,-46.95,22.6,83.3,4.287,4.271,0.0,1070.0,986.0,30.6,20.7,28.3,59.0,224.0,212.0,1.42,0.492,-0.0485,-0.0692,1.43,0.0,97.8,0.0,0.0,1.0,,13:53.9
2026-05-15 13:54:54+00:00,120.0,-0.227,-0.411,0.015,21.213,-21.213,0.0,2.118,0.07,8.252,8.25,9.999,40.0,7.434,36.67,87.26,83.16,20.15,16.22,-46.95,22.5,83.3,4.288,4.275,1.0,1070.0,1062.0,30.6,20.6,28.3,1224.0,213.0,208.0,1.381,0.0,-0.0516,-0.0795,1.39,3220000000.0,97.8,0.0,0.0,1.0,,13:54.9
2026-05-15 13:56:00+00:00,121.0,0.027,-0.602,0.015,-21.213,21.213,0.0,2.118,0.07,8.263,8.25,10.002,40.0,7.438,36.67,87.26,83.14,20.14,16.21,-46.95,22.5,83.3,4.29,4.281,0.0,1070.0,0.0,30.6,20.6,28.3,0.0,0.0,0.0,1.46,0.5096,-0.0503,-0.0705,1.47,0.0,97.8,0.0,0.0,1.0,,13:56.0
2026-05-15 13:57:00+00:00,122.0,-0.326,-0.249,0.015,-21.213,21.213,0.0,2.118,0.07,8.239,8.25,10.002,40.0,7.437,36.67,87.26,83.14,20.14,16.21,-46.95,22.5,83.3,4.296,4.278,1.0,1070.0,1062.0,30.6,20.6,28.3,930.0,212.0,208.0,1.351,0.0,-0.0531,-0.0782,1.36,3220000000.0,97.8,0.0,0.0,1.0,,13:57.0
2026-05-15 13:58:00+00:00,123.0,-0.669,0.103,0.015,0.0,40.0,0.0,2.118,0.07,8.258,8.25,10.0,40.0,7.436,36.66,87.26,83.14,20.14,16.21,-46.95,22.5,83.3,4.29,4.281,1.0,1070.0,1062.0,30.6,20.5,28.3,1971.0,212.0,207.0,1.46,0.0,-0.0532,-0.0768,1.47,3220000000.0,97.8,0.0,0.0,1.0,,13:58.0
2026-05-15 13:59:00+00:00,124.0,-0.351,-0.16,0.015,21.213,-21.213,0.0,2.118,0.07,8.239,8.25,10.003,40.0,7.437,36.66,87.26,83.14,20.14,16.22,-46.95,22.5,83.2,4.285,4.275,1.0,1070.0,1062.0,30.6,20.5,28.3,825.0,212.0,207.0,1.311,0.0,-0.0521,-0.0791,1.32,3220000000.0,97.8,0.0,0.0,1.0,,13:59.0
2026-05-15 14:00:00+00:00,125.0,0.02,-0.531,0.015,21.213,-21.213,0.0,2.118,0.07,8.251,8.25,10.001,40.0,7.436,36.66,87.26,83.14,20.14,16.22,-46.96,22.5,83.2,4.285,4.275,1.0,1070.0,1062.0,30.7,20.5,28.3,1625.0,212.0,208.0,1.45,0.0,-0.0516,-0.077,1.46,3220000000.0,97.8,0.0,0.0,1.0,,14:00.0
2026-05-15 14:01:00+00:00,126.0,0.052,-0.5,0.015,-21.213,21.213,0.0,2.118,0.07,8.251,8.25,10.002,40.0,7.434,36.67,87.26,83.14,20.15,16.21,-46.96,22.5,83.2,4.289,4.274,1.0,1070.0,1062.0,30.7,20.4,28.3,362.0,212.0,208.0,1.351,0.398,-0.0464,-0.0662,1.36,65536.0,97.8,0.0,0.0,1.0,,14:01.0
2026-05-15 14:02:00+00:00,127.0,-0.301,-0.146,0.015,-21.213,21.213,0.0,2.118,0.07,8.25,8.25,10.003,40.0,7.435,36.66,87.26,83.14,20.15,16.21,-46.96,22.5,83.2,4.285,4.276,1.0,1070.0,1062.0,30.7,20.4,28.3,1485.0,212.0,207.0,1.411,0.0,-0.0532,-0.0781,1.42,3220000000.0,97.8,0.0,0.0,1.0,,14:02.0
2026-05-15 14:03:00+00:00,128.0,-0.655,0.207,0.015,-21.213,21.213,0.0,2.118,0.07,8.248,8.25,10.0,40.0,7.435,36.66,87.26,83.14,20.14,16.21,-46.96,22.5,83.2,4.291,4.277,1.0,1070.0,1062.0,30.7,20.4,28.3,2401.0,212.0,208.0,1.47,0.0,-0.0524,-0.0787,1.48,3220000000.0,97.8,0.0,0.0,1.0,,14:03.0
2026-05-15 14:04:00+00:00,129.0,-0.376,-0.008,0.015,21.213,-21.213,0.0,2.118,0.07,8.254,8.25,9.999,40.0,7.432,36.66,87.26,83.14,20.15,16.21,-46.96,22.5,83.2,4.287,4.278,1.0,1070.0,1062.0,30.7,20.4,28.3,556.0,212.0,207.0,1.321,0.0,-0.0503,-0.0755,1.33,3220000000.0,97.8,0.0,0.0,1.0,,14:04.0
2026-05-15 14:05:06+00:00,130.0,-0.005,-0.379,0.015,21.213,-21.213,0.0,2.118,0.07,8.263,8.25,10.005,40.0,7.435,36.66,87.26,83.14,20.15,16.21,-46.96,22.5,83.2,4.287,4.283,1.0,1070.0,1062.0,30.7,20.4,28.3,1716.0,212.0,208.0,1.45,0.0,-0.052,-0.0782,1.46,3220000000.0,97.8,0.0,0.0,1.0,,14:05.1
2026-05-15 14:06:06+00:00,131.0,0.331,-0.652,0.015,-21.213,21.213,0.0,2.118,0.07,8.241,8.25,10.0,40.0,7.434,36.66,87.26,83.14,20.14,16.21,-46.96,22.5,83.2,4.284,4.277,1.0,1070.0,449.0,30.6,20.4,28.3,52.0,0.0,0.0,1.47,0.4564,-0.052,-0.0755,1.48,65536.0,97.8,0.0,0.0,1.0,,14:06.1
2026-05-15 14:07:06+00:00,132.0,-0.022,-0.298,0.015,-21.213,21.213,0.0,2.118,0.07,8.255,8.25,9.998,40.0,7.436,36.66,87.26,83.14,20.14,16.22,-46.96,22.5,83.2,4.283,4.272,1.0,1070.0,1062.0,30.6,20.4,28.3,751.0,212.0,208.0,1.321,0.0,-0.0535,-0.0796,1.33,3220000000.0,97.8,0.0,0.0,1.0,,14:07.1
2026-05-15 14:08:06+00:00,133.0,-0.376,0.055,0.015,-21.213,21.213,0.0,2.118,0.07,8.242,8.25,9.999,40.0,7.433,36.66,87.26,83.12,20.14,16.21,-46.96,22.5,83.2,4.284,4.271,1.0,1070.0,1062.0,30.6,20.4,28.3,1912.0,212.0,208.0,1.47,0.0,-0.0525,-0.0787,1.48,3220000000.0,97.8,0.0,0.0,1.0,,14:08.1
2026-05-15 14:09:06+00:00,134.0,-0.638,0.381,0.015,21.213,-21.213,0.0,2.118,0.07,8.244,8.25,10.002,40.0,7.436,36.66,87.26,83.12,20.15,16.22,-46.97,22.5,83.2,4.284,4.272,1.0,1070.0,1062.0,30.6,20.4,28.3,2730.0,0.0,0.0,1.48,0.0,-0.052,-0.0782,1.49,3220000000.0,97.8,0.0,0.0,1.0,,14:09.1
2026-05-15 14:10:06+00:00,135.0,-0.284,0.027,0.015,21.213,-21.213,0.0,2.118,0.07,8.249,8.25,9.998,40.0,7.432,36.67,87.26,83.12,20.14,16.21,-46.97,22.4,83.2,4.286,4.277,1.0,1070.0,1062.0,30.6,20.4,28.3,917.0,212.0,207.0,1.361,0.0,-0.0525,-0.0806,1.37,3220000000.0,97.8,0.0,0.0,1.0,,14:10.1
2026-05-15 14:11:06+00:00,136.0,0.07,-0.326,0.015,21.213,-21.213,0.0,2.118,0.07,8.243,8.25,10.005,40.0,7.436,36.66,87.26,83.12,20.15,16.21,-46.97,22.4,83.2,4.289,4.274,1.0,1070.0,1062.0,30.6,20.5,28.3,1657.0,212.0,208.0,1.46,0.0,-0.0526,-0.0794,1.47,3220000000.0,97.8,0.0,0.0,1.0,,14:11.1
2026-05-15 14:12:06+00:00,137.0,0.421,-0.669,0.015,40.0,0.0,0.0,2.118,0.07,8.254,8.25,10.0,40.0,7.432,36.66,87.26,83.12,20.15,16.21,-46.97,22.4,83.2,4.286,4.274,1.0,1070.0,1062.0,30.5,20.5,28.3,0.0,212.0,208.0,1.48,0.0,-0.0533,-0.0787,1.49,3220000000.0,97.8,0.0,0.0,1.0,,14:12.1
2026-05-15 14:13:06+00:00,138.0,0.141,-0.334,0.015,-21.213,21.213,0.0,2.118,0.07,8.261,8.25,9.995,40.0,7.431,36.66,87.26,83.12,20.14,16.21,-46.97,22.4,83.2,4.285,4.274,1.0,1070.0,1062.0,30.5,20.5,28.3,729.0,212.0,207.0,1.331,0.0,-0.0511,-0.079,1.34,3220000000.0,97.8,0.0,0.0,1.0,,14:13.1
2026-05-15 14:14:12+00:00,139.0,-0.195,0.002,0.015,-21.213,21.213,0.0,2.118,0.07,8.242,8.25,9.997,40.0,7.436,36.66,87.26,83.12,20.13,16.21,-46.97,22.4,83.2,4.282,4.27,1.0,1070.0,1062.0,30.6,20.5,28.3,1909.0,212.0,208.0,1.47,0.0,-0.0537,-0.08,1.48,3220000000.0,97.8,0.0,0.0,1.0,,14:14.2
2026-05-15 14:15:12+00:00,140.0,-0.567,0.374,0.015,-21.213,21.213,0.0,2.118,0.07,8.267,8.25,10.002,40.0,7.437,36.66,87.26,83.1,20.14,16.21,-46.97,22.4,83.2,4.283,4.274,1.0,1070.0,1062.0,30.6,20.5,28.3,2763.0,212.0,207.0,1.48,0.0,-0.0528,-0.0804,1.49,3220000000.0,97.8,0.0,0.0,1.0,,14:15.2
2026-05-15 14:16:12+00:00,141.0,-0.464,0.335,0.015,21.213,-21.213,0.0,2.118,0.07,8.237,8.25,9.997,40.0,7.432,36.66,87.26,83.1,20.15,16.21,-46.97,22.4,83.2,4.286,4.278,1.0,1070.0,1062.0,30.6,20.5,28.3,575.0,212.0,208.0,1.361,0.3505,-0.0494,-0.0763,1.37,65536.0,97.8,0.0,0.0,1.0,,14:16.2
2026-05-15 14:17:12+00:00,142.0,-0.111,-0.019,0.015,21.213,-21.213,0.0,2.118,0.07,8.262,8.25,9.996,40.0,7.43,36.66,87.26,83.1,20.15,16.21,-46.97,22.4,83.2,4.288,4.277,1.0,1070.0,1062.0,30.6,20.5,28.3,1554.0,212.0,208.0,1.43,0.0,-0.0528,-0.0839,1.44,3220000000.0,97.8,0.0,0.0,1.0,,14:17.2
2026-05-15 14:18:12+00:00,143.0,0.243,-0.372,0.015,21.213,-21.213,0.0,2.118,0.07,8.239,8.25,10.0,40.0,7.434,36.66,87.26,83.1,20.15,16.22,-46.97,22.4,83.2,4.286,4.282,1.0,1070.0,1062.0,30.5,20.5,28.3,2325.0,212.0,208.0,1.48,0.0,-0.0525,-0.0823,1.49,3220000000.0,97.8,0.0,0.0,1.0,,14:18.2
2026-05-15 14:19:12+00:00,144.0,0.575,-0.641,0.015,-21.213,21.213,0.0,2.118,0.07,8.247,8.25,10.004,40.0,7.434,36.66,87.26,83.1,20.15,16.22,-46.97,22.4,83.2,4.291,4.28,1.0,1070.0,591.0,30.5,20.5,28.3,19.0,212.0,208.0,1.48,0.4735,-0.053,-0.0796,1.49,65536.0,97.8,0.0,0.0,1.0,,14:19.2
2026-05-15 14:20:12+00:00,145.0,0.222,-0.288,0.015,-21.213,21.213,0.0,2.118,0.07,8.252,8.25,10.007,40.0,7.438,36.66,87.26,83.1,20.15,16.21,-46.98,22.4,83.2,4.294,4.278,1.0,1070.0,1062.0,30.6,20.5,28.3,785.0,212.0,207.0,1.351,0.0,-0.0544,-0.0828,1.36,3220000000.0,97.8,0.0,0.0,1.0,,14:20.2
2026-05-15 14:21:12+00:00,146.0,-0.132,0.066,0.015,-21.213,21.213,0.0,2.118,0.07,8.25,8.25,10.003,40.0,7.436,36.67,87.26,83.1,20.14,16.21,-46.98,22.4,83.2,4.285,4.275,1.0,1070.0,1062.0,30.6,20.6,28.3,1986.0,212.0,208.0,1.47,0.0,-0.0533,-0.0835,1.48,3220000000.0,97.8,0.0,0.0,1.0,,14:21.2
2026-05-15 14:22:12+00:00,147.0,-0.503,0.437,0.015,-21.213,21.213,0.0,2.118,0.07,8.249,8.25,10.002,40.0,7.437,36.66,87.26,83.1,20.14,16.22,-46.98,22.4,83.2,4.29,4.271,1.0,1070.0,1062.0,30.6,20.6,28.3,2817.0,212.0,207.0,1.48,0.0,-0.0529,-0.0833,1.49,3220000000.0,97.8,0.0,0.0,1.0,,14:22.2
2026-05-15 14:23:18+00:00,148.0,-0.528,0.526,0.015,21.213,-21.213,0.0,2.118,0.07,8.246,8.25,10.0,40.0,7.435,36.66,87.26,83.1,20.14,16.21,-46.98,22.4,83.2,4.295,4.28,1.0,1070.0,1062.0,30.6,20.6,28.3,56.0,212.0,208.0,1.44,0.37,-0.0504,-0.0745,1.45,65536.0,97.8,0.0,0.0,1.0,,14:23.3
2026-05-15 14:24:18+00:00,150.0,-0.174,0.172,0.015,21.213,-21.213,0.0,2.118,0.07,8.256,8.25,10.002,40.0,7.433,36.66,87.26,83.1,20.15,16.22,-46.98,22.4,83.2,4.287,4.278,1.0,1070.0,1062.0,30.7,20.6,28.3,1259.0,212.0,207.0,1.42,0.0,-0.0549,-0.0857,1.43,3220000000.0,97.8,0.0,0.0,1.0,,14:24.3
2026-05-15 14:25:18+00:00,151.0,0.179,-0.181,0.015,21.213,-21.213,0.0,2.118,0.07,8.242,8.25,9.998,40.0,7.432,36.66,87.26,83.1,20.15,16.21,-46.98,22.4,83.1,4.297,4.282,1.0,1070.0,1062.0,30.7,20.6,28.3,2100.0,212.0,208.0,1.48,0.0,-0.0537,-0.0843,1.49,3220000000.0,97.8,0.0,0.0,1.0,,14:25.3
2026-05-15 14:26:18+00:00,151.0,0.533,-0.535,0.015,21.213,-21.213,0.0,2.118,0.07,8.251,8.25,10.0,40.0,7.43,36.66,87.26,83.1,20.16,16.22,-46.98,22.4,83.1,4.295,4.284,1.0,1070.0,1062.0,30.6,20.6,28.3,3265.0,212.0,207.0,1.49,0.0,-0.0526,-0.0843,1.5,3220000000.0,97.8,0.0,1.0,1.0,,14:26.3
2026-05-15 14:27:18+00:00,152.0,0.477,-0.415,0.015,-21.213,21.213,0.0,2.118,0.07,8.248,8.25,10.002,40.0,7.434,36.66,87.26,83.08,20.15,16.22,-46.98,22.4,83.1,4.294,4.285,1.0,1070.0,1062.0,30.6,20.6,28.3,554.0,212.0,208.0,1.341,0.3897,-0.0487,-0.0739,1.35,65536.0,97.8,0.0,0.0,1.0,,14:27.3
2026-05-15 14:28:18+00:00,153.0,0.123,-0.062,0.015,-21.213,21.213,0.0,2.118,0.07,8.249,8.25,9.998,40.0,7.434,36.66,87.26,83.08,20.14,16.22,-46.98,22.3,83.1,4.293,4.278,1.0,1070.0,1062.0,30.6,20.6,28.3,1412.0,212.0,208.0,1.44,0.0,-0.054,-0.0861,1.45,3220000000.0,97.8,0.0,0.0,1.0,,14:28.3
2026-05-15 14:29:18+00:00,154.0,-0.23,0.292,0.015,-21.213,21.213,0.0,2.118,0.07,8.251,8.25,9.997,40.0,7.432,36.66,87.26,83.08,20.14,16.21,-46.98,22.3,83.1,4.289,4.28,1.0,1070.0,1062.0,30.6,20.6,28.3,2163.0,212.0,208.0,1.48,0.0,-0.0536,-0.0862,1.49,3220000000.0,97.8,0.0,0.0,1.0,,14:29.3
2026-05-15 14:30:18+00:00,155.0,-0.584,0.645,0.015,-21.213,21.213,0.0,2.118,0.07,8.247,8.25,9.995,40.0,7.43,36.66,87.26,83.08,20.15,16.21,-46.98,22.3,83.1,4.29,4.278,1.0,1070.0,1062.0,30.6,20.6,28.3,3403.0,212.0,207.0,1.48,0.0,-0.0534,-0.0849,1.49,3220000000.0,97.8,0.0,1.0,1.0,,14:30.3
2026-05-15 14:31:18+00:00,157.0,-0.243,0.368,0.015,21.213,-21.213,0.0,2.118,0.07,8.234,8.25,10.002,40.0,7.434,36.66,87.26,83.08,20.15,16.21,-46.98,22.3,83.1,4.297,4.284,1.0,1070.0,1062.0,30.6,20.6,28.3,491.0,212.0,207.0,1.331,0.0,-0.0519,-0.0857,1.34,3220000000.0,97.8,0.0,0.0,1.0,,14:31.3
2026-05-15 14:32:24+00:00,157.0,0.111,0.015,0.015,21.213,-21.213,0.0,2.118,0.07,8.259,8.25,10.001,40.0,7.433,36.66,87.26,83.08,20.15,16.22,-46.98,22.3,83.1,4.295,4.282,1.0,1070.0,1062.0,30.6,20.6,28.3,1640.0,212.0,207.0,1.46,0.0,-0.0542,-0.0872,1.47,3220000000.0,97.8,0.0,0.0,1.0,,14:32.4
2026-05-15 14:33:24+00:00,158.0,0.464,-0.339,0.015,21.213,-21.213,0.0,2.118,0.07,8.243,8.25,10.003,40.0,7.432,36.66,87.26,83.08,20.16,16.21,-46.98,22.3,83.1,4.294,4.286,1.0,1070.0,1062.0,30.6,20.7,28.3,2791.0,212.0,208.0,1.48,0.0,-0.0536,-0.0849,1.49,3220000000.0,97.8,0.0,0.0,1.0,,14:33.4
2026-05-15 14:34:24+00:00,159.0,0.567,-0.378,0.015,-21.213,21.213,0.0,2.118,0.07,8.265,8.25,9.996,40.0,7.429,36.66,87.24,83.08,20.15,16.21,-46.98,22.3,83.1,4.3,4.281,1.0,1070.0,0.0,30.6,20.7,28.3,107.0,212.0,207.0,1.44,0.4379,-0.0482,-0.0747,1.45,65536.0,97.6,0.0,0.0,1.0,,14:34.4
2026-05-15 14:35:24+00:00,161.0,0.213,-0.024,0.015,-21.213,21.213,0.0,2.118,0.07,8.237,8.25,9.998,40.0,7.432,36.66,87.24,83.08,20.14,16.21,-46.98,22.3,83.1,4.295,4.275,1.0,1070.0,1062.0,30.6,20.7,28.3,1288.0,212.0,207.0,1.401,0.0,-0.0534,-0.0875,1.41,3220000000.0,97.6,0.0,0.0,1.0,,14:35.4
2026-05-15 14:36:24+00:00,162.0,-0.14,0.329,0.015,-21.213,21.213,0.0,2.118,0.07,8.265,8.25,10.003,40.0,7.436,36.66,87.24,83.08,20.14,16.22,-46.98,22.3,83.1,4.289,4.273,1.0,1070.0,1062.0,30.5,20.7,28.3,2139.0,212.0,207.0,1.48,0.0,-0.0552,-0.0857,1.49,3220000000.0,97.6,0.0,0.0,1.0,,14:36.4
2026-05-15 14:37:24+00:00,162.0,-0.433,0.669,0.015,40.0,0.0,0.0,2.118,0.07,8.253,8.25,9.998,40.0,7.432,36.66,87.24,83.07,20.14,16.21,-46.99,22.3,83.1,4.294,4.277,1.0,1070.0,1062.0,30.5,20.7,28.3,2997.0,212.0,208.0,1.48,0.0,-0.0542,-0.0862,1.49,3220000000.0,97.6,0.0,0.0,1.0,,14:37.4
2026-05-15 14:38:24+00:00,163.0,-0.078,0.331,0.015,21.213,-21.213,0.0,2.118,0.07,8.247,8.25,10.003,40.0,7.432,36.66,87.24,83.07,20.16,16.21,-46.99,22.3,83.1,4.296,4.285,1.0,1070.0,1062.0,30.6,20.7,28.3,687.0,212.0,207.0,1.331,0.0,-0.0531,-0.0884,1.34,3220000000.0,97.6,0.0,0.0,1.0,,14:38.4
2026-05-15 14:39:24+00:00,165.0,0.275,-0.023,0.015,21.213,-21.213,0.0,2.118,0.07,8.251,8.25,9.999,40.0,7.433,36.66,87.24,83.07,20.15,16.21,-46.99,22.3,83.1,4.295,4.284,1.0,1070.0,1062.0,30.6,20.7,28.3,1898.0,212.0,208.0,1.46,0.0,-0.053,-0.0881,1.47,3220000000.0,97.6,0.0,0.0,1.0,,14:39.4
2026-05-15 14:40:24+00:00,166.0,0.629,-0.376,0.015,21.213,-21.213,0.0,2.118,0.07,8.247,8.25,10.002,40.0,7.435,36.66,87.24,83.07,20.15,16.21,-46.99,22.3,83.1,4.294,4.284,1.0,1070.0,1062.0,30.6,20.7,28.3,2757.0,212.0,207.0,1.48,0.0,-0.0534,-0.0871,1.49,3220000000.0,97.6,0.0,0.0,1.0,,14:40.4
2026-05-15 14:41:24+00:00,166.0,0.402,-0.086,0.015,-21.213,21.213,0.0,2.118,0.07,8.255,8.25,10.002,40.0,7.435,36.66,87.24,83.07,20.15,16.22,-46.99,22.3,83.1,4.291,4.278,1.0,1070.0,1062.0,30.6,20.7,28.3,686.0,212.0,208.0,1.321,0.0,-0.0528,-0.0862,1.33,3220000000.0,97.6,0.0,0.0,1.0,,14:41.4
2026-05-15 14:42:30+00:00,168.0,0.031,0.285,0.015,-21.213,21.213,0.0,2.118,0.07,8.243,8.25,10.0,40.0,7.432,36.66,87.24,83.07,20.15,16.22,-46.99,22.2,83.1,4.293,4.281,1.0,1070.0,1062.0,30.6,20.7,28.3,1486.0,212.0,207.0,1.45,0.0,-0.0554,-0.0876,1.46,3220000000.0,97.6,0.0,0.0,1.0,,14:42.5
2026-05-15 14:43:30+00:00,169.0,-0.323,0.639,0.015,-21.213,21.213,0.0,2.118,0.07,8.261,8.25,9.998,40.0,7.435,36.66,87.24,83.07,20.14,16.22,-46.99,22.2,83.1,4.287,4.277,1.0,1070.0,1062.0,30.6,20.7,28.3,2754.0,212.0,208.0,1.48,0.0,-0.0541,-0.0867,1.49,3220000000.0,97.6,0.0,0.0,1.0,,14:43.5
2026-05-15 14:44:30+00:00,170.0,-0.012,0.392,0.015,21.213,-21.213,0.0,2.118,0.07,8.243,8.25,9.998,40.0,7.43,36.66,87.24,83.07,20.15,16.21,-46.99,22.2,83.1,4.289,4.277,1.0,1070.0,1062.0,30.6,20.7,28.2,498.0,212.0,207.0,1.321,0.0,-0.0528,-0.0874,1.33,3220000000.0,97.6,0.0,0.0,1.0,,14:44.5
2026-05-15 14:45:30+00:00,170.0,0.359,0.021,0.015,21.213,-21.213,0.0,2.118,0.07,8.247,8.25,10.0,40.0,7.432,36.66,87.24,83.07,20.15,16.22,-46.99,22.2,83.1,4.293,4.284,1.0,1070.0,1062.0,30.6,20.8,28.2,1719.0,212.0,208.0,1.46,0.0,-0.0559,-0.0877,1.47,3220000000.0,97.6,0.0,0.0,1.0,,14:45.5
2026-05-15 14:46:30+00:00,171.0,0.669,-0.226,0.015,-19.976,19.976,0.0,2.118,0.07,8.253,8.25,10.0,40.0,7.435,36.66,87.24,83.07,20.14,16.22,-46.99,22.2,83.1,4.289,4.282,0.0,1070.0,1060.0,30.6,20.8,28.2,2519.0,219.0,208.0,1.48,0.0,-0.054,-0.0878,1.49,3220000000.0,97.6,0.0,0.0,1.0,,14:46.5
2026-05-15 14:47:30+00:00,173.0,0.319,0.125,0.015,-21.213,21.213,0.0,2.118,0.07,8.25,8.25,9.997,40.0,7.43,36.66,87.24,83.07,20.14,16.21,-46.99,22.2,83.1,4.297,4.285,1.0,1070.0,1062.0,30.6,20.8,28.2,857.0,212.0,208.0,1.331,0.0,-0.0555,-0.0881,1.34,3220000000.0,97.6,0.0,0.0,1.0,,14:47.5
2026-05-15 14:48:30+00:00,174.0,-0.035,0.478,0.015,-21.213,21.213,0.0,2.118,0.07,8.249,8.25,9.996,40.0,7.43,36.66,87.24,83.07,20.15,16.21,-46.99,22.2,83.1,4.299,4.282,1.0,1070.0,1062.0,30.6,20.8,28.2,1677.0,212.0,208.0,1.47,0.0,-0.0546,-0.0874,1.48,3220000000.0,97.6,0.0,0.0,1.0,,14:48.5
2026-05-15 14:49:30+00:00,175.0,-0.046,0.553,0.015,21.213,-21.213,0.0,2.118,0.07,8.248,8.25,10.003,40.0,7.435,36.66,87.24,83.07,20.15,16.22,-46.99,22.2,83.1,4.289,4.278,1.0,1070.0,1062.0,30.6,20.8,28.2,195.0,212.0,208.0,1.431,0.3876,-0.0486,-0.0787,1.44,65536.0,97.6,0.0,0.0,1.0,,14:49.5
2026-05-15 14:50:36+00:00,176.0,0.326,0.181,0.015,21.213,-21.213,0.0,2.118,0.07,8.235,8.25,9.998,40.0,7.434,36.66,87.24,83.07,20.14,16.22,-46.99,22.2,83.1,4.287,4.275,1.0,1070.0,1062.0,30.5,20.8,28.2,1393.0,212.0,207.0,1.381,0.0,-0.0549,-0.0898,1.39,3220000000.0,97.6,0.0,0.0,1.0,,14:50.6
2026-05-15 14:51:36+00:00,177.0,0.669,-0.155,0.015,0.0,40.0,0.0,2.118,0.07,8.254,8.25,9.998,40.0,7.433,36.66,87.24,83.05,20.15,16.22,-46.99,22.2,83.1,4.291,4.274,1.0,1070.0,1060.0,30.5,20.8,28.2,2232.0,212.0,207.0,1.48,0.0,-0.0549,-0.0865,1.49,3220000000.0,97.6,0.0,0.0,1.0,,14:51.6
2026-05-15 14:52:36+00:00,178.0,0.352,0.219,0.015,-21.213,21.213,0.0,2.118,0.07,8.243,8.25,10.0,40.0,7.43,36.66,87.24,83.05,20.16,16.21,-46.99,22.2,83.1,4.295,4.277,1.0,1070.0,1062.0,30.5,20.8,28.2,914.0,212.0,207.0,1.331,0.0,-0.0531,-0.0876,1.34,3220000000.0,97.6,0.0,0.0,1.0,,14:52.6
2026-05-15 14:53:36+00:00,178.0,-0.019,0.59,0.015,-21.213,21.213,0.0,2.118,0.07,8.244,8.25,10.002,40.0,7.431,36.66,87.24,83.05,20.15,16.21,-46.99,22.2,83.1,4.297,4.281,1.0,1070.0,1062.0,30.5,20.8,28.2,1714.0,212.0,207.0,1.46,0.0,-0.0538,-0.0889,1.47,3220000000.0,97.6,0.0,0.0,1.0,,14:53.6
2026-05-15 14:54:36+00:00,180.0,0.193,0.441,0.015,21.213,-21.213,0.0,2.118,0.07,8.254,8.25,9.996,40.0,7.429,36.66,87.24,83.05,20.15,16.21,-46.99,22.2,83.1,4.294,4.282,1.0,1070.0,1062.0,30.5,20.8,28.2,632.0,212.0,208.0,1.321,0.0,-0.052,-0.0818,1.33,3220000000.0,97.6,0.0,0.0,1.0,,14:54.6
2026-05-15 14:55:36+00:00,181.0,0.547,0.087,0.015,21.213,-21.213,0.0,2.118,0.07,8.251,8.25,10.001,40.0,7.43,36.66,87.24,83.05,20.15,16.22,-46.99,22.2,83.0,4.291,4.281,1.0,1070.0,1062.0,30.6,20.8,28.2,1450.0,212.0,207.0,1.421,0.0,-0.0544,-0.0889,1.43,3220000000.0,97.6,0.0,0.0,1.0,,14:55.6
2026-05-15 14:56:36+00:00,182.0,0.484,0.214,0.015,-21.213,21.213,0.0,2.118,0.07,8.254,8.25,10.0,40.0,7.432,36.66,87.24,83.05,20.15,16.21,-46.99,22.2,83.0,4.288,4.277,1.0,1070.0,1062.0,30.6,20.8,28.2,512.0,212.0,208.0,1.331,0.3718,-0.0492,-0.0787,1.34,65536.0,97.6,0.0,0.0,1.0,,14:56.6
2026-05-15 14:57:42+00:00,183.0,0.113,0.585,0.015,-21.213,21.213,0.0,2.118,0.07,8.248,8.25,10.0,40.0,7.435,36.66,87.24,83.05,20.14,16.21,-46.99,22.2,83.0,4.288,4.281,1.0,1070.0,1062.0,30.6,20.8,28.2,1271.0,212.0,208.0,1.431,0.0,-0.0546,-0.0897,1.44,3220000000.0,97.6,0.0,0.0,1.0,,14:57.7
2026-05-15 14:58:42+00:00,184.0,0.316,0.446,0.015,21.213,-21.213,0.0,2.118,0.07,8.259,8.25,9.996,40.0,7.431,36.66,87.24,83.05,20.14,16.21,-46.99,22.2,83.0,4.286,4.278,1.0,1070.0,1062.0,30.6,20.8,28.2,573.0,212.0,208.0,1.331,0.0,-0.051,-0.0807,1.34,3220000000.0,97.6,0.0,0.0,1.0,,14:58.7
2026-05-15 14:59:42+00:00,185.0,0.669,0.093,0.015,0.0,4.8,0.0,2.118,0.07,8.241,8.25,9.995,40.0,7.43,36.66,87.24,83.05,20.15,16.22,-46.99,22.2,83.0,4.29,4.277,1.0,1070.0,1062.0,30.6,20.8,28.2,1331.0,212.0,208.0,1.431,0.0,-0.055,-0.0891,1.44,3220000000.0,97.6,0.0,0.0,1.0,,14:59.7
2026-05-15 15:00:42+00:00,186.0,0.362,0.463,0.015,-21.213,21.213,0.0,2.118,0.07,8.251,8.25,10.002,40.0,7.436,36.66,87.24,83.05,20.15,16.22,-46.99,22.2,83.0,4.294,4.278,1.0,1070.0,1062.0,30.6,20.8,28.2,796.0,212.0,208.0,1.331,0.0,-0.0541,-0.0881,1.34,3220000000.0,97.6,0.0,0.0,1.0,,15:00.7
2026-05-15 15:01:42+00:00,187.0,0.339,0.55,0.015,21.213,-21.213,0.0,2.118,0.07,8.248,8.25,10.004,40.0,7.434,36.65,87.24,83.05,20.15,16.22,-46.99,22.2,83.0,4.294,4.282,1.0,1070.0,898.0,30.6,20.9,28.2,6.0,212.0,207.0,1.391,0.4383,-0.0487,-0.0773,1.4,65536.0,97.6,0.0,0.0,1.0,,15:01.7
2026-05-15 15:02:42+00:00,188.0,0.669,0.252,0.015,0.0,40.0,0.0,2.118,0.07,8.249,8.25,10.0,40.0,7.431,36.66,87.24,83.05,20.15,16.21,-46.99,22.2,83.0,4.293,4.285,1.0,1070.0,1062.0,30.6,20.9,28.2,1206.0,0.0,0.0,1.391,0.0,-0.0558,-0.0892,1.4,3220000000.0,97.6,0.0,0.0,1.0,,15:02.7
2026-05-15 15:03:42+00:00,189.0,0.338,0.614,0.015,-21.213,21.213,0.0,2.118,0.07,8.246,8.25,10.001,40.0,7.433,36.66,87.24,83.03,20.15,16.21,-47.0,22.2,83.0,4.296,4.281,1.0,1070.0,1062.0,30.6,20.9,28.2,578.0,212.0,207.0,1.311,0.0,-0.0539,-0.0891,1.32,3220000000.0,97.6,0.0,0.0,1.0,,15:03.7
2026-05-15 15:04:42+00:00,190.0,0.599,0.417,0.015,21.213,-21.213,0.0,2.118,0.07,8.249,8.25,10.002,40.0,7.434,36.66,87.24,83.03,20.14,16.21,-47.0,22.2,83.0,4.286,4.281,1.0,1070.0,1062.0,30.6,20.9,28.2,556.0,212.0,208.0,1.301,0.0,-0.0522,-0.086,1.31,3220000000.0,97.6,0.0,0.0,1.0,,15:04.7
2026-05-15 15:05:42+00:00,191.0,0.414,0.666,0.015,-4.044,4.044,0.0,2.118,0.07,8.239,8.25,9.996,40.0,7.431,36.66,87.24,83.03,20.14,16.21,-47.0,22.2,83.0,4.29,4.272,1.0,1070.0,1062.0,30.6,20.9,28.2,323.0,212.0,207.0,1.292,0.0,-0.055,-0.0872,1.3,3220000000.0,97.6,0.0,0.0,1.0,,15:05.7
2026-05-15 15:06:48+00:00,192.0,0.606,0.601,0.015,-21.213,21.213,0.0,2.118,0.07,8.263,8.25,10.0,40.0,7.43,36.66,87.24,83.03,20.15,16.21,-47.0,22.2,83.0,4.288,4.277,1.0,1070.0,71.0,30.6,20.9,28.2,14.0,0.0,0.0,1.272,0.4603,-0.0503,-0.0825,1.28,65536.0,97.6,0.0,0.0,1.0,,15:06.8
2026-05-15 15:07:48+00:00,193.0,0.665,0.669,0.03,0.0,0.0,0.0,2.118,0.07,8.243,8.25,9.998,40.0,7.43,36.66,87.24,83.03,20.15,16.21,-47.0,22.2,83.0,4.289,4.281,0.0,1070.0,0.0,30.6,20.9,28.2,0.0,0.0,0.0,1.152,0.0,-0.0438,-0.0674,1.16,3220000000.0,97.6,0.0,0.0,1.0,,15:07.8
2026-05-15 15:08:48+00:00,193.0,0.665,0.669,0.03,0.0,0.0,0.0,2.118,0.07,8.257,8.25,10.0,40.0,7.433,36.66,87.24,83.03,20.15,16.21,-47.0,22.2,83.0,4.297,4.278,0.0,1070.0,0.0,30.6,20.9,28.2,0.0,0.0,0.0,1.013,0.0,-0.0438,-0.0674,1.02,3220000000.0,97.6,0.0,0.0,2.0,,15:08.8
2026-05-15 15:09:48+00:00,193.0,0.446,0.487,0.03,-30.733,-25.603,0.0,2.118,0.07,8.243,8.25,9.998,40.0,7.429,36.66,87.24,83.03,20.16,16.21,-47.0,22.2,83.0,4.295,4.277,0.0,1070.0,0.0,30.6,20.9,28.2,0.0,0.0,0.0,0.07,0.0,-0.0161,-0.0694,0.07,3220000000.0,97.6,0.0,0.0,2.0,,15:09.8
2026-05-15 15:10:48+00:00,195.0,-0.066,0.06,0.03,-30.733,-25.603,0.0,2.118,0.07,8.249,8.25,9.997,40.0,7.432,36.66,87.24,83.03,20.14,16.21,-47.0,22.2,83.0,4.296,4.278,0.0,1070.0,0.0,30.6,20.9,28.2,0.0,0.0,0.0,0.06,0.0,-0.0269,-0.1305,0.06,3220000000.0,97.6,0.0,0.0,2.0,,15:10.8
2026-05-15 15:11:48+00:00,196.0,-0.604,-0.388,0.03,-30.733,-25.603,0.0,2.118,0.07,8.259,8.25,10.005,40.0,7.437,36.66,87.24,83.01,20.15,16.21,-47.0,22.2,83.0,4.288,4.271,0.0,1070.0,0.0,30.6,20.9,28.2,0.0,0.0,0.0,0.06,0.0,-0.0372,-0.1702,0.06,3220000000.0,97.6,0.0,0.0,2.0,,15:11.8
2026-05-15 15:12:48+00:00,198.0,-0.669,-0.014,0.03,0.0,30.0,0.0,2.118,0.07,8.235,8.25,10.002,40.0,7.436,36.66,87.24,83.01,20.14,16.21,-47.0,22.2,83.0,4.287,4.276,1.0,1070.0,1066.0,30.6,20.9,28.2,858.0,212.0,207.0,0.536,0.0,-0.0837,-0.1704,0.54,2680000000.0,97.6,0.0,0.0,2.0,,15:12.8
2026-05-15 15:13:48+00:00,198.0,-0.669,0.486,0.03,0.0,30.0,0.0,2.118,0.07,8.258,8.25,10.004,40.0,7.435,36.66,87.24,83.01,20.15,16.21,-47.0,22.2,83.0,4.285,4.278,1.0,1070.0,1063.0,30.6,20.9,28.2,1646.0,212.0,208.0,1.411,0.0,-0.0667,-0.1198,1.42,2680000000.0,97.6,0.0,0.0,2.0,,15:13.8
2026-05-15 15:14:48+00:00,199.0,-0.358,0.669,0.03,30.0,0.0,0.0,2.118,0.07,8.248,8.25,10.004,40.0,7.434,36.66,87.22,83.01,20.15,16.21,-47.0,22.2,83.0,4.293,4.281,1.0,1070.0,1062.0,30.6,21.0,28.2,2818.0,212.0,207.0,1.47,0.0,-0.0607,-0.1001,1.48,3220000000.0,97.6,0.0,0.0,2.0,,15:14.8
2026-05-15 15:15:54+00:00,200.0,0.167,0.669,0.03,30.0,0.0,0.0,2.118,0.07,8.255,8.25,10.006,40.0,7.435,36.66,87.22,83.01,20.15,16.21,-47.0,22.2,83.0,4.288,4.283,1.0,1070.0,1063.0,30.6,21.0,28.2,3637.0,212.0,207.0,1.48,0.0,-0.057,-0.094,1.49,3220000000.0,97.6,0.0,1.0,2.0,,15:15.9
2026-05-15 15:16:54+00:00,202.0,0.642,0.669,0.03,3.65,-12.543,0.0,2.118,0.07,8.248,8.25,10.004,40.0,7.436,36.66,87.22,83.01,20.15,16.21,-47.0,22.2,83.0,4.293,4.278,1.0,1070.0,1063.0,30.6,21.0,28.2,4838.0,212.0,208.0,1.49,0.0,-0.0567,-0.0904,1.5,3220000000.0,97.6,0.0,1.0,2.0,,15:16.9
2026-05-15 15:17:54+00:00,202.0,0.669,0.177,0.03,0.0,-30.0,0.0,2.118,0.07,8.257,8.25,10.004,40.0,7.434,36.66,87.22,83.01,20.15,16.21,-47.0,22.1,83.0,4.295,4.278,1.0,1070.0,1063.0,30.6,21.0,28.2,5587.0,212.0,207.0,1.49,0.0,-0.0561,-0.0888,1.5,3220000000.0,97.6,0.0,1.0,2.0,,15:17.9
2026-05-15 15:18:54+00:00,203.0,0.669,-0.323,0.03,0.0,-30.0,0.0,2.118,0.07,8.245,8.25,9.996,40.0,7.43,36.66,87.22,83.01,20.15,16.21,-47.0,22.1,83.0,4.286,4.277,1.0,1070.0,1063.0,30.6,21.0,28.2,6838.0,212.0,207.0,1.49,0.0,-0.0534,-0.0873,1.5,3220000000.0,97.6,0.0,1.0,2.0,,15:18.9
2026-05-15 15:19:54+00:00,205.0,0.52,-0.669,0.03,-30.0,0.0,0.0,2.118,0.07,8.253,8.25,10.001,40.0,7.437,36.66,87.22,83.01,20.14,16.21,-47.0,22.1,83.0,4.286,4.273,1.0,1070.0,1062.0,30.6,21.0,28.2,7617.0,212.0,207.0,1.49,0.0,-0.053,-0.0866,1.5,3220000000.0,97.6,0.0,1.0,2.0,,15:19.9
2026-05-15 15:20:54+00:00,206.0,0.02,-0.669,0.03,-30.0,0.0,0.0,2.118,0.07,8.258,8.25,10.003,40.0,7.435,36.66,87.22,83.01,20.14,16.21,-47.0,22.2,83.0,4.294,4.274,1.0,1070.0,1062.0,30.6,21.0,28.2,8836.0,212.0,207.0,1.48,0.0,-0.0541,-0.085,1.49,3220000000.0,97.6,0.0,1.0,2.0,,15:20.9
2026-05-15 15:21:54+00:00,207.0,-0.505,-0.669,0.03,-30.0,0.0,0.0,2.118,0.07,8.237,8.25,10.005,40.0,7.436,36.66,87.22,83.01,20.15,16.21,-47.0,22.2,83.0,4.289,4.275,1.0,1070.0,1062.0,30.6,21.0,28.2,9637.0,213.0,207.0,1.48,0.0,-0.0541,-0.0858,1.49,3220000000.0,97.6,0.0,1.0,2.0,,15:21.9
2026-05-15 15:22:54+00:00,207.0,-0.647,-0.554,0.03,7.783,-39.236,0.0,2.118,0.07,8.249,8.25,10.0,40.0,7.436,36.66,87.22,83.01,20.14,16.22,-47.0,22.2,83.0,4.293,4.283,0.0,1070.0,0.0,30.6,21.0,28.2,0.0,220.0,220.0,1.48,0.5043,-0.0525,-0.0826,1.49,0.0,97.6,0.0,0.0,2.0,,15:22.9
2026-05-15 15:23:54+00:00,209.0,-0.624,-0.267,0.03,0.0,30.0,0.0,2.118,0.07,8.245,8.25,9.996,40.0,7.432,36.66,87.22,83.01,20.15,16.21,-47.0,22.1,83.0,4.297,4.277,1.0,1070.0,1063.0,30.6,21.0,28.2,841.0,219.0,207.0,0.984,0.0,-0.0552,-0.0909,0.99,3220000000.0,97.6,0.0,0.0,2.0,,15:23.9
2026-05-15 15:25:00+00:00,210.0,-0.624,0.258,0.03,0.0,30.0,0.0,2.118,0.07,8.249,8.25,9.997,40.0,7.431,36.66,87.22,82.99,20.14,16.21,-47.0,22.1,82.9,4.296,4.282,1.0,1070.0,1062.0,30.6,21.0,28.2,1679.0,212.0,208.0,1.441,0.0,-0.055,-0.0905,1.45,3220000000.0,97.6,0.0,0.0,2.0,,15:25.0
2026-05-15 15:26:00+00:00,211.0,-0.579,0.633,0.03,0.0,-30.0,0.0,2.118,0.07,8.253,8.25,10.003,40.0,7.434,36.66,87.22,82.99,20.15,16.22,-47.0,22.1,83.0,4.295,4.278,1.0,1070.0,688.0,30.7,21.0,28.2,2481.0,212.0,207.0,1.48,0.0,-0.0539,-0.0872,1.49,3220000000.0,97.6,0.0,0.0,2.0,,15:26.0
2026-05-15 15:27:00+00:00,212.0,-0.579,0.133,0.03,0.0,-30.0,0.0,2.118,0.07,8.246,8.25,10.001,40.0,7.436,36.66,87.22,82.99,20.14,16.21,-47.0,22.1,82.9,4.289,4.271,1.0,1070.0,1062.0,30.7,21.0,28.2,896.0,212.0,208.0,1.371,0.0,-0.0548,-0.0867,1.38,3220000000.0,97.6,0.0,0.0,2.0,,15:27.0
2026-05-15 15:28:00+00:00,213.0,-0.579,-0.367,0.03,0.0,-30.0,0.0,2.118,0.07,8.255,8.25,10.004,40.0,7.436,36.66,87.22,82.99,20.15,16.22,-47.0,22.1,82.9,4.288,4.271,1.0,1070.0,1062.0,30.6,21.0,28.2,2097.0,213.0,208.0,1.47,0.0,-0.0546,-0.0855,1.48,3220000000.0,97.6,0.0,0.0,2.0,,15:28.0
2026-05-15 15:29:00+00:00,214.0,-0.534,-0.524,0.03,0.0,30.0,0.0,2.118,0.07,8.246,8.25,9.999,40.0,7.431,36.66,87.22,82.99,20.15,16.21,-47.0,22.1,82.9,4.294,4.276,1.0,1070.0,877.0,30.6,21.0,28.2,119.0,212.0,208.0,1.47,0.4162,-0.0496,-0.0752,1.48,65536.0,97.6,0.0,0.0,2.0,,15:29.0
2026-05-15 15:30:00+00:00,214.0,-0.534,0.001,0.03,0.0,30.0,0.0,2.118,0.07,8.241,8.25,10.005,40.0,7.435,36.66,87.22,82.99,20.15,16.21,-47.0,22.1,82.9,4.294,4.282,1.0,1070.0,1062.0,30.6,21.0,28.2,1298.0,212.0,208.0,1.421,0.0,-0.0534,-0.0861,1.43,3220000000.0,97.6,0.0,0.0,2.0,,15:30.0
2026-05-15 15:31:00+00:00,216.0,-0.534,0.501,0.03,0.0,30.0,0.0,2.118,0.07,8.26,8.25,9.999,40.0,7.433,36.66,87.22,82.99,20.15,16.21,-47.0,22.1,82.9,4.289,4.285,1.0,1070.0,1062.0,30.6,21.1,28.2,2122.0,212.0,207.0,1.47,0.0,-0.0527,-0.085,1.48,3220000000.0,97.6,0.0,0.0,2.0,,15:31.0
2026-05-15 15:32:00+00:00,217.0,-0.489,0.39,0.03,0.0,-30.0,0.0,2.118,0.07,8.236,8.25,9.998,40.0,7.432,36.66,87.22,82.99,20.15,16.21,-47.0,22.1,82.9,4.29,4.277,1.0,1070.0,1062.0,30.6,21.1,28.2,538.0,212.0,208.0,1.371,0.3692,-0.0498,-0.0772,1.38,65536.0,97.5,0.0,0.0,2.0,,15:32.0
2026-05-15 15:33:00+00:00,218.0,-0.489,-0.11,0.03,0.0,-30.0,0.0,2.118,0.07,8.257,8.25,10.002,40.0,7.433,36.66,87.22,82.99,20.15,16.21,-47.0,22.1,82.9,4.291,4.278,1.0,1070.0,1062.0,30.6,21.1,28.2,1343.0,212.0,207.0,1.431,0.0,-0.0534,-0.0845,1.44,3220000000.0,97.5,0.0,0.0,2.0,,15:33.0
2026-05-15 15:34:06+00:00,219.0,-0.489,-0.635,0.03,0.0,-30.0,0.0,2.118,0.07,8.25,8.25,10.003,40.0,7.438,36.66,87.22,82.99,20.14,16.22,-47.0,22.1,82.9,4.29,4.273,1.0,1070.0,1062.0,30.6,21.1,28.2,2540.0,212.0,207.0,1.48,0.0,-0.0531,-0.0823,1.49,3220000000.0,97.5,0.0,0.0,2.0,,15:34.1
2026-05-15 15:35:06+00:00,220.0,-0.444,-0.256,0.03,0.0,30.0,0.0,2.118,0.07,8.248,8.25,10.001,40.0,7.435,36.66,87.22,82.99,20.14,16.21,-47.0,22.1,82.9,4.286,4.272,1.0,1070.0,1062.0,30.6,21.1,28.2,519.0,212.0,208.0,1.351,0.0,-0.0528,-0.083,1.36,3220000000.0,97.5,0.0,0.0,2.0,,15:35.1
2026-05-15 15:36:06+00:00,221.0,-0.444,0.244,0.03,0.0,30.0,0.0,2.118,0.07,8.251,8.25,10.002,40.0,7.432,36.66,87.22,82.99,20.15,16.21,-47.0,22.1,82.9,4.29,4.284,1.0,1070.0,1062.0,30.5,21.1,28.2,1757.0,212.0,207.0,1.461,0.0,-0.0538,-0.0828,1.47,3220000000.0,97.5,0.0,0.0,2.0,,15:36.1
2026-05-15 15:37:06+00:00,222.0,-0.399,0.647,0.03,0.0,-30.0,0.0,2.118,0.07,8.255,8.25,9.999,40.0,7.43,36.66,87.22,82.99,20.15,16.21,-47.0,22.1,82.9,4.297,4.284,1.0,1070.0,1060.0,30.5,21.1,28.2,2548.0,212.0,208.0,1.47,0.4609,-0.053,-0.0813,1.48,65536.0,97.5,0.0,0.0,2.0,,15:37.1
2026-05-15 15:38:06+00:00,223.0,-0.399,0.122,0.03,0.0,-30.0,0.0,2.118,0.07,8.254,8.25,10.002,40.0,7.434,36.65,87.22,82.99,20.15,16.22,-47.0,22.1,82.9,4.289,4.28,1.0,1070.0,1062.0,30.5,21.1,28.2,935.0,212.0,207.0,1.381,0.0,-0.053,-0.0828,1.39,3220000000.0,97.5,0.0,0.0,2.0,,15:38.1
2026-05-15 15:39:06+00:00,224.0,-0.399,-0.378,0.03,0.0,-30.0,0.0,2.118,0.07,8.248,8.25,10.0,40.0,7.433,36.65,87.22,82.98,20.14,16.21,-47.0,22.1,82.9,4.295,4.277,1.0,1070.0,1060.0,30.5,21.1,28.2,1730.0,212.0,208.0,1.47,0.0,-0.0539,-0.0823,1.48,3220000000.0,97.5,0.0,0.0,2.0,,15:39.1
2026-05-15 15:40:06+00:00,225.0,-0.354,-0.513,0.03,0.0,30.0,0.0,2.118,0.07,8.26,8.25,9.995,40.0,7.43,36.66,87.22,82.98,20.15,16.21,-47.0,22.1,82.9,4.291,4.277,1.0,1070.0,1062.0,30.5,21.1,28.2,193.0,216.0,207.0,1.421,0.4675,-0.052,-0.0771,1.43,0.0,97.5,0.0,0.0,2.0,,15:40.1
2026-05-15 15:41:06+00:00,226.0,-0.354,-0.013,0.03,0.0,30.0,0.0,2.118,0.07,8.243,8.25,9.995,40.0,7.43,36.66,87.22,82.98,20.14,16.21,-47.0,22.1,82.9,4.286,4.273,1.0,1070.0,1062.0,30.5,21.1,28.2,983.0,212.0,208.0,1.421,0.0,-0.053,-0.0844,1.43,3220000000.0,97.5,0.0,0.0,2.0,,15:41.1
2026-05-15 15:42:12+00:00,227.0,-0.354,0.512,0.03,0.0,30.0,0.0,2.118,0.07,8.247,8.25,9.998,40.0,7.432,36.66,87.22,82.98,20.14,16.21,-47.0,22.1,82.9,4.28,4.276,1.0,1070.0,1060.0,30.5,21.1,28.2,2143.0,212.0,208.0,1.47,0.0,-0.0537,-0.0828,1.48,3220000000.0,97.5,0.0,0.0,2.0,,15:42.2
2026-05-15 15:43:12+00:00,228.0,-0.309,0.379,0.03,0.0,-30.0,0.0,2.118,0.07,8.248,8.25,9.999,40.0,7.432,36.65,87.22,82.98,20.14,16.22,-47.0,22.1,82.9,4.29,4.276,1.0,1070.0,1062.0,30.5,21.1,28.2,189.0,212.0,207.0,1.351,0.0,-0.0498,-0.0769,1.36,3220000000.0,97.5,0.0,0.0,2.0,,15:43.2
2026-05-15 15:44:12+00:00,229.0,-0.309,-0.121,0.03,0.0,-30.0,0.0,2.118,0.07,8.251,8.25,9.995,40.0,7.429,36.65,87.22,82.98,20.14,16.22,-47.0,22.1,82.9,4.291,4.286,1.0,1070.0,1060.0,30.5,21.1,28.2,1400.0,212.0,208.0,1.441,0.0,-0.0522,-0.0833,1.45,3220000000.0,97.5,0.0,0.0,2.0,,15:44.2
2026-05-15 15:45:12+00:00,230.0,-0.309,-0.621,0.03,0.0,-30.0,0.0,2.118,0.07,8.249,8.25,10.007,40.0,7.437,36.66,87.21,82.98,20.15,16.21,-47.0,22.1,82.9,4.29,4.283,1.0,1070.0,1059.0,30.5,21.1,28.2,2609.0,212.0,207.0,1.47,0.0,-0.054,-0.0823,1.48,3220000000.0,97.5,0.0,0.0,2.0,,15:45.2
2026-05-15 15:46:12+00:00,231.0,-0.264,-0.27,0.03,0.0,30.0,0.0,2.118,0.07,8.249,8.25,10.002,40.0,7.431,36.66,87.21,82.98,20.15,16.21,-47.0,22.1,82.9,4.29,4.28,1.0,1070.0,1060.0,30.5,21.1,28.2,591.0,212.0,207.0,1.351,0.0,-0.0518,-0.079,1.36,3220000000.0,97.5,0.0,0.0,2.0,,15:46.2
2026-05-15 15:47:12+00:00,232.0,-0.264,0.255,0.03,0.0,30.0,0.0,2.118,0.07,8.24,8.25,9.995,40.0,7.429,36.66,87.21,82.98,20.14,16.21,-47.0,22.1,82.9,4.294,4.284,1.0,1070.0,1060.0,30.5,21.1,28.2,1830.0,212.0,208.0,1.461,0.0,-0.0542,-0.0822,1.47,3220000000.0,97.5,0.0,0.0,2.0,,15:47.2
2026-05-15 15:48:12+00:00,233.0,-0.219,0.636,0.03,0.0,-30.0,0.0,2.118,0.07,8.255,8.25,10.001,40.0,7.434,36.65,87.21,82.98,20.14,16.21,-47.0,22.1,82.9,4.289,4.273,1.0,1070.0,93.0,30.5,21.1,28.2,2601.0,0.0,0.0,1.48,0.4646,-0.0533,-0.0785,1.49,65536.0,97.5,0.0,0.0,2.0,,15:48.2
2026-05-15 15:49:12+00:00,234.0,-0.219,0.136,0.03,0.0,-30.0,0.0,2.118,0.07,8.244,8.25,10.001,40.0,7.435,36.66,87.21,82.98,20.14,16.21,-47.0,22.1,82.9,4.285,4.274,1.0,1070.0,1060.0,30.5,21.0,28.2,989.0,212.0,208.0,1.351,0.0,-0.0521,-0.0824,1.36,3220000000.0,97.5,0.0,0.0,2.0,,15:49.2
2026-05-15 15:50:12+00:00,235.0,-0.219,-0.364,0.03,0.0,-30.0,0.0,2.118,0.07,8.259,8.25,10.007,40.0,7.436,36.65,87.21,82.96,20.15,16.22,-47.0,22.1,82.9,4.291,4.278,1.0,1070.0,1059.0,30.5,21.0,28.2,1798.0,212.0,208.0,1.47,0.0,-0.0528,-0.0817,1.48,3220000000.0,97.5,0.0,0.0,2.0,,15:50.2
2026-05-15 15:51:18+00:00,236.0,-0.174,-0.527,0.03,0.0,30.0,0.0,2.118,0.07,8.238,8.25,10.001,40.0,7.432,36.66,87.21,82.96,20.15,16.22,-47.0,22.1,82.9,4.294,4.285,1.0,1070.0,1062.0,30.5,20.9,28.2,255.0,212.0,207.0,1.441,0.4215,-0.0472,-0.0728,1.45,65536.0,97.5,0.0,0.0,2.0,,15:51.3
2026-05-15 15:52:18+00:00,237.0,-0.174,-0.002,0.03,0.0,30.0,0.0,2.118,0.07,8.251,8.25,9.998,40.0,7.43,36.65,87.21,82.96,20.15,16.21,-47.0,22.1,82.9,4.296,4.282,1.0,1070.0,1060.0,30.5,20.9,28.2,1057.0,212.0,207.0,1.411,0.0,-0.0528,-0.0822,1.42,3220000000.0,97.5,0.0,0.0,2.0,,15:52.3
2026-05-15 15:53:18+00:00,238.0,-0.174,0.498,0.03,0.0,30.0,0.0,2.118,0.07,8.247,8.25,9.998,40.0,7.433,36.65,87.21,82.96,20.14,16.21,-47.0,22.1,82.9,4.294,4.284,1.0,1070.0,1059.0,30.5,20.8,28.2,2226.0,212.0,208.0,1.47,0.0,-0.0533,-0.0807,1.48,3220000000.0,97.5,0.0,0.0,2.0,,15:53.3
2026-05-15 15:54:18+00:00,239.0,-0.129,0.393,0.03,0.0,-30.0,0.0,2.118,0.07,8.253,8.25,9.999,40.0,7.432,36.66,87.21,82.96,20.14,16.21,-47.0,22.1,82.9,4.287,4.281,1.0,1070.0,1060.0,30.4,20.8,28.1,220.0,212.0,207.0,1.351,0.3715,-0.0487,-0.0743,1.36,65536.0,97.5,0.0,0.0,2.0,,15:54.3
2026-05-15 15:55:18+00:00,240.0,-0.129,-0.107,0.03,0.0,-30.0,0.0,2.118,0.07,8.251,8.25,9.997,40.0,7.431,36.66,87.21,82.96,20.14,16.22,-47.0,22.1,82.9,4.286,4.276,1.0,1070.0,1060.0,30.4,20.7,28.1,1469.0,212.0,208.0,1.431,0.0,-0.0542,-0.0811,1.44,3220000000.0,97.5,0.0,0.0,2.0,,15:55.3
2026-05-15 15:56:18+00:00,241.0,-0.129,-0.607,0.03,0.0,-30.0,0.0,2.118,0.07,8.242,8.25,10.0,40.0,7.434,36.65,87.21,82.96,20.14,16.22,-47.0,22.1,82.9,4.284,4.275,1.0,1070.0,1059.0,30.4,20.7,28.1,2269.0,212.0,208.0,1.47,0.0,-0.0531,-0.0805,1.48,3220000000.0,97.5,0.0,0.0,2.0,,15:56.3
2026-05-15 15:57:18+00:00,242.0,-0.084,-0.259,0.03,0.0,30.0,0.0,2.118,0.07,8.253,8.25,9.996,40.0,7.429,36.65,87.21,82.96,20.15,16.21,-47.0,22.0,82.9,4.287,4.278,1.0,1070.0,1060.0,30.4,20.6,28.1,680.0,212.0,208.0,1.341,0.0,-0.052,-0.0798,1.35,3220000000.0,97.5,0.0,0.0,2.0,,15:57.3
2026-05-15 15:58:18+00:00,243.0,-0.084,0.241,0.03,0.0,30.0,0.0,2.118,0.07,8.243,8.25,10.008,40.0,7.435,36.65,87.21,82.96,20.16,16.21,-47.0,22.0,82.9,4.296,4.281,1.0,1070.0,1060.0,30.5,20.6,28.1,1486.0,212.0,207.0,1.451,0.0,-0.0541,-0.0802,1.46,3220000000.0,97.5,0.0,0.0,2.0,,15:58.3
2026-05-15 15:59:18+00:00,244.0,-0.039,0.65,0.03,0.0,-30.0,0.0,2.118,0.07,8.257,8.25,10.006,40.0,7.437,36.65,87.21,82.96,20.15,16.22,-47.0,22.0,82.9,4.289,4.281,0.0,1070.0,332.0,30.5,20.6,28.2,2678.0,219.0,207.0,1.47,0.0,-0.0531,-0.081,1.48,3220000000.0,97.5,0.0,0.0,2.0,,15:59.3
2026-05-15 16:00:24+00:00,245.0,-0.039,0.15,0.03,0.0,-30.0,0.0,2.118,0.07,8.249,8.25,10.002,40.0,7.434,36.66,87.21,82.96,20.15,16.21,-47.0,22.0,82.9,4.296,4.281,1.0,1070.0,1060.0,30.5,20.5,28.2,1080.0,212.0,208.0,1.361,0.0,-0.0526,-0.0821,1.37,3220000000.0,97.5,0.0,0.0,2.0,,16:00.4
2026-05-15 16:01:24+00:00,246.0,-0.039,-0.375,0.03,0.0,-30.0,0.0,2.118,0.07,8.244,8.25,10.0,40.0,7.43,36.66,87.21,82.96,20.15,16.22,-47.0,22.0,82.8,4.298,4.277,1.0,1070.0,1060.0,30.5,20.5,28.2,1919.0,212.0,207.0,1.471,0.0,-0.0539,-0.0806,1.48,3220000000.0,97.5,0.0,0.0,2.0,,16:01.4
2026-05-15 16:02:24+00:00,247.0,0.006,-0.516,0.03,0.0,30.0,0.0,2.118,0.07,8.248,8.25,10.004,40.0,7.435,36.65,87.21,82.94,20.15,16.21,-47.0,22.0,82.8,4.294,4.274,0.0,1070.0,1017.0,30.6,20.5,28.2,316.0,212.0,207.0,1.471,0.45,-0.0487,-0.0722,1.48,0.0,97.5,0.0,0.0,2.0,,16:02.4
2026-05-15 16:03:24+00:00,248.0,0.006,-0.016,0.03,0.0,30.0,0.0,2.118,0.07,8.249,8.25,10.004,40.0,7.438,36.66,87.21,82.94,20.14,16.21,-47.0,22.0,82.8,4.29,4.28,1.0,1070.0,1059.0,30.6,20.4,28.2,1095.0,212.0,207.0,1.411,0.0,-0.0531,-0.082,1.42,3220000000.0,97.5,0.0,0.0,2.0,,16:03.4
2026-05-15 16:04:24+00:00,249.0,0.006,0.509,0.03,0.0,30.0,0.0,2.118,0.07,8.24,8.25,9.999,40.0,7.431,36.66,87.21,82.94,20.15,16.22,-47.0,22.0,82.8,4.287,4.28,1.0,1070.0,1059.0,30.6,20.4,28.2,2285.0,212.0,207.0,1.471,0.0,-0.0526,-0.0803,1.48,3220000000.0,97.5,0.0,0.0,2.0,,16:04.4
2026-05-15 16:05:24+00:00,250.0,0.051,0.382,0.03,0.0,-30.0,0.0,2.118,0.07,8.258,8.25,9.995,40.0,7.429,36.65,87.21,82.94,20.14,16.21,-47.0,22.0,82.8,4.287,4.282,1.0,1070.0,1060.0,30.6,20.4,28.2,330.0,212.0,207.0,1.401,0.3546,-0.0498,-0.0754,1.41,65536.0,97.5,0.0,0.0,2.0,,16:05.4
2026-05-15 16:06:24+00:00,251.0,0.051,-0.118,0.03,0.0,-30.0,0.0,2.118,0.07,8.243,8.25,9.998,40.0,7.429,36.65,87.21,82.94,20.15,16.21,-47.0,22.0,82.8,4.295,4.283,1.0,1070.0,1059.0,30.6,20.4,28.1,1532.0,212.0,208.0,1.441,0.0,-0.0523,-0.0826,1.45,3220000000.0,97.5,0.0,0.0,2.0,,16:06.4
2026-05-15 16:07:24+00:00,252.0,0.051,-0.618,0.03,0.0,-30.0,0.0,2.118,0.07,8.26,8.25,10.002,40.0,7.431,36.65,87.19,82.94,20.15,16.21,-47.0,22.0,82.8,4.296,4.281,1.0,1070.0,1059.0,30.6,20.4,28.1,2301.0,212.0,207.0,1.481,0.0,-0.0522,-0.0821,1.49,3220000000.0,97.5,0.0,0.0,2.0,,16:07.4
2026-05-15 16:08:30+00:00,253.0,0.096,-0.273,0.03,0.0,30.0,0.0,2.118,0.07,8.246,8.25,10.003,40.0,7.432,36.65,87.19,82.94,20.15,16.21,-47.0,22.0,82.8,4.298,4.284,1.0,1070.0,1059.0,30.6,20.4,28.1,731.0,212.0,207.0,1.351,0.0,-0.0532,-0.0805,1.36,3220000000.0,97.5,0.0,0.0,2.0,,16:08.5
2026-05-15 16:09:30+00:00,254.0,0.096,0.227,0.03,0.0,30.0,0.0,2.118,0.07,8.257,8.25,10.001,40.0,7.433,36.66,87.19,82.94,20.15,16.21,-47.0,22.0,82.8,4.289,4.284,1.0,1070.0,1059.0,30.6,20.4,28.2,1531.0,212.0,208.0,1.451,0.0,-0.054,-0.0816,1.46,3220000000.0,97.5,0.0,0.0,2.0,,16:09.5
2026-05-15 16:10:30+00:00,255.0,0.141,0.639,0.03,0.0,-30.0,0.0,2.118,0.07,8.246,8.25,10.0,40.0,7.435,36.65,87.19,82.94,20.14,16.21,-47.0,22.0,82.8,4.289,4.278,1.0,1070.0,1059.0,30.6,20.4,28.1,0.0,212.0,208.0,1.481,0.0,-0.0524,-0.0822,1.49,3220000000.0,97.5,0.0,0.0,2.0,,16:10.5
2026-05-15 16:11:30+00:00,256.0,0.141,0.139,0.03,0.0,-30.0,0.0,2.118,0.07,8.252,8.25,9.996,40.0,7.43,36.65,87.19,82.94,20.14,16.21,-47.0,22.0,82.8,4.289,4.275,1.0,1070.0,1059.0,30.6,20.4,28.1,781.0,212.0,207.0,1.371,0.0,-0.053,-0.0837,1.38,3220000000.0,97.5,0.0,0.0,2.0,,16:11.5
2026-05-15 16:12:30+00:00,257.0,0.141,-0.361,0.03,0.0,-30.0,0.0,2.118,0.07,8.244,8.25,10.0,40.0,7.43,36.66,87.19,82.94,20.15,16.21,-47.0,22.0,82.8,4.295,4.277,1.0,1070.0,1059.0,30.6,20.4,28.1,1960.0,212.0,207.0,1.471,0.0,-0.0537,-0.0824,1.48,3220000000.0,97.5,0.0,0.0,2.0,,16:12.5
2026-05-15 16:13:30+00:00,258.0,0.186,-0.53,0.03,0.0,30.0,0.0,2.118,0.07,8.254,8.25,9.998,40.0,7.429,36.65,87.19,82.92,20.15,16.21,-47.0,22.0,82.8,4.298,4.281,1.0,1070.0,1060.0,30.6,20.4,28.1,0.0,219.0,207.0,1.451,0.4678,-0.0494,-0.0772,1.46,0.0,97.5,0.0,0.0,2.0,,16:13.5
2026-05-15 16:14:30+00:00,259.0,0.186,-0.005,0.03,0.0,30.0,0.0,2.118,0.07,8.26,8.25,10.011,40.0,7.439,36.65,87.19,82.92,20.15,16.21,-47.0,22.0,82.8,4.296,4.283,1.0,1070.0,1059.0,30.5,20.5,28.1,1149.0,212.0,207.0,1.431,0.0,-0.0533,-0.0848,1.44,3220000000.0,97.5,0.0,0.0,2.0,,16:14.5
2026-05-15 16:15:30+00:00,260.0,0.186,0.495,0.03,0.0,30.0,0.0,2.118,0.07,8.242,8.25,10.001,40.0,7.43,36.65,87.19,82.92,20.15,16.21,-47.0,22.0,82.8,4.296,4.284,1.0,1070.0,1059.0,30.5,20.5,28.1,2008.0,212.0,208.0,1.471,0.0,-0.0532,-0.084,1.48,3220000000.0,97.5,0.0,0.0,2.0,,16:15.5
2026-05-15 16:16:30+00:00,261.0,0.231,0.396,0.03,0.0,-30.0,0.0,2.118,0.07,8.254,8.25,10.004,40.0,7.434,36.65,87.19,82.92,20.15,16.21,-47.0,22.0,82.8,4.29,4.282,1.0,1070.0,1059.0,30.6,20.5,28.1,378.0,212.0,207.0,1.361,0.0,-0.0509,-0.0789,1.37,3220000000.0,97.5,0.0,0.0,2.0,,16:16.5
2026-05-15 16:17:36+00:00,262.0,0.231,-0.129,0.03,0.0,-30.0,0.0,2.118,0.07,8.252,8.25,10.002,40.0,7.435,36.66,87.19,82.92,20.14,16.21,-47.0,22.0,82.8,4.289,4.282,1.0,1070.0,1059.0,30.5,20.5,28.1,1220.0,212.0,207.0,1.441,0.0,-0.0541,-0.0856,1.45,3220000000.0,97.5,0.0,0.0,2.0,,16:17.6
2026-05-15 16:18:36+00:00,263.0,0.231,-0.629,0.03,0.0,-30.0,0.0,2.118,0.07,8.248,8.25,10.003,40.0,7.435,36.65,87.19,82.92,20.14,16.22,-47.0,22.0,82.8,4.286,4.277,1.0,1070.0,1059.0,30.5,20.5,28.1,2399.0,212.0,207.0,1.481,0.0,-0.0527,-0.084,1.49,3220000000.0,97.5,0.0,0.0,2.0,,16:18.6
2026-05-15 16:19:36+00:00,265.0,0.276,-0.262,0.03,0.0,30.0,0.0,2.118,0.07,8.251,8.25,10.0,40.0,7.433,36.65,87.19,82.92,20.14,16.21,-47.0,22.0,82.8,4.294,4.277,1.0,1070.0,1059.0,30.5,20.5,28.1,819.0,212.0,207.0,1.351,0.0,-0.0526,-0.0822,1.36,3220000000.0,97.5,0.0,0.0,2.0,,16:19.6
2026-05-15 16:20:36+00:00,265.0,0.276,0.238,0.03,0.0,30.0,0.0,2.118,0.07,8.244,8.25,10.001,40.0,7.431,36.65,87.19,82.92,20.15,16.21,-47.0,21.9,82.8,4.301,4.284,1.0,1070.0,1059.0,30.5,20.5,28.1,1648.0,212.0,207.0,1.461,0.0,-0.0546,-0.086,1.47,3220000000.0,97.5,0.0,0.0,2.0,,16:20.6
2026-05-15 16:21:36+00:00,266.0,0.321,0.653,0.03,0.0,-30.0,0.0,2.118,0.07,8.247,8.25,10.005,40.0,7.437,36.66,87.19,82.92,20.15,16.21,-47.0,21.9,82.8,4.291,4.282,1.0,1070.0,266.0,30.5,20.5,28.1,21.0,0.0,0.0,1.481,0.4124,-0.0539,-0.0856,1.49,65536.0,97.5,0.0,0.0,2.0,,16:21.6
2026-05-15 16:22:36+00:00,267.0,0.321,0.128,0.03,0.0,-30.0,0.0,2.118,0.07,8.259,8.25,10.001,40.0,7.43,36.65,87.19,82.92,20.16,16.21,-47.0,21.9,82.8,4.295,4.285,1.0,1070.0,1059.0,30.5,20.6,28.1,825.0,212.0,208.0,1.381,0.0,-0.0543,-0.0865,1.39,3220000000.0,97.5,0.0,0.0,2.0,,16:22.6
2026-05-15 16:23:36+00:00,268.0,0.321,-0.372,0.03,0.0,-30.0,0.0,2.118,0.07,8.242,8.25,10.002,40.0,7.434,36.66,87.19,82.92,20.14,16.21,-47.0,21.9,82.8,4.295,4.282,1.0,1070.0,1059.0,30.5,20.6,28.1,2056.0,212.0,207.0,1.481,0.0,-0.0544,-0.0863,1.49,3220000000.0,97.5,0.0,0.0,2.0,,16:23.6
2026-05-15 16:24:36+00:00,269.0,0.366,-0.519,0.03,0.0,30.0,0.0,2.118,0.07,8.257,8.25,9.996,40.0,7.431,36.66,87.19,82.9,20.14,16.21,-47.0,21.9,82.8,4.296,4.277,1.0,1070.0,1060.0,30.5,20.6,28.1,64.0,212.0,207.0,1.451,0.4169,-0.0497,-0.0778,1.46,65536.0,97.5,0.0,0.0,2.0,,16:24.6
2026-05-15 16:25:42+00:00,271.0,0.366,-0.019,0.03,0.0,30.0,0.0,2.118,0.07,8.238,8.25,10.004,40.0,7.437,36.65,87.17,82.9,20.14,16.21,-47.0,21.9,82.8,4.288,4.275,1.0,1070.0,1060.0,30.6,20.6,28.1,1235.0,212.0,207.0,1.421,0.0,-0.0544,-0.0887,1.43,3220000000.0,97.5,0.0,0.0,2.0,,16:25.7
2026-05-15 16:26:42+00:00,271.0,0.366,0.506,0.03,0.0,30.0,0.0,2.118,0.07,8.253,8.25,10.0,40.0,7.43,36.66,87.17,82.9,20.15,16.21,-47.0,21.9,82.8,4.29,4.28,1.0,1070.0,1060.0,30.6,20.6,28.1,2036.0,212.0,208.0,1.481,0.0,-0.0546,-0.0868,1.49,3220000000.0,97.5,0.0,0.0,2.0,,16:26.7
2026-05-15 16:27:42+00:00,272.0,0.411,0.385,0.03,0.0,-30.0,0.0,2.118,0.07,8.247,8.25,9.999,40.0,7.432,36.65,87.17,82.9,20.15,16.21,-47.0,21.9,82.8,4.296,4.285,1.0,1070.0,1062.0,30.5,20.6,28.1,422.0,212.0,207.0,1.391,0.0,-0.0511,-0.0833,1.4,3220000000.0,97.5,0.0,0.0,2.0,,16:27.7
2026-05-15 16:28:42+00:00,273.0,0.411,-0.115,0.03,0.0,-30.0,0.0,2.118,0.07,8.256,8.25,9.999,40.0,7.434,36.65,87.17,82.9,20.14,16.21,-47.0,21.9,82.8,4.295,4.276,1.0,1070.0,1060.0,30.5,20.6,28.1,1582.0,213.0,207.0,1.441,0.0,-0.0539,-0.0883,1.45,3220000000.0,97.5,0.0,0.0,2.0,,16:28.7
2026-05-15 16:29:42+00:00,275.0,0.411,-0.615,0.03,0.0,-30.0,0.0,2.118,0.07,8.247,8.25,10.002,40.0,7.435,36.65,87.17,82.9,20.14,16.21,-47.0,21.9,82.8,4.298,4.28,1.0,1070.0,1060.0,30.5,20.6,28.1,2420.0,212.0,207.0,1.481,0.0,-0.0551,-0.0872,1.49,3220000000.0,97.5,0.0,0.0,2.0,,16:29.7
2026-05-15 16:30:42+00:00,276.0,0.456,-0.276,0.03,0.0,30.0,0.0,2.118,0.07,8.253,8.25,9.998,40.0,7.43,36.65,87.17,82.9,20.15,16.21,-47.0,21.9,82.8,4.294,4.28,1.0,1070.0,1062.0,30.5,20.6,28.1,836.0,218.0,208.0,1.361,0.0,-0.0521,-0.0875,1.37,3220000000.0,97.5,0.0,0.0,2.0,,16:30.7
2026-05-15 16:31:42+00:00,276.0,0.456,0.249,0.03,0.0,30.0,0.0,2.118,0.07,8.255,8.25,10.0,40.0,7.432,36.65,87.17,82.9,20.15,16.21,-47.0,21.9,82.8,4.288,4.276,1.0,1070.0,1060.0,30.6,20.6,28.1,1595.0,214.0,207.0,1.461,0.0,-0.0551,-0.0894,1.47,3220000000.0,97.5,0.0,0.0,2.0,,16:31.7
2026-05-15 16:32:42+00:00,277.0,0.501,0.642,0.03,0.0,-30.0,0.0,2.118,0.07,8.242,8.25,10.001,40.0,7.434,36.65,87.17,82.9,20.14,16.22,-47.0,21.9,82.8,4.283,4.272,1.0,1070.0,1060.0,30.6,20.6,28.1,66.0,212.0,207.0,1.481,0.0,-0.0555,-0.088,1.49,3220000000.0,97.5,0.0,0.0,2.0,,16:32.7
2026-05-15 16:33:42+00:00,278.0,0.501,0.142,0.03,0.0,-30.0,0.0,2.118,0.07,8.256,8.25,9.994,40.0,7.429,36.65,87.17,82.9,20.14,16.21,-47.0,21.9,82.8,4.296,4.278,1.0,1070.0,1062.0,30.6,20.6,28.1,790.0,212.0,208.0,1.371,0.0,-0.0552,-0.0896,1.38,3220000000.0,97.5,0.0,0.0,2.0,,16:33.7
2026-05-15 16:34:42+00:00,280.0,0.501,-0.358,0.03,0.0,-30.0,0.0,2.118,0.07,8.24,8.25,10.0,40.0,7.433,36.66,87.17,82.9,20.15,16.21,-47.0,21.9,82.8,4.296,4.283,1.0,1070.0,1060.0,30.6,20.7,28.1,2060.0,212.0,207.0,1.481,0.0,-0.053,-0.0904,1.49,3220000000.0,97.5,0.0,0.0,2.0,,16:34.7
2026-05-15 16:35:48+00:00,281.0,0.546,-0.533,0.03,0.0,30.0,0.0,2.118,0.07,8.257,8.25,10.001,40.0,7.435,36.65,87.17,82.9,20.14,16.21,-47.0,21.9,82.8,4.293,4.278,1.0,1070.0,1062.0,30.6,20.7,28.1,19.0,220.0,208.0,1.431,0.4651,-0.0522,-0.0815,1.44,65536.0,97.5,0.0,0.0,2.0,,16:35.8
2026-05-15 16:36:48+00:00,281.0,0.546,-0.008,0.03,0.0,30.0,0.0,2.118,0.07,8.252,8.25,9.993,40.0,7.429,36.65,87.17,82.9,20.14,16.21,-47.0,21.9,82.8,4.294,4.283,1.0,1070.0,1060.0,30.6,20.7,28.1,1211.0,213.0,208.0,1.421,0.0,-0.0551,-0.0904,1.43,3220000000.0,97.5,0.0,0.0,2.0,,16:36.8
2026-05-15 16:37:48+00:00,282.0,0.546,0.492,0.03,0.0,30.0,0.0,2.118,0.07,8.246,8.25,10.001,40.0,7.433,36.65,87.17,82.89,20.15,16.21,-47.0,21.9,82.8,4.288,4.28,1.0,1070.0,1060.0,30.6,20.7,28.1,2199.0,212.0,207.0,1.481,0.0,-0.0537,-0.0894,1.49,3220000000.0,97.5,0.0,0.0,2.0,,16:37.8
2026-05-15 16:38:48+00:00,283.0,0.591,0.399,0.03,0.0,-30.0,0.0,2.118,0.07,8.255,8.25,10.0,40.0,7.432,36.65,87.17,82.89,20.15,16.21,-47.0,21.9,82.8,4.291,4.28,1.0,1070.0,1062.0,30.6,20.7,28.1,417.0,212.0,207.0,1.371,0.0,-0.0521,-0.0834,1.38,3220000000.0,97.5,0.0,0.0,2.0,,16:38.8
2026-05-15 16:39:48+00:00,285.0,0.591,-0.101,0.03,0.0,-30.0,0.0,2.118,0.07,8.246,8.25,10.002,40.0,7.436,36.65,87.17,82.89,20.14,16.21,-47.0,21.8,82.8,4.281,4.277,1.0,1070.0,1060.0,30.6,20.7,28.1,1556.0,219.0,208.0,1.461,0.0,-0.056,-0.0898,1.47,3220000000.0,97.5,0.0,0.0,2.0,,16:39.8
2026-05-15 16:40:48+00:00,286.0,0.591,-0.626,0.03,0.0,-30.0,0.0,2.118,0.07,8.236,8.25,9.996,40.0,7.428,36.65,87.17,82.89,20.15,16.21,-47.0,21.8,82.8,4.287,4.272,1.0,1070.0,1059.0,30.6,20.7,28.1,2358.0,220.0,207.0,1.481,0.0,-0.0539,-0.0892,1.49,3220000000.0,97.5,0.0,0.0,2.0,,16:40.8
2026-05-15 16:41:48+00:00,286.0,0.636,-0.265,0.03,0.0,30.0,0.0,2.118,0.07,8.26,8.25,10.003,40.0,7.434,36.64,87.15,82.89,20.14,16.21,-47.0,21.8,82.8,4.296,4.281,1.0,1070.0,1060.0,30.6,20.7,28.1,780.0,219.0,208.0,1.361,0.0,-0.054,-0.0902,1.37,3220000000.0,97.5,0.0,0.0,2.0,,16:41.8
2026-05-15 16:42:48+00:00,287.0,0.636,0.235,0.03,0.0,30.0,0.0,2.118,0.07,8.241,8.25,10.002,40.0,7.434,36.65,87.15,82.89,20.14,16.22,-47.0,21.8,82.8,4.295,4.281,1.0,1070.0,1060.0,30.6,20.7,28.1,1661.0,219.0,207.0,1.471,0.0,-0.0545,-0.09,1.48,3220000000.0,97.5,0.0,0.0,2.0,,16:42.8
2026-05-15 16:43:54+00:00,289.0,0.636,0.669,0.045,0.0,0.0,0.0,2.118,0.07,8.26,8.25,9.994,40.0,7.429,36.65,87.15,82.89,20.14,16.21,-47.0,21.8,82.8,4.291,4.281,0.0,1070.0,402.0,30.6,20.7,28.1,2602.0,0.0,0.0,1.481,0.0,-0.0537,-0.0896,1.49,3220000000.0,97.5,0.0,0.0,2.0,,16:43.9
2026-05-15 16:44:54+00:00,289.0,0.636,0.669,0.045,0.0,0.0,0.0,2.118,0.07,8.25,8.25,10.002,40.0,7.431,36.65,87.15,82.89,20.15,16.21,-47.0,21.8,82.8,4.296,4.28,0.0,1070.0,0.0,30.6,20.7,28.1,0.0,0.0,0.0,1.471,0.0,-0.0462,-0.069,1.48,3220000000.0,97.5,0.0,0.0,3.0,,16:44.9
2026-05-15 16:45:54+00:00,289.0,0.49,0.52,0.045,-27.924,-28.64,0.0,2.118,0.07,8.254,8.25,10.001,40.0,7.432,36.66,87.15,82.89,20.15,16.21,-47.0,21.8,82.8,4.287,4.282,0.0,1070.0,0.0,30.6,20.7,28.1,0.0,0.0,0.0,0.109,0.0,-0.0185,-0.0651,0.11,3220000000.0,97.5,0.0,0.0,3.0,,16:45.9
2026-05-15 16:46:54+00:00,291.0,0.025,0.043,0.045,-27.924,-28.64,0.0,2.118,0.07,8.25,8.25,10.002,40.0,7.437,36.65,87.15,82.89,20.14,16.21,-47.0,21.8,82.8,4.289,4.276,0.0,1070.0,0.0,30.6,20.7,28.1,0.0,0.0,0.0,0.07,0.0,-0.0305,-0.1152,0.07,3220000000.0,97.5,0.0,0.0,3.0,,16:46.9
2026-05-15 16:47:54+00:00,292.0,-0.44,-0.435,0.045,-27.924,-28.64,0.0,2.118,0.07,8.251,8.25,9.997,40.0,7.431,36.65,87.15,82.89,20.14,16.21,-47.0,21.8,82.8,4.287,4.275,0.0,1070.0,0.0,30.6,20.7,28.1,0.0,0.0,0.0,0.07,0.0,-0.043,-0.1897,0.07,3220000000.0,97.5,0.0,0.0,3.0,,16:47.9
2026-05-15 16:48:54+00:00,293.0,-0.424,-0.669,0.045,30.0,0.0,0.0,2.118,0.07,8.249,8.25,10.0,40.0,7.43,36.66,87.15,82.89,20.15,16.21,-47.0,21.8,82.8,4.295,4.281,1.0,1070.0,1066.0,30.6,20.7,28.1,437.0,212.0,207.0,0.179,0.0,-0.0949,-0.2351,0.18,2680000000.0,97.5,0.0,0.0,3.0,,16:48.9
2026-05-15 16:49:54+00:00,294.0,0.101,-0.669,0.045,30.0,0.0,0.0,2.118,0.07,8.243,8.25,9.998,40.0,7.428,36.65,87.15,82.89,20.15,16.21,-47.0,21.8,82.8,4.289,4.283,1.0,1070.0,1064.0,30.7,20.8,28.1,1304.0,219.0,208.0,1.282,0.0,-0.0741,-0.137,1.29,2680000000.0,97.5,0.0,0.0,3.0,,16:49.9
2026-05-15 16:50:54+00:00,295.0,0.601,-0.669,0.045,30.0,0.0,0.0,2.118,0.07,8.251,8.25,10.002,40.0,7.433,36.65,87.15,82.89,20.15,16.21,-47.0,21.8,82.8,4.291,4.278,1.0,1070.0,1063.0,30.7,20.8,28.1,2435.0,219.0,207.0,1.471,0.0,-0.0638,-0.1107,1.48,2680000000.0,97.5,0.0,0.0,3.0,,16:50.9
2026-05-15 16:51:54+00:00,296.0,0.669,-0.243,0.045,0.0,30.0,0.0,2.118,0.07,8.242,8.25,9.998,40.0,7.43,36.65,87.15,82.89,20.14,16.21,-47.0,21.8,82.8,4.291,4.28,1.0,1070.0,1062.0,30.6,20.8,28.1,3434.0,219.0,208.0,1.49,0.0,-0.0593,-0.0999,1.5,3220000000.0,97.5,0.0,1.0,3.0,,16:51.9
2026-05-15 16:52:54+00:00,297.0,0.669,0.257,0.045,0.0,30.0,0.0,2.118,0.07,8.259,8.25,9.997,40.0,7.431,36.65,87.15,82.87,20.15,16.21,-47.0,21.8,82.7,4.294,4.282,1.0,1070.0,1063.0,30.6,20.8,28.1,4456.0,212.0,207.0,1.491,0.0,-0.0573,-0.0964,1.5,3220000000.0,97.5,0.0,1.0,3.0,,16:52.9
2026-05-15 16:54:00+00:00,298.0,0.587,0.669,0.045,-30.0,0.0,0.0,2.118,0.07,8.237,8.25,9.997,40.0,7.431,36.65,87.15,82.87,20.14,16.21,-47.0,21.8,82.7,4.288,4.273,1.0,1070.0,1063.0,30.6,20.8,28.1,5436.0,212.0,207.0,1.491,0.0,-0.0552,-0.0935,1.5,3220000000.0,97.5,0.0,1.0,3.0,,16:54.0
2026-05-15 16:55:00+00:00,299.0,0.062,0.669,0.045,-30.0,0.0,0.0,2.118,0.07,8.244,8.25,10.0,40.0,7.434,36.65,87.15,82.87,20.15,16.21,-47.0,21.8,82.7,4.286,4.273,1.0,1070.0,1063.0,30.6,20.8,28.1,6565.0,212.0,207.0,1.491,0.0,-0.0556,-0.0913,1.5,3220000000.0,97.5,0.0,1.0,3.0,,16:55.0
2026-05-15 16:56:00+00:00,300.0,-0.438,0.669,0.045,-30.0,0.0,0.0,2.118,0.07,8.251,8.25,10.001,40.0,7.432,36.66,87.15,82.87,20.15,16.21,-47.0,21.8,82.7,4.293,4.283,1.0,1070.0,1062.0,30.6,20.8,28.1,7424.0,212.0,208.0,1.491,0.0,-0.0547,-0.0913,1.5,3220000000.0,97.5,0.0,1.0,3.0,,16:56.0
2026-05-15 16:57:00+00:00,301.0,-0.669,0.405,0.045,0.0,-30.0,0.0,2.118,0.07,8.25,8.25,10.0,40.0,7.431,36.65,87.15,82.87,20.14,16.21,-47.0,21.8,82.7,4.294,4.282,1.0,1070.0,1062.0,30.6,20.8,28.1,8494.0,212.0,208.0,1.491,0.0,-0.0544,-0.0905,1.5,3220000000.0,97.5,0.0,1.0,3.0,,16:57.0
2026-05-15 16:58:00+00:00,302.0,-0.669,-0.095,0.045,0.0,-30.0,0.0,2.118,0.07,8.256,8.25,10.004,40.0,7.433,36.65,87.13,82.87,20.15,16.21,-47.0,21.8,82.7,4.288,4.276,1.0,1070.0,1062.0,30.5,20.8,28.1,9475.0,212.0,207.0,1.491,0.0,-0.0544,-0.0898,1.5,3220000000.0,97.5,0.0,1.0,3.0,,16:58.0
2026-05-15 16:59:00+00:00,304.0,-0.669,-0.595,0.045,0.0,-30.0,0.0,2.118,0.07,8.263,8.25,10.002,40.0,7.431,36.65,87.13,82.87,20.15,16.21,-47.0,21.8,82.7,4.294,4.28,1.0,1070.0,1062.0,30.5,20.8,28.1,10334.0,212.0,207.0,1.491,0.0,-0.0538,-0.0893,1.5,3220000000.0,97.5,0.0,1.0,3.0,,16:59.0
2026-05-15 17:00:00+00:00,304.0,-0.372,-0.37,0.045,21.213,21.213,0.0,2.118,0.07,8.239,8.25,10.0,40.0,7.433,36.65,87.13,82.87,20.15,16.21,-47.0,21.8,82.7,4.287,4.28,1.0,1070.0,1062.0,30.6,20.8,28.1,721.0,214.0,208.0,1.421,0.0,-0.0538,-0.0888,1.43,3220000000.0,97.5,0.0,0.0,3.0,,17:00.0
2026-05-15 17:01:00+00:00,305.0,-0.019,-0.017,0.045,21.213,21.213,0.0,2.118,0.07,8.259,8.25,9.997,40.0,7.43,36.65,87.13,82.87,20.14,16.21,-47.0,21.8,82.7,4.289,4.275,1.0,1070.0,1062.0,30.6,20.8,28.1,1520.0,218.0,208.0,1.471,0.0,-0.0544,-0.0896,1.48,3220000000.0,97.5,0.0,0.0,3.0,,17:01.0
2026-05-15 17:02:00+00:00,306.0,0.335,0.337,0.045,21.213,21.213,0.0,2.118,0.07,8.243,8.25,10.001,40.0,7.434,36.65,87.13,82.87,20.14,16.21,-47.0,21.8,82.7,4.287,4.273,1.0,1070.0,1062.0,30.6,20.8,28.1,2661.0,223.0,210.0,1.491,0.0,-0.0534,-0.0887,1.5,3220000000.0,97.5,0.0,0.0,3.0,,17:02.0
2026-05-15 17:03:06+00:00,308.0,0.668,0.641,0.045,1.343,-39.977,0.0,2.118,0.07,8.263,8.25,9.997,40.0,7.43,36.65,87.13,82.85,20.14,16.21,-47.0,21.8,82.7,4.287,4.277,1.0,1070.0,1062.0,30.6,20.9,28.1,0.0,212.0,208.0,1.491,0.0,-0.0546,-0.0873,1.5,3220000000.0,97.5,0.0,0.0,3.0,,17:03.1
2026-05-15 17:04:06+00:00,309.0,0.321,0.26,0.045,-21.213,-21.213,0.0,2.118,0.07,8.25,8.25,9.999,40.0,7.431,36.66,87.13,82.85,20.15,16.21,-47.0,21.8,82.7,4.289,4.28,1.0,1070.0,1062.0,30.6,20.9,28.1,931.0,215.0,208.0,1.351,0.0,-0.0535,-0.09,1.36,3220000000.0,97.5,0.0,0.0,3.0,,17:04.1
2026-05-15 17:05:06+00:00,309.0,-0.032,-0.094,0.045,-21.213,-21.213,0.0,2.118,0.07,8.251,8.25,9.994,40.0,7.43,36.65,87.13,82.85,20.14,16.21,-47.0,21.8,82.7,4.293,4.278,1.0,1070.0,1062.0,30.6,20.9,28.1,1960.0,217.0,208.0,1.461,0.0,-0.0544,-0.0895,1.47,3220000000.0,97.3,0.0,0.0,3.0,,17:05.1
2026-05-15 17:06:06+00:00,310.0,-0.386,-0.447,0.045,-21.213,-21.213,0.0,2.118,0.07,8.252,8.25,10.003,40.0,7.433,36.65,87.13,82.85,20.15,16.21,-47.0,21.8,82.7,4.29,4.278,1.0,1070.0,1062.0,30.6,20.9,28.0,2958.0,212.0,208.0,1.481,0.0,-0.0544,-0.089,1.49,3220000000.0,97.3,0.0,0.0,3.0,,17:06.1
2026-05-15 17:07:06+00:00,311.0,-0.459,-0.584,0.045,21.213,21.213,0.0,2.118,0.07,8.256,8.25,9.999,40.0,7.432,36.65,87.13,82.85,20.15,16.21,-47.0,21.8,82.7,4.291,4.275,1.0,1070.0,1062.0,30.6,20.9,28.0,226.0,212.0,207.0,1.471,0.4602,-0.0488,-0.0776,1.48,0.0,97.3,0.0,0.0,3.0,,17:07.1
2026-05-15 17:08:06+00:00,312.0,-0.105,-0.23,0.045,21.213,21.213,0.0,2.118,0.07,8.25,8.25,9.998,40.0,7.431,36.65,87.13,82.85,20.14,16.21,-47.0,21.8,82.7,4.287,4.273,1.0,1070.0,1062.0,30.6,20.9,28.0,1237.0,212.0,207.0,1.381,0.0,-0.0546,-0.0905,1.39,3220000000.0,97.3,0.0,0.0,3.0,,17:08.1
2026-05-15 17:09:06+00:00,314.0,0.248,0.123,0.045,21.213,21.213,0.0,2.118,0.07,8.246,8.25,9.999,40.0,7.433,36.65,87.13,82.85,20.14,16.21,-47.0,21.8,82.7,4.287,4.273,1.0,1070.0,1062.0,30.6,20.9,28.1,2218.0,212.0,207.0,1.471,0.0,-0.0534,-0.0902,1.48,3220000000.0,97.3,0.0,0.0,3.0,,17:09.1
2026-05-15 17:10:06+00:00,315.0,0.62,0.495,0.045,21.213,21.213,0.0,2.118,0.07,8.254,8.25,10.003,40.0,7.435,36.65,87.13,82.85,20.14,16.21,-47.0,21.8,82.7,4.289,4.275,1.0,1070.0,1062.0,30.7,20.9,28.1,3167.0,219.0,207.0,1.481,0.0,-0.0544,-0.0877,1.49,3220000000.0,97.3,0.0,1.0,3.0,,17:10.1
2026-05-15 17:11:06+00:00,315.0,0.411,0.222,0.045,-21.213,-21.213,0.0,2.118,0.07,8.242,8.25,9.998,40.0,7.428,36.65,87.13,82.85,20.15,16.21,-46.99,21.8,82.7,4.29,4.28,1.0,1070.0,1062.0,30.7,20.9,28.1,496.0,212.0,207.0,1.322,0.0,-0.0522,-0.0867,1.33,3220000000.0,97.3,0.0,0.0,3.0,,17:11.1
2026-05-15 17:12:12+00:00,316.0,0.058,-0.131,0.045,-21.213,-21.213,0.0,2.118,0.07,8.258,8.25,10.003,40.0,7.434,36.65,87.13,82.85,20.15,16.21,-46.99,21.8,82.7,4.291,4.274,1.0,1070.0,1062.0,30.6,20.9,28.1,1678.0,212.0,208.0,1.441,0.0,-0.0546,-0.0886,1.45,3220000000.0,97.3,0.0,0.0,3.0,,17:12.2
2026-05-15 17:13:12+00:00,317.0,-0.313,-0.502,0.045,-21.213,-21.213,0.0,2.118,0.07,8.247,8.25,10.0,40.0,7.433,36.64,87.13,82.85,20.15,16.22,-46.99,21.8,82.7,4.291,4.282,1.0,1070.0,1060.0,30.6,20.9,28.1,2676.0,212.0,208.0,1.481,0.0,-0.0544,-0.0889,1.49,3220000000.0,97.3,0.0,0.0,3.0,,17:13.2
2026-05-15 17:14:12+00:00,318.0,-0.276,-0.529,0.045,21.213,21.213,0.0,2.118,0.07,8.247,8.25,9.998,40.0,7.431,36.65,87.13,82.85,20.14,16.21,-46.99,21.8,82.7,4.294,4.283,1.0,1070.0,1062.0,30.6,20.9,28.1,265.0,212.0,207.0,1.401,0.3912,-0.0499,-0.079,1.41,65536.0,97.3,0.0,0.0,3.0,,17:14.2
2026-05-15 17:15:12+00:00,319.0,0.077,-0.175,0.045,21.213,21.213,0.0,2.118,0.07,8.251,8.25,10.0,40.0,7.431,36.65,87.13,82.83,20.15,16.21,-46.99,21.8,82.7,4.288,4.278,1.0,1070.0,1062.0,30.6,20.9,28.1,1245.0,212.0,207.0,1.401,0.0,-0.0553,-0.088,1.41,3220000000.0,97.3,0.0,0.0,3.0,,17:15.2
2026-05-15 17:16:12+00:00,321.0,0.431,0.178,0.045,21.213,21.213,0.0,2.118,0.07,8.247,8.25,9.999,40.0,7.434,36.65,87.13,82.83,20.14,16.21,-46.99,21.8,82.7,4.286,4.274,1.0,1070.0,1060.0,30.6,20.9,28.1,2103.0,212.0,207.0,1.471,0.0,-0.0537,-0.0883,1.48,3220000000.0,97.3,0.0,0.0,3.0,,17:16.2
2026-05-15 17:17:12+00:00,321.0,0.582,0.266,0.045,-21.213,-21.213,0.0,2.118,0.07,8.244,8.25,10.005,40.0,7.434,36.65,87.12,82.83,20.15,16.21,-46.99,21.8,82.7,4.287,4.277,1.0,1070.0,1062.0,30.6,21.0,28.1,0.0,219.0,207.0,1.471,0.4978,-0.0502,-0.0775,1.48,0.0,97.3,0.0,0.0,3.0,,17:17.2
2026-05-15 17:18:12+00:00,322.0,0.229,-0.087,0.045,-21.213,-21.213,0.0,2.118,0.07,8.264,8.25,9.997,40.0,7.43,36.65,87.12,82.83,20.14,16.22,-46.99,21.8,82.7,4.293,4.284,1.0,1070.0,1062.0,30.6,21.0,28.1,1204.0,212.0,207.0,1.361,0.0,-0.0548,-0.0897,1.37,3220000000.0,97.3,0.0,0.0,3.0,,17:18.2
2026-05-15 17:19:18+00:00,323.0,-0.125,-0.441,0.045,-21.213,-21.213,0.0,2.118,0.07,8.244,8.25,9.997,40.0,7.43,36.65,87.12,82.83,20.14,16.22,-46.99,21.8,82.7,4.293,4.284,1.0,1070.0,1060.0,30.6,21.0,28.1,2117.0,212.0,208.0,1.471,0.0,-0.0536,-0.0882,1.48,3220000000.0,97.3,0.0,0.0,3.0,,17:19.3
2026-05-15 17:20:18+00:00,325.0,-0.21,-0.59,0.045,21.213,21.213,0.0,2.118,0.07,8.254,8.25,9.998,40.0,7.432,36.64,87.12,82.83,20.15,16.22,-46.99,21.8,82.7,4.289,4.282,1.0,1070.0,1062.0,30.6,21.0,28.0,276.0,212.0,208.0,1.461,0.5227,-0.0527,-0.0839,1.47,0.0,97.3,0.0,0.0,3.0,,17:20.3
2026-05-15 17:21:18+00:00,326.0,0.161,-0.219,0.045,21.213,21.213,0.0,2.118,0.07,8.249,8.25,9.998,40.0,7.431,36.65,87.12,82.83,20.14,16.21,-46.99,21.8,82.7,4.297,4.284,1.0,1070.0,1060.0,30.6,21.0,28.0,1257.0,212.0,208.0,1.391,0.0,-0.0539,-0.0906,1.4,3220000000.0,97.3,0.0,0.0,3.0,,17:21.3
2026-05-15 17:22:18+00:00,327.0,0.514,0.135,0.045,21.213,21.213,0.0,2.118,0.07,8.254,8.25,9.998,40.0,7.43,36.65,87.12,82.83,20.15,16.21,-46.99,21.8,82.7,4.285,4.275,1.0,1070.0,1060.0,30.6,21.0,28.0,2254.0,212.0,207.0,1.471,0.0,-0.0539,-0.0881,1.48,3220000000.0,97.3,0.0,0.0,3.0,,17:22.3
2026-05-15 17:23:18+00:00,328.0,0.517,0.073,0.045,-21.213,-21.213,0.0,2.118,0.07,8.248,8.25,10.001,40.0,7.435,36.64,87.12,82.83,20.14,16.21,-46.99,21.8,82.7,4.283,4.272,1.0,1070.0,1062.0,30.6,21.0,28.0,459.0,212.0,207.0,1.381,0.4258,-0.0504,-0.0759,1.39,65536.0,97.3,0.0,0.0,3.0,,17:23.3
2026-05-15 17:24:18+00:00,328.0,0.163,-0.28,0.045,-21.213,-21.213,0.0,2.118,0.07,8.252,8.25,10.001,40.0,7.433,36.64,87.12,82.83,20.14,16.21,-46.99,21.8,82.7,4.291,4.276,1.0,1070.0,1060.0,30.6,21.0,28.0,1395.0,212.0,207.0,1.421,0.0,-0.055,-0.0881,1.43,3220000000.0,97.3,0.0,0.0,3.0,,17:24.3
2026-05-15 17:25:18+00:00,330.0,-0.208,-0.652,0.045,-21.213,-21.213,0.0,2.118,0.07,8.252,8.25,9.998,40.0,7.428,36.64,87.12,82.83,20.15,16.21,-46.99,21.8,82.7,4.294,4.28,1.0,1070.0,1060.0,30.6,21.0,28.0,2397.0,218.0,208.0,1.481,0.0,-0.054,-0.0878,1.49,3220000000.0,97.3,0.0,0.0,3.0,,17:25.3
2026-05-15 17:26:18+00:00,331.0,0.128,-0.379,0.045,21.213,21.213,0.0,2.118,0.07,8.243,8.25,9.998,40.0,7.43,36.64,87.12,82.83,20.14,16.21,-46.99,21.8,82.7,4.288,4.274,1.0,1070.0,1062.0,30.5,21.0,28.0,796.0,212.0,208.0,1.322,0.0,-0.0531,-0.0862,1.33,3220000000.0,97.3,0.0,0.0,3.0,,17:26.3
2026-05-15 17:27:18+00:00,332.0,0.481,-0.026,0.045,21.213,21.213,0.0,2.118,0.07,8.261,8.25,10.001,40.0,7.432,36.64,87.12,82.83,20.14,16.22,-46.99,21.7,82.7,4.297,4.278,1.0,1070.0,1060.0,30.5,21.0,28.0,1742.0,213.0,208.0,1.461,0.0,-0.0551,-0.0878,1.47,3220000000.0,97.3,0.0,0.0,3.0,,17:27.3
2026-05-15 17:28:24+00:00,333.0,0.55,-0.021,0.045,-21.213,-21.213,0.0,2.118,0.07,8.245,8.25,10.0,40.0,7.429,36.64,87.12,82.83,20.15,16.22,-46.99,21.7,82.7,4.294,4.283,1.0,1070.0,1062.0,30.5,21.0,28.0,241.0,219.0,207.0,1.451,0.4265,-0.0503,-0.0753,1.46,65536.0,97.3,0.0,0.0,3.0,,17:28.4
2026-05-15 17:29:24+00:00,334.0,0.196,-0.374,0.045,-21.213,-21.213,0.0,2.118,0.07,8.254,8.25,10.0,40.0,7.432,36.65,87.12,82.81,20.15,16.21,-46.99,21.7,82.7,4.288,4.277,1.0,1070.0,1060.0,30.5,21.0,28.0,1282.0,212.0,207.0,1.391,0.0,-0.0544,-0.0872,1.4,3220000000.0,97.3,0.0,0.0,3.0,,17:29.4
2026-05-15 17:30:24+00:00,334.0,-0.005,-0.639,0.045,21.213,21.213,0.0,2.118,0.07,8.249,8.25,9.998,40.0,7.431,36.65,87.12,82.81,20.14,16.21,-46.99,21.7,82.7,4.287,4.274,1.0,1070.0,1059.0,30.5,21.0,28.0,2131.0,212.0,208.0,1.471,0.0,-0.0537,-0.0871,1.48,3220000000.0,97.3,0.0,0.0,3.0,,17:30.4
2026-05-15 17:31:24+00:00,336.0,0.349,-0.285,0.045,21.213,21.213,0.0,2.118,0.07,8.251,8.25,9.998,40.0,7.43,36.64,87.12,82.81,20.14,16.21,-46.99,21.7,82.7,4.281,4.27,1.0,1070.0,1060.0,30.5,21.0,28.0,991.0,212.0,207.0,1.351,0.0,-0.0535,-0.0881,1.36,3220000000.0,97.3,0.0,0.0,3.0,,17:31.4
2026-05-15 17:32:24+00:00,337.0,0.669,-0.016,0.045,0.0,-38.134,0.0,2.118,0.07,8.249,8.25,9.997,40.0,7.429,36.64,87.12,82.81,20.15,16.22,-46.99,21.7,82.7,4.297,4.277,0.0,1070.0,1060.0,30.5,21.0,28.0,1770.0,225.0,215.0,1.471,0.0,-0.0537,-0.0872,1.48,3220000000.0,97.3,0.0,0.0,3.0,,17:32.4
2026-05-15 17:33:24+00:00,338.0,0.329,-0.369,0.045,-21.213,-21.213,0.0,2.118,0.07,8.245,8.25,9.996,40.0,7.428,36.64,87.12,82.81,20.14,16.21,-46.99,21.7,82.7,4.294,4.285,1.0,1070.0,1062.0,30.5,21.0,28.0,984.0,212.0,208.0,1.332,0.0,-0.0526,-0.0877,1.34,3220000000.0,97.3,0.0,0.0,3.0,,17:33.4
2026-05-15 17:34:24+00:00,339.0,0.118,-0.644,0.045,21.213,21.213,0.0,2.118,0.07,8.24,8.25,9.999,40.0,7.429,36.64,87.12,82.81,20.14,16.22,-46.99,21.7,82.7,4.293,4.282,1.0,1070.0,738.0,30.5,21.1,28.0,25.0,219.0,207.0,1.461,0.0,-0.0535,-0.0862,1.47,3220000000.0,97.3,0.0,0.0,3.0,,17:34.4
2026-05-15 17:35:24+00:00,340.0,0.471,-0.29,0.045,21.213,21.213,0.0,2.118,0.07,8.255,8.25,10.003,40.0,7.431,36.64,87.1,82.81,20.15,16.21,-46.99,21.7,82.7,4.295,4.285,1.0,1070.0,1060.0,30.5,21.1,28.0,1056.0,212.0,207.0,1.342,0.0,-0.0544,-0.0893,1.35,3220000000.0,97.3,0.0,0.0,3.0,,17:35.4
2026-05-15 17:36:24+00:00,341.0,0.56,-0.265,0.045,-21.213,-21.213,0.0,2.118,0.07,8.241,8.25,10.0,40.0,7.431,36.64,87.1,82.81,20.15,16.22,-46.99,21.7,82.7,4.294,4.284,1.0,1070.0,1062.0,30.5,21.1,28.0,335.0,0.0,0.0,1.421,0.4913,-0.0515,-0.0777,1.43,0.0,97.3,0.0,0.0,3.0,,17:36.4
2026-05-15 17:37:30+00:00,342.0,0.206,-0.619,0.045,-21.213,-21.213,0.0,2.118,0.07,8.265,8.25,10.002,40.0,7.435,36.64,87.1,82.81,20.14,16.21,-46.99,21.7,82.7,4.287,4.27,1.0,1070.0,1060.0,30.5,21.1,28.0,1318.0,212.0,207.0,1.401,0.0,-0.0545,-0.0886,1.41,3220000000.0,97.3,0.0,0.0,3.0,,17:37.5
2026-05-15 17:38:30+00:00,343.0,0.477,-0.412,0.045,21.213,21.213,0.0,2.118,0.07,8.248,8.25,10.0,40.0,7.432,36.64,87.1,82.81,20.14,16.21,-46.99,21.7,82.7,4.29,4.277,1.0,1070.0,1062.0,30.5,21.1,28.0,559.0,212.0,207.0,1.302,0.0,-0.0524,-0.0852,1.31,3220000000.0,97.3,0.0,0.0,3.0,,17:38.5
2026-05-15 17:39:30+00:00,344.0,0.536,-0.416,0.045,-21.213,-21.213,0.0,2.118,0.07,8.256,8.25,9.995,40.0,7.429,36.64,87.1,82.81,20.14,16.22,-46.99,21.7,82.7,4.293,4.28,1.0,1070.0,1062.0,30.5,21.1,28.0,246.0,212.0,207.0,1.351,0.4411,-0.0504,-0.0753,1.36,65536.0,97.3,0.0,0.0,3.0,,17:39.5
2026-05-15 17:40:30+00:00,345.0,0.401,-0.615,0.045,21.213,21.213,0.0,2.118,0.07,8.248,8.25,10.0,40.0,7.43,36.64,87.1,82.81,20.15,16.21,-46.99,21.7,82.7,4.288,4.281,1.0,1070.0,459.0,30.5,21.1,28.0,0.0,0.0,0.0,1.391,0.4441,-0.0546,-0.0869,1.4,65536.0,97.3,0.0,0.0,3.0,,17:40.5
2026-05-15 17:41:30+00:00,346.0,0.63,-0.45,0.045,-21.213,-21.213,0.0,2.118,0.07,8.255,8.25,10.004,40.0,7.434,36.64,87.1,82.81,20.15,16.21,-46.99,21.7,82.7,4.289,4.283,1.0,1070.0,7.0,30.5,21.1,28.0,0.0,0.0,0.0,1.361,0.0,-0.0546,-0.088,1.37,3220000000.0,97.3,0.0,0.0,3.0,,17:41.5
2026-05-15 17:42:30+00:00,347.0,0.562,-0.581,0.045,21.213,21.213,0.0,2.118,0.07,8.246,8.25,10.0,40.0,7.429,36.65,87.1,82.81,20.15,16.21,-46.99,21.7,82.7,4.294,4.284,1.0,1070.0,1062.0,30.6,21.1,28.0,149.0,212.0,208.0,1.302,0.4484,-0.0507,-0.0789,1.31,65536.0,97.3,0.0,0.0,3.0,,17:42.5
2026-05-15 17:43:30+00:00,348.0,0.642,-0.628,0.045,21.213,21.213,0.0,2.118,0.07,8.241,8.25,9.995,40.0,7.427,36.65,87.1,82.8,20.15,16.21,-46.99,21.7,82.7,4.29,4.282,1.0,1070.0,281.0,30.6,21.1,28.0,0.0,0.0,0.0,1.222,0.41,-0.0533,-0.0832,1.23,65536.0,97.3,0.0,0.0,3.0,,17:43.5
2026-05-15 17:44:30+00:00,349.0,0.156,-0.644,0.045,-39.952,1.967,0.0,2.118,0.07,8.253,8.25,10.004,40.0,7.434,36.64,87.1,82.8,20.14,16.21,-46.99,21.7,82.6,4.28,4.28,0.0,1070.0,0.0,30.6,21.1,28.0,0.0,0.0,0.0,0.676,0.0,-0.0283,-0.033,0.68,3220000000.0,97.3,0.0,0.0,3.0,,17:44.5
2026-05-15 17:45:30+00:00,350.0,-0.51,-0.611,0.045,-39.952,1.967,0.0,2.118,0.07,8.242,8.25,9.997,40.0,7.43,36.65,87.1,82.8,20.14,16.21,-46.99,21.7,82.6,4.282,4.271,0.0,1070.0,0.0,30.6,21.1,28.0,0.0,0.0,0.0,0.109,0.0,-0.0138,-0.0398,0.11,3220000000.0,97.3,0.0,0.0,3.0,,17:45.5
2026-05-15 17:46:36+00:00,351.0,-0.406,-0.341,0.045,21.213,21.213,0.0,2.118,0.07,8.258,8.25,10.004,40.0,7.434,36.64,87.1,82.8,20.15,16.22,-46.99,21.7,82.7,4.294,4.282,1.0,1070.0,1063.0,30.6,21.1,28.0,655.0,219.0,208.0,0.596,0.0,-0.0733,-0.1556,0.6,2680000000.0,97.3,0.0,0.0,3.0,,17:46.6
2026-05-15 17:47:36+00:00,352.0,-0.053,0.013,0.045,21.213,21.213,0.0,2.118,0.07,8.245,8.25,10.0,40.0,7.432,36.65,87.1,82.8,20.14,16.21,-46.99,21.7,82.7,4.287,4.283,1.0,1070.0,1062.0,30.5,21.1,28.0,1680.0,219.0,208.0,1.401,0.0,-0.0644,-0.1117,1.41,2680000000.0,97.3,0.0,0.0,3.0,,17:47.6
2026-05-15 17:48:36+00:00,353.0,0.318,0.384,0.045,21.213,21.213,0.0,2.118,0.07,8.247,8.25,10.001,40.0,7.432,36.65,87.1,82.8,20.15,16.21,-46.99,21.7,82.6,4.287,4.281,1.0,1070.0,1062.0,30.5,21.1,28.0,2652.0,220.0,208.0,1.471,0.0,-0.0581,-0.0945,1.48,3220000000.0,97.3,0.0,0.0,3.0,,17:48.6
2026-05-15 17:49:36+00:00,354.0,0.517,0.647,0.045,-21.213,-21.213,0.0,2.118,0.07,8.25,8.25,10.0,40.0,7.431,36.65,87.1,82.8,20.15,16.21,-46.99,21.7,82.6,4.289,4.28,0.0,1070.0,557.0,30.6,21.1,28.0,77.0,0.0,0.0,1.471,0.0,-0.0556,-0.0885,1.48,3220000000.0,97.3,0.0,0.0,3.0,,17:49.6
2026-05-15 17:50:36+00:00,355.0,0.164,0.293,0.045,-21.213,-21.213,0.0,2.118,0.07,8.247,8.25,9.999,40.0,7.431,36.64,87.1,82.8,20.14,16.21,-47.0,21.7,82.6,4.288,4.285,1.0,1070.0,1062.0,30.6,21.0,28.0,759.0,212.0,208.0,1.361,0.0,-0.0553,-0.089,1.37,3220000000.0,97.3,0.0,0.0,3.0,,17:50.6
2026-05-15 17:51:36+00:00,356.0,-0.19,-0.06,0.045,-21.213,-21.213,0.0,2.118,0.07,8.253,8.25,10.001,40.0,7.432,36.64,87.1,82.8,20.15,16.21,-47.0,21.7,82.6,4.287,4.276,1.0,1070.0,1062.0,30.6,21.0,28.0,1899.0,212.0,208.0,1.471,0.0,-0.054,-0.0869,1.48,3220000000.0,97.3,0.0,0.0,3.0,,17:51.6
2026-05-15 17:52:36+00:00,357.0,-0.561,-0.432,0.045,-21.213,-21.213,0.0,2.118,0.07,8.258,8.25,10.0,40.0,7.434,36.65,87.1,82.8,20.14,16.21,-47.0,21.7,82.6,4.285,4.274,1.0,1070.0,1062.0,30.6,20.9,28.0,2944.0,212.0,207.0,1.481,0.0,-0.0528,-0.0852,1.49,3220000000.0,97.3,0.0,0.0,3.0,,17:52.6
2026-05-15 17:53:36+00:00,358.0,-0.47,-0.277,0.045,21.213,21.213,0.0,2.118,0.07,8.239,8.25,10.0,40.0,7.43,36.65,87.08,82.8,20.15,16.21,-47.01,21.7,82.6,4.286,4.276,1.0,1070.0,1062.0,30.6,20.9,28.0,401.0,219.0,208.0,1.361,0.0,-0.0519,-0.0779,1.37,3220000000.0,97.3,0.0,0.0,3.0,,17:53.6
2026-05-15 17:54:36+00:00,359.0,-0.116,0.077,0.045,21.213,21.213,0.0,2.118,0.07,8.257,8.25,10.005,40.0,7.434,36.64,87.08,82.8,20.15,16.21,-47.01,21.7,82.6,4.291,4.285,1.0,1070.0,1062.0,30.6,20.8,28.0,1355.0,212.0,207.0,1.421,0.0,-0.0539,-0.0857,1.43,3220000000.0,97.3,0.0,0.0,3.0,,17:54.6
2026-05-15 17:55:42+00:00,360.0,0.237,0.43,0.045,21.213,21.213,0.0,2.118,0.07,8.242,8.25,10.001,40.0,7.431,36.65,87.08,82.8,20.14,16.21,-47.02,21.7,82.6,4.291,4.283,1.0,1070.0,1062.0,30.6,20.8,28.0,2372.0,212.0,207.0,1.471,0.0,-0.0537,-0.0843,1.48,3220000000.0,97.3,0.0,0.0,3.0,,17:55.7
2026-05-15 17:56:42+00:00,361.0,0.344,0.601,0.045,-21.213,-21.213,0.0,2.118,0.07,8.261,8.25,10.0,40.0,7.428,36.64,87.08,82.8,20.15,16.21,-47.02,21.7,82.6,4.289,4.285,1.0,1070.0,342.0,30.6,20.8,28.0,203.0,212.0,208.0,1.471,0.4942,-0.0492,-0.0741,1.48,0.0,97.3,0.0,0.0,3.0,,17:56.7
2026-05-15 17:57:42+00:00,362.0,-0.027,0.23,0.045,-21.213,-21.213,0.0,2.118,0.07,8.247,8.25,10.0,40.0,7.429,36.64,87.08,82.78,20.15,16.21,-47.03,21.7,82.6,4.297,4.284,1.0,1070.0,1062.0,30.6,20.7,28.0,829.0,212.0,207.0,1.381,0.0,-0.0544,-0.0843,1.39,3220000000.0,97.3,0.0,0.0,3.0,,17:57.7
2026-05-15 17:58:42+00:00,363.0,-0.381,-0.124,0.045,-21.213,-21.213,0.0,2.118,0.07,8.252,8.25,10.002,40.0,7.432,36.64,87.08,82.78,20.14,16.21,-47.03,21.7,82.6,4.288,4.282,1.0,1070.0,1062.0,30.6,20.7,28.0,2109.0,212.0,208.0,1.471,0.0,-0.054,-0.0832,1.48,3220000000.0,97.3,0.0,0.0,3.0,,17:58.7
2026-05-15 17:59:42+00:00,364.0,-0.65,-0.33,0.045,21.213,21.213,0.0,2.118,0.07,8.253,8.25,9.997,40.0,7.432,36.64,87.08,82.78,20.14,16.21,-47.04,21.6,82.6,4.291,4.277,1.0,1070.0,421.0,30.6,20.7,28.0,2884.0,0.0,2.0,1.471,0.419,-0.0543,-0.0822,1.48,65536.0,97.3,0.0,0.0,3.0,,17:59.7
2026-05-15 18:00:42+00:00,365.0,-0.297,0.024,0.045,21.213,21.213,0.0,2.118,0.07,8.25,8.25,9.996,40.0,7.43,36.65,87.08,82.78,20.14,16.21,-47.04,21.6,82.6,4.287,4.274,1.0,1070.0,1062.0,30.6,20.6,28.0,894.0,212.0,208.0,1.342,0.0,-0.0528,-0.0838,1.35,3220000000.0,97.3,0.0,0.0,3.0,,18:00.7
2026-05-15 18:01:42+00:00,366.0,0.074,0.395,0.045,21.213,21.213,0.0,2.118,0.07,8.259,8.25,10.0,40.0,7.429,36.64,87.08,82.78,20.16,16.21,-47.05,21.6,82.6,4.289,4.282,1.0,1070.0,1060.0,30.6,20.6,28.0,2055.0,212.0,208.0,1.461,0.0,-0.0548,-0.0835,1.47,3220000000.0,97.3,0.0,0.0,3.0,,18:01.7
2026-05-15 18:02:42+00:00,367.0,0.252,0.636,0.045,-21.213,-21.213,0.0,2.118,0.07,8.24,8.25,9.998,40.0,7.431,36.64,87.08,82.78,20.15,16.21,-47.05,21.6,82.6,4.294,4.285,0.0,1070.0,336.0,30.6,20.5,28.0,0.0,212.0,207.0,1.471,0.406,-0.0523,-0.0823,1.48,65536.0,97.3,0.0,0.0,3.0,,18:02.7
2026-05-15 18:03:42+00:00,368.0,-0.101,0.283,0.045,-21.213,-21.213,0.0,2.118,0.07,8.252,8.25,10.001,40.0,7.43,36.64,87.08,82.78,20.15,16.21,-47.06,21.6,82.6,4.293,4.283,1.0,1070.0,1062.0,30.6,20.5,28.0,1026.0,212.0,207.0,1.332,0.0,-0.0532,-0.0838,1.34,3220000000.0,97.3,0.0,0.0,3.0,,18:03.7
2026-05-15 18:04:48+00:00,369.0,-0.455,-0.071,0.045,-21.213,-21.213,0.0,2.118,0.07,8.243,8.25,10.001,40.0,7.429,36.64,87.08,82.78,20.16,16.21,-47.06,21.6,82.6,4.29,4.286,1.0,1070.0,1062.0,30.6,20.5,28.0,1886.0,212.0,208.0,1.461,0.0,-0.0536,-0.0828,1.47,3220000000.0,97.3,0.0,0.0,3.0,,18:04.8
2026-05-15 18:05:48+00:00,370.0,-0.576,-0.129,0.045,21.213,21.213,0.0,2.118,0.07,8.259,8.25,9.998,40.0,7.428,36.64,87.06,82.78,20.15,16.21,-47.07,21.6,82.6,4.291,4.282,1.0,1070.0,1062.0,30.6,20.4,28.0,231.0,212.0,207.0,1.451,0.4324,-0.0483,-0.0713,1.46,0.0,97.3,0.0,0.0,3.0,,18:05.8
2026-05-15 18:06:48+00:00,371.0,-0.205,0.243,0.045,21.213,21.213,0.0,2.118,0.07,8.25,8.25,10.0,40.0,7.432,36.64,87.06,82.78,20.14,16.21,-47.07,21.6,82.6,4.294,4.277,1.0,1070.0,1062.0,30.6,20.4,28.0,1143.0,212.0,208.0,1.381,0.0,-0.0532,-0.0849,1.39,3220000000.0,97.3,0.0,0.0,3.0,,18:06.8
2026-05-15 18:07:48+00:00,372.0,0.149,0.596,0.045,21.213,21.213,0.0,2.118,0.07,8.246,8.25,9.995,40.0,7.427,36.64,87.06,82.78,20.14,16.21,-47.08,21.6,82.6,4.29,4.276,1.0,1070.0,1060.0,30.6,20.4,28.0,2001.0,212.0,208.0,1.471,0.0,-0.0527,-0.0828,1.48,3220000000.0,97.3,0.0,0.0,3.0,,18:07.8
2026-05-15 18:08:48+00:00,373.0,-0.077,0.435,0.045,-21.213,-21.213,0.0,2.118,0.07,8.252,8.25,9.999,40.0,7.429,36.64,87.06,82.78,20.15,16.21,-47.08,21.6,82.6,4.297,4.28,1.0,1070.0,1062.0,30.6,20.4,28.0,569.0,212.0,207.0,1.312,0.0,-0.0499,-0.0763,1.32,3220000000.0,97.3,0.0,0.0,3.0,,18:08.8
2026-05-15 18:09:48+00:00,374.0,-0.43,0.081,0.045,-21.213,-21.213,0.0,2.118,0.07,8.251,8.25,9.998,40.0,7.431,36.64,87.06,82.78,20.14,16.21,-47.09,21.6,82.6,4.291,4.282,1.0,1070.0,1062.0,30.6,20.4,28.0,1357.0,215.0,207.0,1.441,0.0,-0.055,-0.0831,1.45,3220000000.0,97.3,0.0,0.0,3.0,,18:09.8
2026-05-15 18:10:48+00:00,375.0,-0.583,-0.008,0.045,21.213,21.213,0.0,2.118,0.07,8.247,8.25,9.999,40.0,7.432,36.64,87.06,82.78,20.14,16.21,-47.09,21.6,82.6,4.289,4.282,1.0,1070.0,1062.0,30.6,20.4,28.0,81.0,212.0,207.0,1.451,0.5182,-0.0517,-0.078,1.46,0.0,97.3,0.0,0.0,3.0,,18:10.8
2026-05-15 18:11:48+00:00,376.0,-0.23,0.345,0.045,21.213,21.213,0.0,2.118,0.07,8.261,8.25,9.996,40.0,7.428,36.64,87.06,82.78,20.15,16.21,-47.1,21.6,82.6,4.298,4.284,1.0,1070.0,1062.0,30.6,20.4,28.0,961.0,212.0,207.0,1.391,0.0,-0.0542,-0.0845,1.4,3220000000.0,97.3,0.0,0.0,3.0,,18:11.8
2026-05-15 18:12:48+00:00,377.0,0.05,0.669,0.045,-40.0,0.0,0.0,2.118,0.07,8.239,8.25,10.0,40.0,7.431,36.64,87.06,82.76,20.15,16.21,-47.1,21.6,82.6,4.299,4.285,0.0,1070.0,1060.0,30.6,20.4,28.0,0.0,212.0,208.0,1.481,0.0,-0.0537,-0.0826,1.49,3220000000.0,97.3,0.0,0.0,3.0,,18:12.8
2026-05-15 18:13:54+00:00,378.0,-0.306,0.332,0.045,-21.213,-21.213,0.0,2.118,0.07,8.259,8.25,9.998,40.0,7.432,36.64,87.06,82.76,20.14,16.21,-47.11,21.6,82.6,4.286,4.273,1.0,1070.0,1062.0,30.6,20.4,28.0,595.0,212.0,208.0,1.332,0.0,-0.0524,-0.0848,1.34,3220000000.0,97.3,0.0,0.0,3.0,,18:13.9
2026-05-15 18:14:54+00:00,379.0,-0.669,-0.026,0.045,0.0,40.0,0.0,2.118,0.07,8.246,8.25,9.996,40.0,7.429,36.64,87.06,82.76,20.14,16.21,-47.11,21.6,82.6,4.298,4.273,1.0,1070.0,1062.0,30.6,20.5,28.0,1825.0,212.0,208.0,1.471,0.0,-0.0552,-0.0844,1.48,3220000000.0,97.3,0.0,0.0,3.0,,18:14.9
2026-05-15 18:15:54+00:00,380.0,-0.353,0.349,0.045,21.213,21.213,0.0,2.118,0.07,8.25,8.25,10.002,40.0,7.432,36.64,87.06,82.76,20.15,16.21,-47.12,21.6,82.6,4.294,4.281,1.0,1070.0,1062.0,30.6,20.5,28.0,890.0,212.0,207.0,1.312,0.0,-0.0543,-0.0856,1.32,3220000000.0,97.3,0.0,0.0,3.0,,18:15.9
2026-05-15 18:16:54+00:00,381.0,-0.084,0.669,0.045,-38.136,0.0,0.0,2.118,0.07,8.247,8.25,10.002,40.0,7.431,36.64,87.06,82.76,20.15,16.21,-47.12,21.6,82.6,4.297,4.286,1.0,1070.0,1062.0,30.6,20.5,28.0,1731.0,0.0,0.0,1.461,0.0,-0.0531,-0.0855,1.47,3220000000.0,97.3,0.0,0.0,3.0,,18:16.9
2026-05-15 18:17:54+00:00,382.0,-0.437,0.329,0.045,-21.213,-21.213,0.0,2.118,0.07,8.251,8.25,9.999,40.0,7.429,36.64,87.06,82.76,20.15,16.21,-47.12,21.6,82.6,4.293,4.285,1.0,1070.0,1062.0,30.6,20.5,28.0,595.0,212.0,207.0,1.322,0.0,-0.0536,-0.0879,1.33,3220000000.0,97.3,0.0,0.0,3.0,,18:17.9
2026-05-15 18:18:54+00:00,383.0,-0.594,0.236,0.045,21.213,21.213,0.0,2.118,0.07,8.254,8.25,10.003,40.0,7.43,36.64,87.06,82.76,20.16,16.21,-47.13,21.6,82.6,4.296,4.285,1.0,1070.0,0.0,30.6,20.5,28.0,30.0,212.0,208.0,1.451,0.4413,-0.0534,-0.0864,1.46,65536.0,97.3,0.0,0.0,3.0,,18:18.9
2026-05-15 18:19:54+00:00,384.0,-0.222,0.607,0.045,21.213,21.213,0.0,2.118,0.07,8.247,8.25,10.002,40.0,7.43,36.64,87.06,82.76,20.15,16.21,-47.13,21.6,82.6,4.301,4.284,1.0,1070.0,1062.0,30.5,20.5,28.0,1238.0,212.0,208.0,1.391,0.0,-0.0544,-0.0889,1.4,3220000000.0,97.3,0.0,0.0,3.0,,18:19.9
2026-05-15 18:20:54+00:00,385.0,-0.469,0.424,0.045,-21.213,-21.213,0.0,2.118,0.07,8.261,8.25,10.001,40.0,7.43,36.64,87.06,82.76,20.15,16.21,-47.14,21.6,82.6,4.287,4.277,1.0,1070.0,1062.0,30.5,20.5,28.0,476.0,212.0,207.0,1.312,0.0,-0.0523,-0.0841,1.32,3220000000.0,97.3,0.0,0.0,3.0,,18:20.9
2026-05-15 18:22:00+00:00,386.0,-0.562,0.395,0.045,21.213,21.213,0.0,2.118,0.07,8.242,8.25,10.006,40.0,7.436,36.64,87.06,82.76,20.14,16.21,-47.14,21.6,82.6,4.291,4.281,1.0,1070.0,1062.0,30.6,20.6,28.0,301.0,212.0,208.0,1.411,0.4036,-0.0496,-0.0767,1.42,65536.0,97.3,0.0,0.0,3.0,,18:22.0
2026-05-15 18:23:00+00:00,387.0,-0.384,0.636,0.045,-21.213,-21.213,0.0,2.118,0.07,8.251,8.25,10.004,40.0,7.432,36.64,87.06,82.74,20.14,16.21,-47.15,21.6,82.6,4.296,4.276,1.0,1070.0,545.0,30.6,20.6,28.0,1055.0,212.0,208.0,1.401,0.4994,-0.0527,-0.0846,1.41,0.0,97.3,0.0,0.0,3.0,,18:23.0
2026-05-15 18:24:00+00:00,388.0,-0.629,0.455,0.045,21.213,21.213,0.0,2.118,0.07,8.248,8.25,10.008,40.0,7.434,36.64,87.06,82.74,20.15,16.21,-47.15,21.6,82.6,4.294,4.281,1.0,1070.0,0.0,30.6,20.6,28.0,48.0,212.0,207.0,1.352,0.0,-0.0565,-0.0898,1.36,3220000000.0,97.3,0.0,0.0,3.0,,18:24.0
2026-05-15 18:25:00+00:00,389.0,-0.572,0.576,0.045,-21.213,-21.213,0.0,2.118,0.07,8.247,8.25,10.0,40.0,7.432,36.64,87.06,82.74,20.14,16.21,-47.15,21.6,82.6,4.296,4.286,1.0,1070.0,1062.0,30.6,20.6,28.0,103.0,0.0,0.0,1.312,0.4808,-0.0534,-0.0855,1.32,65536.0,97.3,0.0,0.0,3.0,,18:25.0
2026-05-15 18:26:00+00:00,391.0,-0.642,0.633,0.045,-21.213,-21.213,0.0,2.118,0.07,8.248,8.25,10.0,40.0,7.431,36.64,87.04,82.74,20.14,16.21,-47.15,21.6,82.6,4.294,4.282,1.0,1070.0,0.0,30.6,20.6,28.0,14.0,212.0,207.0,1.222,0.0,-0.0507,-0.0861,1.23,3220000000.0,97.3,0.0,0.0,3.0,,18:26.0
2026-05-15 18:27:00+00:00,391.0,-0.669,0.606,0.06,0.0,0.0,0.0,2.118,0.07,8.254,8.25,10.0,40.0,7.431,36.64,87.04,82.74,20.14,16.21,-47.16,21.6,82.6,4.294,4.281,0.0,1070.0,0.0,30.6,20.6,28.0,0.0,0.0,0.0,0.974,0.0,-0.0437,-0.0627,0.98,3220000000.0,97.3,0.0,0.0,4.0,,18:27.0
2026-05-15 18:28:00+00:00,391.0,-0.669,0.606,0.06,0.0,0.0,0.0,2.118,0.07,8.254,8.25,10.0,40.0,7.431,36.64,87.04,82.74,20.14,16.21,-47.2,21.6,82.6,4.293,4.281,0.0,1070.0,0.0,30.6,20.6,28.0,0.0,0.0,0.0,0.974,0.0,-0.0437,-0.0627,0.98,3220000000.0,97.3,0.0,0.0,4.0,,18:28.0
2026-05-15 18:29:00+00:00,393.0,-0.084,0.633,0.06,39.955,1.9,0.0,2.118,0.07,8.258,8.25,10.007,40.0,7.438,36.64,87.04,82.74,20.14,16.21,-47.21,21.6,82.6,4.289,4.275,0.0,1070.0,0.0,30.6,20.6,28.0,0.0,0.0,0.0,0.07,0.0,-0.0223,-0.103,0.07,3220000000.0,97.3,0.0,0.0,4.0,,18:29.0
2026-05-15 18:30:00+00:00,394.0,0.615,0.667,0.06,39.955,1.9,0.0,2.118,0.07,8.245,8.25,9.997,40.0,7.428,36.64,87.04,82.74,20.15,16.21,-47.23,21.6,82.6,4.289,4.282,0.0,1070.0,0.0,30.6,20.6,28.0,0.0,0.0,0.0,0.07,0.0,-0.0365,-0.1694,0.07,3220000000.0,97.3,0.0,0.0,4.0,,18:30.0
2026-05-15 18:31:00+00:00,395.0,0.669,0.219,0.06,0.0,-30.0,0.0,2.118,0.07,8.263,8.25,10.001,40.0,7.428,36.64,87.04,82.74,20.16,16.21,-47.24,21.6,82.6,4.29,4.281,1.0,1070.0,1066.0,30.6,20.6,28.0,739.0,212.0,207.0,0.755,0.0,-0.0901,-0.1947,0.76,2680000000.0,97.3,0.0,0.0,4.0,,18:31.0
2026-05-15 18:32:06+00:00,396.0,0.669,-0.281,0.06,0.0,-30.0,0.0,2.118,0.07,8.238,8.25,9.998,40.0,7.429,36.64,87.04,82.74,20.15,16.21,-47.24,21.6,82.6,4.298,4.281,1.0,1070.0,1063.0,30.6,20.6,28.0,1580.0,212.0,208.0,1.431,0.0,-0.0675,-0.1198,1.44,2680000000.0,97.3,0.0,0.0,4.0,,18:32.1
2026-05-15 18:33:06+00:00,397.0,0.563,-0.669,0.06,-30.0,0.0,0.0,2.118,0.07,8.255,8.25,10.001,40.0,7.431,36.64,87.04,82.74,20.15,16.21,-47.24,21.6,82.6,4.293,4.282,1.0,1070.0,1062.0,30.6,20.6,28.0,2569.0,212.0,207.0,1.481,0.0,-0.0622,-0.1024,1.49,3220000000.0,97.3,0.0,0.0,4.0,,18:33.1
2026-05-15 18:34:06+00:00,398.0,0.038,-0.669,0.06,-30.0,0.0,0.0,2.118,0.07,8.25,8.25,10.004,40.0,7.431,36.64,87.04,82.74,20.15,16.21,-47.25,21.5,82.6,4.296,4.28,1.0,1070.0,1062.0,30.6,20.7,28.0,3751.0,212.0,208.0,1.491,0.0,-0.059,-0.0968,1.5,3220000000.0,97.3,0.0,1.0,4.0,,18:34.1
2026-05-15 18:35:06+00:00,399.0,-0.462,-0.669,0.06,-30.0,0.0,0.0,2.118,0.07,8.251,8.25,9.998,40.0,7.43,36.64,87.04,82.74,20.14,16.21,-47.25,21.5,82.5,4.294,4.282,1.0,1070.0,1063.0,30.6,20.7,28.0,4789.0,212.0,208.0,1.491,0.0,-0.057,-0.0938,1.5,3220000000.0,97.3,0.0,1.0,4.0,,18:35.1
2026-05-15 18:36:06+00:00,400.0,-0.669,-0.382,0.06,0.0,30.0,0.0,2.118,0.07,8.248,8.25,10.004,40.0,7.436,36.64,87.04,82.74,20.14,16.21,-47.25,21.5,82.5,4.29,4.275,1.0,1070.0,1063.0,30.6,20.7,28.0,5589.0,212.0,207.0,1.501,0.0,-0.0559,-0.0916,1.51,3220000000.0,97.3,0.0,1.0,4.0,,18:36.1
2026-05-15 18:37:06+00:00,401.0,-0.669,0.118,0.06,0.0,30.0,0.0,2.118,0.07,8.247,8.25,9.999,40.0,7.429,36.64,87.04,82.74,20.14,16.21,-47.25,21.5,82.5,4.291,4.275,1.0,1070.0,1063.0,30.6,20.7,28.0,6770.0,212.0,208.0,1.491,0.0,-0.0552,-0.0913,1.5,3220000000.0,97.3,0.0,1.0,4.0,,18:37.1
2026-05-15 18:38:06+00:00,402.0,-0.669,0.643,0.06,0.0,30.0,0.0,2.118,0.07,8.251,8.25,10.003,40.0,7.434,36.64,87.04,82.72,20.14,16.21,-47.25,21.5,82.5,4.29,4.281,1.0,1070.0,1063.0,30.5,20.7,28.0,7893.0,212.0,207.0,1.491,0.0,-0.0556,-0.0907,1.5,3220000000.0,97.3,0.0,1.0,4.0,,18:38.1
2026-05-15 18:39:06+00:00,403.0,-0.2,0.669,0.06,30.0,0.0,0.0,2.118,0.07,8.246,8.25,9.996,40.0,7.431,36.64,87.04,82.72,20.14,16.21,-47.25,21.5,82.5,4.295,4.282,1.0,1070.0,1062.0,30.5,20.7,28.0,8988.0,212.0,207.0,1.491,0.0,-0.055,-0.0903,1.5,3220000000.0,97.3,0.0,1.0,4.0,,18:39.1
2026-05-15 18:40:06+00:00,404.0,0.3,0.669,0.06,30.0,0.0,0.0,2.118,0.07,8.259,8.25,10.002,40.0,7.434,36.64,87.04,82.72,20.14,16.21,-47.25,21.5,82.5,4.291,4.282,1.0,1070.0,1062.0,30.5,20.7,28.0,9948.0,212.0,208.0,1.491,0.0,-0.0537,-0.0886,1.5,3220000000.0,97.3,0.0,1.0,4.0,,18:40.1
2026-05-15 18:41:12+00:00,405.0,0.604,0.624,0.06,-30.0,0.0,0.0,2.118,0.07,8.246,8.25,9.998,40.0,7.429,36.64,87.04,82.72,20.14,16.21,-47.24,21.5,82.5,4.29,4.281,1.0,1070.0,206.0,30.5,20.7,28.0,100.0,0.0,0.0,1.491,0.5132,-0.0536,-0.0861,1.5,0.0,97.3,0.0,0.0,4.0,,18:41.2
2026-05-15 18:42:12+00:00,406.0,0.079,0.624,0.06,-30.0,0.0,0.0,2.118,0.07,8.248,8.25,9.999,40.0,7.43,36.64,87.04,82.72,20.15,16.21,-47.24,21.5,82.5,4.29,4.281,1.0,1070.0,1062.0,30.6,20.7,28.0,889.0,212.0,207.0,1.362,0.0,-0.0557,-0.0913,1.37,3220000000.0,97.3,0.0,0.0,4.0,,18:42.2
2026-05-15 18:43:12+00:00,407.0,-0.421,0.624,0.06,-30.0,0.0,0.0,2.118,0.07,8.247,8.25,10.006,40.0,7.437,36.64,87.04,82.72,20.14,16.21,-47.24,21.5,82.5,4.289,4.281,1.0,1070.0,1062.0,30.6,20.7,28.0,1878.0,216.0,208.0,1.481,0.0,-0.0541,-0.0904,1.49,3220000000.0,97.3,0.0,0.0,4.0,,18:43.2
2026-05-15 18:44:12+00:00,408.0,-0.47,0.579,0.06,30.0,0.0,0.0,2.118,0.07,8.249,8.25,10.002,40.0,7.433,36.64,87.04,82.72,20.14,16.21,-47.24,21.5,82.5,4.288,4.277,1.0,1070.0,1062.0,30.6,20.7,28.0,315.0,219.0,207.0,1.441,0.3874,-0.051,-0.0823,1.45,65536.0,97.3,0.0,0.0,4.0,,18:44.2
2026-05-15 18:45:12+00:00,409.0,0.03,0.579,0.06,30.0,0.0,0.0,2.118,0.07,8.251,8.25,10.002,40.0,7.431,36.64,87.03,82.72,20.15,16.21,-47.24,21.5,82.5,4.286,4.277,1.0,1070.0,1062.0,30.6,20.7,28.0,1146.0,212.0,207.0,1.431,0.0,-0.0554,-0.0921,1.44,3220000000.0,97.3,0.0,0.0,4.0,,18:45.2
2026-05-15 18:46:12+00:00,410.0,0.53,0.579,0.06,30.0,0.0,0.0,2.118,0.07,8.25,8.25,10.002,40.0,7.43,36.64,87.03,82.72,20.15,16.21,-47.24,21.5,82.5,4.291,4.281,1.0,1070.0,1062.0,30.6,20.7,28.0,2295.0,212.0,208.0,1.481,0.0,-0.0544,-0.0903,1.49,3220000000.0,97.3,0.0,0.0,4.0,,18:46.2
2026-05-15 18:47:12+00:00,411.0,0.336,0.534,0.06,-30.0,0.0,0.0,2.118,0.07,8.239,8.25,9.999,40.0,7.429,36.64,87.03,82.72,20.15,16.21,-47.24,21.5,82.5,4.296,4.285,1.0,1070.0,1062.0,30.6,20.8,28.0,356.0,212.0,207.0,1.362,0.0,-0.0525,-0.0854,1.37,3220000000.0,97.3,0.0,0.0,4.0,,18:47.2
2026-05-15 18:48:12+00:00,412.0,-0.164,0.534,0.06,-30.0,0.0,0.0,2.118,0.07,8.255,8.25,10.007,40.0,7.432,36.64,87.03,82.72,20.16,16.21,-47.24,21.5,82.5,4.296,4.282,1.0,1070.0,1062.0,30.6,20.8,28.0,1493.0,212.0,208.0,1.451,0.0,-0.0553,-0.0909,1.46,3220000000.0,97.3,0.0,0.0,4.0,,18:48.2
2026-05-15 18:49:12+00:00,413.0,-0.664,0.534,0.06,-9.403,0.0,0.0,2.118,0.07,8.246,8.25,9.998,40.0,7.43,36.64,87.03,82.72,20.15,16.21,-47.24,21.5,82.5,4.295,4.28,1.0,1070.0,1060.0,30.6,20.8,28.0,2535.0,212.0,207.0,1.481,0.0,-0.0549,-0.0896,1.49,3220000000.0,97.3,0.0,0.0,4.0,,18:49.2
2026-05-15 18:50:18+00:00,414.0,-0.227,0.489,0.06,30.0,0.0,0.0,2.118,0.07,8.264,8.25,9.998,40.0,7.432,36.64,87.03,82.72,20.14,16.21,-47.24,21.5,82.5,4.286,4.276,1.0,1070.0,1062.0,30.6,20.8,28.0,615.0,212.0,208.0,1.362,0.0,-0.0542,-0.0898,1.37,3220000000.0,97.3,0.0,0.0,4.0,,18:50.3
2026-05-15 18:51:18+00:00,415.0,0.273,0.489,0.06,30.0,0.0,0.0,2.118,0.07,8.242,8.25,9.997,40.0,7.429,36.64,87.03,82.72,20.14,16.21,-47.24,21.5,82.5,4.284,4.275,1.0,1070.0,1062.0,30.6,20.8,28.0,1795.0,212.0,207.0,1.471,0.0,-0.0563,-0.09,1.48,3220000000.0,97.3,0.0,0.0,4.0,,18:51.3
2026-05-15 18:52:18+00:00,416.0,0.593,0.444,0.06,-30.0,0.0,0.0,2.118,0.07,8.256,8.25,9.996,40.0,7.427,36.64,87.03,82.72,20.14,16.21,-47.24,21.5,82.5,4.287,4.278,1.0,1070.0,1062.0,30.6,20.8,28.0,2635.0,0.0,0.0,1.481,0.4751,-0.0539,-0.088,1.49,65536.0,97.3,0.0,0.0,4.0,,18:52.3
2026-05-15 18:53:18+00:00,417.0,0.093,0.444,0.06,-30.0,0.0,0.0,2.118,0.07,8.249,8.25,10.001,40.0,7.43,36.64,87.03,82.72,20.15,16.21,-47.24,21.5,82.5,4.289,4.282,1.0,1070.0,1062.0,30.6,20.8,28.0,1061.0,212.0,207.0,1.391,0.0,-0.0547,-0.092,1.4,3220000000.0,97.3,0.0,0.0,4.0,,18:53.3
2026-05-15 18:54:18+00:00,418.0,-0.407,0.444,0.06,-30.0,0.0,0.0,2.118,0.07,8.251,8.25,9.995,40.0,7.429,36.64,87.03,82.72,20.13,16.21,-47.24,21.5,82.5,4.288,4.276,1.0,1070.0,1060.0,30.6,20.8,28.0,1837.0,212.0,207.0,1.471,0.0,-0.0543,-0.0912,1.48,3220000000.0,97.3,0.0,0.0,4.0,,18:54.3
2026-05-15 18:55:18+00:00,419.0,-0.484,0.399,0.06,30.0,0.0,0.0,2.118,0.07,8.243,8.25,10.001,40.0,7.43,36.64,87.03,82.72,20.15,16.21,-47.23,21.5,82.5,4.293,4.285,1.0,1070.0,1062.0,30.6,20.8,28.0,217.0,212.0,208.0,1.411,0.4388,-0.0506,-0.0821,1.42,65536.0,97.3,0.0,0.0,4.0,,18:55.3
2026-05-15 18:56:18+00:00,420.0,0.016,0.399,0.06,30.0,0.0,0.0,2.118,0.07,8.247,8.25,10.0,40.0,7.43,36.64,87.03,82.71,20.14,16.21,-47.23,21.5,82.5,4.29,4.281,1.0,1070.0,1062.0,30.6,20.8,28.0,1399.0,212.0,207.0,1.431,0.0,-0.0548,-0.091,1.44,3220000000.0,97.3,0.0,0.0,4.0,,18:56.3
2026-05-15 18:57:18+00:00,421.0,0.541,0.399,0.06,30.0,0.0,0.0,2.118,0.07,8.253,8.25,9.996,40.0,7.43,36.64,87.03,82.71,20.14,16.21,-47.23,21.5,82.5,4.283,4.282,1.0,1070.0,1060.0,30.6,20.8,28.0,2267.0,212.0,208.0,1.481,0.0,-0.0544,-0.0898,1.49,3220000000.0,97.3,0.0,0.0,4.0,,18:57.3
2026-05-15 18:58:18+00:00,422.0,0.35,0.354,0.06,-30.0,0.0,0.0,2.118,0.07,8.241,8.25,10.004,40.0,7.434,36.64,87.03,82.71,20.14,16.21,-47.23,21.5,82.5,4.284,4.274,1.0,1070.0,1062.0,30.6,20.8,27.9,656.0,212.0,208.0,1.372,0.0,-0.0526,-0.087,1.38,3220000000.0,97.3,0.0,0.0,4.0,,18:58.3
2026-05-15 18:59:24+00:00,423.0,-0.15,0.354,0.06,-30.0,0.0,0.0,2.118,0.07,8.258,8.25,9.999,40.0,7.43,36.64,87.03,82.71,20.15,16.21,-47.23,21.5,82.5,4.288,4.28,1.0,1070.0,1060.0,30.6,20.8,27.9,1475.0,212.0,208.0,1.461,0.0,-0.0554,-0.091,1.47,3220000000.0,97.3,0.0,0.0,4.0,,18:59.4
2026-05-15 19:00:24+00:00,424.0,-0.65,0.354,0.06,-30.0,0.0,0.0,2.118,0.07,8.247,8.25,10.005,40.0,7.436,36.64,87.03,82.71,20.15,16.21,-47.23,21.5,82.5,4.29,4.285,1.0,1070.0,1060.0,30.6,20.8,27.9,2295.0,212.0,207.0,1.481,0.0,-0.0543,-0.0901,1.49,3220000000.0,97.3,0.0,0.0,4.0,,19:00.4
2026-05-15 19:01:24+00:00,425.0,-0.216,0.309,0.06,30.0,0.0,0.0,2.118,0.07,8.249,8.25,10.004,40.0,7.432,36.64,87.03,82.71,20.15,16.21,-47.23,21.5,82.5,4.288,4.283,1.0,1070.0,1062.0,30.6,20.8,27.9,675.0,212.0,208.0,1.362,0.0,-0.0535,-0.0885,1.37,3220000000.0,97.3,0.0,0.0,4.0,,19:01.4
2026-05-15 19:02:24+00:00,426.0,0.259,0.309,0.06,30.0,0.0,0.0,2.118,0.07,8.249,8.25,9.998,40.0,7.429,36.64,87.03,82.71,20.15,16.21,-47.23,21.5,82.5,4.29,4.278,1.0,1070.0,1060.0,30.6,20.8,27.9,1905.0,212.0,207.0,1.461,0.0,-0.0548,-0.0897,1.47,3220000000.0,97.3,0.0,0.0,4.0,,19:02.4
2026-05-15 19:03:24+00:00,427.0,0.607,0.264,0.06,-30.0,0.0,0.0,2.118,0.07,8.25,8.25,9.996,40.0,7.429,36.64,87.03,82.71,20.15,16.21,-47.23,21.5,82.5,4.29,4.285,0.0,1070.0,1016.0,30.6,20.8,27.9,0.0,212.0,208.0,1.481,0.4714,-0.0542,-0.0857,1.49,65536.0,97.3,0.0,0.0,4.0,,19:03.4
2026-05-15 19:04:24+00:00,428.0,0.107,0.264,0.06,-30.0,0.0,0.0,2.118,0.07,8.252,8.25,10.004,40.0,7.434,36.64,87.01,82.71,20.14,16.21,-47.22,21.5,82.5,4.288,4.274,1.0,1070.0,1060.0,30.6,20.9,27.9,1117.0,212.0,208.0,1.391,0.0,-0.0552,-0.0896,1.4,3220000000.0,97.3,0.0,0.0,4.0,,19:04.4
2026-05-15 19:05:24+00:00,429.0,-0.393,0.264,0.06,-30.0,0.0,0.0,2.118,0.07,8.245,8.25,10.0,40.0,7.434,36.64,87.01,82.71,20.14,16.21,-47.22,21.5,82.5,4.286,4.274,1.0,1070.0,1059.0,30.6,20.9,27.9,1897.0,212.0,207.0,1.471,0.0,-0.0535,-0.0904,1.48,3220000000.0,97.3,0.0,0.0,4.0,,19:05.4
2026-05-15 19:06:24+00:00,430.0,-0.473,0.219,0.06,30.0,0.0,0.0,2.118,0.07,8.24,8.25,10.004,40.0,7.432,36.64,87.01,82.71,20.15,16.21,-47.22,21.5,82.5,4.287,4.275,0.0,1070.0,1062.0,30.6,20.9,27.9,365.0,212.0,207.0,1.421,0.4645,-0.0523,-0.0814,1.43,65536.0,97.3,0.0,0.0,4.0,,19:06.4
2026-05-15 19:07:24+00:00,431.0,0.027,0.219,0.06,30.0,0.0,0.0,2.118,0.07,8.257,8.25,10.001,40.0,7.431,36.64,87.01,82.71,20.14,16.21,-47.22,21.5,82.5,4.288,4.285,1.0,1070.0,1060.0,30.6,20.9,27.9,1136.0,212.0,207.0,1.431,0.0,-0.055,-0.0908,1.44,3220000000.0,97.3,0.0,0.0,4.0,,19:07.4
2026-05-15 19:08:30+00:00,432.0,0.527,0.219,0.06,30.0,0.0,0.0,2.118,0.07,8.242,8.25,10.004,40.0,7.433,36.64,87.01,82.71,20.15,16.21,-46.69,21.5,82.5,4.288,4.282,1.0,1070.0,1059.0,30.6,20.9,27.9,2315.0,212.0,208.0,1.481,0.0,-0.0544,-0.0888,1.49,3220000000.0,97.3,0.0,0.0,4.0,,19:08.5
2026-05-15 19:09:30+00:00,433.0,0.364,0.174,0.06,-30.0,0.0,0.0,2.118,0.07,8.262,8.25,10.003,40.0,7.434,36.64,87.01,82.69,20.14,16.21,-46.69,21.5,82.5,4.296,4.284,1.0,1070.0,1060.0,30.6,20.9,27.9,376.0,212.0,207.0,1.381,0.0,-0.0511,-0.0871,1.39,3220000000.0,97.3,0.0,0.0,4.0,,19:09.5
2026-05-15 19:10:30+00:00,434.0,-0.136,0.174,0.06,-30.0,0.0,0.0,2.118,0.07,8.241,8.25,9.995,40.0,7.428,36.64,87.01,82.69,20.14,16.21,-46.69,21.5,82.5,4.29,4.286,1.0,1070.0,1059.0,30.6,20.9,27.9,1557.0,212.0,207.0,1.451,0.0,-0.0551,-0.0887,1.46,3220000000.0,97.3,0.0,0.0,4.0,,19:10.5
2026-05-15 19:11:30+00:00,436.0,-0.636,0.174,0.06,-27.424,0.0,0.0,2.118,0.07,8.252,8.25,9.996,40.0,7.429,36.64,87.01,82.69,20.14,16.21,-46.69,21.5,82.5,4.288,4.276,1.0,1070.0,1059.0,30.6,20.9,27.9,2387.0,212.0,207.0,1.481,0.0,-0.0547,-0.0874,1.49,3220000000.0,97.3,0.0,0.0,4.0,,19:11.5
2026-05-15 19:12:30+00:00,436.0,-0.23,0.129,0.06,30.0,0.0,0.0,2.118,0.07,8.251,8.25,10.001,40.0,7.434,36.64,87.01,82.69,20.14,16.21,-46.69,21.5,82.5,4.285,4.273,1.0,1070.0,1059.0,30.6,20.9,27.9,776.0,212.0,208.0,1.352,0.0,-0.0544,-0.09,1.36,3220000000.0,97.1,0.0,0.0,4.0,,19:12.5
2026-05-15 19:13:30+00:00,437.0,0.27,0.129,0.06,30.0,0.0,0.0,2.118,0.07,8.253,8.25,9.998,40.0,7.432,36.64,87.01,82.69,20.14,16.21,-46.69,21.5,82.5,4.287,4.273,1.0,1070.0,1059.0,30.7,20.9,27.9,1555.0,212.0,207.0,1.451,0.0,-0.0539,-0.0886,1.46,3220000000.0,97.1,0.0,0.0,4.0,,19:13.5
2026-05-15 19:14:30+00:00,439.0,0.621,0.084,0.06,-30.0,0.0,0.0,2.118,0.07,8.251,8.25,9.999,40.0,7.428,36.64,87.01,82.69,20.15,16.21,-46.69,21.5,82.5,4.294,4.274,1.0,1070.0,937.0,30.7,20.9,27.9,0.0,0.0,0.0,1.481,0.0,-0.0536,-0.0886,1.49,3220000000.0,97.1,0.0,0.0,4.0,,19:14.5
2026-05-15 19:15:30+00:00,439.0,0.096,0.084,0.06,-30.0,0.0,0.0,2.118,0.07,8.243,8.25,10.004,40.0,7.436,36.64,87.01,82.69,20.14,16.21,-46.69,21.5,82.5,4.293,4.281,1.0,1070.0,1059.0,30.7,20.9,27.9,799.0,212.0,207.0,1.401,0.0,-0.0549,-0.0896,1.41,3220000000.0,97.1,0.0,0.0,4.0,,19:15.5
2026-05-15 19:16:30+00:00,440.0,-0.404,0.084,0.06,-30.0,0.0,0.0,2.118,0.07,8.254,8.25,10.002,40.0,7.43,36.64,87.01,82.69,20.15,16.21,-46.69,21.5,82.5,4.296,4.28,1.0,1070.0,1059.0,30.7,20.9,27.9,1961.0,212.0,208.0,1.471,0.0,-0.0535,-0.089,1.48,3220000000.0,97.1,0.0,0.0,4.0,,19:16.5
2026-05-15 19:17:36+00:00,441.0,-0.487,0.039,0.06,30.0,0.0,0.0,2.118,0.07,8.244,8.25,10.003,40.0,7.43,36.64,87.01,82.69,20.15,16.21,-46.69,21.5,82.5,4.293,4.284,1.0,1070.0,1060.0,30.7,21.0,27.9,42.0,212.0,208.0,1.401,0.4387,-0.0506,-0.0793,1.41,65536.0,97.1,0.0,0.0,4.0,,19:17.6
2026-05-15 19:18:36+00:00,443.0,0.013,0.039,0.06,30.0,0.0,0.0,2.118,0.07,8.259,8.25,10.002,40.0,7.431,36.64,87.01,82.69,20.15,16.21,-46.69,21.5,82.5,4.294,4.281,1.0,1070.0,1059.0,30.7,21.0,27.9,1220.0,212.0,207.0,1.411,0.0,-0.054,-0.09,1.42,3220000000.0,97.1,0.0,0.0,4.0,,19:18.6
2026-05-15 19:19:36+00:00,443.0,0.538,0.039,0.06,30.0,0.0,0.0,2.118,0.07,8.251,8.25,10.0,40.0,7.434,36.64,87.01,82.69,20.13,16.21,-46.69,21.5,82.5,4.283,4.273,1.0,1070.0,1059.0,30.7,21.0,27.9,2371.0,212.0,207.0,1.481,0.0,-0.0542,-0.0874,1.49,3220000000.0,97.1,0.0,0.0,4.0,,19:19.6
2026-05-15 19:20:36+00:00,444.0,0.353,-0.006,0.06,-30.0,0.0,0.0,2.118,0.07,8.247,8.25,9.995,40.0,7.427,36.64,87.01,82.69,20.14,16.21,-46.69,21.5,82.5,4.287,4.278,1.0,1070.0,1059.0,30.7,21.0,27.9,427.0,212.0,208.0,1.362,0.0,-0.0524,-0.0861,1.37,3220000000.0,97.1,0.0,0.0,4.0,,19:20.6
2026-05-15 19:21:36+00:00,446.0,-0.147,-0.006,0.06,-30.0,0.0,0.0,2.118,0.07,8.251,8.25,9.998,40.0,7.43,36.64,87.01,82.69,20.14,16.21,-46.69,21.5,82.5,4.29,4.282,1.0,1070.0,1059.0,30.7,21.0,27.9,1638.0,212.0,207.0,1.451,0.0,-0.0539,-0.0901,1.46,3220000000.0,97.1,0.0,0.0,4.0,,19:21.6
2026-05-15 19:22:36+00:00,447.0,-0.647,-0.006,0.06,-30.0,0.0,0.0,2.118,0.07,8.251,8.25,9.997,40.0,7.43,36.64,86.99,82.69,20.14,16.21,-46.69,21.5,82.5,4.296,4.283,1.0,1070.0,1059.0,30.7,21.0,27.9,2378.0,212.0,207.0,1.481,0.0,-0.0536,-0.0872,1.49,3220000000.0,97.1,0.0,0.0,4.0,,19:22.6
2026-05-15 19:23:36+00:00,447.0,-0.244,-0.051,0.06,30.0,0.0,0.0,2.118,0.07,8.255,8.25,10.001,40.0,7.431,36.64,86.99,82.69,20.14,16.21,-46.69,21.5,82.5,4.293,4.276,1.0,1070.0,1059.0,30.6,21.0,27.9,846.0,212.0,208.0,1.362,0.0,-0.0531,-0.0867,1.37,3220000000.0,97.1,0.0,0.0,4.0,,19:23.6
2026-05-15 19:24:36+00:00,448.0,0.281,-0.051,0.06,30.0,0.0,0.0,2.118,0.07,8.263,8.25,9.998,40.0,7.429,36.64,86.99,82.69,20.14,16.21,-46.69,21.4,82.5,4.294,4.284,1.0,1070.0,1059.0,30.6,21.0,27.9,1637.0,212.0,207.0,1.461,0.0,-0.0541,-0.0883,1.47,3220000000.0,97.1,0.0,0.0,4.0,,19:24.6
2026-05-15 19:25:36+00:00,450.0,0.61,-0.096,0.06,-30.0,0.0,0.0,2.118,0.07,8.239,8.25,9.995,40.0,7.427,36.64,86.99,82.67,20.14,16.21,-46.69,21.4,82.5,4.289,4.283,1.0,1070.0,524.0,30.5,21.0,27.9,59.0,219.0,207.0,1.471,0.0,-0.0541,-0.0865,1.48,3220000000.0,97.1,0.0,0.0,4.0,,19:25.6
2026-05-15 19:26:42+00:00,451.0,0.11,-0.096,0.06,-30.0,0.0,0.0,2.118,0.07,8.261,8.25,10.0,40.0,7.432,36.64,86.99,82.67,20.14,16.21,-46.69,21.4,82.5,4.283,4.275,1.0,1070.0,1059.0,30.5,21.0,27.9,859.0,212.0,207.0,1.372,0.0,-0.0549,-0.0884,1.38,3220000000.0,97.1,0.0,0.0,4.0,,19:26.7
2026-05-15 19:27:42+00:00,451.0,-0.39,-0.096,0.06,-30.0,0.0,0.0,2.118,0.07,8.241,8.25,9.999,40.0,7.432,36.64,86.99,82.67,20.14,16.21,-46.69,21.4,82.5,4.281,4.274,1.0,1070.0,1059.0,30.5,21.0,27.9,2058.0,212.0,207.0,1.471,0.0,-0.0542,-0.0879,1.48,3220000000.0,97.1,0.0,0.0,4.0,,19:27.7
2026-05-15 19:28:42+00:00,453.0,-0.501,-0.141,0.06,30.0,0.0,0.0,2.118,0.07,8.25,8.25,10.005,40.0,7.433,36.64,86.99,82.67,20.15,16.21,-46.69,21.4,82.5,4.29,4.28,1.0,1070.0,1059.0,30.5,21.0,27.9,97.0,212.0,208.0,1.441,0.4588,-0.0508,-0.0802,1.45,65536.0,97.1,0.0,0.0,4.0,,19:28.7
2026-05-15 19:29:42+00:00,454.0,0.024,-0.141,0.06,30.0,0.0,0.0,2.118,0.07,8.249,8.25,10.0,40.0,7.431,36.64,86.99,82.67,20.15,16.21,-46.69,21.4,82.5,4.29,4.283,1.0,1070.0,1059.0,30.5,21.0,27.9,1305.0,213.0,207.0,1.431,0.0,-0.0551,-0.0883,1.44,3220000000.0,97.1,0.0,0.0,4.0,,19:29.7
2026-05-15 19:30:42+00:00,455.0,0.524,-0.141,0.06,30.0,0.0,0.0,2.118,0.07,8.251,8.25,10.004,40.0,7.432,36.64,86.99,82.67,20.15,16.21,-46.69,21.4,82.5,4.291,4.281,1.0,1070.0,1059.0,30.5,21.0,27.9,2075.0,212.0,207.0,1.471,0.0,-0.0544,-0.0861,1.48,3220000000.0,97.1,0.0,0.0,4.0,,19:30.7
2026-05-15 19:31:42+00:00,455.0,0.367,-0.186,0.06,-30.0,0.0,0.0,2.118,0.07,8.255,8.25,9.998,40.0,7.427,36.64,86.99,82.67,20.15,16.21,-46.69,21.4,82.5,4.295,4.276,1.0,1070.0,1059.0,30.5,21.0,27.9,479.0,212.0,207.0,1.372,0.0,-0.0524,-0.0827,1.38,3220000000.0,97.1,0.0,0.0,4.0,,19:31.7
2026-05-15 19:32:42+00:00,457.0,-0.133,-0.186,0.06,-30.0,0.0,0.0,2.118,0.07,8.245,8.25,9.999,40.0,7.428,36.64,86.99,82.67,20.15,16.21,-46.69,21.4,82.5,4.294,4.276,1.0,1070.0,1059.0,30.5,21.1,27.9,1319.0,212.0,207.0,1.441,0.0,-0.055,-0.0879,1.45,3220000000.0,97.1,0.0,0.0,4.0,,19:32.7
2026-05-15 19:33:42+00:00,457.0,-0.658,-0.186,0.06,-30.0,0.0,0.0,2.118,0.07,8.26,8.25,10.001,40.0,7.433,36.63,86.99,82.67,20.14,16.21,-46.69,21.4,82.5,4.288,4.273,1.0,1070.0,1059.0,30.6,21.1,27.9,2519.0,212.0,208.0,1.481,0.0,-0.0539,-0.0864,1.49,3220000000.0,97.1,0.0,0.0,4.0,,19:33.7
2026-05-15 19:34:42+00:00,458.0,-0.233,-0.231,0.06,30.0,0.0,0.0,2.118,0.07,8.241,8.25,9.999,40.0,7.43,36.64,86.99,82.67,20.14,16.22,-46.69,21.4,82.5,4.287,4.273,1.0,1070.0,1059.0,30.6,21.1,27.9,484.0,212.0,207.0,1.352,0.0,-0.053,-0.0849,1.36,3220000000.0,97.1,0.0,0.0,4.0,,19:34.7
2026-05-15 19:35:48+00:00,460.0,0.267,-0.231,0.06,30.0,0.0,0.0,2.118,0.07,8.251,8.25,9.998,40.0,7.427,36.64,86.99,82.67,20.15,16.21,-46.69,21.4,82.5,4.286,4.274,1.0,1070.0,1059.0,30.6,21.1,27.9,1734.0,212.0,208.0,1.461,0.0,-0.0546,-0.0872,1.47,3220000000.0,97.1,0.0,0.0,4.0,,19:35.8
2026-05-15 19:36:48+00:00,461.0,0.624,-0.276,0.06,-30.0,0.0,0.0,2.118,0.07,8.243,8.25,9.995,40.0,7.427,36.63,86.99,82.67,20.14,16.21,-46.7,21.4,82.5,4.287,4.282,1.0,1070.0,1059.0,30.6,21.1,27.9,2494.0,218.0,207.0,1.481,0.4702,-0.0531,-0.0823,1.49,65536.0,97.1,0.0,0.0,4.0,,19:36.8
2026-05-15 19:37:48+00:00,462.0,0.099,-0.276,0.06,-30.0,0.0,0.0,2.118,0.07,8.246,8.25,9.998,40.0,7.43,36.64,86.99,82.67,20.14,16.21,-46.7,21.4,82.5,4.29,4.28,1.0,1070.0,1059.0,30.5,21.1,27.9,862.0,212.0,207.0,1.372,0.0,-0.0533,-0.0861,1.38,3220000000.0,97.1,0.0,0.0,4.0,,19:37.8
2026-05-15 19:38:48+00:00,463.0,-0.401,-0.276,0.06,-30.0,0.0,0.0,2.118,0.07,8.252,8.25,9.999,40.0,7.429,36.63,86.99,82.67,20.14,16.21,-46.7,21.4,82.5,4.29,4.277,1.0,1070.0,1059.0,30.5,21.1,27.9,2132.0,212.0,208.0,1.461,0.0,-0.0546,-0.0868,1.47,3220000000.0,97.1,0.0,0.0,4.0,,19:38.8
2026-05-15 19:39:48+00:00,464.0,-0.515,-0.321,0.06,30.0,0.0,0.0,2.118,0.07,8.246,8.25,10.0,40.0,7.43,36.64,86.99,82.65,20.15,16.21,-46.7,21.4,82.5,4.29,4.281,1.0,1070.0,1059.0,30.5,21.1,27.9,170.0,212.0,207.0,1.451,0.4333,-0.0501,-0.0775,1.46,65536.0,97.1,0.0,0.0,4.0,,19:39.8
2026-05-15 19:40:48+00:00,465.0,0.01,-0.321,0.06,30.0,0.0,0.0,2.118,0.07,8.247,8.25,10.0,40.0,7.431,36.63,86.97,82.65,20.14,16.21,-46.7,21.4,82.4,4.289,4.271,1.0,1070.0,1059.0,30.5,21.1,27.9,1350.0,212.0,208.0,1.411,0.0,-0.0532,-0.0867,1.42,3220000000.0,97.1,0.0,0.0,4.0,,19:40.8
2026-05-15 19:41:48+00:00,466.0,0.535,-0.321,0.06,30.0,0.0,0.0,2.118,0.07,8.26,8.25,10.001,40.0,7.434,36.63,86.97,82.65,20.14,16.21,-46.7,21.4,82.4,4.283,4.271,1.0,1070.0,1059.0,30.5,21.1,27.9,2170.0,212.0,207.0,1.471,0.0,-0.0538,-0.0843,1.48,3220000000.0,97.1,0.0,0.0,4.0,,19:41.8
2026-05-15 19:42:48+00:00,466.0,0.356,-0.366,0.06,-30.0,0.0,0.0,2.118,0.07,8.245,8.25,9.996,40.0,7.428,36.63,86.97,82.65,20.15,16.21,-46.7,21.4,82.4,4.286,4.276,1.0,1070.0,1059.0,30.5,21.1,27.9,582.0,212.0,207.0,1.362,0.0,-0.0523,-0.0828,1.37,3220000000.0,97.1,0.0,0.0,4.0,,19:42.8
2026-05-15 19:43:48+00:00,468.0,-0.144,-0.366,0.06,-30.0,0.0,0.0,2.118,0.07,8.265,8.25,9.997,40.0,7.424,36.63,86.97,82.65,20.15,16.21,-46.7,21.3,82.4,4.288,4.281,1.0,1070.0,1059.0,30.5,21.1,27.9,1362.0,212.0,207.0,1.451,0.0,-0.0541,-0.0868,1.46,3220000000.0,97.1,0.0,0.0,4.0,,19:43.8
2026-05-15 19:44:54+00:00,469.0,-0.644,-0.366,0.06,-30.0,0.0,0.0,2.118,0.07,8.24,8.25,10.002,40.0,7.43,36.63,86.97,82.65,20.15,16.21,-46.7,21.3,82.4,4.288,4.278,1.0,1070.0,1059.0,30.5,21.1,27.9,2580.0,212.0,207.0,1.481,0.0,-0.0541,-0.0845,1.49,3220000000.0,97.1,0.0,0.0,4.0,,19:44.9
2026-05-15 19:45:54+00:00,470.0,-0.247,-0.411,0.06,30.0,0.0,0.0,2.118,0.07,8.261,8.25,9.999,40.0,7.426,36.64,86.97,82.65,20.15,16.21,-46.7,21.4,82.4,4.291,4.281,1.0,1070.0,1059.0,30.5,21.1,27.9,559.0,212.0,207.0,1.352,0.0,-0.0521,-0.0844,1.36,3220000000.0,97.1,0.0,0.0,4.0,,19:45.9
2026-05-15 19:46:54+00:00,471.0,0.253,-0.411,0.06,30.0,0.0,0.0,2.118,0.07,8.242,8.25,9.998,40.0,7.429,36.63,86.97,82.65,20.14,16.21,-46.7,21.4,82.4,4.294,4.275,1.0,1070.0,1059.0,30.5,21.1,27.9,1755.0,213.0,208.0,1.461,0.0,-0.0536,-0.0857,1.47,3220000000.0,97.1,0.0,0.0,4.0,,19:46.9
2026-05-15 19:47:54+00:00,472.0,0.613,-0.456,0.06,-30.0,0.0,0.0,2.118,0.07,8.252,8.25,10.0,40.0,7.431,36.63,86.97,82.65,20.14,16.22,-46.7,21.4,82.4,4.289,4.277,1.0,1070.0,1059.0,30.5,21.1,27.9,2579.0,0.0,0.0,1.481,0.473,-0.0523,-0.0813,1.49,65536.0,97.1,0.0,0.0,4.0,,19:47.9
2026-05-15 19:48:54+00:00,473.0,0.113,-0.456,0.06,-30.0,0.0,0.0,2.118,0.07,8.25,8.25,10.002,40.0,7.435,36.64,86.97,82.65,20.13,16.21,-46.7,21.4,82.4,4.285,4.271,1.0,1070.0,1059.0,30.5,21.1,27.9,1014.0,212.0,208.0,1.391,0.0,-0.0533,-0.0848,1.4,3220000000.0,97.1,0.0,0.0,4.0,,19:48.9
2026-05-15 19:49:54+00:00,474.0,-0.387,-0.456,0.06,-30.0,0.0,0.0,2.118,0.07,8.251,8.25,10.0,40.0,7.43,36.63,86.97,82.65,20.14,16.22,-46.7,21.4,82.4,4.29,4.273,1.0,1070.0,1059.0,30.5,21.0,27.9,1796.0,212.0,207.0,1.461,0.0,-0.0539,-0.0839,1.47,3220000000.0,97.1,0.0,0.0,4.0,,19:49.9
2026-05-15 19:50:54+00:00,475.0,-0.504,-0.501,0.06,30.0,0.0,0.0,2.118,0.07,8.25,8.25,9.999,40.0,7.429,36.63,86.97,82.65,20.15,16.21,-46.7,21.4,82.4,4.29,4.275,1.0,1070.0,1059.0,30.5,21.0,27.9,216.0,218.0,207.0,1.421,0.4327,-0.0494,-0.0757,1.43,65536.0,97.1,0.0,0.0,4.0,,19:50.9
2026-05-15 19:51:54+00:00,476.0,0.021,-0.501,0.06,30.0,0.0,0.0,2.118,0.07,8.243,8.25,9.997,40.0,7.43,36.63,86.97,82.65,20.14,16.21,-46.7,21.4,82.4,4.293,4.282,1.0,1070.0,1059.0,30.5,21.0,27.9,1017.0,212.0,208.0,1.411,0.0,-0.055,-0.0859,1.42,3220000000.0,97.1,0.0,0.0,4.0,,19:51.9
2026-05-15 19:52:54+00:00,477.0,0.521,-0.501,0.06,30.0,0.0,0.0,2.118,0.07,8.259,8.25,10.002,40.0,7.433,36.63,86.97,82.65,20.14,16.22,-46.7,21.4,82.4,4.288,4.277,1.0,1070.0,1059.0,30.5,20.9,27.9,2205.0,212.0,208.0,1.471,0.0,-0.0539,-0.0839,1.48,3220000000.0,97.1,0.0,0.0,4.0,,19:52.9
2026-05-15 19:54:00+00:00,478.0,0.37,-0.546,0.06,-30.0,0.0,0.0,2.118,0.07,8.246,8.25,10.002,40.0,7.429,36.64,86.97,82.63,20.16,16.21,-46.7,21.4,82.4,4.289,4.281,1.0,1070.0,1059.0,30.5,20.9,27.9,275.0,212.0,208.0,1.352,0.0,-0.0509,-0.0796,1.36,3220000000.0,97.1,0.0,0.0,4.0,,19:54.0
2026-05-15 19:55:00+00:00,479.0,-0.13,-0.546,0.06,-30.0,0.0,0.0,2.118,0.07,8.252,8.25,10.0,40.0,7.43,36.64,86.97,82.63,20.14,16.21,-46.7,21.4,82.4,4.288,4.274,1.0,1070.0,1059.0,30.5,20.8,27.9,1423.0,212.0,208.0,1.441,0.0,-0.0537,-0.0852,1.45,3220000000.0,97.1,0.0,0.0,4.0,,19:55.0
2026-05-15 19:56:00+00:00,480.0,-0.63,-0.546,0.06,-30.0,0.0,0.0,2.118,0.07,8.248,8.25,10.0,40.0,7.433,36.63,86.97,82.63,20.14,16.21,-46.7,21.4,82.4,4.281,4.277,1.0,1070.0,1059.0,30.5,20.8,27.9,2615.0,212.0,207.0,1.481,0.0,-0.0537,-0.084,1.49,3220000000.0,97.1,0.0,0.0,4.0,,19:56.0
2026-05-15 19:57:00+00:00,481.0,-0.236,-0.591,0.06,30.0,0.0,0.0,2.118,0.07,8.246,8.25,10.0,40.0,7.43,36.63,86.95,82.63,20.14,16.22,-46.7,21.4,82.4,4.287,4.274,1.0,1070.0,1059.0,30.5,20.7,27.9,656.0,212.0,208.0,1.352,0.0,-0.0531,-0.0822,1.36,3220000000.0,97.1,0.0,0.0,4.0,,19:57.0
2026-05-15 19:58:00+00:00,482.0,0.239,-0.591,0.06,30.0,0.0,0.0,2.118,0.07,8.251,8.25,9.999,40.0,7.429,36.63,86.95,82.63,20.14,16.22,-46.7,21.4,82.4,4.291,4.281,1.0,1070.0,1059.0,30.6,20.7,27.9,1875.0,212.0,207.0,1.451,0.0,-0.0534,-0.0831,1.46,3220000000.0,97.1,0.0,0.0,4.0,,19:58.0
2026-05-15 19:59:00+00:00,483.0,0.627,-0.636,0.06,-30.0,0.0,0.0,2.118,0.07,8.247,8.25,9.997,40.0,7.428,36.64,86.95,82.63,20.14,16.21,-46.7,21.4,82.4,4.291,4.28,0.0,1070.0,339.0,30.6,20.6,27.9,2605.0,212.0,207.0,1.471,0.0,-0.0537,-0.0828,1.48,3220000000.0,97.1,0.0,0.0,4.0,,19:59.0
2026-05-15 20:00:00+00:00,484.0,0.127,-0.636,0.06,-30.0,0.0,0.0,2.118,0.07,8.245,8.25,9.998,40.0,7.428,36.63,86.95,82.63,20.14,16.21,-46.7,21.4,82.4,4.294,4.284,1.0,1070.0,1059.0,30.6,20.6,27.9,1045.0,220.0,208.0,1.372,0.0,-0.0545,-0.0833,1.38,3220000000.0,97.1,0.0,0.0,4.0,,20:00.0
2026-05-15 20:01:00+00:00,485.0,-0.398,-0.636,0.06,-30.0,0.0,0.0,2.118,0.07,8.257,8.25,9.999,40.0,7.427,36.63,86.95,82.63,20.15,16.21,-46.7,21.4,82.4,4.293,4.282,1.0,1070.0,1059.0,30.6,20.6,27.9,1906.0,215.0,208.0,1.471,0.0,-0.053,-0.0822,1.48,3220000000.0,97.1,0.0,0.0,4.0,,20:01.0
2026-05-15 20:02:00+00:00,486.0,-0.669,-0.636,0.075,0.0,0.0,0.0,2.118,0.07,8.241,8.25,9.999,40.0,7.429,36.63,86.95,82.63,20.14,16.21,-46.7,21.4,82.4,4.288,4.276,0.0,1070.0,0.0,30.6,20.6,27.9,0.0,0.0,0.0,1.451,0.0,-0.0437,-0.0572,1.46,3220000000.0,97.1,0.0,0.0,5.0,,20:02.0
2026-05-15 20:03:06+00:00,486.0,-0.669,-0.636,0.075,0.0,0.0,0.0,2.118,0.07,8.255,8.25,9.996,40.0,7.43,36.63,86.95,82.63,20.14,16.21,-46.71,21.4,82.4,4.294,4.273,0.0,1070.0,0.0,30.6,20.6,27.9,0.0,0.0,0.0,1.451,0.0,-0.0437,-0.0572,1.46,3220000000.0,97.1,0.0,0.0,5.0,,20:03.1
2026-05-15 20:04:06+00:00,488.0,-0.421,-0.394,0.075,28.64,27.924,0.0,2.118,0.07,8.247,8.25,9.996,40.0,7.428,36.64,86.95,82.63,20.14,16.21,-46.71,21.4,82.4,4.284,4.277,0.0,1070.0,0.0,30.6,20.5,27.9,0.0,0.0,0.0,0.07,0.0,-0.0114,-0.0401,0.07,3220000000.0,97.1,0.0,0.0,5.0,,20:04.1
2026-05-15 20:05:06+00:00,488.0,0.057,0.072,0.075,28.64,27.924,0.0,2.118,0.07,8.249,8.25,9.999,40.0,7.428,36.64,86.95,82.63,20.15,16.21,-46.71,21.3,82.4,4.287,4.277,0.0,1070.0,0.0,30.6,20.5,27.9,0.0,0.0,0.0,0.06,0.0,-0.0214,-0.0843,0.06,3220000000.0,97.1,0.0,0.0,5.0,,20:05.1
2026-05-15 20:06:06+00:00,489.0,0.558,0.561,0.075,28.64,27.924,0.0,2.118,0.07,8.258,8.25,10.001,40.0,7.429,36.64,86.95,82.63,20.15,16.21,-46.71,21.3,82.4,4.291,4.282,0.0,1070.0,0.0,30.6,20.4,27.9,0.0,0.0,0.0,0.05,0.0,-0.0307,-0.1437,0.05,3220000000.0,97.1,0.0,0.0,5.0,,20:06.1
2026-05-15 20:07:06+00:00,491.0,0.295,0.669,0.075,-30.0,0.0,0.0,2.118,0.07,8.242,8.25,9.996,40.0,7.429,36.63,86.95,82.63,20.14,16.21,-46.71,21.3,82.4,4.291,4.282,1.0,1070.0,1066.0,30.6,20.4,27.9,676.0,213.0,207.0,0.278,0.0,-0.0886,-0.1879,0.28,2680000000.0,97.1,0.0,0.0,5.0,,20:07.1
2026-05-15 20:08:06+00:00,491.0,-0.205,0.669,0.075,-30.0,0.0,0.0,2.118,0.07,8.258,8.25,10.001,40.0,7.43,36.63,86.95,82.63,20.14,16.21,-46.71,21.3,82.4,4.29,4.281,1.0,1070.0,1063.0,30.6,20.4,27.9,1395.0,212.0,208.0,1.391,0.0,-0.0682,-0.1199,1.4,2680000000.0,97.1,0.0,0.0,5.0,,20:08.1
2026-05-15 20:09:06+00:00,492.0,-0.669,0.639,0.075,0.0,-30.0,0.0,2.118,0.07,8.241,8.25,9.998,40.0,7.428,36.64,86.95,82.63,20.14,16.21,-46.71,21.3,82.4,4.29,4.283,1.0,1070.0,1062.0,30.6,20.4,27.9,2636.0,212.0,208.0,1.471,0.0,-0.0617,-0.0982,1.48,3220000000.0,97.1,0.0,0.0,5.0,,20:09.1
2026-05-15 20:10:06+00:00,494.0,-0.669,0.114,0.075,0.0,-30.0,0.0,2.118,0.07,8.254,8.25,9.996,40.0,7.43,36.64,86.95,82.62,20.14,16.21,-46.71,21.3,82.4,4.286,4.274,1.0,1070.0,1062.0,30.6,20.4,27.9,3440.0,212.0,208.0,1.481,0.0,-0.0585,-0.092,1.49,3220000000.0,97.1,0.0,1.0,5.0,,20:10.1
2026-05-15 20:11:06+00:00,495.0,-0.669,-0.386,0.075,0.0,-30.0,0.0,2.118,0.07,8.248,8.25,9.995,40.0,7.427,36.64,86.95,82.62,20.14,16.21,-46.71,21.3,82.4,4.284,4.281,1.0,1070.0,1063.0,30.6,20.4,27.9,4624.0,212.0,208.0,1.491,0.0,-0.0561,-0.0877,1.5,3220000000.0,97.1,0.0,1.0,5.0,,20:11.1
2026-05-15 20:12:12+00:00,496.0,-0.458,-0.669,0.075,30.0,0.0,0.0,2.118,0.07,8.251,8.25,10.002,40.0,7.432,36.64,86.95,82.62,20.14,16.21,-46.71,21.3,82.4,4.284,4.276,1.0,1070.0,1062.0,30.6,20.4,27.9,5795.0,217.0,207.0,1.491,0.0,-0.0551,-0.0864,1.5,3220000000.0,97.1,0.0,1.0,5.0,,20:12.2
2026-05-15 20:13:12+00:00,496.0,0.042,-0.669,0.075,30.0,0.0,0.0,2.118,0.07,8.249,8.25,10.0,40.0,7.43,36.63,86.95,82.62,20.15,16.21,-46.71,21.3,82.4,4.289,4.283,1.0,1070.0,1062.0,30.6,20.4,27.9,6616.0,212.0,207.0,1.491,0.0,-0.055,-0.0865,1.5,3220000000.0,97.1,0.0,1.0,5.0,,20:13.2
2026-05-15 20:14:12+00:00,498.0,0.542,-0.669,0.075,30.0,0.0,0.0,2.118,0.07,8.256,8.25,10.002,40.0,7.43,36.63,86.95,82.62,20.15,16.21,-46.71,21.3,82.4,4.287,4.277,1.0,1070.0,1062.0,30.6,20.5,27.9,7816.0,212.0,208.0,1.491,0.0,-0.0534,-0.0854,1.5,3220000000.0,97.1,0.0,1.0,5.0,,20:14.2
2026-05-15 20:15:12+00:00,499.0,0.669,-0.276,0.075,0.0,30.0,0.0,2.118,0.07,8.257,8.25,10.005,40.0,7.432,36.64,86.95,82.62,20.15,16.21,-46.71,21.3,82.4,4.287,4.277,1.0,1070.0,1062.0,30.6,20.5,27.9,8659.0,212.0,208.0,1.481,0.0,-0.0552,-0.0844,1.49,3220000000.0,97.1,0.0,1.0,5.0,,20:15.2
2026-05-15 20:16:12+00:00,500.0,0.669,0.224,0.075,0.0,30.0,0.0,2.118,0.07,8.245,8.25,10.001,40.0,7.43,36.63,86.94,82.62,20.14,16.21,-46.71,21.3,82.4,4.289,4.28,1.0,1070.0,1062.0,30.6,20.5,27.9,9797.0,217.0,208.0,1.481,0.0,-0.0548,-0.0849,1.49,3220000000.0,97.1,0.0,1.0,5.0,,20:16.2
2026-05-15 20:17:12+00:00,500.0,0.669,0.623,0.075,0.0,-40.0,0.0,2.118,0.07,8.256,8.25,9.999,40.0,7.431,36.63,86.94,82.62,20.14,16.21,-46.71,21.3,82.4,4.283,4.277,1.0,1070.0,207.0,30.6,20.5,27.9,10595.0,0.0,0.0,1.481,0.0,-0.0533,-0.0852,1.49,3220000000.0,97.1,0.0,1.0,5.0,,20:17.2
2026-05-15 20:18:12+00:00,502.0,0.614,0.533,0.075,-21.213,21.213,0.0,2.118,0.07,8.244,8.25,10.006,40.0,7.437,36.63,86.94,82.62,20.14,16.22,-46.71,21.3,82.4,4.285,4.274,1.0,1070.0,1062.0,30.6,20.5,27.9,137.0,219.0,208.0,1.153,0.499,-0.0502,-0.0792,1.16,0.0,97.1,0.0,0.0,5.0,,20:18.2
2026-05-15 20:19:12+00:00,503.0,0.586,0.498,0.075,21.213,-21.213,0.0,2.118,0.07,8.259,8.25,10.003,40.0,7.43,36.64,86.94,82.62,20.15,16.21,-46.71,21.3,82.4,4.296,4.273,1.0,1070.0,1062.0,30.6,20.5,27.9,241.0,212.0,208.0,1.193,0.0,-0.0511,-0.0818,1.2,3220000000.0,97.1,0.0,0.0,5.0,,20:19.2
2026-05-15 20:20:12+00:00,503.0,0.427,0.593,0.075,-21.213,21.213,0.0,2.118,0.07,8.251,8.25,10.003,40.0,7.43,36.63,86.94,82.62,20.15,16.21,-46.71,21.3,82.4,4.288,4.28,1.0,1070.0,1062.0,30.6,20.5,27.9,616.0,212.0,207.0,1.262,0.0,-0.0552,-0.0907,1.27,3220000000.0,97.1,0.0,0.0,5.0,,20:20.2
2026-05-15 20:21:18+00:00,505.0,0.519,0.437,0.075,21.213,-21.213,0.0,2.118,0.07,8.25,8.25,10.0,40.0,7.43,36.64,86.94,82.62,20.15,16.21,-46.71,21.3,82.4,4.286,4.281,1.0,1070.0,1062.0,30.6,20.5,27.9,398.0,212.0,207.0,1.292,0.0,-0.0518,-0.0868,1.3,3220000000.0,97.1,0.0,0.0,5.0,,20:21.3
2026-05-15 20:22:18+00:00,506.0,0.512,0.381,0.075,-21.213,21.213,0.0,2.118,0.07,8.252,8.25,10.003,40.0,7.433,36.64,86.94,82.62,20.13,16.21,-46.71,21.3,82.4,4.287,4.28,1.0,1070.0,1062.0,30.6,20.6,27.9,335.0,220.0,208.0,1.342,0.0,-0.0511,-0.0829,1.35,3220000000.0,97.1,0.0,0.0,5.0,,20:22.3
2026-05-15 20:23:18+00:00,506.0,0.18,0.65,0.075,21.213,-21.213,0.0,2.118,0.07,8.247,8.25,10.001,40.0,7.43,36.63,86.94,82.62,20.14,16.21,-46.71,21.3,82.4,4.29,4.278,1.0,1070.0,1062.0,30.6,20.6,27.9,1156.0,0.0,0.0,1.401,0.434,-0.0559,-0.0912,1.41,65536.0,97.1,0.0,0.0,5.0,,20:23.3
2026-05-15 20:24:18+00:00,508.0,0.551,0.278,0.075,21.213,-21.213,0.0,2.118,0.07,8.246,8.25,10.001,40.0,7.431,36.64,86.94,82.62,20.14,16.21,-46.71,21.2,82.4,4.296,4.277,1.0,1070.0,1062.0,30.5,20.6,27.9,970.0,212.0,207.0,1.372,0.0,-0.0559,-0.0918,1.38,3220000000.0,97.1,0.0,0.0,5.0,,20:24.3
2026-05-15 20:25:18+00:00,509.0,0.48,0.286,0.075,-21.213,21.213,0.0,2.118,0.07,8.263,8.25,10.004,40.0,7.435,36.63,86.94,82.62,20.14,16.21,-46.71,21.2,82.4,4.285,4.271,1.0,1070.0,1062.0,30.5,20.6,27.9,234.0,212.0,208.0,1.352,0.0,-0.0513,-0.0847,1.36,3220000000.0,97.1,0.0,0.0,5.0,,20:25.3
2026-05-15 20:26:18+00:00,509.0,0.126,0.639,0.075,-21.213,21.213,0.0,2.118,0.07,8.236,8.25,9.997,40.0,7.427,36.63,86.94,82.62,20.15,16.21,-46.71,21.2,82.4,4.289,4.274,1.0,1070.0,1062.0,30.6,20.6,27.9,1385.0,212.0,208.0,1.421,0.0,-0.0557,-0.0908,1.43,3220000000.0,97.1,0.0,0.0,5.0,,20:26.3
2026-05-15 20:27:18+00:00,511.0,0.311,0.391,0.075,21.213,-21.213,0.0,2.118,0.07,8.259,8.25,10.007,40.0,7.432,36.64,86.94,82.62,20.16,16.21,-46.71,21.2,82.4,4.293,4.278,1.0,1070.0,1062.0,30.6,20.6,27.9,490.0,212.0,208.0,1.322,0.0,-0.0528,-0.0875,1.33,3220000000.0,97.1,0.0,0.0,5.0,,20:27.3
2026-05-15 20:28:18+00:00,512.0,0.669,0.02,0.075,0.0,-40.0,0.0,2.118,0.07,8.249,8.25,10.003,40.0,7.431,36.63,86.94,82.62,20.15,16.21,-46.71,21.3,82.4,4.29,4.277,1.0,1070.0,1062.0,30.6,20.6,27.9,1671.0,212.0,207.0,1.471,0.0,-0.0549,-0.0907,1.48,3220000000.0,97.1,0.0,0.0,5.0,,20:28.3
2026-05-15 20:29:24+00:00,513.0,0.349,0.289,0.075,-21.213,21.213,0.0,2.118,0.07,8.252,8.25,10.004,40.0,7.431,36.63,86.94,82.62,20.15,16.21,-46.71,21.3,82.4,4.288,4.28,1.0,1070.0,1062.0,30.6,20.6,27.9,466.0,212.0,208.0,1.332,0.0,-0.0547,-0.0886,1.34,3220000000.0,97.1,0.0,0.0,5.0,,20:29.4
2026-05-15 20:30:24+00:00,514.0,-0.004,0.643,0.075,-21.213,21.213,0.0,2.118,0.07,8.248,8.25,10.001,40.0,7.427,36.64,86.94,82.6,20.15,16.21,-46.71,21.3,82.4,4.288,4.277,1.0,1070.0,1062.0,30.6,20.6,27.9,1706.0,212.0,208.0,1.461,0.0,-0.0548,-0.0907,1.47,3220000000.0,97.1,0.0,0.0,5.0,,20:30.4
2026-05-15 20:31:24+00:00,515.0,0.187,0.388,0.075,21.213,-21.213,0.0,2.118,0.07,8.254,8.25,10.001,40.0,7.431,36.63,86.94,82.6,20.14,16.21,-46.71,21.3,82.4,4.284,4.272,1.0,1070.0,1062.0,30.6,20.6,27.9,392.0,212.0,207.0,1.322,0.0,-0.0539,-0.091,1.33,3220000000.0,97.1,0.0,0.0,5.0,,20:31.4
2026-05-15 20:32:24+00:00,516.0,0.558,0.017,0.075,21.213,-21.213,0.0,2.118,0.07,8.254,8.25,10.004,40.0,7.434,36.63,86.94,82.6,20.14,16.21,-46.71,21.3,82.4,4.287,4.272,1.0,1070.0,1062.0,30.6,20.6,27.9,1630.0,212.0,207.0,1.461,0.0,-0.0553,-0.0909,1.47,3220000000.0,97.1,0.0,0.0,5.0,,20:32.4
2026-05-15 20:33:24+00:00,517.0,0.473,0.038,0.075,-21.213,21.213,0.0,2.118,0.07,8.245,8.25,10.005,40.0,7.435,36.63,86.94,82.6,20.14,16.21,-46.71,21.3,82.4,4.287,4.273,1.0,1070.0,1062.0,30.6,20.6,27.9,476.0,219.0,208.0,1.342,0.0,-0.0496,-0.0822,1.35,3220000000.0,97.1,0.0,0.0,5.0,,20:33.4
2026-05-15 20:34:24+00:00,518.0,0.119,0.392,0.075,-21.213,21.213,0.0,2.118,0.07,8.258,8.25,10.0,40.0,7.431,36.63,86.92,82.6,20.14,16.21,-46.71,21.3,82.4,4.29,4.276,1.0,1070.0,1062.0,30.6,20.6,27.9,1376.0,214.0,208.0,1.441,0.0,-0.0556,-0.0924,1.45,3220000000.0,97.1,0.0,0.0,5.0,,20:34.4
2026-05-15 20:35:24+00:00,519.0,-0.191,0.639,0.075,21.213,-21.213,0.0,2.118,0.07,8.246,8.25,9.995,40.0,7.428,36.64,86.92,82.6,20.13,16.21,-46.71,21.3,82.4,4.286,4.272,1.0,1070.0,111.0,30.6,20.6,27.9,2246.0,212.0,207.0,1.481,0.4772,-0.0554,-0.0895,1.49,65536.0,97.1,0.0,0.0,5.0,,20:35.4
2026-05-15 20:36:24+00:00,520.0,0.162,0.285,0.075,21.213,-21.213,0.0,2.118,0.07,8.254,8.25,10.002,40.0,7.433,36.64,86.92,82.6,20.14,16.21,-46.71,21.3,82.4,4.295,4.275,1.0,1070.0,1062.0,30.5,20.7,27.9,922.0,212.0,207.0,1.352,0.0,-0.0554,-0.0915,1.36,3220000000.0,97.1,0.0,0.0,5.0,,20:36.4
2026-05-15 20:37:24+00:00,521.0,0.533,-0.086,0.075,21.213,-21.213,0.0,2.118,0.07,8.246,8.25,10.006,40.0,7.433,36.63,86.92,82.6,20.15,16.21,-46.71,21.3,82.4,4.286,4.273,1.0,1070.0,1062.0,30.5,20.7,27.9,1800.0,216.0,207.0,1.471,0.0,-0.0547,-0.0907,1.48,3220000000.0,97.1,0.0,0.0,5.0,,20:37.4
2026-05-15 20:38:30+00:00,522.0,0.498,-0.114,0.075,-21.213,21.213,0.0,2.118,0.07,8.25,8.25,10.005,40.0,7.434,36.63,86.92,82.6,20.14,16.21,-46.71,21.2,82.4,4.289,4.273,1.0,1070.0,1062.0,30.5,20.7,27.9,309.0,212.0,207.0,1.382,0.0,-0.0515,-0.0855,1.39,3220000000.0,97.1,0.0,0.0,5.0,,20:38.5
2026-05-15 20:39:30+00:00,523.0,0.144,0.24,0.075,-21.213,21.213,0.0,2.118,0.07,8.251,8.25,9.998,40.0,7.433,36.63,86.92,82.6,20.13,16.21,-46.71,21.2,82.4,4.286,4.27,1.0,1070.0,1062.0,30.6,20.7,27.9,1507.0,212.0,207.0,1.421,0.0,-0.0552,-0.0922,1.43,3220000000.0,97.1,0.0,0.0,5.0,,20:39.5
2026-05-15 20:40:30+00:00,524.0,-0.21,0.593,0.075,-21.213,21.213,0.0,2.118,0.07,8.246,8.25,9.999,40.0,7.431,36.64,86.92,82.6,20.14,16.21,-46.71,21.2,82.4,4.286,4.268,1.0,1070.0,1062.0,30.6,20.7,27.9,2139.0,212.0,207.0,1.481,0.0,-0.0563,-0.0908,1.49,3220000000.0,97.1,0.0,0.0,5.0,,20:40.5
2026-05-15 20:41:30+00:00,525.0,-0.117,0.437,0.075,21.213,-21.213,0.0,2.118,0.07,8.251,8.25,9.995,40.0,7.425,36.64,86.92,82.6,20.14,16.21,-46.71,21.2,82.4,4.287,4.274,1.0,1070.0,1062.0,30.6,20.7,27.9,630.0,212.0,207.0,1.332,0.0,-0.0519,-0.0863,1.34,3220000000.0,97.1,0.0,0.0,5.0,,20:41.5
2026-05-15 20:42:30+00:00,526.0,0.254,0.066,0.075,21.213,-21.213,0.0,2.118,0.07,8.258,8.25,9.996,40.0,7.428,36.63,86.92,82.6,20.13,16.21,-46.71,21.2,82.4,4.294,4.277,1.0,1070.0,1062.0,30.6,20.7,27.9,1659.0,213.0,207.0,1.451,0.0,-0.0555,-0.093,1.46,3220000000.0,97.1,0.0,0.0,5.0,,20:42.5
2026-05-15 20:43:30+00:00,527.0,0.608,-0.287,0.075,21.213,-21.213,0.0,2.118,0.07,8.246,8.25,9.999,40.0,7.43,36.63,86.92,82.6,20.14,16.21,-46.71,21.2,82.4,4.29,4.281,1.0,1070.0,1062.0,30.6,20.7,27.8,2691.0,212.0,207.0,1.481,0.0,-0.0551,-0.0899,1.49,3220000000.0,97.1,0.0,0.0,5.0,,20:43.5
2026-05-15 20:44:30+00:00,528.0,0.423,-0.167,0.075,-21.213,21.213,0.0,2.118,0.07,8.263,8.25,10.004,40.0,7.434,36.64,86.92,82.6,20.14,16.21,-46.71,21.2,82.4,4.294,4.275,1.0,1070.0,1062.0,30.5,20.7,27.8,643.0,212.0,208.0,1.322,0.0,-0.053,-0.0854,1.33,3220000000.0,97.1,0.0,0.0,5.0,,20:44.5
2026-05-15 20:45:30+00:00,529.0,0.07,0.187,0.075,-21.213,21.213,0.0,2.118,0.07,8.237,8.25,10.0,40.0,7.43,36.64,86.92,82.58,20.14,16.21,-46.71,21.2,82.4,4.288,4.275,1.0,1070.0,1062.0,30.5,20.7,27.8,1676.0,214.0,208.0,1.461,0.0,-0.0554,-0.0917,1.47,3220000000.0,97.1,0.0,0.0,5.0,,20:45.5
2026-05-15 20:46:36+00:00,530.0,-0.301,0.558,0.075,-21.213,21.213,0.0,2.118,0.07,8.255,8.25,9.999,40.0,7.43,36.63,86.92,82.58,20.14,16.21,-46.71,21.2,82.4,4.29,4.269,1.0,1070.0,1062.0,30.6,20.7,27.8,2654.0,212.0,207.0,1.491,0.0,-0.0558,-0.0902,1.5,3220000000.0,97.1,0.0,0.0,5.0,,20:46.6
2026-05-15 20:47:36+00:00,531.0,-0.28,0.473,0.075,21.213,-21.213,0.0,2.118,0.07,8.247,8.25,9.999,40.0,7.43,36.63,86.92,82.58,20.14,16.21,-46.71,21.2,82.4,4.29,4.272,1.0,1070.0,1062.0,30.6,20.7,27.8,300.0,218.0,207.0,1.332,0.3746,-0.0499,-0.0829,1.34,65536.0,97.1,0.0,0.0,5.0,,20:47.6
2026-05-15 20:48:36+00:00,532.0,0.074,0.119,0.075,21.213,-21.213,0.0,2.118,0.07,8.255,8.25,9.998,40.0,7.429,36.64,86.92,82.58,20.14,16.21,-46.71,21.2,82.4,4.283,4.275,1.0,1070.0,1062.0,30.6,20.7,27.8,1440.0,219.0,208.0,1.441,0.0,-0.0548,-0.0933,1.45,3220000000.0,97.1,0.0,0.0,5.0,,20:48.6
2026-05-15 20:49:36+00:00,533.0,0.445,-0.252,0.075,21.213,-21.213,0.0,2.118,0.07,8.254,8.25,10.002,40.0,7.43,36.64,86.92,82.58,20.15,16.21,-46.71,21.2,82.4,4.288,4.278,1.0,1070.0,1062.0,30.6,20.7,27.8,2471.0,212.0,208.0,1.481,0.0,-0.0543,-0.0916,1.49,3220000000.0,97.1,0.0,0.0,5.0,,20:49.6
2026-05-15 20:50:36+00:00,534.0,0.586,-0.457,0.075,-21.213,21.213,0.0,2.118,0.07,8.243,8.25,10.0,40.0,7.43,36.63,86.92,82.58,20.14,16.21,-46.71,21.2,82.4,4.294,4.277,1.0,1070.0,214.0,30.6,20.7,27.8,88.0,0.0,0.0,1.431,0.5163,-0.0531,-0.0844,1.44,0.0,97.1,0.0,0.0,5.0,,20:50.6
2026-05-15 20:51:36+00:00,535.0,0.232,-0.103,0.075,-21.213,21.213,0.0,2.118,0.07,8.255,8.25,9.998,40.0,7.428,36.63,86.92,82.58,20.14,16.21,-46.71,21.2,82.4,4.289,4.282,1.0,1070.0,1062.0,30.5,20.7,27.8,1048.0,212.0,208.0,1.401,0.0,-0.0557,-0.0933,1.41,3220000000.0,97.1,0.0,0.0,5.0,,20:51.6
2026-05-15 20:52:36+00:00,536.0,-0.121,0.251,0.075,-21.213,21.213,0.0,2.118,0.07,8.249,8.25,9.998,40.0,7.43,36.63,86.92,82.58,20.14,16.21,-46.71,21.2,82.4,4.289,4.274,1.0,1070.0,1062.0,30.5,20.8,27.8,2248.0,212.0,208.0,1.481,0.0,-0.0552,-0.0913,1.49,3220000000.0,97.1,0.0,0.0,5.0,,20:52.6
2026-05-15 20:53:36+00:00,537.0,-0.475,0.604,0.075,-21.213,21.213,0.0,2.118,0.07,8.262,8.25,9.999,40.0,7.43,36.63,86.92,82.58,20.14,16.21,-46.71,21.2,82.4,4.29,4.276,1.0,1070.0,1060.0,30.5,20.8,27.9,3280.0,212.0,207.0,1.481,0.0,-0.0552,-0.0892,1.49,3220000000.0,97.1,0.0,1.0,5.0,,20:53.6
2026-05-15 20:54:36+00:00,538.0,-0.343,0.409,0.075,21.213,-21.213,0.0,2.118,0.07,8.252,8.25,10.0,40.0,7.432,36.63,86.9,82.58,20.14,16.21,-46.71,21.2,82.4,4.287,4.271,1.0,1070.0,1062.0,30.5,20.8,27.8,543.0,212.0,207.0,1.342,0.0,-0.0531,-0.0895,1.35,3220000000.0,97.1,0.0,0.0,5.0,,20:54.6
2026-05-15 20:55:42+00:00,539.0,0.01,0.056,0.075,21.213,-21.213,0.0,2.118,0.07,8.25,8.25,10.003,40.0,7.43,36.63,86.9,82.58,20.15,16.21,-46.71,21.2,82.4,4.289,4.268,1.0,1070.0,1060.0,30.5,20.8,27.8,1741.0,212.0,208.0,1.461,0.0,-0.0553,-0.0927,1.47,3220000000.0,97.1,0.0,0.0,5.0,,20:55.7
2026-05-15 20:56:42+00:00,540.0,0.364,-0.298,0.075,21.213,-21.213,0.0,2.118,0.07,8.248,8.25,9.998,40.0,7.427,36.63,86.9,82.58,20.15,16.21,-46.71,21.2,82.4,4.29,4.273,1.0,1070.0,1060.0,30.5,20.8,27.8,2680.0,213.0,207.0,1.481,0.0,-0.0542,-0.0909,1.49,3220000000.0,97.1,0.0,0.0,5.0,,20:56.7
2026-05-15 20:57:42+00:00,541.0,0.667,-0.665,0.075,-21.213,21.213,0.0,2.118,0.07,8.251,8.25,10.002,40.0,7.433,36.63,86.9,82.58,20.14,16.21,-46.71,21.2,82.4,4.29,4.278,1.0,1070.0,446.0,30.5,20.8,27.8,39.0,212.0,207.0,1.481,0.0,-0.0539,-0.0902,1.49,3220000000.0,97.1,0.0,0.0,5.0,,20:57.7
2026-05-15 20:58:42+00:00,542.0,0.314,-0.312,0.075,-21.213,21.213,0.0,2.118,0.07,8.249,8.25,9.998,40.0,7.428,36.63,86.9,82.58,20.15,16.21,-46.71,21.2,82.4,4.293,4.273,1.0,1070.0,1062.0,30.5,20.8,27.8,837.0,212.0,207.0,1.342,0.0,-0.0538,-0.0933,1.35,3220000000.0,97.1,0.0,0.0,5.0,,20:58.7
2026-05-15 20:59:42+00:00,543.0,-0.058,0.06,0.075,-21.213,21.213,0.0,2.118,0.07,8.259,8.25,9.996,40.0,7.427,36.63,86.9,82.56,20.14,16.21,-46.71,21.2,82.4,4.289,4.278,1.0,1070.0,1060.0,30.5,20.8,27.8,2038.0,212.0,208.0,1.471,0.0,-0.0557,-0.0917,1.48,3220000000.0,97.1,0.0,0.0,5.0,,20:59.7
2026-05-15 21:00:42+00:00,544.0,-0.411,0.413,0.075,-21.213,21.213,0.0,2.118,0.07,8.241,8.25,10.0,40.0,7.431,36.63,86.9,82.56,20.14,16.21,-46.71,21.2,82.4,4.284,4.277,1.0,1070.0,1060.0,30.5,20.8,27.8,3026.0,212.0,208.0,1.491,0.0,-0.0549,-0.0902,1.5,3220000000.0,97.1,0.0,1.0,5.0,,21:00.7
2026-05-15 21:01:42+00:00,545.0,-0.616,0.555,0.075,21.213,-21.213,0.0,2.118,0.07,8.257,8.25,10.004,40.0,7.435,36.63,86.9,82.56,20.14,16.21,-46.71,21.2,82.4,4.285,4.27,1.0,1070.0,1062.0,30.6,20.8,27.8,143.0,0.0,0.0,1.471,0.5033,-0.0539,-0.0874,1.48,65536.0,97.1,0.0,0.0,5.0,,21:01.7
2026-05-15 21:02:42+00:00,546.0,-0.263,0.201,0.075,21.213,-21.213,0.0,2.118,0.07,8.247,8.25,10.003,40.0,7.432,36.64,86.9,82.56,20.14,16.21,-46.71,21.2,82.4,4.287,4.271,1.0,1070.0,1062.0,30.6,20.8,27.8,980.0,212.0,207.0,1.352,0.0,-0.0554,-0.0927,1.36,3220000000.0,97.1,0.0,0.0,5.0,,21:02.7
2026-05-15 21:03:42+00:00,547.0,0.108,-0.17,0.075,21.213,-21.213,0.0,2.118,0.07,8.257,8.25,10.0,40.0,7.427,36.63,86.9,82.56,20.15,16.21,-46.71,21.2,82.3,4.287,4.277,1.0,1070.0,1060.0,30.6,20.8,27.8,2186.0,212.0,207.0,1.481,0.0,-0.0557,-0.0914,1.49,3220000000.0,97.1,0.0,0.0,5.0,,21:03.7
2026-05-15 21:04:48+00:00,548.0,0.462,-0.524,0.075,21.213,-21.213,0.0,2.118,0.07,8.247,8.25,10.0,40.0,7.429,36.63,86.9,82.56,20.15,16.21,-46.71,21.2,82.3,4.289,4.278,1.0,1070.0,1059.0,30.6,20.8,27.8,2919.0,218.0,208.0,1.481,0.0,-0.0543,-0.0893,1.49,3220000000.0,97.1,0.0,0.0,5.0,,21:04.8
2026-05-15 21:05:48+00:00,549.0,0.382,-0.507,0.075,-21.213,21.213,0.0,2.118,0.07,8.254,8.25,9.996,40.01,7.427,36.64,86.9,82.56,20.15,16.21,-46.71,21.2,82.3,4.291,4.28,1.0,1070.0,1062.0,30.6,20.8,27.8,202.0,212.0,208.0,1.402,0.3898,-0.0497,-0.0813,1.41,65536.0,97.1,0.0,0.0,5.0,,21:05.8
2026-05-15 21:06:48+00:00,550.0,0.029,-0.154,0.075,-21.213,21.213,0.0,2.118,0.07,8.248,8.25,9.996,40.0,7.425,36.63,86.9,82.56,20.15,16.21,-46.71,21.2,82.3,4.29,4.282,1.0,1070.0,1060.0,30.6,20.8,27.8,1181.0,212.0,207.0,1.411,0.0,-0.0544,-0.0928,1.42,3220000000.0,97.1,0.0,0.0,5.0,,21:06.8
2026-05-15 21:07:48+00:00,551.0,-0.325,0.2,0.075,-21.213,21.213,0.0,2.118,0.07,8.254,8.25,10.0,40.0,7.43,36.63,86.9,82.56,20.14,16.21,-46.71,21.2,82.3,4.29,4.273,1.0,1070.0,1059.0,30.6,20.9,27.8,2186.0,212.0,207.0,1.481,0.0,-0.0541,-0.0915,1.49,3220000000.0,97.1,0.0,0.0,5.0,,21:07.8
2026-05-15 21:08:48+00:00,552.0,-0.669,0.505,0.075,0.0,-40.0,0.0,2.118,0.07,8.256,8.25,10.002,40.0,7.434,36.63,86.9,82.56,20.13,16.21,-46.71,21.2,82.3,4.278,4.273,1.0,1070.0,563.0,30.6,20.9,27.8,3370.0,212.0,207.0,1.481,0.0,-0.0553,-0.0893,1.49,3220000000.0,97.1,0.0,1.0,5.0,,21:08.8
2026-05-15 21:09:48+00:00,553.0,-0.335,0.146,0.075,21.213,-21.213,0.0,2.118,0.07,8.243,8.25,10.001,40.0,7.429,36.63,86.9,82.56,20.14,16.21,-46.71,21.2,82.3,4.283,4.273,1.0,1070.0,1062.0,30.6,20.9,27.8,620.0,212.0,207.0,1.332,0.0,-0.0524,-0.0905,1.34,3220000000.0,96.9,0.0,0.0,5.0,,21:09.8
2026-05-15 21:10:48+00:00,554.0,0.019,-0.207,0.075,21.213,-21.213,0.0,2.118,0.07,8.255,8.25,10.001,40.0,7.43,36.63,86.9,82.56,20.14,16.21,-46.71,21.2,82.3,4.284,4.277,1.0,1070.0,1060.0,30.6,20.9,27.8,1760.0,212.0,208.0,1.471,0.0,-0.0534,-0.0917,1.48,3220000000.0,96.9,0.0,0.0,5.0,,21:10.8
2026-05-15 21:11:48+00:00,555.0,0.372,-0.561,0.075,21.213,-21.213,0.0,2.118,0.07,8.245,8.25,10.002,40.0,7.433,36.63,86.9,82.56,20.13,16.21,-46.71,21.2,82.3,4.289,4.278,1.0,1070.0,1059.0,30.5,20.9,27.8,2668.0,216.0,208.0,1.481,0.0,-0.0544,-0.0904,1.49,3220000000.0,96.9,0.0,0.0,5.0,,21:11.8
2026-05-15 21:12:48+00:00,557.0,0.217,-0.47,0.075,-21.213,21.213,0.0,2.118,0.07,8.248,8.25,9.999,40.0,7.43,36.63,86.88,82.56,20.13,16.21,-46.71,21.1,82.3,4.285,4.278,1.0,1070.0,1062.0,30.5,20.9,27.8,597.0,212.0,207.0,1.352,0.0,-0.0524,-0.0856,1.36,3220000000.0,96.9,0.0,0.0,5.0,,21:12.8
2026-05-15 21:13:54+00:00,557.0,-0.154,-0.099,0.075,-21.213,21.213,0.0,2.118,0.07,8.253,8.25,10.0,40.0,7.43,36.63,86.88,82.56,20.14,16.21,-46.71,21.1,82.3,4.288,4.282,1.0,1070.0,1060.0,30.6,20.9,27.8,1575.0,212.0,208.0,1.421,0.0,-0.055,-0.0919,1.43,3220000000.0,96.9,0.0,0.0,5.0,,21:13.9
2026-05-15 21:14:54+00:00,558.0,-0.507,0.255,0.075,-21.213,21.213,0.0,2.118,0.07,8.249,8.25,10.0,40.0,7.43,36.63,86.88,82.56,20.14,16.21,-46.71,21.1,82.3,4.286,4.275,1.0,1070.0,1059.0,30.6,20.9,27.8,2236.0,212.0,208.0,1.481,0.0,-0.0544,-0.0898,1.49,3220000000.0,96.9,0.0,0.0,5.0,,21:14.9
2026-05-15 21:15:54+00:00,559.0,-0.524,0.208,0.075,21.213,-21.213,0.0,2.118,0.07,8.249,8.25,10.008,40.0,7.437,36.63,86.88,82.56,20.14,16.21,-46.71,21.1,82.3,4.285,4.271,1.0,1070.0,1062.0,30.5,20.9,27.8,246.0,212.0,208.0,1.382,0.4642,-0.0491,-0.0782,1.39,0.0,96.9,0.0,0.0,5.0,,21:15.9
2026-05-15 21:16:54+00:00,560.0,-0.17,-0.146,0.075,21.213,-21.213,0.0,2.118,0.07,8.252,8.25,9.999,40.0,7.43,36.63,86.88,82.56,20.14,16.21,-46.71,21.1,82.3,4.284,4.27,1.0,1070.0,1060.0,30.5,20.9,27.8,1400.0,212.0,207.0,1.421,0.0,-0.0557,-0.0904,1.43,3220000000.0,96.9,0.0,0.0,5.0,,21:16.9
2026-05-15 21:17:54+00:00,561.0,0.201,-0.517,0.075,21.213,-21.213,0.0,2.118,0.07,8.249,8.25,10.002,40.0,7.43,36.63,86.88,82.56,20.15,16.21,-46.71,21.1,82.3,4.289,4.276,1.0,1070.0,1059.0,30.5,20.9,27.8,2459.0,212.0,207.0,1.471,0.0,-0.0553,-0.0888,1.48,3220000000.0,96.9,0.0,0.0,5.0,,21:17.9
2026-05-15 21:18:54+00:00,562.0,0.134,-0.514,0.075,-21.213,21.213,0.0,2.118,0.07,8.259,8.25,9.998,40.0,7.427,36.63,86.88,82.54,20.14,16.21,-46.71,21.1,82.3,4.291,4.276,1.0,1070.0,1062.0,30.5,20.9,27.8,384.0,212.0,208.0,1.362,0.4343,-0.0495,-0.0781,1.37,65536.0,96.9,0.0,0.0,5.0,,21:18.9
2026-05-15 21:19:54+00:00,563.0,-0.22,-0.16,0.075,-21.213,21.213,0.0,2.118,0.07,8.241,8.25,9.996,40.0,7.424,36.63,86.88,82.54,20.15,16.21,-46.71,21.1,82.3,4.29,4.282,1.0,1070.0,1060.0,30.5,20.9,27.8,1417.0,212.0,208.0,1.421,0.0,-0.0557,-0.0914,1.43,3220000000.0,96.9,0.0,0.0,5.0,,21:19.9
2026-05-15 21:20:54+00:00,564.0,-0.573,0.193,0.075,-21.213,21.213,0.0,2.118,0.07,8.258,8.25,10.002,40.0,7.428,36.63,86.88,82.54,20.16,16.21,-46.71,21.1,82.3,4.289,4.282,1.0,1070.0,1059.0,30.5,21.0,27.8,2417.0,215.0,208.0,1.481,0.0,-0.0539,-0.0902,1.49,3220000000.0,96.9,0.0,0.0,5.0,,21:20.9
2026-05-15 21:21:54+00:00,565.0,-0.458,0.015,0.075,21.213,-21.213,0.0,2.118,0.07,8.244,8.25,9.999,40.0,7.427,36.63,86.88,82.54,20.15,16.22,-46.71,21.1,82.3,4.286,4.277,1.0,1070.0,1060.0,30.3,21.0,27.8,548.0,212.0,207.0,1.352,0.0,-0.0518,-0.0872,1.36,3220000000.0,96.9,0.0,0.0,5.0,,21:21.9
2026-05-15 21:23:00+00:00,566.0,-0.087,-0.357,0.075,21.213,-21.213,0.0,2.118,0.07,8.255,8.25,10.0,40.0,7.43,36.63,86.88,82.54,20.14,16.21,-46.71,21.1,82.3,4.284,4.274,1.0,1070.0,1059.0,30.3,21.0,27.8,1540.0,219.0,207.0,1.421,0.0,-0.0544,-0.0907,1.43,3220000000.0,96.9,0.0,0.0,5.0,,21:23.0
2026-05-15 21:24:00+00:00,568.0,0.163,-0.669,0.075,-4.8,4.8,0.0,2.118,0.07,8.247,8.25,9.998,40.0,7.429,36.63,86.88,82.54,20.14,16.21,-46.71,21.1,82.3,4.284,4.274,0.0,1070.0,1059.0,30.4,21.0,27.8,2539.0,219.0,208.0,1.471,0.0,-0.0544,-0.0899,1.48,3220000000.0,96.9,0.0,0.0,5.0,,21:24.0
2026-05-15 21:25:00+00:00,568.0,-0.186,-0.321,0.075,-21.213,21.213,0.0,2.118,0.07,8.254,8.25,9.998,40.0,7.427,36.63,86.88,82.54,20.15,16.21,-46.71,21.1,82.3,4.288,4.274,1.0,1070.0,1059.0,30.4,21.0,27.8,715.0,212.0,208.0,1.332,0.0,-0.0552,-0.0919,1.34,3220000000.0,96.9,0.0,0.0,5.0,,21:25.0
2026-05-15 21:26:00+00:00,569.0,-0.54,0.033,0.075,-21.213,21.213,0.0,2.118,0.07,8.248,8.25,10.0,40.0,7.428,36.63,86.86,82.54,20.15,16.21,-46.71,21.1,82.3,4.289,4.282,1.0,1070.0,1059.0,30.5,21.0,27.8,1916.0,214.0,208.0,1.461,0.0,-0.0559,-0.0893,1.47,3220000000.0,96.9,0.0,0.0,5.0,,21:26.0
2026-05-15 21:27:00+00:00,570.0,-0.474,-0.097,0.075,21.213,-21.213,0.0,2.118,0.07,8.247,8.25,9.996,40.0,7.428,36.63,86.86,82.54,20.15,16.21,-46.71,21.1,82.3,4.29,4.275,1.0,1070.0,1060.0,30.5,21.0,27.8,419.0,213.0,208.0,1.352,0.0,-0.053,-0.086,1.36,3220000000.0,96.9,0.0,0.0,5.0,,21:27.0
2026-05-15 21:28:00+00:00,572.0,-0.12,-0.451,0.075,21.213,-21.213,0.0,2.118,0.07,8.259,8.25,9.999,40.0,7.43,36.63,86.86,82.54,20.14,16.21,-46.71,21.1,82.3,4.295,4.275,1.0,1070.0,1059.0,30.5,21.0,27.8,1411.0,212.0,208.0,1.431,0.0,-0.0561,-0.0893,1.44,3220000000.0,96.9,0.0,0.0,5.0,,21:28.0
2026-05-15 21:29:00+00:00,573.0,-0.054,-0.58,0.075,-21.213,21.213,0.0,2.118,0.07,8.243,8.25,9.999,40.0,7.429,36.63,86.86,82.54,20.15,16.21,-46.71,21.1,82.3,4.293,4.28,1.0,1070.0,1062.0,30.5,21.0,27.8,93.0,212.0,208.0,1.441,0.4466,-0.0485,-0.078,1.45,65536.0,96.9,0.0,0.0,5.0,,21:29.0
2026-05-15 21:30:00+00:00,573.0,-0.408,-0.227,0.075,-21.213,21.213,0.0,2.118,0.07,8.253,8.25,10.001,40.0,7.43,36.63,86.86,82.54,20.14,16.21,-46.71,21.1,82.3,4.283,4.28,1.0,1070.0,1059.0,30.5,21.0,27.8,1133.0,212.0,208.0,1.382,0.0,-0.0548,-0.0907,1.39,3220000000.0,96.9,0.0,0.0,5.0,,21:30.0
2026-05-15 21:31:00+00:00,574.0,-0.623,-0.075,0.075,21.213,-21.213,0.0,2.118,0.07,8.248,8.25,10.002,40.0,7.431,36.63,86.86,82.54,20.14,16.21,-46.71,21.1,82.3,4.287,4.273,1.0,1070.0,1062.0,30.5,21.0,27.8,0.0,212.0,207.0,1.471,0.4347,-0.0539,-0.0889,1.48,65536.0,96.9,0.0,0.0,5.0,,21:31.0
2026-05-15 21:32:06+00:00,575.0,-0.252,-0.446,0.075,21.213,-21.213,0.0,2.118,0.07,8.248,8.25,9.999,40.0,7.427,36.63,86.86,82.54,20.15,16.21,-46.71,21.1,82.3,4.293,4.277,1.0,1070.0,1059.0,30.5,21.0,27.8,1179.0,212.0,208.0,1.372,0.0,-0.0561,-0.0899,1.38,3220000000.0,96.9,0.0,0.0,5.0,,21:32.1
2026-05-15 21:33:06+00:00,577.0,-0.176,-0.585,0.075,-21.213,21.213,0.0,2.118,0.07,8.249,8.25,9.999,40.0,7.428,36.63,86.86,82.54,20.14,16.21,-46.71,21.1,82.3,4.288,4.284,0.0,1070.0,1062.0,30.5,21.0,27.8,38.0,213.0,207.0,1.431,0.5158,-0.0535,-0.0816,1.44,0.0,96.9,0.0,0.0,5.0,,21:33.1
2026-05-15 21:34:06+00:00,578.0,-0.53,-0.232,0.075,-21.213,21.213,0.0,2.118,0.07,8.249,8.25,10.0,40.0,7.429,36.63,86.86,82.54,20.14,16.21,-46.71,21.1,82.3,4.287,4.28,1.0,1070.0,1059.0,30.5,21.0,27.8,1239.0,217.0,208.0,1.392,0.0,-0.0557,-0.0917,1.4,3220000000.0,96.9,0.0,0.0,5.0,,21:34.1
2026-05-15 21:35:06+00:00,578.0,-0.501,-0.324,0.075,21.213,-21.213,0.0,2.118,0.07,8.253,8.25,9.997,40.0,7.423,36.63,86.86,82.54,20.15,16.21,-46.71,21.1,82.3,4.29,4.285,1.0,1070.0,1059.0,30.5,21.0,27.8,300.0,213.0,207.0,1.332,0.3809,-0.0509,-0.0783,1.34,65536.0,96.9,0.0,0.0,5.0,,21:35.1
2026-05-15 21:36:06+00:00,580.0,-0.194,-0.669,0.075,-40.0,0.0,0.0,2.118,0.07,8.261,8.25,10.0,40.0,7.429,36.63,86.86,82.54,20.14,16.21,-46.71,21.1,82.3,4.29,4.283,0.0,1070.0,1059.0,30.5,21.1,27.8,0.0,220.0,208.0,1.411,0.0,-0.0553,-0.0897,1.42,3220000000.0,96.9,0.0,0.0,5.0,,21:36.1
2026-05-15 21:37:06+00:00,581.0,-0.553,-0.336,0.075,-21.213,21.213,0.0,2.118,0.07,8.245,8.25,9.997,40.0,7.428,36.63,86.86,82.54,20.14,16.21,-46.71,21.1,82.3,4.285,4.273,1.0,1070.0,1059.0,30.5,21.1,27.8,876.0,212.0,208.0,1.312,0.0,-0.054,-0.0892,1.32,3220000000.0,96.9,0.0,0.0,5.0,,21:37.1
2026-05-15 21:38:06+00:00,582.0,-0.478,-0.475,0.075,21.213,-21.213,0.0,2.118,0.07,8.26,8.25,10.005,40.0,7.436,36.63,86.86,82.53,20.14,16.21,-46.71,21.1,82.3,4.284,4.269,1.0,1070.0,1059.0,30.5,21.1,27.8,321.0,212.0,208.0,1.342,0.0,-0.0507,-0.0824,1.35,3220000000.0,96.9,0.0,0.0,5.0,,21:38.1
2026-05-15 21:39:06+00:00,582.0,-0.46,-0.556,0.075,-21.213,21.213,0.0,2.118,0.07,8.239,8.25,9.996,40.0,7.426,36.63,86.86,82.53,20.15,16.21,-46.71,21.1,82.3,4.291,4.278,1.0,1070.0,1062.0,30.5,21.1,27.8,225.0,212.0,207.0,1.372,0.4045,-0.0507,-0.0785,1.38,65536.0,96.9,0.0,0.0,5.0,,21:39.1
2026-05-15 21:40:06+00:00,583.0,-0.571,-0.509,0.075,21.213,-21.213,0.0,2.118,0.07,8.258,8.25,9.995,40.0,7.425,36.63,86.86,82.53,20.14,16.21,-46.71,21.1,82.3,4.288,4.277,1.0,1070.0,707.0,30.5,21.1,27.8,218.0,212.0,207.0,1.352,0.3939,-0.0495,-0.0804,1.36,65536.0,96.9,0.0,0.0,5.0,,21:40.1
2026-05-15 21:41:12+00:00,584.0,-0.639,-0.505,0.075,-21.213,21.213,0.0,2.118,0.07,8.248,8.25,10.003,40.0,7.432,36.63,86.86,82.53,20.13,16.21,-46.71,21.1,82.3,4.286,4.281,1.0,1070.0,1062.0,30.5,21.1,27.8,426.0,212.0,207.0,1.292,0.0,-0.0519,-0.0847,1.3,3220000000.0,96.9,0.0,0.0,5.0,,21:41.2
2026-05-15 21:42:12+00:00,586.0,-0.669,-0.65,0.075,0.0,-40.0,0.0,2.118,0.07,8.254,8.25,9.997,40.0,7.427,36.63,86.86,82.53,20.14,16.21,-46.71,21.1,82.3,4.29,4.277,1.0,1070.0,221.0,30.5,21.1,27.8,163.0,0.0,0.0,1.203,0.4723,-0.0517,-0.0811,1.21,65536.0,96.9,0.0,0.0,5.0,,21:42.2
2026-05-15 21:43:12+00:00,586.0,-0.665,-0.669,0.09,0.0,0.0,0.0,2.118,0.07,8.242,8.25,9.996,40.0,7.426,36.63,86.86,82.53,20.14,16.21,-46.71,21.1,82.3,4.298,4.28,0.0,1070.0,0.0,30.5,21.1,27.8,0.0,0.0,0.0,1.044,0.0,-0.0383,-0.0558,1.05,3220000000.0,96.9,0.0,0.0,6.0,,21:43.2
2026-05-15 21:44:12+00:00,586.0,-0.665,-0.669,0.09,0.0,0.0,0.0,2.118,0.07,8.241,8.25,10.0,40.0,7.429,36.63,86.86,82.53,20.14,16.21,-46.71,21.1,82.3,4.291,4.278,0.0,1070.0,0.0,30.5,21.1,27.8,0.0,0.0,0.0,1.044,0.0,-0.0383,-0.0558,1.05,3220000000.0,96.9,0.0,0.0,6.0,,21:44.2
2026-05-15 21:45:12+00:00,588.0,-0.669,-0.165,0.09,0.0,30.0,0.0,2.118,0.07,8.248,8.25,9.995,40.0,7.429,36.63,86.86,82.53,20.13,16.21,-46.71,21.1,82.3,4.285,4.268,1.0,1070.0,1062.0,30.5,21.1,27.8,949.0,212.0,208.0,0.815,0.0,-0.0715,-0.1343,0.82,2680000000.0,96.9,0.0,0.0,6.0,,21:45.2
2026-05-15 21:46:12+00:00,589.0,-0.669,0.36,0.09,0.0,30.0,0.0,2.118,0.07,8.252,8.25,10.001,40.0,7.432,36.63,86.86,82.53,20.14,16.21,-46.71,21.0,82.3,4.283,4.272,1.0,1070.0,1062.0,30.5,21.1,27.8,1909.0,212.0,207.0,1.431,0.0,-0.0627,-0.1094,1.44,2680000000.0,96.9,0.0,0.0,6.0,,21:46.2
2026-05-15 21:47:12+00:00,591.0,-0.484,0.669,0.09,30.0,0.0,0.0,2.118,0.07,8.249,8.25,9.998,40.0,7.427,36.63,86.86,82.53,20.15,16.21,-46.71,21.0,82.3,4.29,4.275,1.0,1070.0,1062.0,30.5,21.1,27.8,2871.0,212.0,207.0,1.471,0.0,-0.0588,-0.0961,1.48,3220000000.0,96.9,0.0,0.0,6.0,,21:47.2
2026-05-15 21:48:12+00:00,592.0,0.016,0.669,0.09,30.0,0.0,0.0,2.118,0.07,8.251,8.25,10.003,40.0,7.434,36.63,86.86,82.53,20.14,16.21,-46.71,21.0,82.3,4.29,4.272,1.0,1070.0,1062.0,30.5,21.1,27.8,4030.0,212.0,207.0,1.481,0.0,-0.0563,-0.0929,1.49,3220000000.0,96.9,0.0,1.0,6.0,,21:48.2
2026-05-15 21:49:12+00:00,592.0,0.516,0.669,0.09,30.0,0.0,0.0,2.118,0.07,8.245,8.25,9.994,40.0,7.427,36.63,86.86,82.53,20.14,16.21,-46.71,21.0,82.3,4.294,4.277,1.0,1070.0,1062.0,30.5,21.1,27.8,5060.0,212.0,207.0,1.481,0.0,-0.0563,-0.0888,1.49,3220000000.0,96.9,0.0,1.0,6.0,,21:49.2
2026-05-15 21:50:12+00:00,593.0,0.669,0.328,0.09,0.0,-30.0,0.0,2.118,0.07,8.252,8.25,9.998,40.0,7.424,36.63,86.86,82.53,20.16,16.21,-46.71,21.0,82.3,4.287,4.277,1.0,1070.0,1062.0,30.5,21.1,27.8,6073.0,212.0,208.0,1.481,0.0,-0.055,-0.0874,1.49,3220000000.0,96.9,0.0,1.0,6.0,,21:50.2
2026-05-15 21:51:18+00:00,594.0,0.669,-0.197,0.09,0.0,-30.0,0.0,2.118,0.07,8.244,8.25,9.998,40.0,7.428,36.63,86.86,82.53,20.14,16.21,-46.71,21.0,82.3,4.287,4.274,1.0,1070.0,1060.0,30.5,21.1,27.8,6931.0,214.0,207.0,1.481,0.0,-0.0559,-0.0856,1.49,3220000000.0,96.9,0.0,1.0,6.0,,21:51.3
2026-05-15 21:52:18+00:00,595.0,0.646,-0.669,0.09,-30.0,0.0,0.0,2.118,0.07,8.257,8.25,10.002,40.0,7.435,36.63,86.85,82.53,20.13,16.21,-46.71,21.0,82.3,4.285,4.271,1.0,1070.0,1059.0,30.6,21.1,27.8,8117.0,212.0,207.0,1.481,0.0,-0.0536,-0.085,1.49,3220000000.0,96.9,0.0,1.0,6.0,,21:52.3
2026-05-15 21:53:18+00:00,597.0,0.146,-0.669,0.09,-30.0,0.0,0.0,2.118,0.07,8.245,8.25,10.003,40.0,7.431,36.63,86.85,82.53,20.14,16.21,-46.71,21.0,82.3,4.285,4.276,1.0,1070.0,1059.0,30.6,21.1,27.8,9092.0,212.0,207.0,1.481,0.0,-0.0527,-0.0853,1.49,3220000000.0,96.9,0.0,1.0,6.0,,21:53.3
2026-05-15 21:54:18+00:00,598.0,-0.354,-0.669,0.09,-30.0,0.0,0.0,2.118,0.07,8.259,8.25,10.0,40.0,7.43,36.63,86.85,82.53,20.14,16.21,-46.71,21.0,82.3,4.286,4.275,1.0,1070.0,1059.0,30.6,21.1,27.8,10091.0,212.0,208.0,1.471,0.0,-0.0532,-0.0843,1.48,3220000000.0,96.9,0.0,1.0,6.0,,21:54.3
2026-05-15 21:55:18+00:00,598.0,-0.636,-0.544,0.09,0.0,30.0,0.0,2.118,0.07,8.244,8.25,9.998,40.0,7.429,36.63,86.85,82.53,20.14,16.21,-46.71,21.0,82.3,4.294,4.277,1.0,1070.0,74.0,30.6,21.0,27.8,171.0,222.0,213.0,1.431,0.4959,-0.0516,-0.0789,1.44,0.0,96.9,0.0,0.0,6.0,,21:55.3
2026-05-15 21:56:18+00:00,599.0,-0.636,-0.019,0.09,0.0,30.0,0.0,2.118,0.07,8.252,8.25,10.001,40.0,7.432,36.63,86.85,82.51,20.13,16.21,-46.71,21.0,82.3,4.289,4.274,1.0,1070.0,1059.0,30.5,21.0,27.8,1195.0,219.0,208.0,1.411,0.0,-0.0536,-0.0858,1.42,3220000000.0,96.9,0.0,0.0,6.0,,21:56.3
2026-05-15 21:57:18+00:00,600.0,-0.636,0.481,0.09,0.0,30.0,0.0,2.118,0.07,8.247,8.25,9.995,40.0,7.426,36.63,86.85,82.51,20.15,16.21,-46.71,21.0,82.3,4.286,4.28,1.0,1070.0,1059.0,30.5,21.0,27.8,2212.0,222.0,208.0,1.481,0.0,-0.0545,-0.0848,1.49,3220000000.0,96.9,0.0,0.0,6.0,,21:57.3
2026-05-15 21:58:18+00:00,602.0,-0.591,0.41,0.09,0.0,-30.0,0.0,2.118,0.07,8.245,8.25,10.004,40.0,7.432,36.63,86.85,82.51,20.15,16.21,-46.71,21.0,82.3,4.284,4.274,1.0,1070.0,1060.0,30.5,20.9,27.8,429.0,213.0,208.0,1.362,0.372,-0.0496,-0.0774,1.37,65536.0,96.9,0.0,0.0,6.0,,21:58.3
2026-05-15 21:59:24+00:00,603.0,-0.591,-0.09,0.09,0.0,-30.0,0.0,2.118,0.07,8.249,8.25,10.002,40.0,7.43,36.63,86.85,82.51,20.14,16.21,-46.71,21.0,82.3,4.283,4.271,1.0,1070.0,1059.0,30.5,20.8,27.8,1509.0,213.0,207.0,1.451,0.0,-0.0534,-0.0853,1.46,3220000000.0,96.9,0.0,0.0,6.0,,21:59.4
2026-05-15 22:00:24+00:00,604.0,-0.591,-0.615,0.09,0.0,-30.0,0.0,2.118,0.07,8.243,8.25,10.001,40.0,7.432,36.63,86.85,82.51,20.14,16.21,-46.71,21.0,82.3,4.287,4.272,1.0,1070.0,1059.0,30.6,20.8,27.8,2443.0,220.0,207.0,1.481,0.0,-0.0533,-0.0837,1.49,3220000000.0,96.9,0.0,0.0,6.0,,22:00.4
2026-05-15 22:01:24+00:00,605.0,-0.546,-0.276,0.09,0.0,30.0,0.0,2.118,0.07,8.255,8.25,10.001,40.0,7.431,36.63,86.85,82.51,20.14,16.21,-46.71,21.0,82.3,4.286,4.275,1.0,1070.0,1059.0,30.6,20.7,27.8,541.0,212.0,207.0,1.352,0.0,-0.0535,-0.084,1.36,3220000000.0,96.9,0.0,0.0,6.0,,22:01.4
2026-05-15 22:02:24+00:00,605.0,-0.546,0.224,0.09,0.0,30.0,0.0,2.118,0.07,8.247,8.25,10.002,40.0,7.431,36.63,86.85,82.51,20.14,16.21,-46.71,21.0,82.2,4.287,4.281,1.0,1070.0,1059.0,30.6,20.7,27.8,1707.0,212.0,208.0,1.451,0.0,-0.0539,-0.0846,1.46,3220000000.0,96.9,0.0,0.0,6.0,,22:02.4
2026-05-15 22:03:24+00:00,607.0,-0.501,0.667,0.09,0.0,-30.0,0.0,2.118,0.07,8.256,8.25,10.0,40.0,7.43,36.63,86.85,82.51,20.14,16.21,-46.71,21.0,82.2,4.295,4.274,1.0,1070.0,603.0,30.6,20.7,27.8,2497.0,212.0,208.0,1.471,0.0,-0.0545,-0.083,1.48,3220000000.0,96.9,0.0,0.0,6.0,,22:03.4
2026-05-15 22:04:24+00:00,608.0,-0.501,0.142,0.09,0.0,-30.0,0.0,2.118,0.07,8.247,8.25,10.0,40.0,7.43,36.63,86.85,82.51,20.15,16.21,-46.71,21.0,82.3,4.293,4.276,1.0,1070.0,1060.0,30.6,20.6,27.8,782.0,212.0,208.0,1.372,0.0,-0.0531,-0.0839,1.38,3220000000.0,96.9,0.0,0.0,6.0,,22:04.4
2026-05-15 22:05:24+00:00,609.0,-0.501,-0.333,0.09,0.0,-30.0,0.0,2.118,0.07,8.256,8.25,9.995,40.0,7.427,36.63,86.85,82.51,20.14,16.21,-46.71,21.0,82.2,4.293,4.277,1.0,1070.0,1059.0,30.6,20.6,27.8,1710.0,212.0,207.0,1.461,0.0,-0.0539,-0.0835,1.47,3220000000.0,96.9,0.0,0.0,6.0,,22:05.4
2026-05-15 22:06:24+00:00,609.0,-0.456,-0.533,0.09,0.0,30.0,0.0,2.118,0.07,8.253,8.25,9.994,40.0,7.425,36.63,86.85,82.51,20.14,16.21,-46.71,21.0,82.2,4.287,4.272,1.0,1070.0,1062.0,30.6,20.6,27.8,14.0,0.0,0.0,1.461,0.4528,-0.0506,-0.0762,1.47,65536.0,96.9,0.0,0.0,6.0,,22:06.4
2026-05-15 22:07:24+00:00,610.0,-0.456,-0.033,0.09,0.0,30.0,0.0,2.118,0.07,8.255,8.25,10.001,40.0,7.432,36.63,86.83,82.51,20.14,16.21,-46.71,21.0,82.2,4.283,4.268,1.0,1070.0,1059.0,30.6,20.5,27.8,1135.0,212.0,207.0,1.392,0.0,-0.0542,-0.0846,1.4,3220000000.0,96.9,0.0,0.0,6.0,,22:07.4
2026-05-15 22:08:30+00:00,612.0,-0.456,0.467,0.09,0.0,30.0,0.0,2.118,0.07,8.243,8.25,9.999,40.0,7.425,36.63,86.83,82.51,20.15,16.21,-46.71,21.0,82.2,4.288,4.273,1.0,1070.0,1059.0,30.6,20.5,27.8,1935.0,212.0,207.0,1.471,0.0,-0.0538,-0.0837,1.48,3220000000.0,96.9,0.0,0.0,6.0,,22:08.5
2026-05-15 22:09:30+00:00,613.0,-0.411,0.399,0.09,0.0,-30.0,0.0,2.118,0.07,8.26,8.25,9.996,40.0,7.427,36.63,86.83,82.51,20.14,16.21,-46.71,21.0,82.2,4.29,4.28,1.0,1070.0,1062.0,30.6,20.4,27.8,417.0,212.0,208.0,1.382,0.0,-0.052,-0.0803,1.39,3220000000.0,96.9,0.0,0.0,6.0,,22:09.5
2026-05-15 22:10:30+00:00,613.0,-0.411,-0.101,0.09,0.0,-30.0,0.0,2.118,0.07,8.242,8.25,10.0,40.0,7.43,36.63,86.83,82.51,20.14,16.21,-46.71,21.0,82.2,4.294,4.28,1.0,1070.0,1059.0,30.6,20.4,27.8,1157.0,212.0,208.0,1.441,0.0,-0.0535,-0.0848,1.45,3220000000.0,96.9,0.0,0.0,6.0,,22:10.5
2026-05-15 22:11:30+00:00,615.0,-0.411,-0.601,0.09,0.0,-30.0,0.0,2.118,0.07,8.256,8.25,10.0,40.0,7.43,36.63,86.83,82.51,20.15,16.21,-46.71,21.0,82.2,4.29,4.275,1.0,1070.0,1059.0,30.6,20.4,27.8,2558.0,212.0,208.0,1.481,0.0,-0.0542,-0.0842,1.49,3220000000.0,96.9,0.0,0.0,6.0,,22:11.5
2026-05-15 22:12:30+00:00,616.0,-0.366,-0.29,0.09,0.0,30.0,0.0,2.118,0.07,8.243,8.25,9.997,40.0,7.427,36.63,86.83,82.49,20.15,16.22,-46.71,21.0,82.2,4.291,4.282,1.0,1070.0,1060.0,30.6,20.4,27.8,758.0,212.0,207.0,1.352,0.0,-0.0533,-0.084,1.36,3220000000.0,96.9,0.0,0.0,6.0,,22:12.5
2026-05-15 22:13:30+00:00,617.0,-0.366,0.21,0.09,0.0,30.0,0.0,2.118,0.07,8.256,8.25,10.004,40.0,7.431,36.63,86.83,82.49,20.15,16.22,-46.71,21.0,82.2,4.291,4.275,1.0,1070.0,1060.0,30.6,20.4,27.8,1767.0,213.0,208.0,1.461,0.0,-0.0539,-0.0857,1.47,3220000000.0,96.9,0.0,0.0,6.0,,22:13.5
2026-05-15 22:14:30+00:00,618.0,-0.321,0.656,0.09,0.0,-30.0,0.0,2.118,0.07,8.246,8.25,10.002,40.0,7.43,36.63,86.83,82.49,20.14,16.21,-46.71,21.0,82.2,4.285,4.269,1.0,1070.0,1059.0,30.6,20.4,27.8,2578.0,212.0,207.0,1.481,0.3857,-0.053,-0.0839,1.49,65536.0,96.9,0.0,0.0,6.0,,22:14.5
2026-05-15 22:15:30+00:00,619.0,-0.321,0.156,0.09,0.0,-30.0,0.0,2.118,0.07,8.255,8.25,10.002,40.0,7.429,36.63,86.83,82.49,20.14,16.21,-46.71,21.0,82.2,4.282,4.276,1.0,1070.0,1060.0,30.6,20.4,27.8,806.0,212.0,207.0,1.372,0.0,-0.053,-0.0839,1.38,3220000000.0,96.9,0.0,0.0,6.0,,22:15.5
2026-05-15 22:16:30+00:00,619.0,-0.321,-0.344,0.09,0.0,-30.0,0.0,2.118,0.07,8.252,8.25,9.998,40.0,7.428,36.62,86.83,82.49,20.14,16.21,-46.71,21.0,82.2,4.296,4.277,1.0,1070.0,1059.0,30.6,20.4,27.8,2020.0,212.0,208.0,1.471,0.0,-0.0538,-0.0846,1.48,3220000000.0,96.9,0.0,0.0,6.0,,22:16.5
2026-05-15 22:17:30+00:00,621.0,-0.276,-0.547,0.09,0.0,30.0,0.0,2.118,0.07,8.253,8.25,9.999,40.0,7.428,36.62,86.83,82.49,20.14,16.21,-46.71,21.0,82.2,4.288,4.277,1.0,1070.0,484.0,30.6,20.4,27.8,0.0,212.0,207.0,1.451,0.4804,-0.0502,-0.0801,1.46,0.0,96.9,0.0,0.0,6.0,,22:17.5
2026-05-15 22:18:36+00:00,622.0,-0.276,-0.047,0.09,0.0,30.0,0.0,2.118,0.07,8.247,8.25,10.0,40.0,7.426,36.63,86.83,82.49,20.15,16.21,-46.71,21.0,82.2,4.297,4.28,1.0,1070.0,1060.0,30.6,20.4,27.8,1035.0,212.0,208.0,1.422,0.0,-0.0545,-0.0874,1.43,3220000000.0,96.9,0.0,0.0,6.0,,22:18.6
2026-05-15 22:19:36+00:00,623.0,-0.276,0.478,0.09,0.0,30.0,0.0,2.118,0.07,8.241,8.25,10.005,40.0,7.43,36.63,86.83,82.49,20.15,16.22,-46.71,21.0,82.2,4.299,4.274,1.0,1070.0,1059.0,30.6,20.4,27.8,2173.0,212.0,207.0,1.481,0.0,-0.0547,-0.0849,1.49,3220000000.0,96.9,0.0,0.0,6.0,,22:19.6
2026-05-15 22:20:36+00:00,624.0,-0.231,0.438,0.09,0.0,-30.0,0.0,2.118,0.07,8.254,8.25,10.006,40.0,7.433,36.63,86.83,82.49,20.14,16.21,-46.71,21.0,82.2,4.285,4.277,1.0,1070.0,1060.0,30.5,20.4,27.8,223.0,219.0,207.0,1.412,0.0,-0.0519,-0.0813,1.42,3220000000.0,96.9,0.0,0.0,6.0,,22:20.6
2026-05-15 22:21:36+00:00,625.0,-0.231,-0.087,0.09,0.0,-30.0,0.0,2.118,0.07,8.242,8.25,9.997,40.0,7.429,36.63,86.83,82.49,20.14,16.22,-46.71,21.0,82.2,4.284,4.273,1.0,1070.0,1059.0,30.5,20.5,27.8,1444.0,212.0,207.0,1.441,0.0,-0.0541,-0.0874,1.45,3220000000.0,96.9,0.0,0.0,6.0,,22:21.6
2026-05-15 22:22:36+00:00,626.0,-0.231,-0.587,0.09,0.0,-30.0,0.0,2.118,0.07,8.252,8.25,9.998,40.0,7.428,36.62,86.83,82.49,20.14,16.21,-46.71,21.0,82.2,4.285,4.275,1.0,1070.0,1059.0,30.5,20.5,27.8,2473.0,212.0,207.0,1.481,0.0,-0.0536,-0.0869,1.49,3220000000.0,96.9,0.0,0.0,6.0,,22:22.6
2026-05-15 22:23:36+00:00,627.0,-0.186,-0.304,0.09,0.0,30.0,0.0,2.118,0.07,8.247,8.25,9.996,40.0,7.425,36.63,86.81,82.49,20.14,16.21,-46.71,21.0,82.2,4.29,4.275,1.0,1070.0,1060.0,30.6,20.5,27.8,449.0,212.0,208.0,1.362,0.0,-0.0537,-0.0856,1.37,3220000000.0,96.9,0.0,0.0,6.0,,22:23.6
2026-05-15 22:24:36+00:00,628.0,-0.186,0.196,0.09,0.0,30.0,0.0,2.118,0.07,8.254,8.25,9.998,40.0,7.428,36.62,86.81,82.49,20.14,16.21,-46.71,21.0,82.2,4.289,4.278,1.0,1070.0,1059.0,30.6,20.5,27.8,1626.0,212.0,207.0,1.461,0.0,-0.0541,-0.0882,1.47,3220000000.0,96.9,0.0,0.0,6.0,,22:24.6
2026-05-15 22:25:36+00:00,629.0,-0.141,0.669,0.09,0.0,-30.0,0.0,2.118,0.07,8.251,8.25,9.998,40.0,7.429,36.62,86.81,82.49,20.14,16.21,-46.71,21.0,82.2,4.289,4.28,1.0,1070.0,1059.0,30.6,20.5,27.8,2449.0,212.0,208.0,1.481,0.0,-0.0553,-0.0869,1.49,3220000000.0,96.9,0.0,0.0,6.0,,22:25.6
2026-05-15 22:26:36+00:00,630.0,-0.141,0.17,0.09,0.0,-30.0,0.0,2.118,0.07,8.252,8.25,9.999,40.0,7.427,36.62,86.81,82.49,20.14,16.21,-46.71,21.0,82.2,4.299,4.28,1.0,1070.0,1059.0,30.6,20.5,27.8,1025.0,212.0,207.0,1.372,0.0,-0.0544,-0.0899,1.38,3220000000.0,96.9,0.0,0.0,6.0,,22:26.6
2026-05-15 22:27:36+00:00,631.0,-0.141,-0.33,0.09,0.0,-30.0,0.0,2.118,0.07,8.245,8.25,10.0,40.0,7.428,36.62,86.81,82.47,20.14,16.21,-46.71,21.0,82.2,4.293,4.273,1.0,1070.0,1059.0,30.6,20.5,27.8,1743.0,216.0,208.0,1.471,0.0,-0.0552,-0.0889,1.48,3220000000.0,96.9,0.0,0.0,6.0,,22:27.6
2026-05-15 22:28:42+00:00,632.0,-0.096,-0.561,0.09,0.0,30.0,0.0,2.118,0.07,8.259,8.25,10.0,40.0,7.43,36.62,86.81,82.47,20.14,16.21,-46.71,21.0,82.2,4.288,4.272,1.0,1070.0,1062.0,30.6,20.5,27.8,0.0,219.0,208.0,1.461,0.4737,-0.0541,-0.0863,1.47,65536.0,96.9,0.0,0.0,6.0,,22:28.7
2026-05-15 22:29:42+00:00,632.0,-0.096,-0.036,0.09,0.0,30.0,0.0,2.118,0.07,8.244,8.25,10.0,40.0,7.428,36.62,86.81,82.47,20.14,16.21,-46.71,21.0,82.2,4.288,4.277,1.0,1070.0,1060.0,30.6,20.5,27.8,1120.0,212.0,207.0,1.422,0.0,-0.0557,-0.0915,1.43,3220000000.0,96.9,0.0,0.0,6.0,,22:29.7
2026-05-15 22:30:42+00:00,634.0,-0.096,0.464,0.09,0.0,30.0,0.0,2.118,0.07,8.256,8.25,10.004,40.01,7.427,36.62,86.81,82.47,20.15,16.21,-46.71,21.0,82.2,4.294,4.275,1.0,1070.0,1059.0,30.6,20.5,27.8,2077.0,212.0,208.0,1.481,0.0,-0.0538,-0.0907,1.49,3220000000.0,96.9,0.0,0.0,6.0,,22:30.7
2026-05-15 22:31:42+00:00,635.0,-0.051,0.427,0.09,0.0,-30.0,0.0,2.118,0.07,8.243,8.25,9.998,40.0,7.425,36.63,86.81,82.47,20.15,16.22,-46.71,21.0,82.2,4.299,4.277,1.0,1070.0,1060.0,30.6,20.5,27.8,506.0,219.0,207.0,1.402,0.0,-0.0518,-0.0852,1.41,3220000000.0,96.9,0.0,0.0,6.0,,22:31.7
2026-05-15 22:32:42+00:00,636.0,-0.051,-0.073,0.09,0.0,-30.0,0.0,2.118,0.07,8.256,8.25,10.004,40.0,7.432,36.62,86.81,82.47,20.15,16.22,-46.71,21.0,82.2,4.293,4.277,1.0,1070.0,1060.0,30.6,20.5,27.8,1497.0,212.0,208.0,1.441,0.0,-0.0551,-0.0914,1.45,3220000000.0,96.9,0.0,0.0,6.0,,22:32.7
2026-05-15 22:33:42+00:00,637.0,-0.051,-0.598,0.09,0.0,-30.0,0.0,2.118,0.07,8.251,8.25,10.002,40.0,7.427,36.63,86.81,82.47,20.15,16.21,-46.71,20.9,82.2,4.295,4.281,1.0,1070.0,1059.0,30.6,20.5,27.8,2320.0,212.0,207.0,1.491,0.0,-0.055,-0.0908,1.5,3220000000.0,96.9,0.0,0.0,6.0,,22:33.7
2026-05-15 22:34:42+00:00,638.0,-0.006,-0.293,0.09,0.0,30.0,0.0,2.118,0.07,8.256,8.25,10.001,40.0,7.429,36.63,86.81,82.47,20.14,16.21,-46.71,20.9,82.2,4.293,4.276,1.0,1070.0,1060.0,30.6,20.6,27.8,544.0,212.0,207.0,1.362,0.0,-0.0533,-0.0895,1.37,3220000000.0,96.9,0.0,0.0,6.0,,22:34.7
2026-05-15 22:35:42+00:00,639.0,-0.006,0.207,0.09,0.0,30.0,0.0,2.118,0.07,8.252,8.25,10.005,40.0,7.432,36.63,86.81,82.47,20.14,16.21,-46.71,20.9,82.2,4.289,4.276,1.0,1070.0,1059.0,30.6,20.6,27.8,1734.0,220.0,207.0,1.461,0.0,-0.0568,-0.0914,1.47,3220000000.0,96.9,0.0,0.0,6.0,,22:35.7
2026-05-15 22:36:42+00:00,640.0,0.032,0.669,0.09,14.287,0.0,0.0,2.118,0.07,8.247,8.25,10.001,40.0,7.431,36.62,86.81,82.47,20.14,16.22,-46.71,20.9,82.2,4.284,4.271,1.0,1070.0,1059.0,30.6,20.6,27.8,2605.0,212.0,207.0,1.491,0.0,-0.0543,-0.091,1.5,3220000000.0,96.9,0.0,0.0,6.0,,22:36.7
2026-05-15 22:37:48+00:00,641.0,0.039,0.159,0.09,0.0,-30.0,0.0,2.118,0.07,8.254,8.25,9.999,40.0,7.427,36.63,86.81,82.47,20.15,16.22,-46.71,20.9,82.2,4.295,4.275,1.0,1070.0,1060.0,30.6,20.6,27.8,997.0,212.0,208.0,1.372,0.0,-0.0549,-0.0914,1.38,3220000000.0,96.9,0.0,0.0,6.0,,22:37.8
2026-05-15 22:38:48+00:00,642.0,0.039,-0.341,0.09,0.0,-30.0,0.0,2.118,0.07,8.247,8.25,10.001,40.0,7.429,36.63,86.79,82.47,20.15,16.21,-46.71,20.9,82.2,4.293,4.274,1.0,1070.0,1059.0,30.6,20.6,27.8,1738.0,218.0,207.0,1.481,0.0,-0.0552,-0.0912,1.49,3220000000.0,96.9,0.0,0.0,6.0,,22:38.8
2026-05-15 22:39:48+00:00,643.0,0.084,-0.55,0.09,0.0,30.0,0.0,2.118,0.07,8.256,8.25,9.999,40.0,7.428,36.62,86.79,82.47,20.14,16.21,-46.71,20.9,82.2,4.291,4.276,1.0,1070.0,930.0,30.6,20.6,27.8,0.0,0.0,0.0,1.481,0.4476,-0.0517,-0.0844,1.49,65536.0,96.9,0.0,0.0,6.0,,22:39.8
2026-05-15 22:40:48+00:00,644.0,0.084,-0.05,0.09,0.0,30.0,0.0,2.118,0.07,8.245,8.25,10.002,40.0,7.428,36.63,86.79,82.47,20.15,16.21,-46.71,20.9,82.2,4.291,4.281,1.0,1070.0,1059.0,30.6,20.6,27.8,1217.0,212.0,207.0,1.402,0.0,-0.0552,-0.0926,1.41,3220000000.0,96.9,0.0,0.0,6.0,,22:40.8
2026-05-15 22:41:48+00:00,645.0,0.084,0.45,0.09,0.0,30.0,0.0,2.118,0.07,8.249,8.25,10.004,40.0,7.43,36.63,86.79,82.47,20.15,16.21,-46.71,20.9,82.2,4.293,4.277,1.0,1070.0,1059.0,30.6,20.6,27.8,1961.0,212.0,207.0,1.481,0.0,-0.0572,-0.0913,1.49,3220000000.0,96.9,0.0,0.0,6.0,,22:41.8
2026-05-15 22:42:48+00:00,646.0,0.129,0.416,0.09,0.0,-30.0,0.0,2.118,0.07,8.245,8.25,10.001,40.0,7.43,36.62,86.79,82.47,20.14,16.21,-46.71,20.9,82.2,4.283,4.274,1.0,1070.0,1060.0,30.6,20.6,27.8,379.0,219.0,208.0,1.392,0.4044,-0.0518,-0.0833,1.4,65536.0,96.9,0.0,0.0,6.0,,22:42.8
2026-05-15 22:43:48+00:00,647.0,0.129,-0.084,0.09,0.0,-30.0,0.0,2.118,0.07,8.251,8.25,9.998,40.0,7.428,36.62,86.79,82.47,20.14,16.21,-46.71,20.9,82.2,4.283,4.271,1.0,1070.0,1059.0,30.6,20.6,27.7,1508.0,212.0,207.0,1.451,0.0,-0.057,-0.0936,1.46,3220000000.0,96.9,0.0,0.0,6.0,,22:43.8
2026-05-15 22:44:48+00:00,648.0,0.129,-0.584,0.09,0.0,-30.0,0.0,2.118,0.07,8.25,8.25,9.998,40.0,7.425,36.63,86.79,82.47,20.15,16.21,-46.71,20.9,82.2,4.287,4.271,1.0,1070.0,1059.0,30.6,20.6,27.7,2359.0,213.0,207.0,1.481,0.0,-0.055,-0.0912,1.49,3220000000.0,96.9,0.0,0.0,6.0,,22:44.8
2026-05-15 22:45:54+00:00,649.0,0.174,-0.307,0.09,0.0,30.0,0.0,2.118,0.07,8.257,8.25,10.001,40.0,7.427,36.62,86.79,82.47,20.15,16.21,-46.71,20.9,82.2,4.288,4.275,1.0,1070.0,1060.0,30.6,20.7,27.7,380.0,218.0,207.0,1.362,0.0,-0.0554,-0.0915,1.37,3220000000.0,96.9,0.0,0.0,6.0,,22:45.9
2026-05-15 22:46:54+00:00,650.0,0.174,0.218,0.09,0.0,30.0,0.0,2.118,0.07,8.244,8.25,9.997,40.0,7.424,36.62,86.79,82.47,20.15,16.21,-46.71,20.9,82.2,4.293,4.274,1.0,1070.0,1059.0,30.6,20.7,27.7,1580.0,212.0,207.0,1.461,0.0,-0.0562,-0.0927,1.47,3220000000.0,96.9,0.0,0.0,6.0,,22:46.9
2026-05-15 22:47:54+00:00,651.0,0.219,0.669,0.09,0.0,-27.854,0.0,2.118,0.07,8.258,8.25,10.001,40.0,7.425,36.62,86.79,82.45,20.15,16.21,-46.71,20.9,82.2,4.288,4.285,1.0,1070.0,1059.0,30.6,20.7,27.7,2571.0,212.0,207.0,1.481,0.0,-0.0559,-0.0924,1.49,3220000000.0,96.9,0.0,0.0,6.0,,22:47.9
2026-05-15 22:48:54+00:00,652.0,0.219,0.173,0.09,0.0,-30.0,0.0,2.118,0.07,8.245,8.25,10.005,40.0,7.431,36.62,86.79,82.45,20.14,16.21,-46.71,20.9,82.2,4.296,4.273,1.0,1070.0,1059.0,30.6,20.7,27.7,1017.0,212.0,208.0,1.382,0.0,-0.0559,-0.0942,1.39,3220000000.0,96.9,0.0,0.0,6.0,,22:48.9
2026-05-15 22:49:54+00:00,653.0,0.219,-0.352,0.09,0.0,-30.0,0.0,2.118,0.07,8.252,8.25,10.004,40.0,7.431,36.62,86.79,82.45,20.14,16.21,-46.71,20.9,82.2,4.288,4.275,1.0,1070.0,1059.0,30.6,20.7,27.7,1803.0,214.0,208.0,1.481,0.0,-0.0569,-0.0931,1.49,3220000000.0,96.9,0.0,0.0,6.0,,22:49.9
2026-05-15 22:50:54+00:00,654.0,0.264,-0.539,0.09,0.0,30.0,0.0,2.118,0.07,8.249,8.25,10.001,40.0,7.43,36.63,86.79,82.45,20.14,16.21,-46.71,20.9,82.2,4.288,4.268,1.0,1070.0,1062.0,30.6,20.7,27.7,68.0,220.0,207.0,1.481,0.4742,-0.0521,-0.0874,1.49,65536.0,96.9,0.0,0.0,6.0,,22:50.9
2026-05-15 22:51:54+00:00,655.0,0.264,-0.039,0.09,0.0,30.0,0.0,2.118,0.07,8.247,8.25,9.999,40.0,7.426,36.62,86.79,82.45,20.14,16.21,-46.71,20.9,82.2,4.289,4.275,1.0,1070.0,1059.0,30.6,20.7,27.7,986.0,212.0,207.0,1.412,0.0,-0.0552,-0.0951,1.42,3220000000.0,96.9,0.0,0.0,6.0,,22:51.9
2026-05-15 22:53:00+00:00,656.0,0.264,0.461,0.09,0.0,30.0,0.0,2.118,0.07,8.251,8.25,10.002,40.0,7.429,36.62,86.79,82.45,20.14,16.21,-46.71,20.9,82.2,4.295,4.276,1.0,1070.0,1059.0,30.6,20.7,27.7,2237.0,212.0,207.0,1.481,0.0,-0.0562,-0.0926,1.49,3220000000.0,96.9,0.0,0.0,6.0,,22:53.0
2026-05-15 22:54:00+00:00,657.0,0.309,0.405,0.09,0.0,-30.0,0.0,2.118,0.07,8.246,8.25,10.002,40.0,7.43,36.62,86.79,82.45,20.14,16.21,-46.71,20.9,82.2,4.288,4.277,1.0,1070.0,1060.0,30.6,20.7,27.8,440.0,212.0,208.0,1.392,0.4026,-0.0509,-0.0861,1.4,65536.0,96.9,0.0,0.0,6.0,,22:54.0
2026-05-15 22:55:00+00:00,658.0,0.309,-0.095,0.09,0.0,-30.0,0.0,2.118,0.07,8.255,8.25,9.997,40.0,7.427,36.62,86.77,82.45,20.14,16.21,-46.71,20.9,82.2,4.29,4.274,1.0,1070.0,1059.0,30.6,20.7,27.8,1459.0,212.0,207.0,1.451,0.0,-0.0559,-0.0937,1.46,3220000000.0,96.9,0.0,0.0,6.0,,22:55.0
2026-05-15 22:56:00+00:00,659.0,0.309,-0.595,0.09,0.0,-30.0,0.0,2.118,0.07,8.245,8.25,9.998,40.0,7.425,36.62,86.77,82.45,20.15,16.21,-46.71,20.9,82.2,4.294,4.276,1.0,1070.0,1059.0,30.6,20.7,27.8,2281.0,219.0,208.0,1.491,0.0,-0.0555,-0.0924,1.5,3220000000.0,96.9,0.0,0.0,6.0,,22:56.0
2026-05-15 22:57:00+00:00,660.0,0.354,-0.296,0.09,0.0,30.0,0.0,2.118,0.07,8.254,8.25,9.998,40.0,7.427,36.63,86.77,82.45,20.14,16.21,-46.71,20.9,82.1,4.285,4.274,1.0,1070.0,1060.0,30.6,20.7,27.8,698.0,212.0,208.0,1.362,0.0,-0.0548,-0.0924,1.37,3220000000.0,96.9,0.0,0.0,6.0,,22:57.0
2026-05-15 22:58:00+00:00,661.0,0.354,0.204,0.09,0.0,30.0,0.0,2.118,0.07,8.25,8.25,10.0,40.0,7.43,36.62,86.77,82.45,20.14,16.21,-46.71,20.9,82.2,4.286,4.272,1.0,1070.0,1059.0,30.6,20.7,27.7,1518.0,212.0,207.0,1.461,0.0,-0.055,-0.0943,1.47,3220000000.0,96.9,0.0,0.0,6.0,,22:58.0
2026-05-15 22:59:00+00:00,662.0,0.399,0.662,0.09,0.0,-30.0,0.0,2.118,0.07,8.255,8.25,9.999,40.0,7.426,36.63,86.77,82.45,20.15,16.21,-46.71,20.9,82.1,4.29,4.272,1.0,1070.0,1059.0,30.6,20.7,27.7,0.0,213.0,208.0,1.491,0.0,-0.0535,-0.0949,1.5,3220000000.0,96.9,0.0,0.0,6.0,,22:59.0
2026-05-15 23:00:00+00:00,663.0,0.399,0.162,0.09,0.0,-30.0,0.0,2.118,0.07,8.253,8.25,9.998,40.0,7.424,36.62,86.77,82.45,20.15,16.21,-46.71,20.9,82.1,4.294,4.274,1.0,1070.0,1059.0,30.6,20.7,27.8,767.0,219.0,207.0,1.372,0.0,-0.0546,-0.095,1.38,3220000000.0,96.9,0.0,0.0,6.0,,23:00.0
2026-05-15 23:01:00+00:00,664.0,0.399,-0.338,0.09,0.0,-30.0,0.0,2.118,0.07,8.252,8.25,10.002,40.0,7.426,36.62,86.77,82.45,20.15,16.21,-46.71,20.8,82.1,4.291,4.274,1.0,1070.0,1059.0,30.6,20.7,27.7,1977.0,215.0,208.0,1.481,0.0,-0.0547,-0.0942,1.49,3220000000.0,96.9,0.0,0.0,6.0,,23:01.0
2026-05-15 23:02:06+00:00,665.0,0.444,-0.553,0.09,0.0,30.0,0.0,2.118,0.07,8.245,8.25,10.002,40.0,7.426,36.63,86.77,82.45,20.16,16.21,-46.71,20.8,82.1,4.293,4.283,1.0,1070.0,416.0,30.6,20.8,27.7,0.0,0.0,0.0,1.471,0.4367,-0.0504,-0.0853,1.48,65536.0,96.9,0.0,0.0,6.0,,23:02.1
2026-05-15 23:03:06+00:00,666.0,0.444,-0.053,0.09,0.0,30.0,0.0,2.118,0.07,8.25,8.25,10.006,40.0,7.431,36.63,86.77,82.45,20.15,16.21,-46.71,20.8,82.1,4.291,4.282,1.0,1070.0,1059.0,30.6,20.8,27.7,1155.0,219.0,207.0,1.382,0.0,-0.0551,-0.0952,1.39,3220000000.0,96.9,0.0,0.0,6.0,,23:03.1
2026-05-15 23:04:06+00:00,667.0,0.444,0.472,0.09,0.0,30.0,0.0,2.118,0.07,8.241,8.25,9.999,40.0,7.426,36.63,86.77,82.45,20.14,16.21,-46.71,20.9,82.1,4.282,4.278,1.0,1070.0,1059.0,30.6,20.8,27.7,1960.0,216.0,207.0,1.481,0.0,-0.0551,-0.0932,1.49,3220000000.0,96.9,0.0,0.0,6.0,,23:04.1
2026-05-15 23:05:06+00:00,668.0,0.489,0.419,0.09,0.0,-30.0,0.0,2.118,0.07,8.258,8.25,9.996,40.0,7.429,36.62,86.77,82.44,20.13,16.21,-46.71,20.9,82.1,4.287,4.274,1.0,1070.0,1060.0,30.6,20.8,27.7,407.0,220.0,207.0,1.392,0.4077,-0.0503,-0.0865,1.4,65536.0,96.9,0.0,0.0,6.0,,23:05.1
2026-05-15 23:06:06+00:00,669.0,0.489,-0.081,0.09,0.0,-30.0,0.0,2.118,0.07,8.242,8.25,10.002,40.0,7.431,36.63,86.77,82.44,20.14,16.21,-46.71,20.8,82.1,4.285,4.272,1.0,1070.0,1059.0,30.6,20.8,27.7,1540.0,212.0,207.0,1.441,0.0,-0.0557,-0.0939,1.45,3220000000.0,96.9,0.0,0.0,6.0,,23:06.1
2026-05-15 23:07:06+00:00,670.0,0.489,-0.581,0.09,0.0,-30.0,0.0,2.118,0.07,8.258,8.25,9.999,40.0,7.425,36.62,86.77,82.44,20.15,16.21,-46.71,20.8,82.1,4.295,4.277,1.0,1070.0,1059.0,30.6,20.8,27.7,2407.0,220.0,207.0,1.481,0.0,-0.0549,-0.092,1.49,3220000000.0,96.9,0.0,0.0,6.0,,23:07.1
2026-05-15 23:08:06+00:00,671.0,0.534,-0.285,0.09,0.0,30.0,0.0,2.118,0.07,8.252,8.25,10.0,40.0,7.428,36.62,86.77,82.44,20.14,16.21,-46.71,20.8,82.1,4.288,4.273,1.0,1070.0,1059.0,30.6,20.8,27.7,420.0,219.0,207.0,1.362,0.0,-0.0531,-0.0911,1.37,3220000000.0,96.9,0.0,0.0,6.0,,23:08.1
2026-05-15 23:09:06+00:00,672.0,0.534,0.215,0.09,0.0,30.0,0.0,2.118,0.07,8.251,8.25,10.004,40.0,7.431,36.63,86.77,82.44,20.14,16.21,-46.71,20.8,82.1,4.294,4.28,1.0,1070.0,1059.0,30.6,20.8,27.7,1609.0,221.0,208.0,1.451,0.0,-0.0553,-0.0924,1.46,3220000000.0,96.9,0.0,0.0,6.0,,23:09.1
2026-05-15 23:10:06+00:00,673.0,0.55,0.669,0.09,0.0,-10.56,0.0,2.118,0.07,8.252,8.25,9.997,40.0,7.425,36.62,86.77,82.44,20.14,16.21,-46.71,20.8,82.1,4.297,4.282,1.0,1070.0,1059.0,30.5,20.8,27.7,2420.0,212.0,207.0,1.491,0.4114,-0.0555,-0.0913,1.5,65536.0,96.9,0.0,0.0,6.0,,23:10.1
2026-05-15 23:11:12+00:00,674.0,0.579,0.176,0.09,0.0,-30.0,0.0,2.118,0.07,8.247,8.25,10.0,40.0,7.428,36.63,86.77,82.44,20.14,16.21,-46.71,20.8,82.1,4.289,4.276,1.0,1070.0,1059.0,30.5,20.8,27.7,850.0,219.0,207.0,1.372,0.0,-0.0554,-0.0941,1.38,3220000000.0,96.9,0.0,0.0,6.0,,23:11.2
2026-05-15 23:12:12+00:00,675.0,0.579,-0.349,0.09,0.0,-30.0,0.0,2.118,0.07,8.254,8.25,10.006,40.0,7.433,36.63,86.77,82.44,20.14,16.21,-46.72,20.8,82.1,4.282,4.276,1.0,1070.0,1059.0,30.5,20.8,27.7,2020.0,217.0,207.0,1.471,0.0,-0.0561,-0.0928,1.48,3220000000.0,96.9,0.0,0.0,6.0,,23:12.2
2026-05-15 23:13:12+00:00,676.0,0.624,-0.542,0.09,0.0,30.0,0.0,2.118,0.07,8.244,8.25,9.999,40.0,7.427,36.63,86.77,82.44,20.14,16.21,-46.72,20.8,82.1,4.284,4.277,1.0,1070.0,1062.0,30.5,20.8,27.7,32.0,0.0,0.0,1.451,0.4803,-0.0536,-0.0889,1.46,65536.0,96.9,0.0,0.0,6.0,,23:13.2
2026-05-15 23:14:12+00:00,678.0,0.624,-0.042,0.09,0.0,30.0,0.0,2.118,0.07,8.251,8.25,10.003,40.0,7.428,36.63,86.77,82.44,20.15,16.21,-46.72,20.8,82.1,4.291,4.278,1.0,1070.0,1059.0,30.6,20.8,27.7,1252.0,220.0,208.0,1.392,0.0,-0.056,-0.0938,1.4,3220000000.0,96.9,0.0,0.0,6.0,,23:14.2
2026-05-15 23:15:12+00:00,678.0,0.624,0.458,0.09,0.0,30.0,0.0,2.118,0.07,8.245,8.25,10.001,40.0,7.428,36.63,86.77,82.44,20.15,16.21,-46.72,20.8,82.1,4.288,4.275,1.0,1070.0,1059.0,30.6,20.8,27.7,2052.0,214.0,208.0,1.481,0.0,-0.0547,-0.0918,1.49,3220000000.0,96.9,0.0,0.0,6.0,,23:15.2
2026-05-15 23:16:12+00:00,679.0,0.624,0.669,0.105,0.0,0.0,0.0,2.118,0.07,8.257,8.25,9.998,40.0,7.426,36.63,86.77,82.44,20.14,16.21,-46.72,20.8,82.1,4.288,4.278,0.0,1070.0,0.0,30.5,20.8,27.7,0.0,0.0,0.0,1.481,0.0,-0.0508,-0.0827,1.49,3220000000.0,96.9,0.0,0.0,7.0,,23:16.2
2026-05-15 23:17:12+00:00,679.0,0.624,0.669,0.105,0.0,0.0,0.0,2.118,0.07,8.253,8.25,10.004,40.0,7.43,36.63,86.77,82.44,20.15,16.21,-46.72,20.8,82.1,4.288,4.278,0.0,1070.0,0.0,30.5,20.8,27.7,0.0,0.0,0.0,1.481,0.0,-0.0508,-0.0827,1.49,3220000000.0,96.9,0.0,0.0,7.0,,23:17.2
2026-05-15 23:18:12+00:00,681.0,0.148,0.669,0.105,-40.0,0.0,0.0,2.118,0.07,8.247,8.25,9.998,40.0,7.427,36.63,86.77,82.44,20.14,16.21,-46.72,20.8,82.1,4.293,4.274,0.0,1070.0,0.0,30.6,20.9,27.7,0.0,0.0,0.0,0.08,0.0,-0.0302,-0.0884,0.08,3220000000.0,96.9,0.0,0.0,7.0,,23:18.2
2026-05-15 23:19:18+00:00,682.0,-0.348,0.669,0.105,-30.0,0.0,0.0,2.118,0.07,8.254,8.25,10.0,40.0,7.43,36.63,86.77,82.44,20.14,16.21,-46.72,20.8,82.1,4.285,4.276,1.0,1070.0,1063.0,30.6,20.9,27.7,660.0,212.0,207.0,0.646,0.0,-0.0769,-0.1538,0.65,2680000000.0,96.9,0.0,0.0,7.0,,23:19.3
2026-05-15 23:20:18+00:00,683.0,-0.669,0.495,0.105,0.0,-30.0,0.0,2.118,0.07,8.249,8.25,9.996,40.0,7.426,36.62,86.77,82.44,20.14,16.21,-46.72,20.8,82.1,4.284,4.275,1.0,1070.0,1062.0,30.5,20.9,27.7,1901.0,212.0,208.0,1.422,0.0,-0.0635,-0.1146,1.43,2680000000.0,96.9,0.0,0.0,7.0,,23:20.3
2026-05-15 23:21:18+00:00,684.0,-0.669,-0.03,0.105,0.0,-30.0,0.0,2.118,0.07,8.256,8.25,10.0,40.0,7.427,36.63,86.77,82.44,20.14,16.21,-46.72,20.8,82.1,4.284,4.276,1.0,1070.0,1062.0,30.5,20.9,27.7,2669.0,212.0,208.0,1.471,0.0,-0.0591,-0.1042,1.48,3220000000.0,96.9,0.0,0.0,7.0,,23:21.3
2026-05-15 23:22:18+00:00,685.0,-0.669,-0.53,0.105,0.0,-30.0,0.0,2.118,0.07,8.25,8.25,10.001,40.0,7.426,36.63,86.76,82.44,20.15,16.21,-46.72,20.8,82.1,4.291,4.274,1.0,1070.0,1062.0,30.6,20.9,27.7,3869.0,219.0,208.0,1.481,0.0,-0.0578,-0.0976,1.49,3220000000.0,96.9,0.0,1.0,7.0,,23:22.3
2026-05-15 23:23:18+00:00,686.0,-0.314,-0.669,0.105,30.0,0.0,0.0,2.118,0.07,8.249,8.25,9.999,40.0,7.426,36.63,86.76,82.44,20.14,16.21,-46.72,20.8,82.1,4.294,4.278,1.0,1070.0,1062.0,30.6,20.9,27.7,4681.0,212.0,208.0,1.491,0.0,-0.0573,-0.0929,1.5,3220000000.0,96.9,0.0,1.0,7.0,,23:23.3
2026-05-15 23:24:18+00:00,687.0,0.186,-0.669,0.105,30.0,0.0,0.0,2.118,0.07,8.245,8.25,10.002,40.0,7.43,36.62,86.76,82.44,20.14,16.21,-46.72,20.8,82.1,4.295,4.274,1.0,1070.0,1062.0,30.6,20.9,27.7,5830.0,212.0,207.0,1.491,0.0,-0.0554,-0.0934,1.5,3220000000.0,96.9,0.0,1.0,7.0,,23:24.3
2026-05-15 23:25:18+00:00,688.0,0.669,-0.633,0.105,0.0,30.0,0.0,2.118,0.07,8.254,8.25,10.001,40.0,7.428,36.63,86.76,82.44,20.14,16.21,-46.72,20.8,82.1,4.29,4.272,1.0,1070.0,1062.0,30.6,20.9,27.8,6700.0,219.0,207.0,1.491,0.0,-0.0545,-0.0913,1.5,3220000000.0,96.9,0.0,1.0,7.0,,23:25.3
2026-05-15 23:26:18+00:00,689.0,0.669,-0.133,0.105,0.0,30.0,0.0,2.118,0.07,8.245,8.25,9.999,40.0,7.428,36.63,86.76,82.44,20.14,16.21,-46.72,20.8,82.1,4.287,4.272,1.0,1070.0,1060.0,30.5,20.9,27.8,7881.0,212.0,208.0,1.481,0.0,-0.0558,-0.0909,1.49,3220000000.0,96.9,0.0,1.0,7.0,,23:26.3
2026-05-15 23:27:18+00:00,690.0,0.669,0.367,0.105,0.0,30.0,0.0,2.118,0.07,8.255,8.25,9.999,40.0,7.429,36.62,86.76,82.44,20.14,16.21,-46.72,20.8,82.1,4.286,4.266,1.0,1070.0,1060.0,30.5,20.9,27.7,9059.0,212.0,208.0,1.481,0.0,-0.0539,-0.0909,1.49,3220000000.0,96.9,0.0,1.0,7.0,,23:27.3
2026-05-15 23:28:24+00:00,691.0,0.476,0.669,0.105,-30.0,0.0,0.0,2.118,0.07,8.242,8.25,9.997,40.0,7.425,36.62,86.76,82.44,20.15,16.21,-46.71,20.8,82.1,4.289,4.272,1.0,1070.0,1060.0,30.5,21.0,27.7,9869.0,212.0,208.0,1.481,0.0,-0.0537,-0.09,1.49,3220000000.0,96.9,0.0,1.0,7.0,,23:28.4
2026-05-15 23:29:24+00:00,692.0,0.029,0.6,0.105,-21.213,-21.213,0.0,2.118,0.07,8.259,8.25,9.996,40.0,7.425,36.62,86.76,82.44,20.15,16.21,-46.71,20.8,82.1,4.288,4.275,1.0,1070.0,1062.0,30.5,21.0,27.7,227.0,220.0,208.0,1.451,0.47,-0.0544,-0.0877,1.46,65536.0,96.9,0.0,0.0,7.0,,23:29.4
2026-05-15 23:30:24+00:00,693.0,-0.342,0.229,0.105,-21.213,-21.213,0.0,2.118,0.07,8.25,8.25,10.001,40.0,7.429,36.63,86.76,82.42,20.14,16.21,-46.71,20.8,82.1,4.286,4.274,1.0,1070.0,1060.0,30.5,21.0,27.7,1038.0,219.0,208.0,1.392,0.0,-0.0548,-0.0929,1.4,3220000000.0,96.7,0.0,0.0,7.0,,23:30.4
2026-05-15 23:31:24+00:00,694.0,-0.669,-0.061,0.105,0.0,40.0,0.0,2.118,0.07,8.257,8.25,10.004,40.0,7.432,36.62,86.76,82.42,20.14,16.21,-46.71,20.8,82.1,4.291,4.274,1.0,1070.0,1060.0,30.5,21.0,27.7,1838.0,212.0,207.0,1.481,0.0,-0.0543,-0.0896,1.49,3220000000.0,96.7,0.0,0.0,7.0,,23:31.4
2026-05-15 23:32:24+00:00,695.0,-0.336,0.299,0.105,21.213,21.213,0.0,2.118,0.07,8.247,8.25,9.999,40.0,7.426,36.62,86.76,82.42,20.15,16.21,-46.71,20.8,82.1,4.289,4.277,1.0,1070.0,1060.0,30.5,21.0,27.7,719.0,218.0,207.0,1.322,0.0,-0.0544,-0.0915,1.33,3220000000.0,96.7,0.0,0.0,7.0,,23:32.4
2026-05-15 23:33:24+00:00,696.0,0.018,0.652,0.105,21.213,21.213,0.0,2.118,0.07,8.249,8.25,10.0,40.0,7.427,36.62,86.76,82.42,20.15,16.21,-46.71,20.8,82.1,4.287,4.276,1.0,1070.0,1059.0,30.5,21.0,27.7,1879.0,219.0,207.0,1.461,0.0,-0.0547,-0.0902,1.47,3220000000.0,96.7,0.0,0.0,7.0,,23:33.4
2026-05-15 23:34:24+00:00,697.0,-0.337,0.361,0.105,-21.213,-21.213,0.0,2.118,0.07,8.252,8.25,9.999,40.0,7.429,36.62,86.76,82.42,20.13,16.21,-46.71,20.8,82.1,4.281,4.275,1.0,1070.0,1060.0,30.6,21.0,27.7,612.0,212.0,208.0,1.312,0.0,-0.0544,-0.0926,1.32,3220000000.0,96.7,0.0,0.0,7.0,,23:34.4
2026-05-15 23:35:24+00:00,698.0,-0.669,0.057,0.105,0.0,40.0,0.0,2.118,0.07,8.25,8.25,10.001,40.0,7.426,36.62,86.74,82.42,20.15,16.21,-46.71,20.8,82.1,4.283,4.27,1.0,1070.0,1060.0,30.6,21.0,27.7,0.0,212.0,208.0,1.461,0.0,-0.0564,-0.0896,1.47,3220000000.0,96.7,0.0,0.0,7.0,,23:35.4
2026-05-15 23:36:24+00:00,699.0,-0.341,0.421,0.105,21.213,21.213,0.0,2.118,0.07,8.255,8.25,9.997,40.0,7.424,36.62,86.74,82.42,20.14,16.21,-46.71,20.8,82.1,4.295,4.278,1.0,1070.0,1060.0,30.6,21.0,27.7,680.0,212.0,208.0,1.322,0.0,-0.0545,-0.0919,1.33,3220000000.0,96.7,0.0,0.0,7.0,,23:36.4
2026-05-15 23:37:30+00:00,700.0,-0.215,0.61,0.105,-21.213,-21.213,0.0,2.118,0.07,8.244,8.25,10.005,40.0,7.432,36.62,86.74,82.42,20.13,16.21,-46.71,20.8,82.1,4.29,4.273,1.0,1070.0,160.0,30.6,21.0,27.7,90.0,212.0,208.0,1.461,0.4527,-0.0539,-0.0897,1.47,65536.0,96.7,0.0,0.0,7.0,,23:37.5
2026-05-15 23:38:30+00:00,701.0,-0.569,0.256,0.105,-21.213,-21.213,0.0,2.118,0.07,8.257,8.25,9.998,40.0,7.425,36.62,86.74,82.42,20.14,16.21,-46.71,20.8,82.1,4.29,4.276,1.0,1070.0,1060.0,30.6,21.0,27.7,880.0,220.0,208.0,1.362,0.0,-0.0558,-0.0911,1.37,3220000000.0,96.7,0.0,0.0,7.0,,23:38.5
2026-05-15 23:39:30+00:00,702.0,-0.445,0.444,0.105,21.213,21.213,0.0,2.118,0.07,8.247,8.25,10.001,40.0,7.428,36.62,86.74,82.42,20.14,16.21,-46.71,20.8,82.1,4.296,4.283,1.0,1070.0,1062.0,30.6,21.0,27.7,516.0,213.0,207.0,1.312,0.0,-0.0512,-0.0846,1.32,3220000000.0,96.7,0.0,0.0,7.0,,23:39.5
2026-05-15 23:40:30+00:00,703.0,-0.366,0.587,0.105,-21.213,-21.213,0.0,2.118,0.07,8.254,8.25,9.999,40.0,7.428,36.62,86.74,82.42,20.14,16.21,-46.71,20.8,82.1,4.286,4.273,1.0,1070.0,870.0,30.6,21.0,27.7,0.0,212.0,208.0,1.422,0.4456,-0.05,-0.0815,1.43,65536.0,96.7,0.0,0.0,7.0,,23:40.5
2026-05-15 23:41:30+00:00,704.0,-0.665,0.351,0.105,21.213,21.213,0.0,2.118,0.07,8.253,8.25,9.995,40.0,7.427,36.62,86.74,82.42,20.13,16.21,-46.71,20.8,82.1,4.289,4.27,1.0,1070.0,1060.0,30.6,21.0,27.7,0.0,212.0,207.0,1.392,0.0,-0.055,-0.092,1.4,3220000000.0,96.7,0.0,0.0,7.0,,23:41.5
2026-05-15 23:42:30+00:00,705.0,-0.402,0.669,0.105,-20.868,0.0,0.0,2.118,0.07,8.248,8.25,10.005,40.0,7.43,36.62,86.74,82.42,20.15,16.21,-46.71,20.8,82.1,4.291,4.273,0.0,1070.0,1060.0,30.6,21.0,27.7,669.0,212.0,207.0,1.352,0.0,-0.055,-0.0917,1.36,3220000000.0,96.7,0.0,0.0,7.0,,23:42.5
2026-05-15 23:43:30+00:00,706.0,-0.631,0.512,0.105,21.213,21.213,0.0,2.118,0.07,8.249,8.25,10.001,40.0,7.426,36.63,86.74,82.42,20.15,16.21,-46.71,20.8,82.1,4.291,4.28,1.0,1070.0,594.0,30.6,21.0,27.7,0.0,0.0,0.0,1.322,0.0,-0.055,-0.0913,1.33,3220000000.0,96.7,0.0,0.0,7.0,,23:43.5
2026-05-15 23:44:30+00:00,708.0,-0.669,0.596,0.105,0.0,7.537,0.0,2.118,0.07,8.257,8.25,10.006,40.0,7.43,36.62,86.74,82.42,20.15,16.21,-46.71,20.8,82.1,4.291,4.274,0.0,1070.0,1062.0,30.6,21.1,27.7,95.0,220.0,208.0,1.253,0.0,-0.0519,-0.087,1.26,3220000000.0,96.7,0.0,0.0,7.0,,23:44.5
2026-05-15 23:45:30+00:00,708.0,-0.669,0.25,0.105,0.0,-40.0,0.0,2.118,0.07,8.241,8.25,10.001,40.0,7.429,36.62,86.74,82.42,20.15,16.21,-46.71,20.8,82.1,4.293,4.278,0.0,1070.0,0.0,30.6,21.1,27.7,0.0,0.0,0.0,0.895,0.0,-0.0272,-0.0416,0.9,3220000000.0,96.7,0.0,0.0,7.0,,23:45.5
2026-05-15 23:46:30+00:00,709.0,-0.541,-0.034,0.105,21.213,21.213,0.0,2.118,0.07,8.255,8.25,9.996,40.0,7.423,36.62,86.74,82.42,20.15,16.21,-46.71,20.7,82.1,4.293,4.277,1.0,1070.0,1063.0,30.6,21.1,27.7,0.0,229.0,219.0,0.219,0.0,-0.0394,-0.0968,0.22,2680000000.0,96.7,0.0,0.0,7.0,,23:46.5
2026-05-15 23:47:36+00:00,710.0,-0.187,0.32,0.105,21.213,21.213,0.0,2.118,0.07,8.241,8.25,10.003,40.0,7.429,36.62,86.74,82.4,20.14,16.21,-46.71,20.7,82.1,4.287,4.28,1.0,1070.0,1060.0,30.6,21.1,27.7,1167.0,218.0,208.0,1.213,0.0,-0.0681,-0.1212,1.22,2680000000.0,96.7,0.0,0.0,7.0,,23:47.6
2026-05-15 23:48:36+00:00,712.0,0.162,0.669,0.105,39.263,0.0,0.0,2.118,0.07,8.261,8.25,9.998,40.0,7.427,36.62,86.74,82.4,20.14,16.21,-46.71,20.7,82.1,4.283,4.274,1.0,1070.0,1062.0,30.6,21.1,27.7,0.0,212.0,208.0,1.461,0.0,-0.0596,-0.0983,1.47,3220000000.0,96.7,0.0,0.0,7.0,,23:48.6
2026-05-15 23:49:36+00:00,712.0,-0.104,0.34,0.105,-21.213,-21.213,0.0,2.118,0.07,8.25,8.25,9.998,40.0,7.427,36.62,86.74,82.4,20.14,16.21,-46.71,20.7,82.1,4.287,4.268,1.0,1070.0,1062.0,30.6,21.1,27.7,699.0,212.0,207.0,1.312,0.0,-0.0579,-0.0953,1.32,3220000000.0,96.7,0.0,0.0,7.0,,23:49.6
2026-05-15 23:50:36+00:00,713.0,-0.457,-0.014,0.105,-21.213,-21.213,0.0,2.118,0.07,8.258,8.25,10.001,40.0,7.426,36.62,86.74,82.4,20.15,16.21,-46.71,20.7,82.1,4.286,4.272,1.0,1070.0,1062.0,30.6,21.1,27.7,1937.0,212.0,208.0,1.461,0.0,-0.0563,-0.0919,1.47,3220000000.0,96.7,0.0,0.0,7.0,,23:50.6
2026-05-15 23:51:36+00:00,715.0,-0.574,-0.194,0.105,21.213,21.213,0.0,2.118,0.07,8.25,8.25,10.0,40.0,7.427,36.62,86.72,82.4,20.14,16.21,-46.71,20.7,82.1,4.287,4.281,0.0,1070.0,1062.0,30.7,21.1,27.7,43.0,219.0,208.0,1.402,0.4795,-0.052,-0.0806,1.41,65536.0,96.7,0.0,0.0,7.0,,23:51.6
2026-05-15 23:52:36+00:00,715.0,-0.22,0.159,0.105,21.213,21.213,0.0,2.118,0.07,8.249,8.25,10.003,40.0,7.429,36.63,86.72,82.4,20.14,16.21,-46.71,20.7,82.1,4.288,4.273,1.0,1070.0,1062.0,30.7,21.1,27.7,1254.0,212.0,208.0,1.382,0.0,-0.0554,-0.0905,1.39,3220000000.0,96.7,0.0,0.0,7.0,,23:52.6
2026-05-15 23:53:36+00:00,716.0,0.151,0.531,0.105,21.213,21.213,0.0,2.118,0.07,8.252,8.25,10.001,40.0,7.427,36.62,86.72,82.4,20.14,16.21,-46.71,20.7,82.1,4.289,4.28,1.0,1070.0,1062.0,30.6,21.1,27.7,2074.0,212.0,207.0,1.481,0.0,-0.0548,-0.0881,1.49,3220000000.0,96.7,0.0,0.0,7.0,,23:53.6
2026-05-15 23:54:36+00:00,718.0,0.184,0.5,0.105,-21.213,-21.213,0.0,2.118,0.07,8.245,8.25,9.995,40.0,7.425,36.62,86.72,82.4,20.14,16.21,-46.71,20.7,82.1,4.289,4.277,1.0,1070.0,1062.0,30.6,21.1,27.7,391.0,212.0,208.0,1.422,0.0,-0.0498,-0.0809,1.43,3220000000.0,96.7,0.0,0.0,7.0,,23:54.6
2026-05-15 23:55:42+00:00,719.0,-0.169,0.147,0.105,-21.213,-21.213,0.0,2.118,0.07,8.252,8.25,9.997,40.0,7.426,36.62,86.72,82.4,20.14,16.21,-46.71,20.7,82.1,4.291,4.276,1.0,1070.0,1060.0,30.6,21.1,27.7,1231.0,219.0,208.0,1.422,0.0,-0.0548,-0.0888,1.43,3220000000.0,96.7,0.0,0.0,7.0,,23:55.7
2026-05-15 23:56:42+00:00,719.0,-0.523,-0.207,0.105,-21.213,-21.213,0.0,2.118,0.07,8.243,8.25,9.998,40.0,7.427,36.62,86.72,82.4,20.14,16.21,-46.71,20.7,82.1,4.282,4.272,1.0,1070.0,1060.0,30.6,21.1,27.7,2432.0,212.0,207.0,1.481,0.0,-0.0536,-0.087,1.49,3220000000.0,96.7,0.0,0.0,7.0,,23:56.7
2026-05-15 23:57:42+00:00,720.0,-0.508,-0.256,0.105,21.213,21.213,0.0,2.118,0.07,8.252,8.25,9.999,40.0,7.424,36.62,86.72,82.4,20.15,16.21,-46.71,20.7,82.1,4.285,4.275,1.0,1070.0,1062.0,30.6,21.1,27.7,233.0,219.0,208.0,1.352,0.4286,-0.047,-0.0759,1.36,65536.0,96.7,0.0,0.0,7.0,,23:57.7
2026-05-15 23:58:42+00:00,721.0,-0.137,0.116,0.105,21.213,21.213,0.0,2.118,0.07,8.241,8.25,9.995,40.0,7.424,36.62,86.72,82.4,20.14,16.21,-46.71,20.7,82.1,4.294,4.282,1.0,1070.0,1060.0,30.6,21.1,27.7,1404.0,214.0,208.0,1.402,0.0,-0.0551,-0.0876,1.41,3220000000.0,96.7,0.0,0.0,7.0,,23:58.7
2026-05-15 23:59:42+00:00,723.0,0.217,0.469,0.105,21.213,21.213,0.0,2.118,0.07,8.251,8.25,10.002,40.0,7.428,36.62,86.72,82.4,20.14,16.21,-46.71,20.7,82.1,4.293,4.28,1.0,1070.0,1059.0,30.6,21.1,27.7,2195.0,213.0,207.0,1.471,0.0,-0.0539,-0.0868,1.48,3220000000.0,96.7,0.0,0.0,7.0,,23:59.7
