TimeStamp,Toolcode Execution Time,Pos X(inch),Pos Y(inch),Pos Z(inch),Pos Tilt,Pos Rotate,Pho X(inch),Pho Y(inch),Pho Z(inch),Pho Tilt,Pho Rotate,Velocity X,Velocity Y,Velocity Z,Velocity Tilt,Velocity Rotate,Motion Compensation Active,Pos Alps(inch),Alps Spot Size(inch),PF1 RPM,PF2 RPM,PF3 RPM,PF4 RPM,PF1 Override,PF2 Override,PF3 Override,PF4 Override,PF1 RPM Setpoint,PF2 RPM Setpoint,PF3 RPM Setpoint,PF4 RPM Setpoint,PF1 Argon MFlow,PF1 Argon: Warning Enabled,PF1 Argon: Warning High Level,PF1 Argon: Warning Low Level,PF1 Argon: Alarm Enabled,PF1 Argon: Alarm High Level,PF1 Argon: Alarm Low Level,PF1 Argon: Baseline Level,PF1 Argon: Warning Tolerance Level,PF1 Argon: Alarm Tolerance Level,PF1 Argon: Valid Value,PF2 Argon MFlow,PF2 Argon: Warning Enabled,PF2 Argon: Warning High Level,PF2 Argon: Warning Low Level,PF2 Argon: Alarm Enabled,PF2 Argon: Alarm High Level,PF2 Argon: Alarm Low Level,PF2 Argon: Baseline Level,PF2 Argon: Warning Tolerance Level,PF2 Argon: Alarm Tolerance Level,PF2 Argon: Valid Value,PF3 Argon MFlow,PF3 Argon: Warning Enabled,PF3 Argon: Warning High Level,PF3 Argon: Warning Low Level,PF3 Argon: Alarm Enabled,PF3 Argon: Alarm High Level,PF3 Argon: Alarm Low Level,PF3 Argon: Baseline Level,PF3 Argon: Warning Tolerance Level,PF3 Argon: Alarm Tolerance Level,PF3 Argon: Valid Value,PF4 Argon MFlow,PF4 Argon: Warning Enabled,PF4 Argon: Warning High Level,PF4 Argon: Warning Low Level,PF4 Argon: Alarm Enabled,PF4 Argon: Alarm High Level,PF4 Argon: Alarm Low Level,PF4 Argon: Baseline Level,PF4 Argon: Warning Tolerance Level,PF4 Argon: Alarm Tolerance Level,PF4 Argon: Valid Value,Center Purge Argon MFlow,Center Purge Argon: Warning Enabled,Center Purge Argon: Warning High Level,Center Purge Argon: Warning Low Level,Center Purge Argon: Alarm Enabled,Center Purge Argon: Alarm High Level,Center Purge Argon: Alarm Low Level,Center Purge Argon: Baseline Level,Center Purge Argon: Warning Tolerance Level,Center Purge Argon: Alarm Tolerance Level,Center Purge Argon: Valid Value,PF1 Argon VFlow,PF2 Argon VFlow,PF3 Argon VFlow,PF4 Argon VFlow,Center Purge Argon VFlow,PF1 Argon Temp(°F),PF2 Argon Temp(°F),PF3 Argon Temp(°F),PF4 Argon Temp(°F),Center Purge Argon Temp(°F),PF1 Argon Absolute Pressure,PF2 Argon Absolute Pressure,PF3 Argon Absolute Pressure,PF4 Argon Absolute Pressure,Center Purge Argon Absolute Pressure,Center Purge Pressure: Warning Enabled,Center Purge Pressure: Warning High Level,Center Purge Pressure: Warning Low Level,Center Purge Pressure: Alarm Enabled,Center Purge Pressure: Alarm High Level,Center Purge Pressure: Alarm Low Level,Center Purge Pressure: Baseline Level,Center Purge Pressure: Warning Tolerance Level,Center Purge Pressure: Alarm Tolerance Level,Center Purge Pressure: Valid Value,H2O Sensor,H2O Sensor: Warning Enabled,H2O Sensor: Warning High Level,H2O Sensor: Warning Low Level,H2O Sensor: Alarm Enabled,H2O Sensor: Alarm High Level,H2O Sensor: Alarm Low Level,O2 Sensor,O2 Sensor: Warning Enabled,O2 Sensor: Warning High Level,O2 Sensor: Warning Low Level,O2 Sensor: Alarm Enabled,O2 Sensor: Alarm High Level,O2 Sensor: Alarm Low Level,Head Temperature (RTD 1)(°F),Head Temp: Warning Enabled,Head Temp: Warning High Level,Head Temp: Warning Low Level,Head Temp: Alarm Enabled,Head Temp: Alarm High Level,Head Temp: Alarm Low Level,PF1 Powder Low,PF1 Powder Low: Warning Enabled,PF1 Powder Low: Alarm Enabled,PF2 Powder Low,PF2 Powder Low: Warning Enabled,PF2 Powder Low: Alarm Enabled,PF3 Powder Low,PF3 Powder Low: Warning Enabled,PF3 Powder Low: Alarm Enabled,PF4 Powder Low,PF4 Powder Low: Warning Enabled,PF4 Powder Low: Alarm Enabled,Box Pressure,PF1 Top Pressure,PF1 Bottom Pressure,PF1 Bottom Pressure: Baseline Level,PF1 Bottom Pressure : Valid Value,PF1 Bottom Pressure : Warning Enabled,PF1 Bottom Pressure: Warning Tolerance Level,PF1 Bottom Pressure : Warning High Level,PF1 Bottom Pressure : Warning Low Level,PF1 Bottom Pressure : Alarm Enabled,PF1 Bottom Pressure : Alarm Tolerance Level,PF1 Bottom Pressure : Alarm High Level,PF1 Bottom Pressure : Alarm Low Level,PF1 Bottom Pressure: Off Baseline,Dust Collector Diff Pressure,PF2 Top Pressure,PF2 Bottom Pressure,PF2 Bottom Pressure: Baseline Level,PF2 Bottom Pressure : Valid Value,PF2 Bottom Pressure : Warning Enabled,PF2 Bottom Pressure: Warning Tolerance Level,PF2 Bottom Pressure : Warning High Level,PF2 Bottom Pressure : Warning Low Level,PF2 Bottom Pressure : Alarm Enabled,PF2 Bottom Pressure : Alarm Tolerance Level,PF2 Bottom Pressure : Alarm High Level,PF2 Bottom Pressure : Alarm Low Level,PF2 Bottom Pressure: Off Baseline,Powder Manifold Pressure Sensor,Powder Manifold Pressure: Baseline Level,Powder Manifold Pressure : Valid Value,Powder Manifold Pressure : Warning Enabled,Powder Manifold Pressure: Warning Tolerance Level,Powder Manifold Pressure : Warning High Level,Powder Manifold Pressure : Warning Low Level,Powder Manifold Pressure : Alarm Enabled,Powder Manifold Pressure: Alarm Tolerance Level,Powder Manifold Pressure : Alarm High Level,Powder Manifold Pressure : Alarm Low Level,PF3 Top Pressure,PF3 Bottom Pressure,PF3 Bottom Pressure: Baseline Level,PF3 Bottom Pressure : Valid Value,PF3 Bottom Pressure : Warning Enabled,PF3 Bottom Pressure: Warning Tolerance Level,PF3 Bottom Pressure : Warning High Level,PF3 Bottom Pressure : Warning Low Level,PF3 Bottom Pressure : Alarm Enabled,PF3 Bottom Pressure : Alarm Tolerance Level,PF3 Bottom Pressure : Alarm High Level,PF3 Bottom Pressure : Alarm Low Level,PF3 Bottom Pressure: Off Baseline,PF4 Top Pressure,PF4 Bottom Pressure,PF4 Bottom Pressure: Baseline Level,PF4 Bottom Pressure : Valid Value,PF4 Bottom Pressure : Warning Enabled,PF4 Bottom Pressure: Warning Tolerance Level,PF4 Bottom Pressure : Warning High Level,PF4 Bottom Pressure : Warning Low Level,PF4 Bottom Pressure : Alarm Enabled,PF4 Bottom Pressure : Alarm Tolerance Level,PF4 Bottom Pressure : Alarm High Level,PF4 Bottom Pressure : Alarm Low Level,PF4 Bottom Pressure: Off Baseline,Optics Box Pressure Sensor,Optics Box Pressure: Baseline Level,Optics Box Pressure: Valid Value,Optics Box Pressure: Warning Enabled,Optics Box Pressure: Warning Tolerance Level,Optics Box Pressure: Warning High Level,Optics Box Pressure: Warning Low Level,Optics Box Pressure: Alarm Enabled,Optics Box Pressure: Alarm Tolerance Level,Optics Box Pressure: Alarm High Level,Optics Box Pressure: Alarm Low Level,Laser On,Dryrun Mode,Laser Setpoint,Laser Power (from laser),Laser Water Flow (L/min),Laser Water Temp (°C),DI Water Temp (°C),Laser On Time (ms),Feed Fiber FFBD (mV),Process Fiber FFBD (mV),Power From Meter,Power From Meter: Warning Enabled,Power From Meter: Alarm Enabled,Power From Meter: Baseline Level,Beam Size From Meter (inch),Beam Pos X From Meter (inch),Beam Pos Y From Meter (inch),Power From Meter (uncompensated),Beam Flags From Meter,Camera Temp(°F),Melt Pool Area,Melt Pool Area: Valid Value,Melt Pool Area: Warning Enabled,Melt Pool Area: Warning High Level,Melt Pool Area: Warning Low Level,Melt Pool Area: Alarm Enabled,Melt Pool Area: Alarm High Level,Melt Pool Area: Alarm Low Level,Melt Pool Area: Debounce Time,Melt Pool Area: Baseline Level,Melt Pool Area: Warning Tolerance Level,Melt Pool Area: Alarm Tolerance Level,Layer #,Contour Override,Hatch Override,Error During Execution,Path Setpoint Velocity(inch/min),Cmd Mode,DeadMove Override,Block Number,Monitoring Enabled,In Warning,In Alarm,Events,TimeStamp_Original
1900-01-01 00:09:49.200000+00:00,0.0,0.0,0.0,0.0,0.576,0.0,-12.26026,-21.99334,-24.68322,-3e-05,16004.47,0.0,0.0,0.0,0.0,0.0,1.0,0.0,0.01921,0.0,0.0,0.0,5.007,,,,,0.0,0.0,0.0,5.0,0.0,0.0,,,0.0,,,,,,1.0,0.0,0.0,,,0.0,,,,,,1.0,0.0,0.0,,,0.0,,,,,,1.0,10.0,0.0,,,0.0,,,,,,1.0,40.0,0.0,,,0.0,,,,,,1.0,0.0,0.0,0.0,7.592,36.7,87.4,88.29,87.89,87.22,83.61,14.44,14.45,14.45,19.72,16.21,0.0,,,0.0,,,,,,1.0,-46.24,0.0,,,0.0,,,23.2,0.0,,,0.0,,,84.7,0.0,,,0.0,,,1.0,0.0,0.0,0.0,0.0,0.0,1.0,0.0,0.0,0.0,0.0,0.0,,0.098,0.055,,0.0,0.0,,,,0.0,,,,,3.524,0.063,0.069,,0.0,0.0,,,,0.0,,,,,9.818,,1.0,0.0,,,,0.0,,,,0.096,0.06,,0.0,0.0,,,,0.0,,,,,3.852,3.835,,0.0,0.0,,,,0.0,,,,,4.031,,1.0,0.0,,,,0.0,,,,0.0,0.0,0.0,0.0,30.6,20.8,28.7,0.0,0.0,0.0,0.06,0.0,0.0,,0.0,0.0,0.0,0.06,3220000000.0,98.9,0.0,0.0,0.0,,,0.0,,,,,,,0.0,100.0,100.0,,,1.0,100.0,1.0,0.0,0.0,0.0,,09:49.2
1900-01-01 00:09:49.200000+00:00,,,,,,,,,,,,,,,,,,,,,,,,,,,,,,,,,,,,,,,,,,,,,,,,,,,,,,,,,,,,,,,,,,,,,,,,,,,,,,,,,,,,,,,,,,,,,,,,,,,,,,,,,,,,,,,,,,,,,,,,,,,,,,,,,,,,,,,,,,,,,,,,,,,,,,,,,,,,,,,,,,,,,,,,,,,,,,,,,,,,,,,,,,,,,,,,,,,,,,,,,,,,,,,,,,,,,,,,,,,,,,,,,,,,,,,,,,,,,,,,,,,,,,,,,,,,,,,,,,,,,,,,Additional Log Info: Machine Name:: 222XR-0004,09:49.2
1900-01-01 00:09:49.200000+00:00,,,,,,,,,,,,,,,,,,,,,,,,,,,,,,,,,,,,,,,,,,,,,,,,,,,,,,,,,,,,,,,,,,,,,,,,,,,,,,,,,,,,,,,,,,,,,,,,,,,,,,,,,,,,,,,,,,,,,,,,,,,,,,,,,,,,,,,,,,,,,,,,,,,,,,,,,,,,,,,,,,,,,,,,,,,,,,,,,,,,,,,,,,,,,,,,,,,,,,,,,,,,,,,,,,,,,,,,,,,,,,,,,,,,,,,,,,,,,,,,,,,,,,,,,,,,,,,,,,,,,,,,Additional Log Info: O2 Sensor SN: 810D51388,09:49.2
1900-01-01 00:09:49.200000+00:00,,,,,,,,,,,,,,,,,,,,,,,,,,,,,,,,,,,,,,,,,,,,,,,,,,,,,,,,,,,,,,,,,,,,,,,,,,,,,,,,,,,,,,,,,,,,,,,,,,,,,,,,,,,,,,,,,,,,,,,,,,,,,,,,,,,,,,,,,,,,,,,,,,,,,,,,,,,,,,,,,,,,,,,,,,,,,,,,,,,,,,,,,,,,,,,,,,,,,,,,,,,,,,,,,,,,,,,,,,,,,,,,,,,,,,,,,,,,,,,,,,,,,,,,,,,,,,,,,,,,,,,,Additional Log Info: H2O Sensor SN: V1720011,09:49.2
1900-01-01 00:09:49.200000+00:00,,,,,,,,,,,,,,,,,,,,,,,,,,,,,,,,,,,,,,,,,,,,,,,,,,,,,,,,,,,,,,,,,,,,,,,,,,,,,,,,,,,,,,,,,,,,,,,,,,,,,,,,,,,,,,,,,,,,,,,,,,,,,,,,,,,,,,,,,,,,,,,,,,,,,,,,,,,,,,,,,,,,,,,,,,,,,,,,,,,,,,,,,,,,,,,,,,,,,,,,,,,,,,,,,,,,,,,,,,,,,,,,,,,,,,,,,,,,,,,,,,,,,,,,,,,,,,,,,,,,,,,,Additional Log Info: Alps SN: 92200473,09:49.2
1900-01-01 00:09:49.200000+00:00,,,,,,,,,,,,,,,,,,,,,,,,,,,,,,,,,,,,,,,,,,,,,,,,,,,,,,,,,,,,,,,,,,,,,,,,,,,,,,,,,,,,,,,,,,,,,,,,,,,,,,,,,,,,,,,,,,,,,,,,,,,,,,,,,,,,,,,,,,,,,,,,,,,,,,,,,,,,,,,,,,,,,,,,,,,,,,,,,,,,,,,,,,,,,,,,,,,,,,,,,,,,,,,,,,,,,,,,,,,,,,,,,,,,,,,,,,,,,,,,,,,,,,,,,,,,,,,,,,,,,,,,Additional Log Info: Ophir Power Meter SN: 915904,09:49.2
1900-01-01 00:09:49.200000+00:00,,,,,,,,,,,,,,,,,,,,,,,,,,,,,,,,,,,,,,,,,,,,,,,,,,,,,,,,,,,,,,,,,,,,,,,,,,,,,,,,,,,,,,,,,,,,,,,,,,,,,,,,,,,,,,,,,,,,,,,,,,,,,,,,,,,,,,,,,,,,,,,,,,,,,,,,,,,,,,,,,,,,,,,,,,,,,,,,,,,,,,,,,,,,,,,,,,,,,,,,,,,,,,,,,,,,,,,,,,,,,,,,,,,,,,,,,,,,,,,,,,,,,,,,,,,,,,,,,,,,,,,,Additional Log Info: Center Purge Flow Controller SN: 416667,09:49.2
1900-01-01 00:09:49.200000+00:00,,,,,,,,,,,,,,,,,,,,,,,,,,,,,,,,,,,,,,,,,,,,,,,,,,,,,,,,,,,,,,,,,,,,,,,,,,,,,,,,,,,,,,,,,,,,,,,,,,,,,,,,,,,,,,,,,,,,,,,,,,,,,,,,,,,,,,,,,,,,,,,,,,,,,,,,,,,,,,,,,,,,,,,,,,,,,,,,,,,,,,,,,,,,,,,,,,,,,,,,,,,,,,,,,,,,,,,,,,,,,,,,,,,,,,,,,,,,,,,,,,,,,,,,,,,,,,,,,,,,,,,,Additional Log Info: PF 1 Flow Controller SN: 436932,09:49.2
1900-01-01 00:09:49.200000+00:00,,,,,,,,,,,,,,,,,,,,,,,,,,,,,,,,,,,,,,,,,,,,,,,,,,,,,,,,,,,,,,,,,,,,,,,,,,,,,,,,,,,,,,,,,,,,,,,,,,,,,,,,,,,,,,,,,,,,,,,,,,,,,,,,,,,,,,,,,,,,,,,,,,,,,,,,,,,,,,,,,,,,,,,,,,,,,,,,,,,,,,,,,,,,,,,,,,,,,,,,,,,,,,,,,,,,,,,,,,,,,,,,,,,,,,,,,,,,,,,,,,,,,,,,,,,,,,,,,,,,,,,,Additional Log Info: PF 2 Flow Controller SN: 436928,09:49.2
1900-01-01 00:09:49.200000+00:00,,,,,,,,,,,,,,,,,,,,,,,,,,,,,,,,,,,,,,,,,,,,,,,,,,,,,,,,,,,,,,,,,,,,,,,,,,,,,,,,,,,,,,,,,,,,,,,,,,,,,,,,,,,,,,,,,,,,,,,,,,,,,,,,,,,,,,,,,,,,,,,,,,,,,,,,,,,,,,,,,,,,,,,,,,,,,,,,,,,,,,,,,,,,,,,,,,,,,,,,,,,,,,,,,,,,,,,,,,,,,,,,,,,,,,,,,,,,,,,,,,,,,,,,,,,,,,,,,,,,,,,,Additional Log Info: PF 3 Flow Controller SN: 416665,09:49.2
1900-01-01 00:09:49.200000+00:00,,,,,,,,,,,,,,,,,,,,,,,,,,,,,,,,,,,,,,,,,,,,,,,,,,,,,,,,,,,,,,,,,,,,,,,,,,,,,,,,,,,,,,,,,,,,,,,,,,,,,,,,,,,,,,,,,,,,,,,,,,,,,,,,,,,,,,,,,,,,,,,,,,,,,,,,,,,,,,,,,,,,,,,,,,,,,,,,,,,,,,,,,,,,,,,,,,,,,,,,,,,,,,,,,,,,,,,,,,,,,,,,,,,,,,,,,,,,,,,,,,,,,,,,,,,,,,,,,,,,,,,,Additional Log Info: PF 4 Flow Controller SN: 416666,09:49.2
1900-01-01 00:09:49.200000+00:00,,,,,,,,,,,,,,,,,,,,,,,,,,,,,,,,,,,,,,,,,,,,,,,,,,,,,,,,,,,,,,,,,,,,,,,,,,,,,,,,,,,,,,,,,,,,,,,,,,,,,,,,,,,,,,,,,,,,,,,,,,,,,,,,,,,,,,,,,,,,,,,,,,,,,,,,,,,,,,,,,,,,,,,,,,,,,,,,,,,,,,,,,,,,,,,,,,,,,,,,,,,,,,,,,,,,,,,,,,,,,,,,,,,,,,,,,,,,,,,,,,,,,,,,,,,,,,,,,,,,,,,,Additional Log Info: IPG Laser SN: PL2240983,09:49.2
1900-01-01 00:09:49.200000+00:00,,,,,,,,,,,,,,,,,,,,,,,,,,,,,,,,,,,,,,,,,,,,,,,,,,,,,,,,,,,,,,,,,,,,,,,,,,,,,,,,,,,,,,,,,,,,,,,,,,,,,,,,,,,,,,,,,,,,,,,,,,,,,,,,,,,,,,,,,,,,,,,,,,,,,,,,,,,,,,,,,,,,,,,,,,,,,,,,,,,,,,,,,,,,,,,,,,,,,,,,,,,,,,,,,,,,,,,,,,,,,,,,,,,,,,,,,,,,,,,,,,,,,,,,,,,,,,,,,,,,,,,,Additional Log Info: Fiber SN: PF2200051,09:49.2
1900-01-01 00:09:49.200000+00:00,,,,,,,,,,,,,,,,,,,,,,,,,,,,,,,,,,,,,,,,,,,,,,,,,,,,,,,,,,,,,,,,,,,,,,,,,,,,,,,,,,,,,,,,,,,,,,,,,,,,,,,,,,,,,,,,,,,,,,,,,,,,,,,,,,,,,,,,,,,,,,,,,,,,,,,,,,,,,,,,,,,,,,,,,,,,,,,,,,,,,,,,,,,,,,,,,,,,,,,,,,,,,,,,,,,,,,,,,,,,,,,,,,,,,,,,,,,,,,,,,,,,,,,,,,,,,,,,,,,,,,,,Additional Log Info: Collimator SN: CO211684,09:49.2
1900-01-01 00:09:49.200000+00:00,,,,,,,,,,,,,,,,,,,,,,,,,,,,,,,,,,,,,,,,,,,,,,,,,,,,,,,,,,,,,,,,,,,,,,,,,,,,,,,,,,,,,,,,,,,,,,,,,,,,,,,,,,,,,,,,,,,,,,,,,,,,,,,,,,,,,,,,,,,,,,,,,,,,,,,,,,,,,,,,,,,,,,,,,,,,,,,,,,,,,,,,,,,,,,,,,,,,,,,,,,,,,,,,,,,,,,,,,,,,,,,,,,,,,,,,,,,,,,,,,,,,,,,,,,,,,,,,,,,,,,,,Additional Log Info: Turning Mirror 1 SN: 948928,09:49.2
1900-01-01 00:09:49.200000+00:00,,,,,,,,,,,,,,,,,,,,,,,,,,,,,,,,,,,,,,,,,,,,,,,,,,,,,,,,,,,,,,,,,,,,,,,,,,,,,,,,,,,,,,,,,,,,,,,,,,,,,,,,,,,,,,,,,,,,,,,,,,,,,,,,,,,,,,,,,,,,,,,,,,,,,,,,,,,,,,,,,,,,,,,,,,,,,,,,,,,,,,,,,,,,,,,,,,,,,,,,,,,,,,,,,,,,,,,,,,,,,,,,,,,,,,,,,,,,,,,,,,,,,,,,,,,,,,,,,,,,,,,,Additional Log Info: Turning Mirror 2 SN: 948928,09:49.2
1900-01-01 00:09:49.200000+00:00,,,,,,,,,,,,,,,,,,,,,,,,,,,,,,,,,,,,,,,,,,,,,,,,,,,,,,,,,,,,,,,,,,,,,,,,,,,,,,,,,,,,,,,,,,,,,,,,,,,,,,,,,,,,,,,,,,,,,,,,,,,,,,,,,,,,,,,,,,,,,,,,,,,,,,,,,,,,,,,,,,,,,,,,,,,,,,,,,,,,,,,,,,,,,,,,,,,,,,,,,,,,,,,,,,,,,,,,,,,,,,,,,,,,,,,,,,,,,,,,,,,,,,,,,,,,,,,,,,,,,,,,Additional Log Info: Focusing Lens SN: 949013,09:49.2
1900-01-01 00:09:49.200000+00:00,,,,,,,,,,,,,,,,,,,,,,,,,,,,,,,,,,,,,,,,,,,,,,,,,,,,,,,,,,,,,,,,,,,,,,,,,,,,,,,,,,,,,,,,,,,,,,,,,,,,,,,,,,,,,,,,,,,,,,,,,,,,,,,,,,,,,,,,,,,,,,,,,,,,,,,,,,,,,,,,,,,,,,,,,,,,,,,,,,,,,,,,,,,,,,,,,,,,,,,,,,,,,,,,,,,,,,,,,,,,,,,,,,,,,,,,,,,,,,,,,,,,,,,,,,,,,,,,,,,,,,,,Power From Meter Tolerance: Warning Low: [],09:49.2
1900-01-01 00:09:49.200000+00:00,,,,,,,,,,,,,,,,,,,,,,,,,,,,,,,,,,,,,,,,,,,,,,,,,,,,,,,,,,,,,,,,,,,,,,,,,,,,,,,,,,,,,,,,,,,,,,,,,,,,,,,,,,,,,,,,,,,,,,,,,,,,,,,,,,,,,,,,,,,,,,,,,,,,,,,,,,,,,,,,,,,,,,,,,,,,,,,,,,,,,,,,,,,,,,,,,,,,,,,,,,,,,,,,,,,,,,,,,,,,,,,,,,,,,,,,,,,,,,,,,,,,,,,,,,,,,,,,,,,,,,,,Power From Meter Tolerance: Alarm Low: [],09:49.2
1900-01-01 00:09:49.200000+00:00,,,,,,,,,,,,,,,,,,,,,,,,,,,,,,,,,,,,,,,,,,,,,,,,,,,,,,,,,,,,,,,,,,,,,,,,,,,,,,,,,,,,,,,,,,,,,,,,,,,,,,,,,,,,,,,,,,,,,,,,,,,,,,,,,,,,,,,,,,,,,,,,,,,,,,,,,,,,,,,,,,,,,,,,,,,,,,,,,,,,,,,,,,,,,,,,,,,,,,,,,,,,,,,,,,,,,,,,,,,,,,,,,,,,,,,,,,,,,,,,,,,,,,,,,,,,,,,,,,,,,,,,Power From Meter Tolerance: Warning High: [],09:49.2
1900-01-01 00:09:49.200000+00:00,,,,,,,,,,,,,,,,,,,,,,,,,,,,,,,,,,,,,,,,,,,,,,,,,,,,,,,,,,,,,,,,,,,,,,,,,,,,,,,,,,,,,,,,,,,,,,,,,,,,,,,,,,,,,,,,,,,,,,,,,,,,,,,,,,,,,,,,,,,,,,,,,,,,,,,,,,,,,,,,,,,,,,,,,,,,,,,,,,,,,,,,,,,,,,,,,,,,,,,,,,,,,,,,,,,,,,,,,,,,,,,,,,,,,,,,,,,,,,,,,,,,,,,,,,,,,,,,,,,,,,,,Power From Meter Tolerance: Alarm High: [],09:49.2
1900-01-01 00:09:50.200000+00:00,0.0,0.0,0.0,0.0,0.576,0.0,-12.26026,-21.99334,-24.68322,-3e-05,16004.47,0.0,0.0,0.0,0.0,0.0,1.0,0.0,0.01921,0.0,0.0,0.0,5.008,,,,,0.0,0.0,0.0,5.0,0.0,0.0,,,0.0,,,,,,1.0,0.0,0.0,,,0.0,,,,,,1.0,0.0,0.0,,,0.0,,,,,,1.0,10.0,0.0,,,0.0,,,,,,1.0,40.0,0.0,,,0.0,,,,,,1.0,0.0,0.0,0.0,7.587,36.7,87.4,88.29,87.89,87.22,83.59,14.44,14.45,14.45,19.74,16.21,0.0,,,0.0,,,,,,1.0,-46.25,0.0,,,0.0,,,23.2,0.0,,,0.0,,,84.7,0.0,,,0.0,,,1.0,0.0,0.0,0.0,0.0,0.0,1.0,0.0,0.0,0.0,0.0,0.0,,0.099,0.058,,0.0,0.0,,,,0.0,,,,,3.509,0.063,0.074,,0.0,0.0,,,,0.0,,,,,9.906,,1.0,0.0,,,,0.0,,,,0.099,0.062,,0.0,0.0,,,,0.0,,,,,3.855,3.84,,0.0,0.0,,,,0.0,,,,,4.031,,1.0,0.0,,,,0.0,,,,0.0,0.0,0.0,0.0,30.6,20.8,28.7,0.0,0.0,0.0,0.05,0.0,0.0,,0.0,0.0,0.0,0.05,3220000000.0,98.9,0.0,0.0,0.0,,,0.0,,,,,,,0.0,100.0,100.0,,,1.0,100.0,1.0,0.0,0.0,0.0,,09:50.2
1900-01-01 00:09:51.200000+00:00,0.0,0.0,0.0,0.0,0.576,0.0,-12.26026,-21.99334,-24.68322,-3e-05,16004.47,0.0,0.0,0.0,0.0,0.0,1.0,0.0,0.01921,0.0,0.0,0.0,4.991,,,,,0.0,0.0,0.0,5.0,0.0,0.0,,,0.0,,,,,,1.0,0.0,0.0,,,0.0,,,,,,1.0,0.0,0.0,,,0.0,,,,,,1.0,10.005,0.0,,,0.0,,,,,,1.0,40.0,0.0,,,0.0,,,,,,1.0,0.0,0.0,0.0,7.591,36.7,87.4,88.29,87.89,87.22,83.59,14.44,14.45,14.45,19.74,16.21,0.0,,,0.0,,,,,,1.0,-46.25,0.0,,,0.0,,,23.2,0.0,,,0.0,,,84.7,0.0,,,0.0,,,1.0,0.0,0.0,0.0,0.0,0.0,1.0,0.0,0.0,0.0,0.0,0.0,,0.099,0.058,,0.0,0.0,,,,0.0,,,,,3.523,0.064,0.074,,0.0,0.0,,,,0.0,,,,,9.931,,1.0,0.0,,,,0.0,,,,0.099,0.062,,0.0,0.0,,,,0.0,,,,,3.853,3.838,,0.0,0.0,,,,0.0,,,,,4.031,,1.0,0.0,,,,0.0,,,,0.0,0.0,0.0,0.0,30.6,20.8,28.7,0.0,0.0,0.0,0.05,0.0,0.0,,0.0,0.0,0.0,0.05,3220000000.0,98.9,0.0,0.0,0.0,,,0.0,,,,,,,0.0,100.0,100.0,,,1.0,100.0,1.0,0.0,0.0,0.0,,09:51.2
1900-01-01 00:09:52.200000+00:00,0.0,0.0,0.0,0.0,0.576,0.0,-12.26026,-21.99334,-24.68322,-3e-05,16004.47,0.0,0.0,0.0,0.0,0.0,1.0,0.0,0.01921,0.0,0.0,0.0,4.993,,,,,0.0,0.0,0.0,5.0,0.0,0.0,,,0.0,,,,,,1.0,0.0,0.0,,,0.0,,,,,,1.0,0.0,0.0,,,0.0,,,,,,1.0,9.999,0.0,,,0.0,,,,,,1.0,40.0,0.0,,,0.0,,,,,,1.0,0.0,0.0,0.0,7.593,36.7,87.4,88.29,87.89,87.22,83.59,14.44,14.45,14.45,19.72,16.21,0.0,,,0.0,,,,,,1.0,-46.25,0.0,,,0.0,,,23.2,0.0,,,0.0,,,84.7,0.0,,,0.0,,,1.0,0.0,0.0,0.0,0.0,0.0,1.0,0.0,0.0,0.0,0.0,0.0,,0.099,0.055,,0.0,0.0,,,,0.0,,,,,3.519,0.063,0.071,,0.0,0.0,,,,0.0,,,,,9.969,,1.0,0.0,,,,0.0,,,,0.096,0.061,,0.0,0.0,,,,0.0,,,,,3.847,3.831,,0.0,0.0,,,,0.0,,,,,4.018,,1.0,0.0,,,,0.0,,,,0.0,0.0,0.0,0.0,30.6,20.8,28.7,0.0,0.0,0.0,0.06,0.0,0.0,,0.0,0.0,0.0,0.06,2680000000.0,98.9,0.0,0.0,0.0,,,0.0,,,,,,,0.0,100.0,100.0,,,1.0,100.0,1.0,0.0,0.0,0.0,,09:52.2
1900-01-01 00:09:53.200000+00:00,0.0,0.0,0.0,0.0,0.576,0.0,-12.26026,-21.99334,-24.68322,-3e-05,16004.47,0.0,0.0,0.0,0.0,0.0,1.0,0.0,0.01921,0.0,0.0,-0.001,4.996,,,,,0.0,0.0,0.0,5.0,0.0,0.0,,,0.0,,,,,,1.0,0.0,0.0,,,0.0,,,,,,1.0,0.0,0.0,,,0.0,,,,,,1.0,10.0,0.0,,,0.0,,,,,,1.0,40.0,0.0,,,0.0,,,,,,1.0,0.0,0.0,0.0,7.591,36.7,87.4,88.29,87.89,87.22,83.59,14.44,14.45,14.45,19.73,16.21,0.0,,,0.0,,,,,,1.0,-46.26,0.0,,,0.0,,,23.2,0.0,,,0.0,,,84.7,0.0,,,0.0,,,1.0,0.0,0.0,0.0,0.0,0.0,1.0,0.0,0.0,0.0,0.0,0.0,,0.098,0.06,,0.0,0.0,,,,0.0,,,,,3.508,0.064,0.071,,0.0,0.0,,,,0.0,,,,,9.893,,1.0,0.0,,,,0.0,,,,0.098,0.062,,0.0,0.0,,,,0.0,,,,,3.847,3.825,,0.0,0.0,,,,0.0,,,,,4.031,,1.0,0.0,,,,0.0,,,,0.0,0.0,0.0,0.0,30.6,20.8,28.7,0.0,0.0,0.0,0.05,0.0,0.0,,0.0,0.0,0.0,0.05,3220000000.0,98.9,0.0,0.0,0.0,,,0.0,,,,,,,0.0,100.0,100.0,,,1.0,100.0,1.0,0.0,0.0,0.0,,09:53.2
1900-01-01 00:09:54.200000+00:00,0.0,-0.052,0.0,0.0,0.576,0.0,-12.26026,-21.99334,-24.68322,-3e-05,16004.47,-100.0,0.0,0.0,0.0,0.0,1.0,0.0,0.01921,0.0,0.0,0.0,4.995,,,,,0.0,0.0,0.0,5.0,0.0,0.0,,,0.0,,,,,,1.0,0.0,0.0,,,0.0,,,,,,1.0,0.0,0.0,,,0.0,,,,,,1.0,9.999,0.0,,,0.0,,,,,,1.0,40.0,0.0,,,0.0,,,,,,1.0,0.0,0.0,0.0,7.592,36.7,87.4,88.29,87.89,87.22,83.59,14.44,14.45,14.45,19.72,16.21,0.0,,,0.0,,,,,,1.0,-46.26,0.0,,,0.0,,,23.2,0.0,,,0.0,,,84.7,0.0,,,0.0,,,1.0,0.0,0.0,0.0,0.0,0.0,1.0,0.0,0.0,0.0,0.0,0.0,,0.1,0.055,,0.0,0.0,,,,0.0,,,,,3.549,0.062,0.074,,0.0,0.0,,,,0.0,,,,,9.831,,1.0,0.0,,,,0.0,,,,0.097,0.063,,0.0,0.0,,,,0.0,,,,,3.844,3.821,,0.0,0.0,,,,0.0,,,,,4.031,,1.0,0.0,,,,0.0,,,,0.0,0.0,0.0,0.0,30.6,20.8,28.7,0.0,0.0,0.0,0.05,0.0,0.0,,0.0,0.0,0.0,0.05,3220000000.0,98.9,0.0,0.0,0.0,,,0.0,,,,,,,0.0,100.0,100.0,,,1.0,100.0,1.0,0.0,0.0,0.0,,09:54.2
1900-01-01 00:09:55.200000+00:00,0.0,-0.669,-0.669,0.0,0.576,0.0,-12.26026,-21.99334,-24.68322,-3e-05,16004.47,0.0,0.0,0.0,0.0,0.0,1.0,0.0,0.01921,0.0,0.0,-0.001,4.993,,,,,0.0,0.0,0.0,5.0,0.0,0.0,,,0.0,,,,,,1.0,0.0,0.0,,,0.0,,,,,,1.0,0.0,0.0,,,0.0,,,,,,1.0,9.997,0.0,,,0.0,,,,,,1.0,40.0,0.0,,,0.0,,,,,,1.0,0.0,0.0,0.0,7.592,36.7,87.4,88.29,87.89,87.22,83.59,14.44,14.45,14.45,19.72,16.21,0.0,,,0.0,,,,,,1.0,-46.26,0.0,,,0.0,,,23.2,0.0,,,0.0,,,84.7,0.0,,,0.0,,,1.0,0.0,0.0,0.0,0.0,0.0,1.0,0.0,0.0,0.0,0.0,0.0,,0.097,0.061,,0.0,0.0,,,,0.0,,,,,3.507,0.063,0.074,,0.0,0.0,,,,0.0,,,,,9.793,,1.0,0.0,,,,0.0,,,,0.097,0.063,,0.0,0.0,,,,0.0,,,,,3.842,3.824,,0.0,0.0,,,,0.0,,,,,4.031,,1.0,0.0,,,,0.0,,,,0.0,0.0,0.0,0.0,30.6,20.8,28.8,0.0,0.0,0.0,0.05,0.0,0.0,,0.0,0.0,0.0,0.05,2680000000.0,98.9,0.0,0.0,0.0,,,0.0,,,,,,,0.0,100.0,100.0,,,1.0,100.0,1.0,0.0,0.0,0.0,,09:55.2
1900-01-01 00:09:56.200000+00:00,0.0,-0.669,-0.669,0.0,0.0,0.0,-12.26026,-21.99334,-24.68322,-3e-05,16004.47,0.0,0.0,0.0,0.0,0.0,1.0,0.0,0.01921,0.0,0.0,0.0,5.008,,,,,0.0,0.0,0.0,5.0,0.0,0.0,,,0.0,,,,,,1.0,0.0,0.0,,,0.0,,,,,,1.0,0.0,0.0,,,0.0,,,,,,1.0,9.998,0.0,,,0.0,,,,,,1.0,40.0,0.0,,,0.0,,,,,,1.0,0.0,0.0,0.0,7.588,36.71,87.4,88.29,87.89,87.22,83.59,14.44,14.45,14.45,19.73,16.21,0.0,,,0.0,,,,,,1.0,-46.27,0.0,,,0.0,,,23.2,0.0,,,0.0,,,84.6,0.0,,,0.0,,,1.0,0.0,0.0,0.0,0.0,0.0,1.0,0.0,0.0,0.0,0.0,0.0,,0.097,0.055,,0.0,0.0,,,,0.0,,,,,3.558,0.063,0.072,,0.0,0.0,,,,0.0,,,,,9.831,,1.0,0.0,,,,0.0,,,,0.098,0.061,,0.0,0.0,,,,0.0,,,,,3.844,3.83,,0.0,0.0,,,,0.0,,,,,4.031,,1.0,0.0,,,,0.0,,,,0.0,0.0,0.0,0.0,30.5,20.8,28.8,0.0,0.0,0.0,0.05,0.0,0.0,,0.0,0.0,0.0,0.05,3220000000.0,98.9,0.0,0.0,0.0,,,0.0,,,,,,,0.0,100.0,100.0,,,1.0,100.0,1.0,0.0,0.0,0.0,,09:56.2
1900-01-01 00:09:57.300000+00:00,0.0,-0.669,-0.669,0.0,0.0,0.0,-12.26026,-21.99334,-24.68322,-3e-05,16004.47,0.0,0.0,0.0,0.0,0.0,1.0,0.0,0.01921,0.0,0.0,0.0,5.006,,,,,0.0,0.0,0.0,5.0,0.0,0.0,,,0.0,,,,,,1.0,0.0,0.0,,,0.0,,,,,,1.0,0.0,0.0,,,0.0,,,,,,1.0,10.002,0.0,,,0.0,,,,,,1.0,40.0,0.0,,,0.0,,,,,,1.0,0.0,0.0,0.0,7.588,36.7,87.4,88.29,87.89,87.22,83.57,14.44,14.45,14.45,19.74,16.21,0.0,,,0.0,,,,,,1.0,-46.27,0.0,,,0.0,,,23.2,0.0,,,0.0,,,84.6,0.0,,,0.0,,,1.0,0.0,0.0,0.0,0.0,0.0,1.0,0.0,0.0,0.0,0.0,0.0,,0.1,0.06,,0.0,0.0,,,,0.0,,,,,3.519,0.064,0.075,,0.0,0.0,,,,0.0,,,,,9.818,,1.0,0.0,,,,0.0,,,,0.096,0.063,,0.0,0.0,,,,0.0,,,,,3.85,3.835,,0.0,0.0,,,,0.0,,,,,4.031,,1.0,0.0,,,,0.0,,,,0.0,0.0,0.0,0.0,30.5,20.8,28.8,0.0,0.0,0.0,0.05,0.0,0.0,,0.0,0.0,0.0,0.05,2680000000.0,98.9,0.0,0.0,0.0,,,0.0,,,,,,,0.0,100.0,100.0,,,1.0,100.0,1.0,0.0,0.0,0.0,,09:57.3
1900-01-01 00:09:58.300000+00:00,0.0,-0.669,-0.669,0.0,0.0,0.0,-12.26026,-21.99334,-24.68322,-3e-05,16004.47,0.0,0.0,0.0,0.0,0.0,1.0,0.0,0.01921,0.0,0.0,0.0,5.003,,,,,0.0,0.0,0.0,5.0,0.0,0.0,,,0.0,,,,,,1.0,0.0,0.0,,,0.0,,,,,,1.0,0.0,0.0,,,0.0,,,,,,1.0,10.004,0.0,,,0.0,,,,,,1.0,40.0,0.0,,,0.0,,,,,,1.0,0.0,0.0,0.0,7.591,36.7,87.4,88.29,87.89,87.22,83.57,14.44,14.45,14.45,19.73,16.21,0.0,,,0.0,,,,,,1.0,-46.27,0.0,,,0.0,,,23.2,0.0,,,0.0,,,84.6,0.0,,,0.0,,,1.0,0.0,0.0,0.0,0.0,0.0,1.0,0.0,0.0,0.0,0.0,0.0,,0.097,0.055,,0.0,0.0,,,,0.0,,,,,3.538,0.063,0.072,,0.0,0.0,,,,0.0,,,,,9.931,,1.0,0.0,,,,0.0,,,,0.096,0.063,,0.0,0.0,,,,0.0,,,,,3.853,3.838,,0.0,0.0,,,,0.0,,,,,4.031,,1.0,0.0,,,,0.0,,,,0.0,0.0,0.0,0.0,30.6,20.8,28.8,0.0,0.0,0.0,0.05,0.0,0.0,,0.0,0.0,0.0,0.05,3220000000.0,98.9,0.0,0.0,0.0,,,0.0,,,,,,,0.0,100.0,100.0,,,1.0,100.0,1.0,0.0,0.0,0.0,,09:58.3
1900-01-01 00:09:59.300000+00:00,0.0,-0.669,-0.669,0.0,0.0,0.0,-12.26026,-21.99334,-24.68322,-3e-05,16004.47,0.0,0.0,0.0,0.0,0.0,1.0,0.0,0.01921,0.0,0.0,0.0,5.004,,,,,0.0,0.0,0.0,5.0,0.0,0.0,,,0.0,,,,,,1.0,0.0,0.0,,,0.0,,,,,,1.0,0.0,0.0,,,0.0,,,,,,1.0,9.998,0.0,,,0.0,,,,,,1.0,40.0,0.0,,,0.0,,,,,,1.0,0.0,0.0,0.0,7.585,36.7,87.4,88.29,87.89,87.22,83.57,14.44,14.45,14.45,19.73,16.21,0.0,,,0.0,,,,,,1.0,-46.28,0.0,,,0.0,,,23.2,0.0,,,0.0,,,84.6,0.0,,,0.0,,,1.0,0.0,0.0,0.0,0.0,0.0,1.0,0.0,0.0,0.0,0.0,0.0,,0.099,0.059,,0.0,0.0,,,,0.0,,,,,3.528,0.063,0.072,,0.0,0.0,,,,0.0,,,,,9.969,,1.0,0.0,,,,0.0,,,,0.099,0.063,,0.0,0.0,,,,0.0,,,,,3.857,3.839,,0.0,0.0,,,,0.0,,,,,4.031,,1.0,0.0,,,,0.0,,,,0.0,0.0,0.0,0.0,30.6,20.8,28.8,0.0,0.0,0.0,0.05,0.0,0.0,,0.0,0.0,0.0,0.05,3220000000.0,98.9,0.0,0.0,0.0,,,0.0,,,,,,,0.0,100.0,100.0,,,1.0,100.0,1.0,0.0,0.0,0.0,,09:59.3
1900-01-01 00:10:00.300000+00:00,0.0,-0.669,-0.669,0.0,0.0,0.0,-12.26026,-21.99334,-24.68322,-3e-05,16004.47,0.0,0.0,0.0,0.0,0.0,1.0,0.0,0.01921,0.0,0.0,0.0,4.989,,,,,0.0,0.0,0.0,5.0,0.0,0.0,,,0.0,,,,,,1.0,0.0,0.0,,,0.0,,,,,,1.0,0.0,0.0,,,0.0,,,,,,1.0,10.0,0.0,,,0.0,,,,,,1.0,40.0,0.0,,,0.0,,,,,,1.0,0.0,0.0,0.0,7.59,36.7,87.4,88.29,87.89,87.22,83.57,14.44,14.45,14.45,19.73,16.21,0.0,,,0.0,,,,,,1.0,-46.28,0.0,,,0.0,,,23.2,0.0,,,0.0,,,84.6,0.0,,,0.0,,,1.0,0.0,0.0,0.0,0.0,0.0,1.0,0.0,0.0,0.0,0.0,0.0,,0.098,0.056,,0.0,0.0,,,,0.0,,,,,3.514,0.064,0.072,,0.0,0.0,,,,0.0,,,,,9.868,,1.0,0.0,,,,0.0,,,,0.098,0.062,,0.0,0.0,,,,0.0,,,,,3.86,3.837,,0.0,0.0,,,,0.0,,,,,4.031,,1.0,0.0,,,,0.0,,,,0.0,0.0,0.0,0.0,30.6,20.8,28.8,0.0,0.0,0.0,0.05,0.0,0.0,,0.0,0.0,0.0,0.05,3220000000.0,98.9,0.0,0.0,0.0,,,0.0,,,,,,,0.0,100.0,100.0,,,1.0,100.0,1.0,0.0,0.0,0.0,,10:00.3
1900-01-01 00:10:01.300000+00:00,0.0,-0.669,-0.669,0.0,0.0,0.0,-12.26026,-21.99334,-24.68322,-3e-05,16004.47,0.0,0.0,0.0,0.0,0.0,1.0,0.0,0.01921,0.0,0.0,0.0,4.995,,,,,0.0,0.0,0.0,5.0,0.0,0.0,,,0.0,,,,,,1.0,0.0,0.0,,,0.0,,,,,,1.0,0.0,0.0,,,0.0,,,,,,1.0,10.002,0.0,,,0.0,,,,,,1.0,40.0,0.0,,,0.0,,,,,,1.0,0.0,0.0,0.0,7.59,36.7,87.4,88.29,87.89,87.22,83.57,14.44,14.45,14.45,19.73,16.21,0.0,,,0.0,,,,,,1.0,-46.28,0.0,,,0.0,,,23.2,0.0,,,0.0,,,84.6,0.0,,,0.0,,,1.0,0.0,0.0,0.0,0.0,0.0,1.0,0.0,0.0,0.0,0.0,0.0,,0.1,0.055,,0.0,0.0,,,,0.0,,,,,3.529,0.062,0.074,,0.0,0.0,,,,0.0,,,,,9.868,,1.0,0.0,,,,0.0,,,,0.098,0.062,,0.0,0.0,,,,0.0,,,,,3.852,3.841,,0.0,0.0,,,,0.0,,,,,4.018,,1.0,0.0,,,,0.0,,,,0.0,0.0,0.0,0.0,30.6,20.8,28.8,0.0,0.0,0.0,0.05,0.0,0.0,,0.0,0.0,0.0,0.05,3220000000.0,98.9,0.0,0.0,0.0,,,0.0,,,,,,,0.0,100.0,100.0,,,1.0,100.0,1.0,0.0,0.0,0.0,,10:01.3
1900-01-01 00:10:02.300000+00:00,0.0,-0.669,-0.669,0.0,0.0,0.0,-12.26026,-21.99334,-24.68322,-3e-05,16004.47,0.0,0.0,0.0,0.0,0.0,1.0,0.0,0.01921,0.0,0.0,0.001,4.993,,,,,0.0,0.0,0.0,5.0,0.0,0.0,,,0.0,,,,,,1.0,0.0,0.0,,,0.0,,,,,,1.0,0.0,0.0,,,0.0,,,,,,1.0,10.007,0.0,,,0.0,,,,,,1.0,40.0,0.0,,,0.0,,,,,,1.0,0.0,0.0,0.0,7.592,36.7,87.4,88.29,87.89,87.22,83.57,14.44,14.45,14.45,19.74,16.21,0.0,,,0.0,,,,,,1.0,-46.28,0.0,,,0.0,,,23.2,0.0,,,0.0,,,84.6,0.0,,,0.0,,,1.0,0.0,0.0,0.0,0.0,0.0,1.0,0.0,0.0,0.0,0.0,0.0,,0.099,0.059,,0.0,0.0,,,,0.0,,,,,3.534,0.063,0.076,,0.0,0.0,,,,0.0,,,,,9.931,,1.0,0.0,,,,0.0,,,,0.096,0.061,,0.0,0.0,,,,0.0,,,,,3.854,3.835,,0.0,0.0,,,,0.0,,,,,4.031,,1.0,0.0,,,,0.0,,,,0.0,0.0,0.0,0.0,30.6,20.8,28.8,0.0,0.0,0.0,0.05,0.0,0.0,,0.0,0.0,0.0,0.05,3220000000.0,98.9,0.0,0.0,0.0,,,0.0,,,,,,,0.0,100.0,100.0,,,1.0,100.0,1.0,0.0,0.0,0.0,,10:02.3
1900-01-01 00:10:03.300000+00:00,0.0,-0.669,-0.669,0.0,0.0,0.0,-12.26026,-21.99334,-24.68322,-3e-05,16004.47,0.0,0.0,0.0,0.0,0.0,1.0,0.0,0.01921,0.0,0.0,0.0,4.99,,,,,0.0,0.0,0.0,5.0,0.0,0.0,,,0.0,,,,,,1.0,0.0,0.0,,,0.0,,,,,,1.0,0.0,0.0,,,0.0,,,,,,1.0,9.998,0.0,,,0.0,,,,,,1.0,40.0,0.0,,,0.0,,,,,,1.0,0.0,0.0,0.0,7.589,36.7,87.4,88.29,87.89,87.22,83.55,14.44,14.45,14.45,19.73,16.21,0.0,,,0.0,,,,,,1.0,-46.29,0.0,,,0.0,,,23.2,0.0,,,0.0,,,84.6,0.0,,,0.0,,,1.0,0.0,0.0,0.0,0.0,0.0,1.0,0.0,0.0,0.0,0.0,0.0,,0.099,0.058,,0.0,0.0,,,,0.0,,,,,3.55,0.064,0.075,,0.0,0.0,,,,0.0,,,,,9.981,,1.0,0.0,,,,0.0,,,,0.097,0.059,,0.0,0.0,,,,0.0,,,,,3.852,3.832,,0.0,0.0,,,,0.0,,,,,4.031,,1.0,0.0,,,,0.0,,,,0.0,0.0,0.0,0.0,30.6,20.8,28.7,0.0,0.0,0.0,0.05,0.0,0.0,,0.0,0.0,0.0,0.05,3220000000.0,98.9,0.0,0.0,0.0,,,0.0,,,,,,,0.0,100.0,100.0,,,1.0,100.0,1.0,0.0,0.0,0.0,,10:03.3
1900-01-01 00:10:04.300000+00:00,0.0,-0.669,-0.669,0.0,0.0,0.0,-12.26026,-21.99334,-24.68322,-3e-05,16004.47,0.0,0.0,0.0,0.0,0.0,1.0,0.0,0.01921,0.0,0.0,0.0,4.997,,,,,0.0,0.0,0.0,5.0,0.0,0.0,,,0.0,,,,,,1.0,0.0,0.0,,,0.0,,,,,,1.0,0.0,0.0,,,0.0,,,,,,1.0,9.998,0.0,,,0.0,,,,,,1.0,40.0,0.0,,,0.0,,,,,,1.0,0.0,0.0,0.0,7.589,36.7,87.4,88.29,87.89,87.22,83.55,14.44,14.45,14.45,19.73,16.21,0.0,,,0.0,,,,,,1.0,-46.29,0.0,,,0.0,,,23.2,0.0,,,0.0,,,84.6,0.0,,,0.0,,,1.0,0.0,0.0,0.0,0.0,0.0,1.0,0.0,0.0,0.0,0.0,0.0,,0.1,0.059,,0.0,0.0,,,,0.0,,,,,3.542,0.063,0.071,,0.0,0.0,,,,0.0,,,,,9.994,,1.0,0.0,,,,0.0,,,,0.098,0.061,,0.0,0.0,,,,0.0,,,,,3.848,3.824,,0.0,0.0,,,,0.0,,,,,4.043,,1.0,0.0,,,,0.0,,,,0.0,0.0,0.0,0.0,30.7,20.9,28.7,0.0,0.0,0.0,0.05,0.0,0.0,,0.0,0.0,0.0,0.05,3220000000.0,98.9,0.0,0.0,0.0,,,0.0,,,,,,,0.0,100.0,100.0,,,1.0,100.0,1.0,0.0,0.0,0.0,,10:04.3
1900-01-01 00:10:05.300000+00:00,0.0,-0.669,-0.669,0.0,0.0,0.0,-12.26026,-21.99334,-24.68322,-3e-05,16004.47,0.0,0.0,0.0,0.0,0.0,1.0,0.0,0.01921,0.0,0.0,0.001,5.013,,,,,0.0,0.0,0.0,5.0,0.0,0.0,,,0.0,,,,,,1.0,0.0,0.0,,,0.0,,,,,,1.0,0.0,0.0,,,0.0,,,,,,1.0,9.998,0.0,,,0.0,,,,,,1.0,40.0,0.0,,,0.0,,,,,,1.0,0.0,0.0,0.0,7.591,36.7,87.4,88.29,87.89,87.22,83.55,14.44,14.45,14.45,19.72,16.21,0.0,,,0.0,,,,,,1.0,-46.29,0.0,,,0.0,,,23.2,0.0,,,0.0,,,84.6,0.0,,,0.0,,,1.0,0.0,0.0,0.0,0.0,0.0,1.0,0.0,0.0,0.0,0.0,0.0,,0.099,0.055,,0.0,0.0,,,,0.0,,,,,3.518,0.063,0.073,,0.0,0.0,,,,0.0,,,,,9.868,,1.0,0.0,,,,0.0,,,,0.097,0.062,,0.0,0.0,,,,0.0,,,,,3.843,3.826,,0.0,0.0,,,,0.0,,,,,4.018,,1.0,0.0,,,,0.0,,,,0.0,0.0,0.0,0.0,30.7,20.9,28.7,0.0,0.0,0.0,0.05,0.0,0.0,,0.0,0.0,0.0,0.05,3220000000.0,98.9,0.0,0.0,0.0,,,0.0,,,,,,,0.0,100.0,100.0,,,1.0,100.0,1.0,0.0,0.0,0.0,,10:05.3
1900-01-01 00:10:06.400000+00:00,0.0,-0.669,-0.669,0.0,0.0,0.0,-12.26026,-21.99334,-24.68322,-3e-05,16004.47,0.0,0.0,0.0,0.0,0.0,1.0,0.0,0.01921,0.0,0.0,0.0,5.011,,,,,0.0,0.0,0.0,5.0,0.0,0.0,,,0.0,,,,,,1.0,0.0,0.0,,,0.0,,,,,,1.0,0.0,0.0,,,0.0,,,,,,1.0,9.995,0.0,,,0.0,,,,,,1.0,40.0,0.0,,,0.0,,,,,,1.0,0.0,0.0,0.0,7.59,36.7,87.4,88.29,87.89,87.22,83.55,14.44,14.45,14.45,19.72,16.21,0.0,,,0.0,,,,,,1.0,-46.3,0.0,,,0.0,,,23.2,0.0,,,0.0,,,84.6,0.0,,,0.0,,,1.0,0.0,0.0,0.0,0.0,0.0,1.0,0.0,0.0,0.0,0.0,0.0,,0.099,0.056,,0.0,0.0,,,,0.0,,,,,3.511,0.063,0.069,,0.0,0.0,,,,0.0,,,,,9.793,,1.0,0.0,,,,0.0,,,,0.097,0.063,,0.0,0.0,,,,0.0,,,,,3.848,3.823,,0.0,0.0,,,,0.0,,,,,4.018,,1.0,0.0,,,,0.0,,,,0.0,0.0,0.0,0.0,30.6,20.9,28.7,0.0,0.0,0.0,0.05,0.0,0.0,,0.0,0.0,0.0,0.05,3220000000.0,98.9,0.0,0.0,0.0,,,0.0,,,,,,,0.0,100.0,100.0,,,1.0,100.0,1.0,0.0,0.0,0.0,,10:06.4
1900-01-01 00:10:07.400000+00:00,0.0,-0.669,-0.669,0.0,0.0,0.0,-12.26026,-21.99334,-24.68322,-3e-05,16004.47,0.0,0.0,0.0,0.0,0.0,1.0,0.0,0.01921,0.0,0.0,-0.001,5.013,,,,,0.0,0.0,0.0,5.0,0.0,0.0,,,0.0,,,,,,1.0,0.0,0.0,,,0.0,,,,,,1.0,0.0,0.0,,,0.0,,,,,,1.0,10.002,0.0,,,0.0,,,,,,1.0,40.0,0.0,,,0.0,,,,,,1.0,0.0,0.0,0.0,7.594,36.7,87.4,88.29,87.89,87.22,83.55,14.44,14.45,14.45,19.72,16.21,0.0,,,0.0,,,,,,1.0,-46.3,0.0,,,0.0,,,23.2,0.0,,,0.0,,,84.6,0.0,,,0.0,,,1.0,0.0,0.0,0.0,0.0,0.0,1.0,0.0,0.0,0.0,0.0,0.0,,0.097,0.053,,0.0,0.0,,,,0.0,,,,,3.516,0.063,0.075,,0.0,0.0,,,,0.0,,,,,9.793,,1.0,0.0,,,,0.0,,,,0.099,0.061,,0.0,0.0,,,,0.0,,,,,3.845,3.831,,0.0,0.0,,,,0.0,,,,,4.031,,1.0,0.0,,,,0.0,,,,0.0,0.0,0.0,0.0,30.6,20.9,28.7,0.0,0.0,0.0,0.05,0.0,0.0,,0.0,0.0,0.0,0.05,3220000000.0,98.9,0.0,0.0,0.0,,,0.0,,,,,,,0.0,100.0,100.0,,,1.0,100.0,1.0,0.0,0.0,0.0,,10:07.4
1900-01-01 00:10:08.400000+00:00,0.0,-0.669,-0.669,0.0,0.0,0.0,-12.26026,-21.99334,-24.68322,-3e-05,16004.47,0.0,0.0,0.0,0.0,0.0,1.0,0.0,0.01921,0.0,0.0,0.0,5.009,,,,,0.0,0.0,0.0,5.0,0.0,0.0,,,0.0,,,,,,1.0,0.0,0.0,,,0.0,,,,,,1.0,0.0,0.0,,,0.0,,,,,,1.0,10.004,0.0,,,0.0,,,,,,1.0,40.0,0.0,,,0.0,,,,,,1.0,0.0,0.0,0.0,7.592,36.7,87.4,88.29,87.89,87.22,83.55,14.44,14.45,14.45,19.73,16.21,0.0,,,0.0,,,,,,1.0,-46.3,0.0,,,0.0,,,23.2,0.0,,,0.0,,,84.6,0.0,,,0.0,,,1.0,0.0,0.0,0.0,0.0,0.0,1.0,0.0,0.0,0.0,0.0,0.0,,0.098,0.061,,0.0,0.0,,,,0.0,,,,,3.521,0.064,0.071,,0.0,0.0,,,,0.0,,,,,9.818,,1.0,0.0,,,,0.0,,,,0.098,0.062,,0.0,0.0,,,,0.0,,,,,3.852,3.835,,0.0,0.0,,,,0.0,,,,,4.031,,1.0,0.0,,,,0.0,,,,0.0,0.0,0.0,0.0,30.6,20.9,28.7,0.0,0.0,0.0,0.05,0.0,0.0,,0.0,0.0,0.0,0.05,3220000000.0,98.7,0.0,0.0,0.0,,,0.0,,,,,,,0.0,100.0,100.0,,,1.0,100.0,1.0,0.0,0.0,0.0,,10:08.4
1900-01-01 00:10:09.400000+00:00,0.0,-0.669,-0.669,0.0,0.0,0.0,-12.26026,-21.99334,-24.68322,-3e-05,16004.47,0.0,0.0,0.0,0.0,0.0,1.0,0.0,0.01921,0.0,0.0,0.0,4.998,,,,,0.0,0.0,0.0,5.0,0.0,0.0,,,0.0,,,,,,1.0,0.0,0.0,,,0.0,,,,,,1.0,0.0,0.0,,,0.0,,,,,,1.0,10.0,0.0,,,0.0,,,,,,1.0,40.0,0.0,,,0.0,,,,,,1.0,0.0,0.0,0.0,7.586,36.7,87.4,88.29,87.89,87.22,83.55,14.44,14.45,14.45,19.74,16.21,0.0,,,0.0,,,,,,1.0,-46.31,0.0,,,0.0,,,23.2,0.0,,,0.0,,,84.5,0.0,,,0.0,,,1.0,0.0,0.0,0.0,0.0,0.0,1.0,0.0,0.0,0.0,0.0,0.0,,0.098,0.061,,0.0,0.0,,,,0.0,,,,,3.508,0.063,0.072,,0.0,0.0,,,,0.0,,,,,9.931,,1.0,0.0,,,,0.0,,,,0.098,0.062,,0.0,0.0,,,,0.0,,,,,3.857,3.839,,0.0,0.0,,,,0.0,,,,,4.031,,1.0,0.0,,,,0.0,,,,0.0,0.0,0.0,0.0,30.6,20.9,28.7,0.0,0.0,0.0,0.05,0.0,0.0,,0.0,0.0,0.0,0.05,3220000000.0,98.7,0.0,0.0,0.0,,,0.0,,,,,,,0.0,100.0,100.0,,,1.0,100.0,1.0,0.0,0.0,0.0,,10:09.4
1900-01-01 00:10:10.400000+00:00,0.0,-0.669,-0.669,0.0,0.0,0.0,-12.26026,-21.99334,-24.68322,-3e-05,16004.47,0.0,0.0,0.0,0.0,0.0,1.0,0.0,0.01921,0.0,0.0,-0.001,4.994,,,,,0.0,0.0,0.0,5.0,0.0,0.0,,,0.0,,,,,,1.0,0.0,0.0,,,0.0,,,,,,1.0,0.0,0.0,,,0.0,,,,,,1.0,10.001,0.0,,,0.0,,,,,,1.0,40.0,0.0,,,0.0,,,,,,1.0,0.0,0.0,0.0,7.586,36.7,87.4,88.29,87.89,87.22,83.55,14.44,14.45,14.45,19.74,16.21,0.0,,,0.0,,,,,,1.0,-46.31,0.0,,,0.0,,,23.2,0.0,,,0.0,,,84.5,0.0,,,0.0,,,1.0,0.0,0.0,0.0,0.0,0.0,1.0,0.0,0.0,0.0,0.0,0.0,,0.098,0.058,,0.0,0.0,,,,0.0,,,,,3.528,0.062,0.076,,0.0,0.0,,,,0.0,,,,,9.906,,1.0,0.0,,,,0.0,,,,0.097,0.061,,0.0,0.0,,,,0.0,,,,,3.855,3.839,,0.0,0.0,,,,0.0,,,,,4.031,,1.0,0.0,,,,0.0,,,,0.0,0.0,0.0,0.0,30.6,20.9,28.7,0.0,0.0,0.0,0.05,0.0,0.0,,0.0,0.0,0.0,0.05,3220000000.0,98.7,0.0,0.0,0.0,,,0.0,,,,,,,0.0,100.0,100.0,,,1.0,100.0,1.0,0.0,0.0,0.0,,10:10.4
1900-01-01 00:10:11.400000+00:00,0.0,-0.669,-0.669,0.0,0.0,0.0,-12.26026,-21.99334,-24.68322,-3e-05,16004.47,0.0,0.0,0.0,0.0,0.0,1.0,0.0,0.01921,0.0,0.0,0.001,4.994,,,,,0.0,0.0,0.0,5.0,0.0,0.0,,,0.0,,,,,,1.0,0.0,0.0,,,0.0,,,,,,1.0,0.0,0.0,,,0.0,,,,,,1.0,10.001,0.0,,,0.0,,,,,,1.0,40.0,0.0,,,0.0,,,,,,1.0,0.0,0.0,0.0,7.586,36.7,87.4,88.29,87.89,87.22,83.53,14.44,14.45,14.45,19.74,16.21,0.0,,,0.0,,,,,,1.0,-46.31,0.0,,,0.0,,,23.2,0.0,,,0.0,,,84.5,0.0,,,0.0,,,1.0,0.0,0.0,0.0,0.0,0.0,1.0,0.0,0.0,0.0,0.0,0.0,,0.099,0.055,,0.0,0.0,,,,0.0,,,,,3.541,0.063,0.069,,0.0,0.0,,,,0.0,,,,,9.881,,1.0,0.0,,,,0.0,,,,0.095,0.063,,0.0,0.0,,,,0.0,,,,,3.853,3.837,,0.0,0.0,,,,0.0,,,,,4.018,,1.0,0.0,,,,0.0,,,,0.0,0.0,0.0,0.0,30.6,20.9,28.7,0.0,0.0,0.0,0.05,0.0,0.0,,0.0,0.0,0.0,0.05,3220000000.0,98.7,0.0,0.0,0.0,,,0.0,,,,,,,0.0,100.0,100.0,,,1.0,100.0,1.0,0.0,0.0,0.0,,10:11.4
1900-01-01 00:10:12.400000+00:00,0.0,-0.669,-0.669,0.0,0.0,0.0,-12.26026,-21.99334,-24.68322,-3e-05,16004.47,0.0,0.0,0.0,0.0,0.0,1.0,0.0,0.01921,0.0,0.0,0.0,4.994,,,,,0.0,0.0,0.0,5.0,0.0,0.0,,,0.0,,,,,,1.0,0.0,0.0,,,0.0,,,,,,1.0,0.0,0.0,,,0.0,,,,,,1.0,10.002,0.0,,,0.0,,,,,,1.0,40.0,0.0,,,0.0,,,,,,1.0,0.0,0.0,0.0,7.588,36.7,87.4,88.29,87.89,87.22,83.53,14.44,14.45,14.45,19.74,16.21,0.0,,,0.0,,,,,,1.0,-46.32,0.0,,,0.0,,,23.2,0.0,,,0.0,,,84.5,0.0,,,0.0,,,1.0,0.0,0.0,0.0,0.0,0.0,1.0,0.0,0.0,0.0,0.0,0.0,,0.097,0.059,,0.0,0.0,,,,0.0,,,,,3.554,0.063,0.069,,0.0,0.0,,,,0.0,,,,,9.843,,1.0,0.0,,,,0.0,,,,0.098,0.061,,0.0,0.0,,,,0.0,,,,,3.862,3.839,,0.0,0.0,,,,0.0,,,,,4.018,,1.0,0.0,,,,0.0,,,,0.0,0.0,0.0,0.0,30.6,20.9,28.7,0.0,0.0,0.0,0.05,0.0,0.0,,0.0,0.0,0.0,0.05,3220000000.0,98.7,0.0,0.0,0.0,,,0.0,,,,,,,0.0,100.0,100.0,,,1.0,100.0,1.0,0.0,0.0,0.0,,10:12.4
1900-01-01 00:10:13.400000+00:00,0.0,-0.669,-0.669,0.0,0.0,0.0,-12.26026,-21.99334,-24.68322,-3e-05,16004.47,0.0,0.0,0.0,0.0,0.0,1.0,0.0,0.01921,0.0,0.0,0.0,5.004,,,,,0.0,0.0,0.0,5.0,0.0,0.0,,,0.0,,,,,,1.0,0.0,0.0,,,0.0,,,,,,1.0,0.0,0.0,,,0.0,,,,,,1.0,9.997,0.0,,,0.0,,,,,,1.0,40.0,0.0,,,0.0,,,,,,1.0,0.0,0.0,0.0,7.588,36.7,87.4,88.29,87.89,87.22,83.53,14.44,14.45,14.45,19.73,16.21,0.0,,,0.0,,,,,,1.0,-46.32,0.0,,,0.0,,,23.2,0.0,,,0.0,,,84.5,0.0,,,0.0,,,1.0,0.0,0.0,0.0,0.0,0.0,1.0,0.0,0.0,0.0,0.0,0.0,,0.099,0.059,,0.0,0.0,,,,0.0,,,,,3.528,0.063,0.074,,0.0,0.0,,,,0.0,,,,,9.806,,1.0,0.0,,,,0.0,,,,0.098,0.061,,0.0,0.0,,,,0.0,,,,,3.857,3.835,,0.0,0.0,,,,0.0,,,,,4.018,,1.0,0.0,,,,0.0,,,,0.0,0.0,0.0,0.0,30.6,20.9,28.7,0.0,0.0,0.0,0.05,0.0,0.0,,0.0,0.0,0.0,0.05,3220000000.0,98.7,0.0,0.0,0.0,,,0.0,,,,,,,0.0,100.0,100.0,,,1.0,100.0,1.0,0.0,0.0,0.0,,10:13.4
1900-01-01 00:10:14.500000+00:00,0.0,-0.669,-0.669,0.0,0.0,0.0,-12.26026,-21.99334,-24.68322,-3e-05,16004.47,0.0,0.0,0.0,0.0,0.0,1.0,0.0,0.01921,0.0,0.0,0.001,5.007,,,,,0.0,0.0,0.0,5.0,0.0,0.0,,,0.0,,,,,,1.0,0.0,0.0,,,0.0,,,,,,1.0,0.0,0.0,,,0.0,,,,,,1.0,10.004,0.0,,,0.0,,,,,,1.0,40.0,0.0,,,0.0,,,,,,1.0,0.0,0.0,0.0,7.589,36.7,87.4,88.29,87.89,87.22,83.53,14.44,14.45,14.45,19.74,16.21,0.0,,,0.0,,,,,,1.0,-46.32,0.0,,,0.0,,,23.2,0.0,,,0.0,,,84.5,0.0,,,0.0,,,1.0,0.0,0.0,0.0,0.0,0.0,1.0,0.0,0.0,0.0,0.0,0.0,,0.099,0.058,,0.0,0.0,,,,0.0,,,,,3.506,0.063,0.072,,0.0,0.0,,,,0.0,,,,,9.843,,1.0,0.0,,,,0.0,,,,0.098,0.063,,0.0,0.0,,,,0.0,,,,,3.853,3.837,,0.0,0.0,,,,0.0,,,,,4.031,,1.0,0.0,,,,0.0,,,,0.0,0.0,0.0,0.0,30.6,20.9,28.7,0.0,0.0,0.0,0.05,0.0,0.0,,0.0,0.0,0.0,0.05,3220000000.0,98.7,0.0,0.0,0.0,,,0.0,,,,,,,0.0,100.0,100.0,,,1.0,100.0,1.0,0.0,0.0,0.0,,10:14.5
1900-01-01 00:10:15.500000+00:00,0.0,-0.669,-0.669,0.0,0.0,0.0,-12.26026,-21.99334,-24.68322,-3e-05,16004.47,0.0,0.0,0.0,0.0,0.0,1.0,0.0,0.01921,0.0,0.0,0.0,5.005,,,,,0.0,0.0,0.0,5.0,0.0,0.0,,,0.0,,,,,,1.0,0.0,0.0,,,0.0,,,,,,1.0,0.0,0.0,,,0.0,,,,,,1.0,9.998,0.0,,,0.0,,,,,,1.0,40.0,0.0,,,0.0,,,,,,1.0,0.0,0.0,0.0,7.588,36.7,87.4,88.29,87.89,87.22,83.53,14.44,14.45,14.45,19.73,16.21,0.0,,,0.0,,,,,,1.0,-46.33,0.0,,,0.0,,,23.2,0.0,,,0.0,,,84.5,0.0,,,0.0,,,1.0,0.0,0.0,0.0,0.0,0.0,1.0,0.0,0.0,0.0,0.0,0.0,,0.099,0.056,,0.0,0.0,,,,0.0,,,,,3.496,0.063,0.074,,0.0,0.0,,,,0.0,,,,,9.931,,1.0,0.0,,,,0.0,,,,0.096,0.061,,0.0,0.0,,,,0.0,,,,,3.849,3.834,,0.0,0.0,,,,0.0,,,,,4.018,,1.0,0.0,,,,0.0,,,,0.0,0.0,0.0,0.0,30.6,20.9,28.7,0.0,0.0,0.0,0.05,0.0,0.0,,0.0,0.0,0.0,0.05,3220000000.0,98.7,0.0,0.0,0.0,,,0.0,,,,,,,0.0,100.0,100.0,,,1.0,100.0,1.0,0.0,0.0,0.0,,10:15.5
1900-01-01 00:10:16.500000+00:00,0.0,-0.669,-0.669,0.0,0.0,0.0,-12.26026,-21.99334,-24.68322,-3e-05,16004.47,0.0,0.0,0.0,0.0,0.0,1.0,0.0,0.01921,0.0,0.0,0.0,5.002,,,,,0.0,0.0,0.0,5.0,0.0,0.0,,,0.0,,,,,,1.0,0.0,0.0,,,0.0,,,,,,1.0,0.0,0.0,,,0.0,,,,,,1.0,9.999,0.0,,,0.0,,,,,,1.0,40.0,0.0,,,0.0,,,,,,1.0,0.0,0.0,0.0,7.591,36.7,87.4,88.29,87.89,87.22,83.53,14.44,14.45,14.45,19.72,16.21,0.0,,,0.0,,,,,,1.0,-46.33,0.0,,,0.0,,,23.2,0.0,,,0.0,,,84.5,0.0,,,0.0,,,1.0,0.0,0.0,0.0,0.0,0.0,1.0,0.0,0.0,0.0,0.0,0.0,,0.099,0.059,,0.0,0.0,,,,0.0,,,,,3.525,0.064,0.075,,0.0,0.0,,,,0.0,,,,,9.956,,1.0,0.0,,,,0.0,,,,0.098,0.061,,0.0,0.0,,,,0.0,,,,,3.848,3.824,,0.0,0.0,,,,0.0,,,,,4.018,,1.0,0.0,,,,0.0,,,,0.0,0.0,0.0,0.0,30.7,20.9,28.7,0.0,0.0,0.0,0.05,0.0,0.0,,0.0,0.0,0.0,0.05,3220000000.0,98.7,0.0,0.0,0.0,,,0.0,,,,,,,0.0,100.0,100.0,,,1.0,100.0,1.0,0.0,0.0,0.0,,10:16.5
1900-01-01 00:10:17.500000+00:00,0.0,-0.669,-0.669,0.0,0.0,0.0,-12.26026,-21.99334,-24.68322,-3e-05,16004.47,0.0,0.0,0.0,0.0,0.0,1.0,0.0,0.01921,0.0,0.0,0.0,5.005,,,,,0.0,0.0,0.0,5.0,0.0,0.0,,,0.0,,,,,,1.0,0.0,0.0,,,0.0,,,,,,1.0,0.0,0.0,,,0.0,,,,,,1.0,9.998,0.0,,,0.0,,,,,,1.0,40.0,0.0,,,0.0,,,,,,1.0,0.0,0.0,0.0,7.59,36.7,87.4,88.29,87.89,87.22,83.53,14.44,14.45,14.45,19.73,16.21,0.0,,,0.0,,,,,,1.0,-46.33,0.0,,,0.0,,,23.2,0.0,,,0.0,,,84.5,0.0,,,0.0,,,1.0,0.0,0.0,0.0,0.0,0.0,1.0,0.0,0.0,0.0,0.0,0.0,,0.097,0.055,,0.0,0.0,,,,0.0,,,,,3.541,0.063,0.072,,0.0,0.0,,,,0.0,,,,,9.806,,1.0,0.0,,,,0.0,,,,0.095,0.061,,0.0,0.0,,,,0.0,,,,,3.845,3.822,,0.0,0.0,,,,0.0,,,,,4.018,,1.0,0.0,,,,0.0,,,,0.0,0.0,0.0,0.0,30.7,20.9,28.7,0.0,0.0,0.0,0.05,0.0,0.0,,0.0,0.0,0.0,0.05,3220000000.0,98.7,0.0,0.0,0.0,,,0.0,,,,,,,0.0,100.0,100.0,,,1.0,100.0,1.0,0.0,0.0,0.0,,10:17.5
1900-01-01 00:10:18.500000+00:00,0.0,-0.669,-0.669,0.0,0.0,0.0,-12.26026,-21.99334,-24.68322,-3e-05,16004.47,0.0,0.0,0.0,0.0,0.0,1.0,0.0,0.01921,0.0,0.0,0.0,4.996,,,,,0.0,0.0,0.0,5.0,0.0,0.0,,,0.0,,,,,,1.0,0.0,0.0,,,0.0,,,,,,1.0,0.0,0.0,,,0.0,,,,,,1.0,10.002,0.0,,,0.0,,,,,,1.0,40.0,0.0,,,0.0,,,,,,1.0,0.0,0.0,0.0,7.595,36.7,87.4,88.29,87.89,87.22,83.52,14.44,14.45,14.45,19.72,16.21,0.0,,,0.0,,,,,,1.0,-46.34,0.0,,,0.0,,,23.2,0.0,,,0.0,,,84.5,0.0,,,0.0,,,1.0,0.0,0.0,0.0,0.0,0.0,1.0,0.0,0.0,0.0,0.0,0.0,,0.098,0.058,,0.0,0.0,,,,0.0,,,,,3.539,0.063,0.075,,0.0,0.0,,,,0.0,,,,,9.793,,1.0,0.0,,,,0.0,,,,0.098,0.061,,0.0,0.0,,,,0.0,,,,,3.849,3.825,,0.0,0.0,,,,0.0,,,,,4.018,,1.0,0.0,,,,0.0,,,,0.0,0.0,0.0,0.0,30.6,20.9,28.7,0.0,0.0,0.0,0.05,0.0,0.0,,0.0,0.0,0.0,0.05,2680000000.0,98.7,0.0,0.0,0.0,,,0.0,,,,,,,0.0,100.0,100.0,,,1.0,100.0,1.0,0.0,0.0,0.0,,10:18.5
1900-01-01 00:10:19.500000+00:00,0.0,-0.669,-0.669,0.0,0.0,0.0,-12.26026,-21.99334,-24.68322,-3e-05,16004.47,0.0,0.0,0.0,0.0,0.0,1.0,0.0,0.01921,0.0,0.0,0.0,4.996,,,,,0.0,0.0,0.0,5.0,0.0,0.0,,,0.0,,,,,,1.0,0.0,0.0,,,0.0,,,,,,1.0,0.0,0.0,,,0.0,,,,,,1.0,10.002,0.0,,,0.0,,,,,,1.0,40.0,0.0,,,0.0,,,,,,1.0,0.0,0.0,0.0,7.595,36.7,87.4,88.29,87.89,87.22,83.52,14.44,14.45,14.45,19.72,16.21,0.0,,,0.0,,,,,,1.0,-46.34,0.0,,,0.0,,,23.1,0.0,,,0.0,,,84.5,0.0,,,0.0,,,1.0,0.0,0.0,0.0,0.0,0.0,1.0,0.0,0.0,0.0,0.0,0.0,,0.099,0.058,,0.0,0.0,,,,0.0,,,,,3.534,0.063,0.075,,0.0,0.0,,,,0.0,,,,,9.793,,1.0,0.0,,,,0.0,,,,0.098,0.062,,0.0,0.0,,,,0.0,,,,,3.844,3.822,,0.0,0.0,,,,0.0,,,,,4.031,,1.0,0.0,,,,0.0,,,,0.0,0.0,0.0,0.0,30.6,20.9,28.7,0.0,0.0,0.0,0.05,0.0,0.0,,0.0,0.0,0.0,0.05,3220000000.0,98.7,0.0,0.0,0.0,,,0.0,,,,,,,0.0,100.0,100.0,,,1.0,100.0,1.0,0.0,0.0,0.0,,10:19.5
1900-01-01 00:10:20.500000+00:00,0.0,-0.669,-0.669,0.0,0.0,0.0,-12.26026,-21.99334,-24.68322,-3e-05,16004.47,0.0,0.0,0.0,0.0,0.0,1.0,0.0,0.01921,0.0,0.0,-0.001,4.997,,,,,0.0,0.0,0.0,5.0,0.0,0.0,,,0.0,,,,,,1.0,0.0,0.0,,,0.0,,,,,,1.0,0.0,0.0,,,0.0,,,,,,1.0,10.0,0.0,,,0.0,,,,,,1.0,40.0,0.0,,,0.0,,,,,,1.0,0.0,0.0,0.0,7.59,36.7,87.4,88.29,87.89,87.22,83.52,14.44,14.45,14.45,19.73,16.21,0.0,,,0.0,,,,,,1.0,-46.34,0.0,,,0.0,,,23.1,0.0,,,0.0,,,84.5,0.0,,,0.0,,,1.0,0.0,0.0,0.0,0.0,0.0,1.0,0.0,0.0,0.0,0.0,0.0,,0.1,0.053,,0.0,0.0,,,,0.0,,,,,3.538,0.064,0.068,,0.0,0.0,,,,0.0,,,,,9.831,,1.0,0.0,,,,0.0,,,,0.099,0.059,,0.0,0.0,,,,0.0,,,,,3.857,3.831,,0.0,0.0,,,,0.0,,,,,4.031,,1.0,0.0,,,,0.0,,,,0.0,0.0,0.0,0.0,30.6,20.9,28.7,0.0,0.0,0.0,0.05,0.0,0.0,,0.0,0.0,0.0,0.05,3220000000.0,98.7,0.0,0.0,0.0,,,0.0,,,,,,,0.0,100.0,100.0,,,1.0,100.0,1.0,0.0,0.0,0.0,,10:20.5
1900-01-01 00:10:21.500000+00:00,0.0,-0.669,-0.669,0.0,0.0,0.0,-12.26026,-21.99334,-24.68322,-3e-05,16004.47,0.0,0.0,0.0,0.0,0.0,1.0,0.0,0.01921,0.0,0.0,0.0,4.996,,,,,0.0,0.0,0.0,5.0,0.0,0.0,,,0.0,,,,,,1.0,0.0,0.0,,,0.0,,,,,,1.0,0.0,0.0,,,0.0,,,,,,1.0,9.999,0.0,,,0.0,,,,,,1.0,40.0,0.0,,,0.0,,,,,,1.0,0.0,0.0,0.0,7.588,36.7,87.4,88.29,87.89,87.22,83.52,14.44,14.45,14.45,19.73,16.21,0.0,,,0.0,,,,,,1.0,-46.34,0.0,,,0.0,,,23.1,0.0,,,0.0,,,84.5,0.0,,,0.0,,,1.0,0.0,0.0,0.0,0.0,0.0,1.0,0.0,0.0,0.0,0.0,0.0,,0.099,0.059,,0.0,0.0,,,,0.0,,,,,3.535,0.063,0.072,,0.0,0.0,,,,0.0,,,,,9.806,,1.0,0.0,,,,0.0,,,,0.1,0.062,,0.0,0.0,,,,0.0,,,,,3.86,3.836,,0.0,0.0,,,,0.0,,,,,4.018,,1.0,0.0,,,,0.0,,,,0.0,0.0,0.0,0.0,30.6,20.9,28.7,0.0,0.0,0.0,0.05,0.0,0.0,,0.0,0.0,0.0,0.05,3220000000.0,98.7,0.0,0.0,0.0,,,0.0,,,,,,,0.0,100.0,100.0,,,1.0,100.0,1.0,0.0,0.0,0.0,,10:21.5
1900-01-01 00:10:22.500000+00:00,0.0,-0.669,-0.669,0.0,0.0,0.0,-12.26026,-21.99334,-24.68322,-3e-05,16004.47,0.0,0.0,0.0,0.0,0.0,1.0,0.0,0.01921,0.0,0.0,0.0,5.012,,,,,0.0,0.0,0.0,5.0,0.0,0.0,,,0.0,,,,,,1.0,0.0,0.0,,,0.0,,,,,,1.0,0.0,0.0,,,0.0,,,,,,1.0,10.0,0.0,,,0.0,,,,,,1.0,40.0,0.0,,,0.0,,,,,,1.0,0.0,0.0,0.0,7.585,36.7,87.4,88.29,87.89,87.22,83.52,14.44,14.45,14.45,19.74,16.21,0.0,,,0.0,,,,,,1.0,-46.35,0.0,,,0.0,,,23.1,0.0,,,0.0,,,84.5,0.0,,,0.0,,,1.0,0.0,0.0,0.0,0.0,0.0,1.0,0.0,0.0,0.0,0.0,0.0,,0.099,0.054,,0.0,0.0,,,,0.0,,,,,3.512,0.063,0.074,,0.0,0.0,,,,0.0,,,,,9.944,,1.0,0.0,,,,0.0,,,,0.097,0.061,,0.0,0.0,,,,0.0,,,,,3.855,3.84,,0.0,0.0,,,,0.0,,,,,4.018,,1.0,0.0,,,,0.0,,,,0.0,0.0,0.0,0.0,30.6,20.9,28.7,0.0,0.0,0.0,0.05,0.0,0.0,,0.0,0.0,0.0,0.05,3220000000.0,98.7,0.0,0.0,0.0,,,0.0,,,,,,,0.0,100.0,100.0,,,1.0,100.0,1.0,0.0,0.0,0.0,,10:22.5
1900-01-01 00:10:23.600000+00:00,0.0,-0.669,-0.669,0.0,0.0,0.0,-12.26026,-21.99334,-24.68322,-3e-05,16004.47,0.0,0.0,0.0,0.0,0.0,1.0,0.0,0.01921,0.0,0.0,-0.001,5.01,,,,,0.0,0.0,0.0,5.0,0.0,0.0,,,0.0,,,,,,1.0,0.0,0.0,,,0.0,,,,,,1.0,0.0,0.0,,,0.0,,,,,,1.0,10.003,0.0,,,0.0,,,,,,1.0,40.0,0.0,,,0.0,,,,,,1.0,0.0,0.0,0.0,7.591,36.7,87.4,88.29,87.89,87.22,83.52,14.44,14.45,14.45,19.74,16.21,0.0,,,0.0,,,,,,1.0,-46.35,0.0,,,0.0,,,23.1,0.0,,,0.0,,,84.4,0.0,,,0.0,,,1.0,0.0,0.0,0.0,0.0,0.0,1.0,0.0,0.0,0.0,0.0,0.0,,0.097,0.056,,0.0,0.0,,,,0.0,,,,,3.525,0.063,0.069,,0.0,0.0,,,,0.0,,,,,9.918,,1.0,0.0,,,,0.0,,,,0.095,0.062,,0.0,0.0,,,,0.0,,,,,3.85,3.84,,0.0,0.0,,,,0.0,,,,,4.018,,1.0,0.0,,,,0.0,,,,0.0,0.0,0.0,0.0,30.5,20.9,28.7,0.0,0.0,0.0,0.05,0.0,0.0,,0.0,-0.0694,-0.3804,0.05,3220000000.0,98.7,0.0,0.0,0.0,,,0.0,,,,,,,0.0,100.0,100.0,,,1.0,100.0,1.0,0.0,0.0,0.0,,10:23.6
1900-01-01 00:10:24.600000+00:00,0.0,-0.669,-0.669,0.0,0.0,0.0,-12.26026,-21.99334,-24.68322,-3e-05,16004.47,0.0,0.0,0.0,0.0,0.0,1.0,0.0,0.01921,0.0,0.0,-0.001,5.002,,,,,0.0,0.0,0.0,5.0,0.0,0.0,,,0.0,,,,,,1.0,0.0,0.0,,,0.0,,,,,,1.0,0.0,0.0,,,0.0,,,,,,1.0,9.999,0.0,,,0.0,,,,,,1.0,40.0,0.0,,,0.0,,,,,,1.0,0.0,0.0,0.0,7.591,36.7,87.4,88.29,87.89,87.22,83.52,14.44,14.45,14.45,19.72,16.21,0.0,,,0.0,,,,,,1.0,-46.35,0.0,,,0.0,,,23.1,0.0,,,0.0,,,84.4,0.0,,,0.0,,,1.0,0.0,0.0,0.0,0.0,0.0,1.0,0.0,0.0,0.0,0.0,0.0,,0.099,0.054,,0.0,0.0,,,,0.0,,,,,3.549,0.063,0.069,,0.0,0.0,,,,0.0,,,,,9.868,,1.0,0.0,,,,0.0,,,,0.096,0.059,,0.0,0.0,,,,0.0,,,,,3.856,3.836,,0.0,0.0,,,,0.0,,,,,4.031,,1.0,0.0,,,,0.0,,,,0.0,0.0,0.0,0.0,30.5,21.0,28.7,0.0,0.0,0.0,0.05,0.0,0.0,,0.0,-0.0934,-0.3592,0.05,3220000000.0,98.7,0.0,0.0,0.0,,,0.0,,,,,,,0.0,100.0,100.0,,,1.0,100.0,1.0,0.0,0.0,0.0,,10:24.6
1900-01-01 00:10:25.600000+00:00,0.0,-0.669,-0.669,0.0,0.0,0.0,-12.26026,-21.99334,-24.68322,-3e-05,16004.47,0.0,0.0,0.0,0.0,0.0,1.0,0.0,0.01921,0.0,0.0,0.0,5.007,,,,,0.0,0.0,0.0,5.0,0.0,0.0,,,0.0,,,,,,1.0,0.0,0.0,,,0.0,,,,,,1.0,0.0,0.0,,,0.0,,,,,,1.0,10.001,0.0,,,0.0,,,,,,1.0,40.0,0.0,,,0.0,,,,,,1.0,0.0,0.0,0.0,7.587,36.7,87.4,88.29,87.89,87.22,83.52,14.44,14.45,14.45,19.74,16.21,0.0,,,0.0,,,,,,1.0,-46.36,0.0,,,0.0,,,23.1,0.0,,,0.0,,,84.4,0.0,,,0.0,,,1.0,0.0,0.0,0.0,0.0,0.0,1.0,0.0,0.0,0.0,0.0,0.0,,0.097,0.058,,0.0,0.0,,,,0.0,,,,,3.521,0.063,0.075,,0.0,0.0,,,,0.0,,,,,9.793,,1.0,0.0,,,,0.0,,,,0.098,0.061,,0.0,0.0,,,,0.0,,,,,3.861,3.832,,0.0,0.0,,,,0.0,,,,,4.018,,1.0,0.0,,,,0.0,,,,0.0,0.0,0.0,0.0,30.5,21.0,28.7,0.0,0.0,0.0,0.05,0.0,0.0,,0.0,-0.0797,-0.3818,0.05,3220000000.0,98.7,0.0,0.0,0.0,,,0.0,,,,,,,0.0,100.0,100.0,,,1.0,100.0,1.0,0.0,0.0,0.0,,10:25.6
1900-01-01 00:10:26.600000+00:00,0.0,-0.669,-0.669,0.0,0.0,0.0,-12.26026,-21.99334,-24.68322,-3e-05,16004.47,0.0,0.0,0.0,0.0,0.0,1.0,0.0,0.01921,0.0,0.0,0.0,5.01,,,,,0.0,0.0,0.0,5.0,0.0,0.0,,,0.0,,,,,,1.0,0.0,0.0,,,0.0,,,,,,1.0,0.0,0.0,,,0.0,,,,,,1.0,9.997,0.0,,,0.0,,,,,,1.0,40.0,0.0,,,0.0,,,,,,1.0,0.0,0.0,0.0,7.59,36.7,87.4,88.29,87.89,87.22,83.52,14.44,14.45,14.45,19.73,16.21,0.0,,,0.0,,,,,,1.0,-46.36,0.0,,,0.0,,,23.1,0.0,,,0.0,,,84.4,0.0,,,0.0,,,1.0,0.0,0.0,0.0,0.0,0.0,1.0,0.0,0.0,0.0,0.0,0.0,,0.097,0.058,,0.0,0.0,,,,0.0,,,,,3.52,0.063,0.067,,0.0,0.0,,,,0.0,,,,,9.881,,1.0,0.0,,,,0.0,,,,0.097,0.062,,0.0,0.0,,,,0.0,,,,,3.855,3.84,,0.0,0.0,,,,0.0,,,,,4.018,,1.0,0.0,,,,0.0,,,,0.0,0.0,0.0,0.0,30.5,20.9,28.7,0.0,0.0,0.0,0.05,0.0,0.0,,0.0,-0.0615,-0.3741,0.05,3220000000.0,98.7,0.0,0.0,0.0,,,0.0,,,,,,,0.0,100.0,100.0,,,1.0,100.0,1.0,0.0,0.0,0.0,,10:26.6
1900-01-01 00:10:27.600000+00:00,0.0,-0.669,-0.669,0.0,0.0,0.0,-12.26026,-21.99334,-24.68322,-3e-05,16004.47,0.0,0.0,0.0,0.0,0.0,1.0,0.0,0.01921,0.0,0.0,-0.001,4.993,,,,,0.0,0.0,0.0,5.0,0.0,0.0,,,0.0,,,,,,1.0,0.0,0.0,,,0.0,,,,,,1.0,0.0,0.0,,,0.0,,,,,,1.0,10.0,0.0,,,0.0,,,,,,1.0,40.0,0.0,,,0.0,,,,,,1.0,0.0,0.0,0.0,7.589,36.7,87.4,88.29,87.89,87.22,83.52,14.44,14.45,14.45,19.73,16.21,0.0,,,0.0,,,,,,1.0,-46.36,0.0,,,0.0,,,23.1,0.0,,,0.0,,,84.4,0.0,,,0.0,,,1.0,0.0,0.0,0.0,0.0,0.0,1.0,0.0,0.0,0.0,0.0,0.0,,0.099,0.055,,0.0,0.0,,,,0.0,,,,,3.525,0.063,0.074,,0.0,0.0,,,,0.0,,,,,9.893,,1.0,0.0,,,,0.0,,,,0.095,0.061,,0.0,0.0,,,,0.0,,,,,3.854,3.836,,0.0,0.0,,,,0.0,,,,,4.018,,1.0,0.0,,,,0.0,,,,0.0,0.0,0.0,0.0,30.5,21.0,28.7,0.0,0.0,0.0,0.05,0.0,0.0,,0.0,0.0,0.0,0.05,3220000000.0,98.7,0.0,0.0,0.0,,,0.0,,,,,,,0.0,100.0,100.0,,,1.0,100.0,1.0,0.0,0.0,0.0,,10:27.6
1900-01-01 00:10:28.600000+00:00,0.0,-0.669,-0.669,0.0,0.0,0.0,-12.26026,-21.99334,-24.68322,-3e-05,16004.47,0.0,0.0,0.0,0.0,0.0,1.0,0.0,0.01921,0.0,0.0,0.0,4.992,,,,,0.0,0.0,0.0,5.0,0.0,0.0,,,0.0,,,,,,1.0,0.0,0.0,,,0.0,,,,,,1.0,0.0,0.0,,,0.0,,,,,,1.0,9.997,0.0,,,0.0,,,,,,1.0,40.0,0.0,,,0.0,,,,,,1.0,0.0,0.0,0.0,7.589,36.7,87.4,88.29,87.89,87.22,83.5,14.44,14.45,14.45,19.73,16.21,0.0,,,0.0,,,,,,1.0,-46.37,0.0,,,0.0,,,23.1,0.0,,,0.0,,,84.4,0.0,,,0.0,,,1.0,0.0,0.0,0.0,0.0,0.0,1.0,0.0,0.0,0.0,0.0,0.0,,0.1,0.058,,0.0,0.0,,,,0.0,,,,,3.54,0.063,0.075,,0.0,0.0,,,,0.0,,,,,9.931,,1.0,0.0,,,,0.0,,,,0.102,0.062,,0.0,0.0,,,,0.0,,,,,3.851,3.829,,0.0,0.0,,,,0.0,,,,,4.018,,1.0,0.0,,,,0.0,,,,0.0,0.0,0.0,0.0,30.5,21.0,28.7,0.0,0.0,0.0,0.05,0.0,0.0,,0.0,0.0,0.0,0.05,3220000000.0,98.7,0.0,0.0,0.0,,,0.0,,,,,,,0.0,100.0,100.0,,,1.0,100.0,1.0,0.0,0.0,0.0,,10:28.6
1900-01-01 00:10:29.600000+00:00,0.0,-0.669,-0.669,0.0,0.0,0.0,-12.26026,-21.99334,-24.68322,-3e-05,16004.47,0.0,0.0,0.0,0.0,0.0,1.0,0.0,0.01921,0.0,0.0,-0.001,4.993,,,,,0.0,0.0,0.0,5.0,0.0,0.0,,,0.0,,,,,,1.0,0.0,0.0,,,0.0,,,,,,1.0,0.0,0.0,,,0.0,,,,,,1.0,10.006,0.0,,,0.0,,,,,,1.0,40.0,0.0,,,0.0,,,,,,1.0,0.0,0.0,0.0,7.596,36.7,87.4,88.29,87.89,87.22,83.5,14.44,14.45,14.45,19.73,16.21,0.0,,,0.0,,,,,,1.0,-46.37,0.0,,,0.0,,,23.1,0.0,,,0.0,,,84.4,0.0,,,0.0,,,1.0,0.0,0.0,0.0,0.0,0.0,1.0,0.0,0.0,0.0,0.0,0.0,,0.097,0.06,,0.0,0.0,,,,0.0,,,,,3.519,0.064,0.073,,0.0,0.0,,,,0.0,,,,,9.881,,1.0,0.0,,,,0.0,,,,0.098,0.062,,0.0,0.0,,,,0.0,,,,,3.847,3.828,,0.0,0.0,,,,0.0,,,,,4.018,,1.0,0.0,,,,0.0,,,,0.0,0.0,0.0,0.0,30.5,21.0,28.7,0.0,0.0,0.0,0.05,0.0,0.0,,0.0,0.0,0.0,0.05,3220000000.0,98.7,0.0,0.0,0.0,,,0.0,,,,,,,0.0,100.0,100.0,,,1.0,100.0,1.0,0.0,0.0,0.0,,10:29.6
1900-01-01 00:10:30.600000+00:00,0.0,-0.669,-0.669,0.0,0.0,0.0,-12.26026,-21.99334,-24.68322,-3e-05,16004.47,0.0,0.0,0.0,0.0,0.0,1.0,0.0,0.01921,0.0,0.0,0.0,4.995,,,,,0.0,0.0,0.0,5.0,0.0,0.0,,,0.0,,,,,,1.0,0.0,0.0,,,0.0,,,,,,1.0,0.0,0.0,,,0.0,,,,,,1.0,10.005,0.0,,,0.0,,,,,,1.0,40.0,0.0,,,0.0,,,,,,1.0,0.0,0.0,0.0,7.596,36.7,87.4,88.29,87.89,87.22,83.5,14.44,14.45,14.45,19.73,16.21,0.0,,,0.0,,,,,,1.0,-46.37,0.0,,,0.0,,,23.1,0.0,,,0.0,,,84.4,0.0,,,0.0,,,1.0,0.0,0.0,0.0,0.0,0.0,1.0,0.0,0.0,0.0,0.0,0.0,,0.099,0.058,,0.0,0.0,,,,0.0,,,,,3.525,0.063,0.071,,0.0,0.0,,,,0.0,,,,,9.806,,1.0,0.0,,,,0.0,,,,0.096,0.061,,0.0,0.0,,,,0.0,,,,,3.843,3.83,,0.0,0.0,,,,0.0,,,,,4.018,,1.0,0.0,,,,0.0,,,,0.0,0.0,0.0,0.0,30.6,21.0,28.7,0.0,0.0,0.0,0.04,0.0,0.0,,0.0,-0.0856,-0.3735,0.04,3220000000.0,98.7,0.0,0.0,0.0,,,0.0,,,,,,,0.0,100.0,100.0,,,1.0,100.0,1.0,0.0,0.0,0.0,,10:30.6
1900-01-01 00:10:31.600000+00:00,0.0,-0.669,-0.669,0.0,0.0,0.0,-12.26026,-21.99334,-24.68322,-3e-05,16004.47,0.0,0.0,0.0,0.0,0.0,1.0,0.0,0.01921,0.0,0.0,0.0,4.996,,,,,0.0,0.0,0.0,5.0,0.0,0.0,,,0.0,,,,,,1.0,0.0,0.0,,,0.0,,,,,,1.0,0.0,0.0,,,0.0,,,,,,1.0,10.007,0.0,,,0.0,,,,,,1.0,40.0,0.0,,,0.0,,,,,,1.0,0.0,0.0,0.0,7.595,36.7,87.4,88.29,87.89,87.22,83.5,14.44,14.45,14.45,19.73,16.21,0.0,,,0.0,,,,,,1.0,-46.37,0.0,,,0.0,,,23.1,0.0,,,0.0,,,84.4,0.0,,,0.0,,,1.0,0.0,0.0,0.0,0.0,0.0,1.0,0.0,0.0,0.0,0.0,0.0,,0.099,0.058,,0.0,0.0,,,,0.0,,,,,3.533,0.063,0.074,,0.0,0.0,,,,0.0,,,,,9.743,,1.0,0.0,,,,0.0,,,,0.095,0.063,,0.0,0.0,,,,0.0,,,,,3.848,3.829,,0.0,0.0,,,,0.0,,,,,4.018,,1.0,0.0,,,,0.0,,,,0.0,0.0,0.0,0.0,30.6,21.0,28.7,0.0,0.0,0.0,0.04,0.0,0.0,,0.0,0.0,0.0,0.04,3220000000.0,98.7,0.0,0.0,0.0,,,0.0,,,,,,,0.0,100.0,100.0,,,1.0,100.0,1.0,0.0,0.0,0.0,,10:31.6
1900-01-01 00:10:32.600000+00:00,0.0,-0.669,-0.669,0.0,0.0,0.0,-12.26026,-21.99334,-24.68322,-3e-05,16004.47,0.0,0.0,0.0,0.0,0.0,1.0,0.0,0.01921,0.0,0.0,0.0,5.005,,,,,0.0,0.0,0.0,5.0,0.0,0.0,,,0.0,,,,,,1.0,0.0,0.0,,,0.0,,,,,,1.0,0.0,0.0,,,0.0,,,,,,1.0,10.002,0.0,,,0.0,,,,,,1.0,40.0,0.0,,,0.0,,,,,,1.0,0.0,0.0,0.0,7.591,36.7,87.4,88.29,87.89,87.22,83.5,14.44,14.45,14.45,19.73,16.21,0.0,,,0.0,,,,,,1.0,-46.38,0.0,,,0.0,,,23.1,0.0,,,0.0,,,84.4,0.0,,,0.0,,,1.0,0.0,0.0,0.0,0.0,0.0,1.0,0.0,0.0,0.0,0.0,0.0,,0.098,0.055,,0.0,0.0,,,,0.0,,,,,3.542,0.063,0.069,,0.0,0.0,,,,0.0,,,,,9.793,,1.0,0.0,,,,0.0,,,,0.1,0.061,,0.0,0.0,,,,0.0,,,,,3.854,3.84,,0.0,0.0,,,,0.0,,,,,4.018,,1.0,0.0,,,,0.0,,,,0.0,0.0,0.0,0.0,30.6,21.0,28.7,0.0,0.0,0.0,0.05,0.0,0.0,,0.0,-0.0309,-0.3404,0.05,3220000000.0,98.7,0.0,0.0,0.0,,,0.0,,,,,,,0.0,100.0,100.0,,,1.0,100.0,1.0,0.0,0.0,0.0,,10:32.6
1900-01-01 00:10:33.700000+00:00,0.0,-0.669,-0.669,0.0,0.0,0.0,-12.26026,-21.99334,-24.68322,-3e-05,16004.47,0.0,0.0,0.0,0.0,0.0,1.0,0.0,0.01921,0.0,0.0,0.0,5.004,,,,,0.0,0.0,0.0,5.0,0.0,0.0,,,0.0,,,,,,1.0,0.0,0.0,,,0.0,,,,,,1.0,0.0,0.0,,,0.0,,,,,,1.0,10.004,0.0,,,0.0,,,,,,1.0,40.0,0.0,,,0.0,,,,,,1.0,0.0,0.0,0.0,7.589,36.7,87.4,88.29,87.89,87.22,83.5,14.44,14.45,14.45,19.74,16.21,0.0,,,0.0,,,,,,1.0,-46.38,0.0,,,0.0,,,23.1,0.0,,,0.0,,,84.4,0.0,,,0.0,,,1.0,0.0,0.0,0.0,0.0,0.0,1.0,0.0,0.0,0.0,0.0,0.0,,0.098,0.058,,0.0,0.0,,,,0.0,,,,,3.525,0.064,0.072,,0.0,0.0,,,,0.0,,,,,9.956,,1.0,0.0,,,,0.0,,,,0.097,0.06,,0.0,0.0,,,,0.0,,,,,3.851,3.841,,0.0,0.0,,,,0.0,,,,,4.018,,1.0,0.0,,,,0.0,,,,0.0,0.0,0.0,0.0,30.6,21.0,28.7,0.0,0.0,0.0,0.05,0.0,0.0,,0.0,-0.0361,-0.3294,0.05,3220000000.0,98.7,0.0,0.0,0.0,,,0.0,,,,,,,0.0,100.0,100.0,,,1.0,100.0,1.0,0.0,0.0,0.0,,10:33.7
1900-01-01 00:10:34.700000+00:00,0.0,-0.669,-0.669,0.0,0.0,0.0,-12.26026,-21.99334,-24.68322,-3e-05,16004.47,0.0,0.0,0.0,0.0,0.0,1.0,0.0,0.01921,0.0,0.0,0.0,5.007,,,,,0.0,0.0,0.0,5.0,0.0,0.0,,,0.0,,,,,,1.0,0.0,0.0,,,0.0,,,,,,1.0,0.0,0.0,,,0.0,,,,,,1.0,9.998,0.0,,,0.0,,,,,,1.0,40.0,0.0,,,0.0,,,,,,1.0,0.0,0.0,0.0,7.586,36.7,87.4,88.29,87.89,87.22,83.5,14.44,14.45,14.45,19.74,16.21,0.0,,,0.0,,,,,,1.0,-46.38,0.0,,,0.0,,,23.1,0.0,,,0.0,,,84.4,0.0,,,0.0,,,1.0,0.0,0.0,0.0,0.0,0.0,1.0,0.0,0.0,0.0,0.0,0.0,,0.099,0.058,,0.0,0.0,,,,0.0,,,,,3.518,0.064,0.073,,0.0,0.0,,,,0.0,,,,,9.881,,1.0,0.0,,,,0.0,,,,0.099,0.062,,0.0,0.0,,,,0.0,,,,,3.863,3.839,,0.0,0.0,,,,0.0,,,,,4.018,,1.0,0.0,,,,0.0,,,,0.0,0.0,0.0,0.0,30.6,21.0,28.7,0.0,0.0,0.0,0.05,0.0,0.0,,0.0,-0.0455,-0.3401,0.05,3220000000.0,98.7,0.0,0.0,0.0,,,0.0,,,,,,,0.0,100.0,100.0,,,1.0,100.0,1.0,0.0,0.0,0.0,,10:34.7
1900-01-01 00:10:35.700000+00:00,0.0,-0.669,-0.669,0.0,0.0,0.0,-12.26026,-21.99334,-24.68322,-3e-05,16004.47,0.0,0.0,0.0,0.0,0.0,1.0,0.0,0.01921,0.0,0.0,0.0,5.005,,,,,0.0,0.0,0.0,5.0,0.0,0.0,,,0.0,,,,,,1.0,0.0,0.0,,,0.0,,,,,,1.0,0.0,0.0,,,0.0,,,,,,1.0,10.002,0.0,,,0.0,,,,,,1.0,40.0,0.0,,,0.0,,,,,,1.0,0.0,0.0,0.0,7.591,36.7,87.4,88.29,87.89,87.22,83.5,14.44,14.45,14.45,19.73,16.21,0.0,,,0.0,,,,,,1.0,-46.39,0.0,,,0.0,,,23.1,0.0,,,0.0,,,84.4,0.0,,,0.0,,,1.0,0.0,0.0,0.0,0.0,0.0,1.0,0.0,0.0,0.0,0.0,0.0,,0.098,0.054,,0.0,0.0,,,,0.0,,,,,3.525,0.063,0.072,,0.0,0.0,,,,0.0,,,,,9.868,,1.0,0.0,,,,0.0,,,,0.097,0.06,,0.0,0.0,,,,0.0,,,,,3.856,3.834,,0.0,0.0,,,,0.0,,,,,4.031,,1.0,0.0,,,,0.0,,,,0.0,0.0,0.0,0.0,30.5,21.0,28.7,0.0,0.0,0.0,0.04,0.0,0.0,,0.0,-0.0891,-0.3576,0.04,3220000000.0,98.7,0.0,0.0,0.0,,,0.0,,,,,,,0.0,100.0,100.0,,,1.0,100.0,1.0,0.0,0.0,0.0,,10:35.7
1900-01-01 00:10:36.700000+00:00,0.0,-0.669,-0.669,0.0,0.0,0.0,-12.26026,-21.99334,-24.68322,-3e-05,16004.47,0.0,0.0,0.0,0.0,0.0,1.0,0.0,0.01921,0.0,0.0,0.0,4.999,,,,,0.0,0.0,0.0,5.0,0.0,0.0,,,0.0,,,,,,1.0,0.0,0.0,,,0.0,,,,,,1.0,0.0,0.0,,,0.0,,,,,,1.0,10.002,0.0,,,0.0,,,,,,1.0,40.0,0.0,,,0.0,,,,,,1.0,0.0,0.0,0.0,7.591,36.7,87.4,88.29,87.89,87.22,83.48,14.44,14.45,14.45,19.74,16.21,0.0,,,0.0,,,,,,1.0,-46.39,0.0,,,0.0,,,23.1,0.0,,,0.0,,,84.4,0.0,,,0.0,,,1.0,0.0,0.0,0.0,0.0,0.0,1.0,0.0,0.0,0.0,0.0,0.0,,0.099,0.056,,0.0,0.0,,,,0.0,,,,,3.526,0.063,0.071,,0.0,0.0,,,,0.0,,,,,9.856,,1.0,0.0,,,,0.0,,,,0.096,0.062,,0.0,0.0,,,,0.0,,,,,3.851,3.839,,0.0,0.0,,,,0.0,,,,,4.018,,1.0,0.0,,,,0.0,,,,0.0,0.0,0.0,0.0,30.5,21.0,28.7,0.0,0.0,0.0,0.05,0.0,0.0,,0.0,-0.0631,-0.336,0.05,3220000000.0,98.7,0.0,0.0,0.0,,,0.0,,,,,,,0.0,100.0,100.0,,,1.0,100.0,1.0,0.0,0.0,0.0,,10:36.7
1900-01-01 00:10:37.700000+00:00,0.0,-0.669,-0.669,0.0,0.0,0.0,-12.26026,-21.99334,-24.68322,-3e-05,16004.47,0.0,0.0,0.0,0.0,0.0,1.0,0.0,0.01921,0.0,0.0,0.0,4.993,,,,,0.0,0.0,0.0,5.0,0.0,0.0,,,0.0,,,,,,1.0,0.0,0.0,,,0.0,,,,,,1.0,0.0,0.0,,,0.0,,,,,,1.0,9.994,0.0,,,0.0,,,,,,1.0,40.0,0.0,,,0.0,,,,,,1.0,0.0,0.0,0.0,7.587,36.7,87.4,88.29,87.89,87.22,83.48,14.44,14.45,14.45,19.72,16.21,0.0,,,0.0,,,,,,1.0,-46.39,0.0,,,0.0,,,23.1,0.0,,,0.0,,,84.4,0.0,,,0.0,,,1.0,0.0,0.0,0.0,0.0,0.0,1.0,0.0,0.0,0.0,0.0,0.0,,0.099,0.06,,0.0,0.0,,,,0.0,,,,,3.501,0.063,0.072,,0.0,0.0,,,,0.0,,,,,9.806,,1.0,0.0,,,,0.0,,,,0.097,0.062,,0.0,0.0,,,,0.0,,,,,3.856,3.84,,0.0,0.0,,,,0.0,,,,,4.031,,1.0,0.0,,,,0.0,,,,0.0,0.0,0.0,0.0,30.5,21.0,28.7,0.0,0.0,0.0,0.04,0.0,0.0,,0.0,-0.083,-0.3283,0.04,3220000000.0,98.7,0.0,0.0,0.0,,,0.0,,,,,,,0.0,100.0,100.0,,,1.0,100.0,1.0,0.0,0.0,0.0,,10:37.7
1900-01-01 00:10:38.700000+00:00,0.0,-0.669,-0.669,0.0,0.0,0.0,-12.26026,-21.99334,-24.68322,-3e-05,16004.47,0.0,0.0,0.0,0.0,0.0,1.0,0.0,0.01921,0.0,0.0,0.0,4.989,,,,,0.0,0.0,0.0,5.0,0.0,0.0,,,0.0,,,,,,1.0,0.0,0.0,,,0.0,,,,,,1.0,0.0,0.0,,,0.0,,,,,,1.0,10.002,0.0,,,0.0,,,,,,1.0,40.0,0.0,,,0.0,,,,,,1.0,0.0,0.0,0.0,7.588,36.7,87.4,88.29,87.89,87.22,83.48,14.44,14.45,14.45,19.74,16.21,0.0,,,0.0,,,,,,1.0,-46.39,0.0,,,0.0,,,23.1,0.0,,,0.0,,,84.3,0.0,,,0.0,,,1.0,0.0,0.0,0.0,0.0,0.0,1.0,0.0,0.0,0.0,0.0,0.0,,0.095,0.056,,0.0,0.0,,,,0.0,,,,,3.545,0.063,0.072,,0.0,0.0,,,,0.0,,,,,9.831,,1.0,0.0,,,,0.0,,,,0.095,0.06,,0.0,0.0,,,,0.0,,,,,3.856,3.834,,0.0,0.0,,,,0.0,,,,,4.018,,1.0,0.0,,,,0.0,,,,0.0,0.0,0.0,0.0,30.5,21.0,28.7,0.0,0.0,0.0,0.05,0.0,0.0,,0.0,-0.0265,-0.3509,0.05,3220000000.0,98.7,0.0,0.0,0.0,,,0.0,,,,,,,0.0,100.0,100.0,,,1.0,100.0,1.0,0.0,0.0,0.0,,10:38.7
1900-01-01 00:10:39.700000+00:00,0.0,-0.669,-0.669,0.0,0.0,0.0,-12.26026,-21.99334,-24.68322,-3e-05,16004.47,0.0,0.0,0.0,0.0,0.0,1.0,0.0,0.01921,0.0,0.0,0.0,4.996,,,,,0.0,0.0,0.0,5.0,0.0,0.0,,,0.0,,,,,,1.0,0.0,0.0,,,0.0,,,,,,1.0,0.0,0.0,,,0.0,,,,,,1.0,10.0,0.0,,,0.0,,,,,,1.0,40.0,0.0,,,0.0,,,,,,1.0,0.0,0.0,0.0,7.593,36.7,87.4,88.29,87.89,87.22,83.48,14.44,14.45,14.45,19.73,16.21,0.0,,,0.0,,,,,,1.0,-46.4,0.0,,,0.0,,,23.1,0.0,,,0.0,,,84.3,0.0,,,0.0,,,1.0,0.0,0.0,0.0,0.0,0.0,1.0,0.0,0.0,0.0,0.0,0.0,,0.097,0.055,,0.0,0.0,,,,0.0,,,,,3.538,0.063,0.072,,0.0,0.0,,,,0.0,,,,,9.944,,1.0,0.0,,,,0.0,,,,0.098,0.061,,0.0,0.0,,,,0.0,,,,,3.847,3.831,,0.0,0.0,,,,0.0,,,,,4.018,,1.0,0.0,,,,0.0,,,,0.0,0.0,0.0,0.0,30.6,21.0,28.7,0.0,0.0,0.0,0.05,0.0,0.0,,0.0,-0.0567,-0.3128,0.05,3220000000.0,98.7,0.0,0.0,0.0,,,0.0,,,,,,,0.0,100.0,100.0,,,1.0,100.0,1.0,0.0,0.0,0.0,,10:39.7
1900-01-01 00:10:40.700000+00:00,0.0,-0.669,-0.669,0.0,0.0,0.0,-12.26026,-21.99334,-24.68322,-3e-05,16004.47,0.0,0.0,0.0,0.0,0.0,1.0,0.0,0.01921,0.0,0.0,0.0,4.995,,,,,0.0,0.0,0.0,5.0,0.0,0.0,,,0.0,,,,,,1.0,0.0,0.0,,,0.0,,,,,,1.0,0.0,0.0,,,0.0,,,,,,1.0,10.001,0.0,,,0.0,,,,,,1.0,40.0,0.0,,,0.0,,,,,,1.0,0.0,0.0,0.0,7.593,36.7,87.4,88.29,87.89,87.22,83.48,14.44,14.45,14.45,19.73,16.21,0.0,,,0.0,,,,,,1.0,-46.4,0.0,,,0.0,,,23.1,0.0,,,0.0,,,84.3,0.0,,,0.0,,,1.0,0.0,0.0,0.0,0.0,0.0,1.0,0.0,0.0,0.0,0.0,0.0,,0.094,0.058,,0.0,0.0,,,,0.0,,,,,3.529,0.063,0.071,,0.0,0.0,,,,0.0,,,,,9.856,,1.0,0.0,,,,0.0,,,,0.099,0.062,,0.0,0.0,,,,0.0,,,,,3.845,3.825,,0.0,0.0,,,,0.0,,,,,4.006,,1.0,0.0,,,,0.0,,,,0.0,0.0,0.0,0.0,30.6,21.0,28.7,0.0,0.0,0.0,0.05,0.0,0.0,,0.0,-0.0659,-0.3013,0.05,3220000000.0,98.7,0.0,0.0,0.0,,,0.0,,,,,,,0.0,100.0,100.0,,,1.0,100.0,1.0,0.0,0.0,0.0,,10:40.7
1900-01-01 00:10:41.700000+00:00,0.0,-0.669,-0.669,0.0,0.0,0.0,-12.26026,-21.99334,-24.68322,-3e-05,16004.47,0.0,0.0,0.0,0.0,0.0,1.0,0.0,0.01921,0.0,0.0,0.0,5.007,,,,,0.0,0.0,0.0,5.0,0.0,0.0,,,0.0,,,,,,1.0,0.0,0.0,,,0.0,,,,,,1.0,0.0,0.0,,,0.0,,,,,,1.0,9.999,0.0,,,0.0,,,,,,1.0,40.0,0.0,,,0.0,,,,,,1.0,0.0,0.0,0.0,7.592,36.7,87.4,88.3,87.89,87.22,83.48,14.44,14.45,14.45,19.72,16.21,0.0,,,0.0,,,,,,1.0,-46.4,0.0,,,0.0,,,23.1,0.0,,,0.0,,,84.3,0.0,,,0.0,,,1.0,0.0,0.0,0.0,0.0,0.0,1.0,0.0,0.0,0.0,0.0,0.0,,0.098,0.059,,0.0,0.0,,,,0.0,,,,,3.538,0.063,0.072,,0.0,0.0,,,,0.0,,,,,9.781,,1.0,0.0,,,,0.0,,,,0.099,0.06,,0.0,0.0,,,,0.0,,,,,3.838,3.826,,0.0,0.0,,,,0.0,,,,,4.018,,1.0,0.0,,,,0.0,,,,0.0,0.0,0.0,0.0,30.6,21.0,28.7,0.0,0.0,0.0,0.04,0.0,0.0,,0.0,-0.0891,-0.3352,0.04,3220000000.0,98.7,0.0,0.0,0.0,,,0.0,,,,,,,0.0,100.0,100.0,,,1.0,100.0,1.0,0.0,0.0,0.0,,10:41.7
1900-01-01 00:10:42.800000+00:00,0.0,-0.669,-0.669,0.0,0.0,0.0,-12.26026,-21.99334,-24.68322,-3e-05,16004.47,0.0,0.0,0.0,0.0,0.0,1.0,0.0,0.01921,0.0,0.0,0.0,5.011,,,,,0.0,0.0,0.0,5.0,0.0,0.0,,,0.0,,,,,,1.0,0.0,0.0,,,0.0,,,,,,1.0,0.0,0.0,,,0.0,,,,,,1.0,10.004,0.0,,,0.0,,,,,,1.0,40.0,0.0,,,0.0,,,,,,1.0,0.0,0.0,0.0,7.597,36.7,87.4,88.3,87.89,87.22,83.46,14.44,14.45,14.45,19.72,16.21,0.0,,,0.0,,,,,,1.0,-46.4,0.0,,,0.0,,,23.1,0.0,,,0.0,,,84.3,0.0,,,0.0,,,1.0,0.0,0.0,0.0,0.0,0.0,1.0,0.0,0.0,0.0,0.0,0.0,,0.098,0.054,,0.0,0.0,,,,0.0,,,,,3.558,0.063,0.072,,0.0,0.0,,,,0.0,,,,,9.806,,1.0,0.0,,,,0.0,,,,0.095,0.06,,0.0,0.0,,,,0.0,,,,,3.845,3.824,,0.0,0.0,,,,0.0,,,,,4.018,,1.0,0.0,,,,0.0,,,,0.0,0.0,0.0,0.0,30.6,21.0,28.7,0.0,0.0,0.0,0.05,0.0,0.0,,0.0,-0.0506,-0.3219,0.05,3220000000.0,98.7,0.0,0.0,0.0,,,0.0,,,,,,,0.0,100.0,100.0,,,1.0,100.0,1.0,0.0,0.0,0.0,,10:42.8
1900-01-01 00:10:43.800000+00:00,0.0,-0.669,-0.669,0.0,0.0,0.0,-12.26026,-21.99334,-24.68322,-3e-05,16004.47,0.0,0.0,0.0,0.0,0.0,1.0,0.0,0.01921,0.0,0.0,0.0,5.008,,,,,0.0,0.0,0.0,5.0,0.0,0.0,,,0.0,,,,,,1.0,0.0,0.0,,,0.0,,,,,,1.0,0.0,0.0,,,0.0,,,,,,1.0,10.001,0.0,,,0.0,,,,,,1.0,40.0,0.0,,,0.0,,,,,,1.0,0.0,0.0,0.0,7.593,36.7,87.4,88.3,87.89,87.22,83.46,14.44,14.45,14.45,19.73,16.21,0.0,,,0.0,,,,,,1.0,-46.41,0.0,,,0.0,,,23.1,0.0,,,0.0,,,84.3,0.0,,,0.0,,,1.0,0.0,0.0,0.0,0.0,0.0,1.0,0.0,0.0,0.0,0.0,0.0,,0.097,0.055,,0.0,0.0,,,,0.0,,,,,3.519,0.063,0.074,,0.0,0.0,,,,0.0,,,,,9.793,,1.0,0.0,,,,0.0,,,,0.095,0.061,,0.0,0.0,,,,0.0,,,,,3.844,3.834,,0.0,0.0,,,,0.0,,,,,4.018,,1.0,0.0,,,,0.0,,,,0.0,0.0,0.0,0.0,30.6,21.0,28.7,0.0,0.0,0.0,0.05,0.0,0.0,,0.0,-0.0691,-0.2916,0.05,3220000000.0,98.7,0.0,0.0,0.0,,,0.0,,,,,,,0.0,100.0,100.0,,,1.0,100.0,1.0,0.0,0.0,0.0,,10:43.8
1900-01-01 00:10:44.800000+00:00,0.0,-0.669,-0.669,0.0,0.0,0.0,-12.26026,-21.99334,-24.68322,-3e-05,16004.47,0.0,0.0,0.0,0.0,0.0,1.0,0.0,0.01921,0.0,0.0,0.0,5.011,,,,,0.0,0.0,0.0,5.0,0.0,0.0,,,0.0,,,,,,1.0,0.0,0.0,,,0.0,,,,,,1.0,0.0,0.0,,,0.0,,,,,,1.0,10.0,0.0,,,0.0,,,,,,1.0,40.0,0.0,,,0.0,,,,,,1.0,0.0,0.0,0.0,7.591,36.7,87.4,88.3,87.89,87.22,83.46,14.44,14.45,14.45,19.73,16.21,0.0,,,0.0,,,,,,1.0,-46.41,0.0,,,0.0,,,23.1,0.0,,,0.0,,,84.3,0.0,,,0.0,,,1.0,0.0,0.0,0.0,0.0,0.0,1.0,0.0,0.0,0.0,0.0,0.0,,0.097,0.058,,0.0,0.0,,,,0.0,,,,,3.538,0.063,0.068,,0.0,0.0,,,,0.0,,,,,9.781,,1.0,0.0,,,,0.0,,,,0.098,0.063,,0.0,0.0,,,,0.0,,,,,3.85,3.831,,0.0,0.0,,,,0.0,,,,,4.018,,1.0,0.0,,,,0.0,,,,0.0,0.0,0.0,0.0,30.6,21.0,28.7,0.0,0.0,0.0,0.05,0.0,0.0,,0.0,-0.1105,-0.2794,0.05,3220000000.0,98.5,0.0,0.0,0.0,,,0.0,,,,,,,0.0,100.0,100.0,,,1.0,100.0,1.0,0.0,0.0,0.0,,10:44.8
1900-01-01 00:10:45.800000+00:00,0.0,-0.669,-0.669,0.0,0.0,0.0,-12.26026,-21.99334,-24.68322,-3e-05,16004.47,0.0,0.0,0.0,0.0,0.0,1.0,0.0,0.01921,0.0,0.0,0.0,5.011,,,,,0.0,0.0,0.0,5.0,0.0,0.0,,,0.0,,,,,,1.0,0.0,0.0,,,0.0,,,,,,1.0,0.0,0.0,,,0.0,,,,,,1.0,9.996,0.0,,,0.0,,,,,,1.0,40.0,0.0,,,0.0,,,,,,1.0,0.0,0.0,0.0,7.585,36.7,87.42,88.3,87.89,87.22,83.46,14.44,14.45,14.45,19.73,16.21,0.0,,,0.0,,,,,,1.0,-46.41,0.0,,,0.0,,,23.1,0.0,,,0.0,,,84.3,0.0,,,0.0,,,1.0,0.0,0.0,0.0,0.0,0.0,1.0,0.0,0.0,0.0,0.0,0.0,,0.098,0.052,,0.0,0.0,,,,0.0,,,,,3.556,0.063,0.069,,0.0,0.0,,,,0.0,,,,,9.944,,1.0,0.0,,,,0.0,,,,0.096,0.062,,0.0,0.0,,,,0.0,,,,,3.854,3.836,,0.0,0.0,,,,0.0,,,,,4.018,,1.0,0.0,,,,0.0,,,,0.0,0.0,0.0,0.0,30.6,21.0,28.7,0.0,0.0,0.0,0.04,0.0,0.0,,0.0,-0.0236,-0.2891,0.04,3220000000.0,98.5,0.0,0.0,0.0,,,0.0,,,,,,,0.0,100.0,100.0,,,1.0,100.0,1.0,0.0,0.0,0.0,,10:45.8
1900-01-01 00:10:46.800000+00:00,0.0,-0.669,-0.669,0.0,0.0,0.0,-12.26026,-21.99334,-24.68322,-3e-05,16004.47,0.0,0.0,0.0,0.0,0.0,1.0,0.0,0.01921,0.0,0.0,0.0,0.0,,,,,0.0,0.0,0.0,5.0,0.0,0.0,,,0.0,,,,,,1.0,0.0,0.0,,,0.0,,,,,,1.0,0.0,0.0,,,0.0,,,,,,1.0,10.0,0.0,,,0.0,,,,,,1.0,40.0,0.0,,,0.0,,,,,,1.0,0.0,0.0,0.0,7.589,36.7,87.42,88.3,87.89,87.22,83.46,14.44,14.45,14.45,19.73,16.21,0.0,,,0.0,,,,,,1.0,-46.41,0.0,,,0.0,,,23.1,0.0,,,0.0,,,84.3,0.0,,,0.0,,,1.0,0.0,0.0,0.0,0.0,0.0,1.0,0.0,0.0,0.0,0.0,0.0,,0.097,0.055,,0.0,0.0,,,,0.0,,,,,3.539,0.063,0.071,,0.0,0.0,,,,0.0,,,,,9.969,,1.0,0.0,,,,0.0,,,,0.1,0.062,,0.0,0.0,,,,0.0,,,,,3.852,3.839,,0.0,0.0,,,,0.0,,,,,4.018,,1.0,0.0,,,,0.0,,,,0.0,0.0,0.0,0.0,30.6,21.0,28.7,0.0,0.0,0.0,0.05,0.0,0.0,,0.0,-0.0482,-0.3101,0.05,3220000000.0,98.5,0.0,0.0,0.0,,,0.0,,,,,,,0.0,100.0,100.0,,,1.0,100.0,1.0,0.0,0.0,0.0,,10:46.8
1900-01-01 00:10:47.800000+00:00,0.0,-0.669,-0.669,0.0,0.0,0.0,-12.26026,-21.99334,-24.68322,-3e-05,16004.47,0.0,0.0,0.0,0.0,0.0,1.0,0.0,0.01921,0.0,0.0,0.0,0.0,,,,,0.0,0.0,0.0,5.0,0.0,0.0,,,0.0,,,,,,1.0,0.0,0.0,,,0.0,,,,,,1.0,0.0,0.0,,,0.0,,,,,,1.0,10.0,0.0,,,0.0,,,,,,1.0,40.0,0.0,,,0.0,,,,,,1.0,0.0,0.0,0.0,7.598,36.7,87.42,88.3,87.89,87.22,83.46,14.44,14.45,14.45,19.71,16.21,0.0,,,0.0,,,,,,1.0,-46.42,0.0,,,0.0,,,23.1,0.0,,,0.0,,,84.3,0.0,,,0.0,,,1.0,0.0,0.0,0.0,0.0,0.0,1.0,0.0,0.0,0.0,0.0,0.0,,0.098,0.058,,0.0,0.0,,,,0.0,,,,,3.517,0.063,0.073,,0.0,0.0,,,,0.0,,,,,10.482,,0.0,0.0,,,,0.0,,,,0.098,0.06,,0.0,0.0,,,,0.0,,,,,3.827,3.79,,0.0,0.0,,,,0.0,,,,,4.018,,1.0,0.0,,,,0.0,,,,0.0,0.0,0.0,0.0,30.6,21.0,28.7,0.0,0.0,0.0,0.04,0.0,0.0,,0.0,-0.0533,-0.2885,0.04,3220000000.0,98.5,0.0,0.0,0.0,,,0.0,,,,,,,0.0,100.0,100.0,,,1.0,100.0,1.0,0.0,0.0,0.0,,10:47.8
1900-01-01 00:10:48.800000+00:00,0.0,-0.669,-0.669,0.0,0.0,0.0,-12.26026,-21.99334,-24.68322,-3e-05,16004.47,0.0,0.0,0.0,0.0,0.0,1.0,0.0,0.01921,0.0,0.0,0.0,0.0,,,,,0.0,0.0,0.0,5.0,0.0,0.0,,,0.0,,,,,,1.0,0.0,0.0,,,0.0,,,,,,1.0,0.0,0.0,,,0.0,,,,,,1.0,10.005,0.0,,,0.0,,,,,,1.0,40.0,0.0,,,0.0,,,,,,1.0,0.0,0.0,0.0,7.623,36.69,87.42,88.3,87.89,87.22,83.46,14.44,14.45,14.45,19.65,16.21,0.0,,,0.0,,,,,,1.0,-46.42,0.0,,,0.0,,,23.1,0.0,,,0.0,,,84.3,0.0,,,0.0,,,1.0,0.0,0.0,0.0,0.0,0.0,1.0,0.0,0.0,0.0,0.0,0.0,,0.098,0.055,,0.0,0.0,,,,0.0,,,,,3.56,0.063,0.071,,0.0,0.0,,,,0.0,,,,,10.257,,0.0,0.0,,,,0.0,,,,0.098,0.06,,0.0,0.0,,,,0.0,,,,,3.759,3.736,,0.0,0.0,,,,0.0,,,,,4.031,,1.0,0.0,,,,0.0,,,,0.0,0.0,0.0,0.0,30.6,21.0,28.7,0.0,0.0,0.0,0.05,0.0,0.0,,0.0,-0.052,-0.2765,0.05,3220000000.0,98.5,0.0,0.0,0.0,,,0.0,,,,,,,0.0,100.0,100.0,,,1.0,100.0,1.0,0.0,0.0,0.0,,10:48.8
1900-01-01 00:10:49.800000+00:00,0.0,-0.669,-0.669,0.0,0.0,0.0,-12.26026,-21.99334,-24.68322,-3e-05,16004.47,0.0,0.0,0.0,0.0,0.0,1.0,0.0,0.01921,0.0,0.0,0.0,0.0,,,,,0.0,0.0,0.0,5.0,0.0,0.0,,,0.0,,,,,,1.0,0.0,0.0,,,0.0,,,,,,1.0,0.0,0.0,,,0.0,,,,,,1.0,10.0,0.0,,,0.0,,,,,,1.0,40.0,0.0,,,0.0,,,,,,1.0,0.0,0.0,0.0,7.643,36.7,87.42,88.3,87.89,87.22,83.46,14.44,14.45,14.45,19.59,16.21,0.0,,,0.0,,,,,,1.0,-46.42,0.0,,,0.0,,,23.1,0.0,,,0.0,,,84.3,0.0,,,0.0,,,1.0,0.0,0.0,0.0,0.0,0.0,1.0,0.0,0.0,0.0,0.0,0.0,,0.1,0.055,,0.0,0.0,,,,0.0,,,,,3.554,0.063,0.073,,0.0,0.0,,,,0.0,,,,,9.906,,0.0,0.0,,,,0.0,,,,0.099,0.061,,0.0,0.0,,,,0.0,,,,,3.714,3.691,,0.0,0.0,,,,0.0,,,,,4.018,,1.0,0.0,,,,0.0,,,,0.0,0.0,0.0,0.0,30.6,21.0,28.6,0.0,0.0,0.0,0.04,0.0,0.0,,0.0,-0.0845,-0.2798,0.04,3220000000.0,98.5,0.0,0.0,0.0,,,0.0,,,,,,,0.0,100.0,100.0,,,1.0,100.0,1.0,0.0,0.0,0.0,,10:49.8
1900-01-01 00:10:50.300000+00:00,,,,,,,,,,,,,,,,,,,,,,,,,,,,,,,,,,,,,,,,,,,,,,,,,,,,,,,,,,,,,,,,,,,,,,,,,,,,,,,,,,,,,,,,,,,,,,,,,,,,,,,,,,,,,,,,,,,,,,,,,,,,,,,,,,,,,,,,,,,,,,,,,,,,,,,,,,,,,,,,,,,,,,,,,,,,,,,,,,,,,,,,,,,,,,,,,,,,,,,,,,,,,,,,,,,,,,,,,,,,,,,,,,,,,,,,,,,,,,,,,,,,,,,,,,,,,,,,,,,,,,,,Homing Alps,10:50.3
1900-01-01 00:10:50.800000+00:00,0.0,-0.669,-0.669,0.0,0.0,0.0,-12.26026,-21.99334,-24.68322,-3e-05,16004.47,0.0,0.0,0.0,0.0,0.0,1.0,-0.0395,0.01843,0.0,0.0,0.0,0.0,,,,,0.0,0.0,0.0,5.0,0.0,0.0,,,0.0,,,,,,1.0,0.0,0.0,,,0.0,,,,,,1.0,0.0,0.0,,,0.0,,,,,,1.0,10.004,0.0,,,0.0,,,,,,1.0,40.0,0.0,,,0.0,,,,,,1.0,0.0,0.0,0.0,7.668,36.7,87.42,88.3,87.89,87.22,83.46,14.44,14.45,14.45,19.53,16.21,0.0,,,0.0,,,,,,1.0,-46.42,0.0,,,0.0,,,23.1,0.0,,,0.0,,,84.3,0.0,,,0.0,,,1.0,0.0,0.0,0.0,0.0,0.0,1.0,0.0,0.0,0.0,0.0,0.0,,0.098,0.058,,0.0,0.0,,,,0.0,,,,,3.541,0.064,0.073,,0.0,0.0,,,,0.0,,,,,9.793,,0.0,0.0,,,,0.0,,,,0.098,0.061,,0.0,0.0,,,,0.0,,,,,3.65,3.653,,0.0,0.0,,,,0.0,,,,,4.068,,1.0,0.0,,,,0.0,,,,0.0,0.0,0.0,0.0,30.6,21.0,28.6,0.0,0.0,0.0,0.05,0.0,0.0,,0.0,0.0035,-0.266,0.05,3220000000.0,98.5,0.0,0.0,0.0,,,0.0,,,,,,,0.0,100.0,100.0,,,1.0,100.0,1.0,0.0,0.0,0.0,,10:50.8
1900-01-01 00:10:51.900000+00:00,0.0,-0.669,-0.669,0.0,0.0,0.0,-12.26026,-21.99334,-24.68322,-3e-05,16004.47,0.0,0.0,0.0,0.0,0.0,1.0,-0.1435,0.016375,0.0,0.0,0.0,0.0,,,,,0.0,0.0,0.0,5.0,0.0,0.0,,,0.0,,,,,,1.0,0.0,0.0,,,0.0,,,,,,1.0,0.0,0.0,,,0.0,,,,,,1.0,10.002,0.0,,,0.0,,,,,,1.0,40.0,0.0,,,0.0,,,,,,1.0,0.0,0.0,0.0,7.68,36.7,87.42,88.3,87.89,87.22,83.46,14.44,14.45,14.45,19.5,16.21,0.0,,,0.0,,,,,,1.0,-46.43,0.0,,,0.0,,,23.1,0.0,,,0.0,,,84.3,0.0,,,0.0,,,1.0,0.0,0.0,0.0,0.0,0.0,1.0,0.0,0.0,0.0,0.0,0.0,,0.095,0.055,,0.0,0.0,,,,0.0,,,,,3.55,0.063,0.075,,0.0,0.0,,,,0.0,,,,,9.806,,0.0,0.0,,,,0.0,,,,0.098,0.061,,0.0,0.0,,,,0.0,,,,,3.611,3.575,,0.0,0.0,,,,0.0,,,,,4.181,,0.0,0.0,,,,0.0,,,,0.0,0.0,0.0,0.0,30.6,21.0,28.6,0.0,0.0,0.0,0.05,0.0,0.0,,0.0,-0.0681,-0.2628,0.05,3220000000.0,98.5,0.0,0.0,0.0,,,0.0,,,,,,,0.0,100.0,100.0,,,1.0,100.0,1.0,0.0,0.0,0.0,,10:51.9
1900-01-01 00:10:52.900000+00:00,0.0,-0.669,-0.669,0.0,0.0,0.0,-12.26026,-21.99334,-24.68322,-3e-05,16004.47,0.0,0.0,0.0,0.0,0.0,1.0,-0.226,0.014746,0.0,0.0,0.0,0.0,,,,,0.0,0.0,0.0,5.0,0.0,0.0,,,0.0,,,,,,1.0,0.0,0.0,,,0.0,,,,,,1.0,0.0,0.0,,,0.0,,,,,,1.0,10.001,0.0,,,0.0,,,,,,1.0,40.0,0.0,,,0.0,,,,,,1.0,0.0,0.0,0.0,7.697,36.7,87.42,88.3,87.89,87.22,83.44,14.44,14.45,14.45,19.46,16.21,0.0,,,0.0,,,,,,1.0,-46.43,0.0,,,0.0,,,23.1,0.0,,,0.0,,,84.3,0.0,,,0.0,,,1.0,0.0,0.0,0.0,0.0,0.0,1.0,0.0,0.0,0.0,0.0,0.0,,0.097,0.058,,0.0,0.0,,,,0.0,,,,,3.541,0.064,0.072,,0.0,0.0,,,,0.0,,,,,9.756,,0.0,0.0,,,,0.0,,,,0.097,0.062,,0.0,0.0,,,,0.0,,,,,3.551,3.536,,0.0,0.0,,,,0.0,,,,,4.169,,0.0,0.0,,,,0.0,,,,0.0,0.0,0.0,0.0,30.6,21.0,28.6,0.0,0.0,0.0,0.04,0.0,0.0,,0.0,-0.0289,-0.2553,0.04,3220000000.0,98.5,0.0,0.0,0.0,,,0.0,,,,,,,0.0,100.0,100.0,,,1.0,100.0,1.0,0.0,0.0,0.0,,10:52.9
1900-01-01 00:10:53.900000+00:00,0.0,-0.669,-0.669,0.0,0.0,0.0,-12.26026,-21.99334,-24.68322,-3e-05,16004.47,0.0,0.0,0.0,0.0,0.0,1.0,-0.3327,0.012638,0.0,0.0,0.0,0.0,,,,,0.0,0.0,0.0,5.0,0.0,0.0,,,0.0,,,,,,1.0,0.0,0.0,,,0.0,,,,,,1.0,0.0,0.0,,,0.0,,,,,,1.0,10.004,0.0,,,0.0,,,,,,1.0,40.0,0.0,,,0.0,,,,,,1.0,0.0,0.0,0.0,7.716,36.7,87.42,88.3,87.91,87.22,83.44,14.44,14.45,14.45,19.42,16.21,0.0,,,0.0,,,,,,1.0,-46.43,0.0,,,0.0,,,23.1,0.0,,,0.0,,,84.2,0.0,,,0.0,,,1.0,0.0,0.0,0.0,0.0,0.0,1.0,0.0,0.0,0.0,0.0,0.0,,0.097,0.06,,0.0,0.0,,,,0.0,,,,,3.515,0.064,0.073,,0.0,0.0,,,,0.0,,,,,9.655,,0.0,0.0,,,,0.0,,,,0.098,0.062,,0.0,0.0,,,,0.0,,,,,3.521,3.492,,0.0,0.0,,,,0.0,,,,,4.156,,0.0,0.0,,,,0.0,,,,0.0,0.0,0.0,0.0,30.6,21.0,28.6,0.0,0.0,0.0,0.04,0.0,0.0,,0.0,-0.0319,-0.2716,0.04,3220000000.0,98.5,0.0,0.0,0.0,,,0.0,,,,,,,0.0,100.0,100.0,,,1.0,100.0,1.0,0.0,0.0,0.0,,10:53.9
1900-01-01 00:10:54.900000+00:00,0.0,-0.669,-0.669,0.0,0.0,0.0,-12.26026,-21.99334,-24.68322,-3e-05,16004.47,0.0,0.0,0.0,0.0,0.0,1.0,-0.4375,0.010567,0.0,0.0,0.0,0.0,,,,,0.0,0.0,0.0,5.0,0.0,0.0,,,0.0,,,,,,1.0,0.0,0.0,,,0.0,,,,,,1.0,0.0,0.0,,,0.0,,,,,,1.0,10.001,0.0,,,0.0,,,,,,1.0,40.0,0.0,,,0.0,,,,,,1.0,0.0,0.0,0.0,7.722,36.69,87.42,88.3,87.91,87.22,83.44,14.44,14.45,14.45,19.39,16.21,0.0,,,0.0,,,,,,1.0,-46.43,0.0,,,0.0,,,23.1,0.0,,,0.0,,,84.2,0.0,,,0.0,,,1.0,0.0,0.0,0.0,0.0,0.0,1.0,0.0,0.0,0.0,0.0,0.0,,0.098,0.053,,0.0,0.0,,,,0.0,,,,,3.507,0.064,0.075,,0.0,0.0,,,,0.0,,,,,9.58,,0.0,0.0,,,,0.0,,,,0.102,0.061,,0.0,0.0,,,,0.0,,,,,3.479,3.472,,0.0,0.0,,,,0.0,,,,,4.156,,0.0,0.0,,,,0.0,,,,0.0,0.0,0.0,0.0,30.6,21.1,28.6,0.0,0.0,0.0,0.04,0.0,0.0,,0.0,0.0,-0.2825,0.04,3220000000.0,98.5,0.0,0.0,0.0,,,0.0,,,,,,,0.0,100.0,100.0,,,1.0,100.0,1.0,0.0,0.0,0.0,,10:54.9
1900-01-01 00:10:55.900000+00:00,0.0,-0.669,-0.669,0.0,0.0,0.0,-12.26026,-21.99334,-24.68322,-3e-05,16004.47,0.0,0.0,0.0,0.0,0.0,1.0,-0.5402,0.008538,0.0,0.0,0.0,0.0,,,,,0.0,0.0,0.0,5.0,0.0,0.0,,,0.0,,,,,,1.0,0.0,0.0,,,0.0,,,,,,1.0,0.0,0.0,,,0.0,,,,,,1.0,10.0,0.0,,,0.0,,,,,,1.0,40.0,0.0,,,0.0,,,,,,1.0,0.0,0.0,0.0,7.734,36.69,87.42,88.3,87.91,87.22,83.44,14.44,14.45,14.45,19.36,16.21,0.0,,,0.0,,,,,,1.0,-46.43,0.0,,,0.0,,,23.1,0.0,,,0.0,,,84.2,0.0,,,0.0,,,1.0,0.0,0.0,0.0,0.0,0.0,1.0,0.0,0.0,0.0,0.0,0.0,,0.1,0.055,,0.0,0.0,,,,0.0,,,,,3.56,0.063,0.073,,0.0,0.0,,,,0.0,,,,,9.53,,0.0,0.0,,,,0.0,,,,0.096,0.062,,0.0,0.0,,,,0.0,,,,,3.459,3.436,,0.0,0.0,,,,0.0,,,,,4.181,,0.0,0.0,,,,0.0,,,,0.0,0.0,0.0,0.0,30.6,21.1,28.6,0.0,0.0,0.0,0.04,0.0,0.0,,0.0,-0.0356,-0.2771,0.04,3220000000.0,98.5,0.0,0.0,0.0,,,0.0,,,,,,,0.0,100.0,100.0,,,1.0,100.0,1.0,0.0,0.0,0.0,,10:55.9
1900-01-01 00:10:56.900000+00:00,0.0,-0.669,-0.669,0.0,0.0,0.0,-12.26026,-21.99334,-24.68322,-3e-05,16004.47,0.0,0.0,0.0,0.0,0.0,1.0,-0.6449,0.006469,0.0,0.0,0.0,0.0,,,,,0.0,0.0,0.0,5.0,0.0,0.0,,,0.0,,,,,,1.0,0.0,0.0,,,0.0,,,,,,1.0,0.0,0.0,,,0.0,,,,,,1.0,9.998,0.0,,,0.0,,,,,,1.0,40.0,0.0,,,0.0,,,,,,1.0,0.0,0.0,0.0,7.744,36.7,87.42,88.3,87.91,87.22,83.44,14.44,14.45,14.45,19.33,16.21,0.0,,,0.0,,,,,,1.0,-46.44,0.0,,,0.0,,,23.1,0.0,,,0.0,,,84.2,0.0,,,0.0,,,1.0,0.0,0.0,0.0,0.0,0.0,1.0,0.0,0.0,0.0,0.0,0.0,,0.097,0.056,,0.0,0.0,,,,0.0,,,,,3.526,0.064,0.069,,0.0,0.0,,,,0.0,,,,,9.505,,0.0,0.0,,,,0.0,,,,0.099,0.061,,0.0,0.0,,,,0.0,,,,,3.424,3.406,,0.0,0.0,,,,0.0,,,,,4.169,,0.0,0.0,,,,0.0,,,,0.0,0.0,0.0,0.0,30.6,21.1,28.6,0.0,0.0,0.0,0.04,0.0,0.0,,0.0,-0.0487,-0.2648,0.04,3220000000.0,98.5,0.0,0.0,0.0,,,0.0,,,,,,,0.0,100.0,100.0,,,1.0,100.0,1.0,0.0,0.0,0.0,,10:56.9
1900-01-01 00:10:57.900000+00:00,0.0,-0.669,-0.669,0.0,0.0,0.0,-12.26026,-21.99334,-24.68322,-3e-05,16004.47,0.0,0.0,0.0,0.0,0.0,1.0,-0.7478,0.004437,0.0,0.0,0.0,0.0,,,,,0.0,0.0,0.0,5.0,0.0,0.0,,,0.0,,,,,,1.0,0.0,0.0,,,0.0,,,,,,1.0,0.0,0.0,,,0.0,,,,,,1.0,9.996,0.0,,,0.0,,,,,,1.0,40.0,0.0,,,0.0,,,,,,1.0,0.0,0.0,0.0,7.753,36.7,87.42,88.3,87.91,87.22,83.44,14.44,14.45,14.45,19.31,16.21,0.0,,,0.0,,,,,,1.0,-46.44,0.0,,,0.0,,,23.1,0.0,,,0.0,,,84.2,0.0,,,0.0,,,1.0,0.0,0.0,0.0,0.0,0.0,1.0,0.0,0.0,0.0,0.0,0.0,,0.098,0.056,,0.0,0.0,,,,0.0,,,,,3.547,0.063,0.075,,0.0,0.0,,,,0.0,,,,,9.455,,0.0,0.0,,,,0.0,,,,0.099,0.061,,0.0,0.0,,,,0.0,,,,,3.405,3.366,,0.0,0.0,,,,0.0,,,,,4.169,,0.0,0.0,,,,0.0,,,,0.0,0.0,0.0,0.0,30.6,21.1,28.6,0.0,0.0,0.0,0.04,0.0,0.0,,0.0,-0.077,-0.2141,0.04,3220000000.0,98.5,0.0,0.0,0.0,,,0.0,,,,,,,0.0,100.0,100.0,,,1.0,100.0,1.0,0.0,0.0,0.0,,10:57.9
1900-01-01 00:10:58.900000+00:00,0.0,-0.669,-0.669,0.0,0.0,0.0,-12.26026,-21.99334,-24.68322,-3e-05,16004.47,0.0,0.0,0.0,0.0,0.0,1.0,-0.8523,0.002373,0.0,0.0,0.0,0.0,,,,,0.0,0.0,0.0,5.0,0.0,0.0,,,0.0,,,,,,1.0,0.0,0.0,,,0.0,,,,,,1.0,0.0,0.0,,,0.0,,,,,,1.0,10.002,0.0,,,0.0,,,,,,1.0,40.0,0.0,,,0.0,,,,,,1.0,0.0,0.0,0.0,7.763,36.7,87.42,88.3,87.91,87.22,83.44,14.44,14.45,14.45,19.29,16.21,0.0,,,0.0,,,,,,1.0,-46.44,0.0,,,0.0,,,23.1,0.0,,,0.0,,,84.2,0.0,,,0.0,,,1.0,0.0,0.0,0.0,0.0,0.0,1.0,0.0,0.0,0.0,0.0,0.0,,0.098,0.059,,0.0,0.0,,,,0.0,,,,,3.534,0.063,0.074,,0.0,0.0,,,,0.0,,,,,9.442,,0.0,0.0,,,,0.0,,,,0.097,0.059,,0.0,0.0,,,,0.0,,,,,3.375,3.344,,0.0,0.0,,,,0.0,,,,,4.156,,0.0,0.0,,,,0.0,,,,0.0,0.0,0.0,0.0,30.6,21.1,28.6,0.0,0.0,0.0,0.04,0.0,0.0,,0.0,-0.0436,-0.2448,0.04,3220000000.0,98.5,0.0,0.0,0.0,,,0.0,,,,,,,0.0,100.0,100.0,,,1.0,100.0,1.0,0.0,0.0,0.0,,10:58.9
1900-01-01 00:10:59.900000+00:00,0.0,-0.669,-0.669,0.0,0.0,0.0,-12.26026,-21.99334,-24.68322,-3e-05,16004.47,0.0,0.0,0.0,0.0,0.0,1.0,-0.9348,0.000742,0.0,0.0,0.0,0.0,,,,,0.0,0.0,0.0,5.0,0.0,0.0,,,0.0,,,,,,1.0,0.0,0.0,,,0.0,,,,,,1.0,0.0,0.0,,,0.0,,,,,,1.0,10.002,0.0,,,0.0,,,,,,1.0,40.0,0.0,,,0.0,,,,,,1.0,0.0,0.0,0.0,7.77,36.7,87.42,88.3,87.91,87.22,83.44,14.44,14.45,14.45,19.28,16.21,0.0,,,0.0,,,,,,1.0,-46.44,0.0,,,0.0,,,23.1,0.0,,,0.0,,,84.2,0.0,,,0.0,,,1.0,0.0,0.0,0.0,0.0,0.0,1.0,0.0,0.0,0.0,0.0,0.0,,0.1,0.055,,0.0,0.0,,,,0.0,,,,,3.52,0.063,0.072,,0.0,0.0,,,,0.0,,,,,9.392,,0.0,0.0,,,,0.0,,,,0.098,0.063,,0.0,0.0,,,,0.0,,,,,3.354,3.325,,0.0,0.0,,,,0.0,,,,,4.169,,0.0,0.0,,,,0.0,,,,0.0,0.0,0.0,0.0,30.6,21.1,28.6,0.0,0.0,0.0,0.04,0.0,0.0,,0.0,-0.1074,-0.2141,0.04,3220000000.0,98.5,0.0,0.0,0.0,,,0.0,,,,,,,0.0,100.0,100.0,,,1.0,100.0,1.0,0.0,0.0,0.0,,10:59.9
1900-01-01 00:11:01+00:00,0.0,-0.669,-0.669,0.0,0.0,0.0,-12.26026,-21.99334,-24.68322,-3e-05,16004.47,0.0,0.0,0.0,0.0,0.0,1.0,-1.0372,-0.001281,0.0,0.0,0.0,0.0,,,,,0.0,0.0,0.0,5.0,0.0,0.0,,,0.0,,,,,,1.0,0.0,0.0,,,0.0,,,,,,1.0,0.0,0.0,,,0.0,,,,,,1.0,10.002,0.0,,,0.0,,,,,,1.0,40.0,0.0,,,0.0,,,,,,1.0,0.0,0.0,0.0,7.778,36.69,87.42,88.3,87.91,87.22,83.44,14.44,14.45,14.45,19.26,16.21,0.0,,,0.0,,,,,,1.0,-46.44,0.0,,,0.0,,,23.1,0.0,,,0.0,,,84.2,0.0,,,0.0,,,1.0,0.0,0.0,0.0,0.0,0.0,1.0,0.0,0.0,0.0,0.0,0.0,,0.098,0.056,,0.0,0.0,,,,0.0,,,,,3.517,0.064,0.074,,0.0,0.0,,,,0.0,,,,,9.355,,0.0,0.0,,,,0.0,,,,0.096,0.063,,0.0,0.0,,,,0.0,,,,,3.326,3.309,,0.0,0.0,,,,0.0,,,,,4.169,,0.0,0.0,,,,0.0,,,,0.0,0.0,0.0,0.0,30.6,21.1,28.6,0.0,0.0,0.0,0.04,0.0,0.0,,0.0,-0.0618,-0.2302,0.04,3220000000.0,98.5,0.0,0.0,0.0,,,0.0,,,,,,,0.0,100.0,100.0,,,1.0,100.0,1.0,0.0,0.0,0.0,,11:01.0
1900-01-01 00:11:02+00:00,0.0,-0.669,-0.669,0.0,0.0,0.0,-12.26026,-21.99334,-24.68322,-3e-05,16004.47,0.0,0.0,0.0,0.0,0.0,1.0,-1.1391,-0.003293,0.0,0.0,0.0,0.0,,,,,0.0,0.0,0.0,5.0,0.0,0.0,,,0.0,,,,,,1.0,0.0,0.0,,,0.0,,,,,,1.0,0.0,0.0,,,0.0,,,,,,1.0,9.996,0.0,,,0.0,,,,,,1.0,40.0,0.0,,,0.0,,,,,,1.0,0.0,0.0,0.0,7.781,36.69,87.42,88.3,87.91,87.22,83.43,14.44,14.45,14.45,19.24,16.21,0.0,,,0.0,,,,,,1.0,-46.45,0.0,,,0.0,,,23.1,0.0,,,0.0,,,84.2,0.0,,,0.0,,,1.0,0.0,0.0,0.0,0.0,0.0,1.0,0.0,0.0,0.0,0.0,0.0,,0.095,0.061,,0.0,0.0,,,,0.0,,,,,3.507,0.063,0.073,,0.0,0.0,,,,0.0,,,,,9.355,,0.0,0.0,,,,0.0,,,,0.096,0.061,,0.0,0.0,,,,0.0,,,,,3.316,3.296,,0.0,0.0,,,,0.0,,,,,4.181,,0.0,0.0,,,,0.0,,,,0.0,0.0,0.0,0.0,30.7,21.1,28.6,0.0,0.0,0.0,0.04,0.0,0.0,,0.0,-0.0662,-0.2143,0.04,3220000000.0,98.5,0.0,0.0,0.0,,,0.0,,,,,,,0.0,100.0,100.0,,,1.0,100.0,1.0,0.0,0.0,0.0,,11:02.0
1900-01-01 00:11:03+00:00,0.0,-0.669,-0.669,0.0,0.0,0.0,-12.26026,-21.99334,-24.68322,-3e-05,16004.47,0.0,0.0,0.0,0.0,0.0,1.0,-1.2406,-0.005298,0.0,0.0,0.0,0.0,,,,,0.0,0.0,0.0,5.0,0.0,0.0,,,0.0,,,,,,1.0,0.0,0.0,,,0.0,,,,,,1.0,0.0,0.0,,,0.0,,,,,,1.0,10.002,0.0,,,0.0,,,,,,1.0,40.0,0.0,,,0.0,,,,,,1.0,0.0,0.0,0.0,7.789,36.69,87.42,88.3,87.91,87.22,83.43,14.44,14.45,14.45,19.22,16.21,0.0,,,0.0,,,,,,1.0,-46.45,0.0,,,0.0,,,23.1,0.0,,,0.0,,,84.2,0.0,,,0.0,,,1.0,0.0,0.0,0.0,0.0,0.0,1.0,0.0,0.0,0.0,0.0,0.0,,0.097,0.056,,0.0,0.0,,,,0.0,,,,,3.54,0.064,0.071,,0.0,0.0,,,,0.0,,,,,9.33,,0.0,0.0,,,,0.0,,,,0.096,0.061,,0.0,0.0,,,,0.0,,,,,3.3,3.279,,0.0,0.0,,,,0.0,,,,,4.169,,0.0,0.0,,,,0.0,,,,0.0,0.0,0.0,0.0,30.7,21.1,28.6,0.0,0.0,0.0,0.04,0.0,0.0,,0.0,-0.007,-0.2339,0.04,3220000000.0,98.5,0.0,0.0,0.0,,,0.0,,,,,,,0.0,100.0,100.0,,,1.0,100.0,1.0,0.0,0.0,0.0,,11:03.0
1900-01-01 00:11:04+00:00,0.0,-0.669,-0.669,0.0,0.0,0.0,-12.26026,-21.99334,-24.68322,-3e-05,16004.47,0.0,0.0,0.0,0.0,0.0,1.0,-1.3441,-0.007342,0.0,0.0,0.0,0.0,,,,,0.0,0.0,0.0,5.0,0.0,0.0,,,0.0,,,,,,1.0,0.0,0.0,,,0.0,,,,,,1.0,0.0,0.0,,,0.0,,,,,,1.0,10.002,0.0,,,0.0,,,,,,1.0,40.0,0.0,,,0.0,,,,,,1.0,0.0,0.0,0.0,7.795,36.7,87.42,88.3,87.91,87.22,83.43,14.44,14.45,14.45,19.21,16.21,0.0,,,0.0,,,,,,1.0,-46.45,0.0,,,0.0,,,23.1,0.0,,,0.0,,,84.2,0.0,,,0.0,,,1.0,0.0,0.0,0.0,0.0,0.0,1.0,0.0,0.0,0.0,0.0,0.0,,0.1,0.061,,0.0,0.0,,,,0.0,,,,,3.518,0.063,0.075,,0.0,0.0,,,,0.0,,,,,9.305,,0.0,0.0,,,,0.0,,,,0.1,0.06,,0.0,0.0,,,,0.0,,,,,3.283,3.264,,0.0,0.0,,,,0.0,,,,,4.169,,0.0,0.0,,,,0.0,,,,0.0,0.0,0.0,0.0,30.6,21.1,28.6,0.0,0.0,0.0,0.04,0.0,0.0,,0.0,-0.0596,-0.2939,0.04,3220000000.0,98.5,0.0,0.0,0.0,,,0.0,,,,,,,0.0,100.0,100.0,,,1.0,100.0,1.0,0.0,0.0,0.0,,11:04.0
1900-01-01 00:11:05+00:00,0.0,-0.669,-0.669,0.0,0.0,0.0,-12.26026,-21.99334,-24.68322,-3e-05,16004.47,0.0,0.0,0.0,0.0,0.0,1.0,-1.3642,-0.007739,0.0,0.0,0.0,0.0,,,,,0.0,0.0,0.0,5.0,0.0,0.0,,,0.0,,,,,,1.0,0.0,0.0,,,0.0,,,,,,1.0,0.0,0.0,,,0.0,,,,,,1.0,10.0,0.0,,,0.0,,,,,,1.0,40.0,0.0,,,0.0,,,,,,1.0,0.0,0.0,0.0,7.8,36.7,87.42,88.3,87.91,87.22,83.43,14.44,14.45,14.45,19.2,16.21,0.0,,,0.0,,,,,,1.0,-46.45,0.0,,,0.0,,,23.1,0.0,,,0.0,,,84.2,0.0,,,0.0,,,1.0,0.0,0.0,0.0,0.0,0.0,1.0,0.0,0.0,0.0,0.0,0.0,,0.094,0.055,,0.0,0.0,,,,0.0,,,,,3.534,0.064,0.075,,0.0,0.0,,,,0.0,,,,,9.154,,0.0,0.0,,,,0.0,,,,0.1,0.061,,0.0,0.0,,,,0.0,,,,,3.273,3.249,,0.0,0.0,,,,0.0,,,,,4.068,,1.0,0.0,,,,0.0,,,,0.0,0.0,0.0,0.0,30.6,21.1,28.6,0.0,0.0,0.0,0.04,0.0,0.0,,0.0,-0.057,-0.2162,0.04,3220000000.0,98.5,0.0,0.0,0.0,,,0.0,,,,,,,0.0,100.0,100.0,,,1.0,100.0,1.0,0.0,0.0,0.0,,11:05.0
1900-01-01 00:11:06+00:00,0.0,-0.669,-0.669,0.0,0.0,0.0,-12.26026,-21.99334,-24.68322,-3e-05,16004.47,0.0,0.0,0.0,0.0,0.0,1.0,-1.3648,-0.007753,0.0,0.0,0.0,0.0,,,,,0.0,0.0,0.0,5.0,0.0,0.0,,,0.0,,,,,,1.0,0.0,0.0,,,0.0,,,,,,1.0,0.0,0.0,,,0.0,,,,,,1.0,9.994,0.0,,,0.0,,,,,,1.0,40.0,0.0,,,0.0,,,,,,1.0,0.0,0.0,0.0,7.8,36.69,87.42,88.3,87.91,87.22,83.43,14.44,14.45,14.45,19.18,16.21,0.0,,,0.0,,,,,,1.0,-46.46,0.0,,,0.0,,,23.1,0.0,,,0.0,,,84.2,0.0,,,0.0,,,1.0,0.0,0.0,0.0,0.0,0.0,1.0,0.0,0.0,0.0,0.0,0.0,,0.098,0.058,,0.0,0.0,,,,0.0,,,,,3.57,0.063,0.071,,0.0,0.0,,,,0.0,,,,,9.204,,0.0,0.0,,,,0.0,,,,0.098,0.062,,0.0,0.0,,,,0.0,,,,,3.254,3.24,,0.0,0.0,,,,0.0,,,,,4.068,,1.0,0.0,,,,0.0,,,,0.0,0.0,0.0,0.0,30.6,21.1,28.6,0.0,0.0,0.0,0.04,0.0,0.0,,0.0,-0.0487,-0.2122,0.04,3220000000.0,98.5,0.0,0.0,0.0,,,0.0,,,,,,,0.0,100.0,100.0,,,1.0,100.0,1.0,0.0,0.0,0.0,,11:06.0
1900-01-01 00:11:07+00:00,0.0,-0.669,-0.669,0.0,0.0,0.0,-12.26026,-21.99334,-24.68322,-3e-05,16004.47,0.0,0.0,0.0,0.0,0.0,1.0,0.0,0.01921,0.0,0.0,0.0,0.0,,,,,0.0,0.0,0.0,5.0,0.0,0.0,,,0.0,,,,,,1.0,0.0,0.0,,,0.0,,,,,,1.0,0.0,0.0,,,0.0,,,,,,1.0,10.0,0.0,,,0.0,,,,,,1.0,40.0,0.0,,,0.0,,,,,,1.0,0.0,0.0,0.0,7.808,36.7,87.42,88.3,87.91,87.22,83.43,14.44,14.45,14.45,19.18,16.21,0.0,,,0.0,,,,,,1.0,-46.46,0.0,,,0.0,,,23.1,0.0,,,0.0,,,84.2,0.0,,,0.0,,,1.0,0.0,0.0,0.0,0.0,0.0,1.0,0.0,0.0,0.0,0.0,0.0,,0.098,0.059,,0.0,0.0,,,,0.0,,,,,3.555,0.063,0.074,,0.0,0.0,,,,0.0,,,,,9.117,,0.0,0.0,,,,0.0,,,,0.098,0.06,,0.0,0.0,,,,0.0,,,,,3.25,3.223,,0.0,0.0,,,,0.0,,,,,4.031,,1.0,0.0,,,,0.0,,,,0.0,0.0,0.0,0.0,30.6,21.1,28.6,0.0,0.0,0.0,0.04,0.0,0.0,,0.0,-0.0561,-0.2109,0.04,3220000000.0,98.5,0.0,0.0,0.0,,,0.0,,,,,,,0.0,100.0,100.0,,,1.0,100.0,1.0,0.0,0.0,0.0,,11:07.0
1900-01-01 00:11:08+00:00,0.0,-0.669,-0.669,0.0,0.0,0.0,-12.26026,-21.99334,-24.68322,-3e-05,16004.47,0.0,0.0,0.0,0.0,0.0,1.0,0.0,0.01921,0.0,0.0,0.0,0.0,,,,,0.0,0.0,0.0,5.0,0.0,0.0,,,0.0,,,,,,1.0,0.0,0.0,,,0.0,,,,,,1.0,0.0,0.0,,,0.0,,,,,,1.0,10.007,0.0,,,0.0,,,,,,1.0,40.0,0.0,,,0.0,,,,,,1.0,0.0,0.0,0.0,7.818,36.7,87.42,88.3,87.91,87.22,83.43,14.44,14.45,14.45,19.17,16.21,0.0,,,0.0,,,,,,1.0,-46.46,0.0,,,0.0,,,23.1,0.0,,,0.0,,,84.1,0.0,,,0.0,,,1.0,0.0,0.0,0.0,0.0,0.0,1.0,0.0,0.0,0.0,0.0,0.0,,0.099,0.058,,0.0,0.0,,,,0.0,,,,,3.543,0.063,0.073,,0.0,0.0,,,,0.0,,,,,9.067,,0.0,0.0,,,,0.0,,,,0.097,0.059,,0.0,0.0,,,,0.0,,,,,3.237,3.214,,0.0,0.0,,,,0.0,,,,,4.043,,1.0,0.0,,,,0.0,,,,0.0,0.0,0.0,0.0,30.6,21.1,28.6,0.0,0.0,0.0,0.04,0.0,0.0,,0.0,-0.0203,-0.26,0.04,3220000000.0,98.5,0.0,0.0,0.0,,,0.0,,,,,,,0.0,100.0,100.0,,,1.0,100.0,1.0,0.0,0.0,0.0,,11:08.0
1900-01-01 00:11:09+00:00,0.0,-0.669,-0.669,0.0,0.0,0.0,-12.26026,-21.99334,-24.68322,-3e-05,16004.47,0.0,0.0,0.0,0.0,0.0,1.0,0.0,0.01921,0.0,0.0,0.0,0.0,,,,,0.0,0.0,0.0,5.0,0.0,0.0,,,0.0,,,,,,1.0,0.0,0.0,,,0.0,,,,,,1.0,0.0,0.0,,,0.0,,,,,,1.0,9.997,0.0,,,0.0,,,,,,1.0,40.0,0.0,,,0.0,,,,,,1.0,0.0,0.0,0.0,7.815,36.7,87.42,88.3,87.91,87.22,83.43,14.44,14.45,14.45,19.15,16.21,0.0,,,0.0,,,,,,1.0,-46.46,0.0,,,0.0,,,23.1,0.0,,,0.0,,,84.1,0.0,,,0.0,,,1.0,0.0,0.0,0.0,0.0,0.0,1.0,0.0,0.0,0.0,0.0,0.0,,0.1,0.054,,0.0,0.0,,,,0.0,,,,,3.529,0.063,0.073,,0.0,0.0,,,,0.0,,,,,9.104,,0.0,0.0,,,,0.0,,,,0.098,0.06,,0.0,0.0,,,,0.0,,,,,3.225,3.203,,0.0,0.0,,,,0.0,,,,,4.031,,1.0,0.0,,,,0.0,,,,0.0,0.0,0.0,0.0,30.6,21.1,28.6,0.0,0.0,0.0,0.04,0.0,0.0,,0.0,-0.0424,-0.2254,0.04,3220000000.0,98.5,0.0,0.0,0.0,,,0.0,,,,,,,0.0,100.0,100.0,,,1.0,100.0,1.0,0.0,0.0,0.0,,11:09.0
1900-01-01 00:11:10.100000+00:00,0.0,-0.669,-0.669,0.0,0.0,0.0,-12.26026,-21.99334,-24.68322,-3e-05,16004.47,0.0,0.0,0.0,0.0,0.0,1.0,0.0,0.01921,0.0,0.0,0.0,0.0,,,,,0.0,0.0,0.0,5.0,0.0,0.0,,,0.0,,,,,,1.0,0.0,0.0,,,0.0,,,,,,1.0,0.0,0.0,,,0.0,,,,,,1.0,9.997,0.0,,,0.0,,,,,,1.0,40.0,0.0,,,0.0,,,,,,1.0,0.0,0.0,0.0,7.82,36.69,87.42,88.3,87.91,87.22,83.43,14.44,14.45,14.45,19.14,16.21,0.0,,,0.0,,,,,,1.0,-46.46,0.0,,,0.0,,,23.1,0.0,,,0.0,,,84.1,0.0,,,0.0,,,1.0,0.0,0.0,0.0,0.0,0.0,1.0,0.0,0.0,0.0,0.0,0.0,,0.095,0.055,,0.0,0.0,,,,0.0,,,,,3.528,0.064,0.074,,0.0,0.0,,,,0.0,,,,,9.067,,0.0,0.0,,,,0.0,,,,0.099,0.063,,0.0,0.0,,,,0.0,,,,,3.217,3.19,,0.0,0.0,,,,0.0,,,,,4.043,,1.0,0.0,,,,0.0,,,,0.0,0.0,0.0,0.0,30.6,21.1,28.6,0.0,0.0,0.0,0.04,0.0,0.0,,0.0,-0.0176,-0.1987,0.04,3220000000.0,98.5,0.0,0.0,0.0,,,0.0,,,,,,,0.0,100.0,100.0,,,1.0,100.0,1.0,0.0,0.0,0.0,,11:10.1
1900-01-01 00:11:11.100000+00:00,0.0,-0.669,-0.669,0.0,0.0,0.0,-12.26026,-21.99334,-24.68322,-3e-05,16004.47,0.0,0.0,0.0,0.0,0.0,1.0,0.0,0.01921,0.0,0.0,0.0,0.0,,,,,0.0,0.0,0.0,5.0,0.0,0.0,,,0.0,,,,,,1.0,0.0,0.0,,,0.0,,,,,,1.0,0.0,0.0,,,0.0,,,,,,1.0,10.002,0.0,,,0.0,,,,,,1.0,40.0,0.0,,,0.0,,,,,,1.0,0.0,0.0,0.0,7.824,36.69,87.42,88.3,87.91,87.22,83.41,14.44,14.45,14.45,19.14,16.21,0.0,,,0.0,,,,,,1.0,-46.47,0.0,,,0.0,,,23.1,0.0,,,0.0,,,84.1,0.0,,,0.0,,,1.0,0.0,0.0,0.0,0.0,0.0,1.0,0.0,0.0,0.0,0.0,0.0,,0.097,0.06,,0.0,0.0,,,,0.0,,,,,3.525,0.063,0.075,,0.0,0.0,,,,0.0,,,,,9.042,,0.0,0.0,,,,0.0,,,,0.096,0.059,,0.0,0.0,,,,0.0,,,,,3.212,3.175,,0.0,0.0,,,,0.0,,,,,4.031,,1.0,0.0,,,,0.0,,,,0.0,0.0,0.0,0.0,30.6,21.0,28.6,0.0,0.0,0.0,0.04,0.0,0.0,,0.0,-0.0811,-0.1538,0.04,3220000000.0,98.5,0.0,0.0,0.0,,,0.0,,,,,,,0.0,100.0,100.0,,,1.0,100.0,1.0,0.0,0.0,0.0,,11:11.1
1900-01-01 00:11:12.100000+00:00,0.0,-0.669,-0.669,0.0,0.0,0.0,-12.26026,-21.99334,-24.68322,-3e-05,16004.47,0.0,0.0,0.0,0.0,0.0,1.0,0.0,0.01921,0.0,0.0,0.0,0.0,,,,,0.0,0.0,0.0,5.0,0.0,0.0,,,0.0,,,,,,1.0,0.0,0.0,,,0.0,,,,,,1.0,0.0,0.0,,,0.0,,,,,,1.0,10.0,0.0,,,0.0,,,,,,1.0,40.0,0.0,,,0.0,,,,,,1.0,0.0,0.0,0.0,7.827,36.69,87.42,88.32,87.91,87.22,83.41,14.44,14.45,14.45,19.13,16.21,0.0,,,0.0,,,,,,1.0,-46.47,0.0,,,0.0,,,23.1,0.0,,,0.0,,,84.1,0.0,,,0.0,,,1.0,0.0,0.0,0.0,0.0,0.0,1.0,0.0,0.0,0.0,0.0,0.0,,0.097,0.056,,0.0,0.0,,,,0.0,,,,,3.528,0.064,0.075,,0.0,0.0,,,,0.0,,,,,9.017,,0.0,0.0,,,,0.0,,,,0.097,0.06,,0.0,0.0,,,,0.0,,,,,3.199,3.169,,0.0,0.0,,,,0.0,,,,,4.018,,1.0,0.0,,,,0.0,,,,0.0,0.0,0.0,0.0,30.6,21.0,28.6,0.0,0.0,0.0,0.04,0.0,0.0,,0.0,-0.0282,-0.198,0.04,3220000000.0,98.5,0.0,0.0,0.0,,,0.0,,,,,,,0.0,100.0,100.0,,,1.0,100.0,1.0,0.0,0.0,0.0,,11:12.1
1900-01-01 00:11:13.100000+00:00,0.0,-0.669,-0.669,0.0,0.0,0.0,-12.26026,-21.99334,-24.68322,-3e-05,16004.47,0.0,0.0,0.0,0.0,0.0,1.0,0.0,0.01921,0.0,0.0,0.0,0.0,,,,,0.0,0.0,0.0,5.0,0.0,0.0,,,0.0,,,,,,1.0,0.0,0.0,,,0.0,,,,,,1.0,0.0,0.0,,,0.0,,,,,,1.0,10.0,0.0,,,0.0,,,,,,1.0,40.0,0.0,,,0.0,,,,,,1.0,0.0,0.0,0.0,7.83,36.69,87.42,88.32,87.91,87.22,83.41,14.44,14.45,14.45,19.13,16.21,0.0,,,0.0,,,,,,1.0,-46.47,0.0,,,0.0,,,23.1,0.0,,,0.0,,,84.1,0.0,,,0.0,,,1.0,0.0,0.0,0.0,0.0,0.0,1.0,0.0,0.0,0.0,0.0,0.0,,0.097,0.054,,0.0,0.0,,,,0.0,,,,,3.561,0.064,0.067,,0.0,0.0,,,,0.0,,,,,9.004,,0.0,0.0,,,,0.0,,,,0.098,0.062,,0.0,0.0,,,,0.0,,,,,3.19,3.162,,0.0,0.0,,,,0.0,,,,,4.031,,1.0,0.0,,,,0.0,,,,0.0,0.0,0.0,0.0,30.6,21.0,28.6,0.0,0.0,0.0,0.04,0.0,0.0,,0.0,-0.0071,-0.2065,0.04,3220000000.0,98.5,0.0,0.0,0.0,,,0.0,,,,,,,0.0,100.0,100.0,,,1.0,100.0,1.0,0.0,0.0,0.0,,11:13.1
1900-01-01 00:11:14.100000+00:00,0.0,-0.669,-0.669,0.0,0.0,0.0,-12.26026,-21.99334,-24.68322,-3e-05,16004.47,0.0,0.0,0.0,0.0,0.0,1.0,0.0,0.01921,0.0,0.0,0.0,0.0,,,,,0.0,0.0,0.0,5.0,0.0,0.0,,,0.0,,,,,,1.0,0.0,0.0,,,0.0,,,,,,1.0,0.0,0.0,,,0.0,,,,,,1.0,10.001,0.0,,,0.0,,,,,,1.0,40.0,0.0,,,0.0,,,,,,1.0,0.0,0.0,0.0,7.833,36.69,87.42,88.32,87.91,87.22,83.41,14.44,14.45,14.45,19.12,16.21,0.0,,,0.0,,,,,,1.0,-46.47,0.0,,,0.0,,,23.1,0.0,,,0.0,,,84.1,0.0,,,0.0,,,1.0,0.0,0.0,0.0,0.0,0.0,1.0,0.0,0.0,0.0,0.0,0.0,,0.097,0.059,,0.0,0.0,,,,0.0,,,,,3.539,0.063,0.076,,0.0,0.0,,,,0.0,,,,,8.991,,0.0,0.0,,,,0.0,,,,0.096,0.062,,0.0,0.0,,,,0.0,,,,,3.184,3.15,,0.0,0.0,,,,0.0,,,,,4.018,,1.0,0.0,,,,0.0,,,,0.0,0.0,0.0,0.0,30.6,20.9,28.6,0.0,0.0,0.0,0.04,0.0,0.0,,0.0,0.0035,-0.203,0.04,3220000000.0,98.5,0.0,0.0,0.0,,,0.0,,,,,,,0.0,100.0,100.0,,,1.0,100.0,1.0,0.0,0.0,0.0,,11:14.1
1900-01-01 00:11:15.100000+00:00,0.0,-0.669,-0.669,0.0,0.0,0.0,-12.26026,-21.99334,-24.68322,-3e-05,16004.47,0.0,0.0,0.0,0.0,0.0,1.0,0.0,0.01921,0.0,0.0,0.0,0.0,,,,,0.0,0.0,0.0,5.0,0.0,0.0,,,0.0,,,,,,1.0,0.0,0.0,,,0.0,,,,,,1.0,0.0,0.0,,,0.0,,,,,,1.0,10.002,0.0,,,0.0,,,,,,1.0,40.0,0.0,,,0.0,,,,,,1.0,0.0,0.0,0.0,7.834,36.69,87.42,88.32,87.91,87.22,83.41,14.44,14.45,14.45,19.12,16.21,0.0,,,0.0,,,,,,1.0,-46.47,0.0,,,0.0,,,23.1,0.0,,,0.0,,,84.1,0.0,,,0.0,,,1.0,0.0,0.0,0.0,0.0,0.0,1.0,0.0,0.0,0.0,0.0,0.0,,0.094,0.054,,0.0,0.0,,,,0.0,,,,,3.529,0.063,0.071,,0.0,0.0,,,,0.0,,,,,8.991,,0.0,0.0,,,,0.0,,,,0.096,0.062,,0.0,0.0,,,,0.0,,,,,3.168,3.143,,0.0,0.0,,,,0.0,,,,,4.018,,1.0,0.0,,,,0.0,,,,0.0,0.0,0.0,0.0,30.6,20.8,28.6,0.0,0.0,0.0,0.04,0.0,0.0,,0.0,0.0061,-0.2189,0.04,3220000000.0,98.5,0.0,0.0,0.0,,,0.0,,,,,,,0.0,100.0,100.0,,,1.0,100.0,1.0,0.0,0.0,0.0,,11:15.1
1900-01-01 00:11:16.100000+00:00,0.0,-0.669,-0.669,0.0,0.0,0.0,-12.26026,-21.99334,-24.68322,-3e-05,16004.47,0.0,0.0,0.0,0.0,0.0,1.0,0.0,0.01921,0.0,0.0,0.0,0.0,,,,,0.0,0.0,0.0,5.0,0.0,0.0,,,0.0,,,,,,1.0,0.0,0.0,,,0.0,,,,,,1.0,0.0,0.0,,,0.0,,,,,,1.0,10.006,0.0,,,0.0,,,,,,1.0,40.0,0.0,,,0.0,,,,,,1.0,0.0,0.0,0.0,7.842,36.69,87.42,88.32,87.91,87.22,83.41,14.44,14.45,14.45,19.11,16.21,0.0,,,0.0,,,,,,1.0,-46.48,0.0,,,0.0,,,23.1,0.0,,,0.0,,,84.1,0.0,,,0.0,,,1.0,0.0,0.0,0.0,0.0,0.0,1.0,0.0,0.0,0.0,0.0,0.0,,0.098,0.055,,0.0,0.0,,,,0.0,,,,,3.543,0.064,0.077,,0.0,0.0,,,,0.0,,,,,8.979,,0.0,0.0,,,,0.0,,,,0.099,0.062,,0.0,0.0,,,,0.0,,,,,3.164,3.138,,0.0,0.0,,,,0.0,,,,,4.043,,1.0,0.0,,,,0.0,,,,0.0,0.0,0.0,0.0,30.6,20.8,28.6,0.0,0.0,0.0,0.04,0.0,0.0,,0.0,-0.0412,-0.1541,0.04,3220000000.0,98.5,0.0,0.0,0.0,,,0.0,,,,,,,0.0,100.0,100.0,,,1.0,100.0,1.0,0.0,0.0,0.0,,11:16.1
1900-01-01 00:11:17.100000+00:00,0.0,-0.669,-0.669,0.0,0.0,0.0,-12.26026,-21.99334,-24.68322,-3e-05,16004.47,0.0,0.0,0.0,0.0,0.0,1.0,0.0,0.01921,0.0,0.0,0.0,0.0,,,,,0.0,0.0,0.0,5.0,0.0,0.0,,,0.0,,,,,,1.0,0.0,0.0,,,0.0,,,,,,1.0,0.0,0.0,,,0.0,,,,,,1.0,10.0,0.0,,,0.0,,,,,,1.0,40.0,0.0,,,0.0,,,,,,1.0,0.0,0.0,0.0,7.839,36.69,87.42,88.32,87.91,87.22,83.41,14.44,14.45,14.45,19.1,16.21,0.0,,,0.0,,,,,,1.0,-46.48,0.0,,,0.0,,,23.1,0.0,,,0.0,,,84.1,0.0,,,0.0,,,1.0,0.0,0.0,0.0,0.0,0.0,1.0,0.0,0.0,0.0,0.0,0.0,,0.097,0.058,,0.0,0.0,,,,0.0,,,,,3.509,0.063,0.075,,0.0,0.0,,,,0.0,,,,,8.954,,0.0,0.0,,,,0.0,,,,0.098,0.061,,0.0,0.0,,,,0.0,,,,,3.155,3.132,,0.0,0.0,,,,0.0,,,,,4.043,,1.0,0.0,,,,0.0,,,,0.0,0.0,0.0,0.0,30.6,20.7,28.6,0.0,0.0,0.0,0.04,0.0,0.0,,0.0,-0.0359,-0.1532,0.04,3220000000.0,98.5,0.0,0.0,0.0,,,0.0,,,,,,,0.0,100.0,100.0,,,1.0,100.0,1.0,0.0,0.0,0.0,,11:17.1
1900-01-01 00:11:18.100000+00:00,0.0,-0.669,-0.669,0.0,0.0,0.0,-12.26026,-21.99334,-24.68322,-3e-05,16004.47,0.0,0.0,0.0,0.0,0.0,1.0,0.0593,0.020381,0.0,0.0,0.0,0.0,,,,,0.0,0.0,0.0,5.0,0.0,0.0,,,0.0,,,,,,1.0,0.0,0.0,,,0.0,,,,,,1.0,0.0,0.0,,,0.0,,,,,,1.0,10.005,0.0,,,0.0,,,,,,1.0,40.0,0.0,,,0.0,,,,,,1.0,0.0,0.0,0.0,7.845,36.69,87.42,88.32,87.91,87.22,83.41,14.44,14.45,14.45,19.1,16.21,0.0,,,0.0,,,,,,1.0,-46.48,0.0,,,0.0,,,23.1,0.0,,,0.0,,,84.1,0.0,,,0.0,,,1.0,0.0,0.0,0.0,0.0,0.0,1.0,0.0,0.0,0.0,0.0,0.0,,0.095,0.059,,0.0,0.0,,,,0.0,,,,,3.549,0.064,0.069,,0.0,0.0,,,,0.0,,,,,8.966,,0.0,0.0,,,,0.0,,,,0.097,0.063,,0.0,0.0,,,,0.0,,,,,3.15,3.124,,0.0,0.0,,,,0.0,,,,,4.031,,1.0,0.0,,,,0.0,,,,0.0,0.0,0.0,0.0,30.6,20.7,28.6,0.0,0.0,0.0,0.04,0.0,0.0,,0.0,-0.0382,-0.178,0.04,3220000000.0,98.5,0.0,0.0,0.0,,,0.0,,,,,,,0.0,100.0,100.0,,,1.0,100.0,1.0,0.0,0.0,0.0,,11:18.1
1900-01-01 00:11:19.200000+00:00,0.0,-0.669,-0.669,0.0,0.0,0.0,-12.26026,-21.99334,-24.68322,-3e-05,16004.47,0.0,0.0,0.0,0.0,0.0,1.0,0.1871,0.022906,0.0,0.0,0.0,0.0,,,,,0.0,0.0,0.0,5.0,0.0,0.0,,,0.0,,,,,,1.0,0.0,0.0,,,0.0,,,,,,1.0,0.0,0.0,,,0.0,,,,,,1.0,9.998,0.0,,,0.0,,,,,,1.0,40.0,0.0,,,0.0,,,,,,1.0,0.0,0.0,0.0,7.841,36.69,87.42,88.32,87.91,87.22,83.41,14.44,14.45,14.45,19.09,16.21,0.0,,,0.0,,,,,,1.0,-46.48,0.0,,,0.0,,,23.1,0.0,,,0.0,,,84.1,0.0,,,0.0,,,1.0,0.0,0.0,0.0,0.0,0.0,1.0,0.0,0.0,0.0,0.0,0.0,,0.098,0.055,,0.0,0.0,,,,0.0,,,,,3.522,0.064,0.075,,0.0,0.0,,,,0.0,,,,,9.167,,0.0,0.0,,,,0.0,,,,0.099,0.062,,0.0,0.0,,,,0.0,,,,,3.15,3.123,,0.0,0.0,,,,0.0,,,,,4.231,,0.0,0.0,,,,0.0,,,,0.0,0.0,0.0,0.0,30.6,20.7,28.6,0.0,0.0,0.0,0.04,0.0,0.0,,0.0,-0.0811,-0.1804,0.04,3220000000.0,98.5,0.0,0.0,0.0,,,0.0,,,,,,,0.0,100.0,100.0,,,1.0,100.0,1.0,0.0,0.0,0.0,,11:19.2
1900-01-01 00:11:20.200000+00:00,0.0,-0.669,-0.669,0.0,0.0,0.0,-12.26026,-21.99334,-24.68322,-3e-05,16004.47,0.0,0.0,0.0,0.0,0.0,1.0,0.3463,0.026051,0.0,0.0,0.0,0.0,,,,,0.0,0.0,0.0,5.0,0.0,0.0,,,0.0,,,,,,1.0,0.0,0.0,,,0.0,,,,,,1.0,0.0,0.0,,,0.0,,,,,,1.0,9.995,0.0,,,0.0,,,,,,1.0,40.0,0.0,,,0.0,,,,,,1.0,0.0,0.0,0.0,7.841,36.69,87.42,88.32,87.91,87.22,83.41,14.44,14.45,14.45,19.09,16.21,0.0,,,0.0,,,,,,1.0,-46.48,0.0,,,0.0,,,23.1,0.0,,,0.0,,,84.1,0.0,,,0.0,,,1.0,0.0,0.0,0.0,0.0,0.0,1.0,0.0,0.0,0.0,0.0,0.0,,0.098,0.06,,0.0,0.0,,,,0.0,,,,,3.543,0.063,0.072,,0.0,0.0,,,,0.0,,,,,9.142,,0.0,0.0,,,,0.0,,,,0.097,0.061,,0.0,0.0,,,,0.0,,,,,3.141,3.118,,0.0,0.0,,,,0.0,,,,,4.206,,0.0,0.0,,,,0.0,,,,0.0,0.0,0.0,0.0,30.6,20.6,28.6,0.0,0.0,0.0,0.04,0.0,0.0,,0.0,0.0023,-0.1859,0.04,3220000000.0,98.5,0.0,0.0,0.0,,,0.0,,,,,,,0.0,100.0,100.0,,,1.0,100.0,1.0,0.0,0.0,0.0,,11:20.2
1900-01-01 00:11:21.200000+00:00,0.0,-0.669,-0.669,0.0,0.0,0.0,-12.26026,-21.99334,-24.68322,-3e-05,16004.47,0.0,0.0,0.0,0.0,0.0,1.0,0.5054,0.029193,0.0,0.0,0.0,0.0,,,,,0.0,0.0,0.0,5.0,0.0,0.0,,,0.0,,,,,,1.0,0.0,0.0,,,0.0,,,,,,1.0,0.0,0.0,,,0.0,,,,,,1.0,10.002,0.0,,,0.0,,,,,,1.0,40.0,0.0,,,0.0,,,,,,1.0,0.0,0.0,0.0,7.847,36.69,87.42,88.32,87.91,87.22,83.39,14.44,14.45,14.45,19.08,16.21,0.0,,,0.0,,,,,,1.0,-46.49,0.0,,,0.0,,,23.1,0.0,,,0.0,,,84.1,0.0,,,0.0,,,1.0,0.0,0.0,0.0,0.0,0.0,1.0,0.0,0.0,0.0,0.0,0.0,,0.099,0.058,,0.0,0.0,,,,0.0,,,,,3.531,0.063,0.073,,0.0,0.0,,,,0.0,,,,,9.154,,0.0,0.0,,,,0.0,,,,0.099,0.062,,0.0,0.0,,,,0.0,,,,,3.139,3.113,,0.0,0.0,,,,0.0,,,,,4.206,,0.0,0.0,,,,0.0,,,,0.0,0.0,0.0,0.0,30.6,20.6,28.6,0.0,0.0,0.0,0.04,0.0,0.0,,0.0,-0.0479,-0.133,0.04,3220000000.0,98.5,0.0,0.0,0.0,,,0.0,,,,,,,0.0,100.0,100.0,,,1.0,100.0,1.0,0.0,0.0,0.0,,11:21.2
1900-01-01 00:11:22.200000+00:00,0.0,-0.669,-0.669,0.0,0.0,0.0,-12.26026,-21.99334,-24.68322,-3e-05,16004.47,0.0,0.0,0.0,0.0,0.0,1.0,0.6657,0.032786,0.0,0.0,0.0,0.0,,,,,0.0,0.0,0.0,5.0,0.0,0.0,,,0.0,,,,,,1.0,0.0,0.0,,,0.0,,,,,,1.0,0.0,0.0,,,0.0,,,,,,1.0,10.0,0.0,,,0.0,,,,,,1.0,40.0,0.0,,,0.0,,,,,,1.0,0.0,0.0,0.0,7.847,36.69,87.42,88.32,87.91,87.22,83.39,14.44,14.45,14.45,19.08,16.21,0.0,,,0.0,,,,,,1.0,-46.49,0.0,,,0.0,,,23.1,0.0,,,0.0,,,84.1,0.0,,,0.0,,,1.0,0.0,0.0,0.0,0.0,0.0,1.0,0.0,0.0,0.0,0.0,0.0,,0.095,0.054,,0.0,0.0,,,,0.0,,,,,3.508,0.064,0.075,,0.0,0.0,,,,0.0,,,,,9.142,,0.0,0.0,,,,0.0,,,,0.097,0.062,,0.0,0.0,,,,0.0,,,,,3.127,3.109,,0.0,0.0,,,,0.0,,,,,4.219,,0.0,0.0,,,,0.0,,,,0.0,0.0,0.0,0.0,30.6,20.6,28.6,0.0,0.0,0.0,0.04,0.0,0.0,,0.0,-0.0724,-0.1245,0.04,3220000000.0,98.5,0.0,0.0,0.0,,,0.0,,,,,,,0.0,100.0,100.0,,,1.0,100.0,1.0,0.0,0.0,0.0,,11:22.2
1900-01-01 00:11:23.200000+00:00,0.0,-0.669,-0.669,0.0,0.0,0.0,-12.26026,-21.99334,-24.68322,-3e-05,16004.47,0.0,0.0,0.0,0.0,0.0,1.0,0.8262,0.036531,0.0,0.0,0.0,0.0,,,,,0.0,0.0,0.0,5.0,0.0,0.0,,,0.0,,,,,,1.0,0.0,0.0,,,0.0,,,,,,1.0,0.0,0.0,,,0.0,,,,,,1.0,10.002,0.0,,,0.0,,,,,,1.0,40.0,0.0,,,0.0,,,,,,1.0,0.0,0.0,0.0,7.851,36.69,87.42,88.32,87.91,87.22,83.39,14.44,14.45,14.45,19.08,16.21,0.0,,,0.0,,,,,,1.0,-46.49,0.0,,,0.0,,,23.1,0.0,,,0.0,,,84.0,0.0,,,0.0,,,1.0,0.0,0.0,0.0,0.0,0.0,1.0,0.0,0.0,0.0,0.0,0.0,,0.097,0.056,,0.0,0.0,,,,0.0,,,,,3.539,0.064,0.075,,0.0,0.0,,,,0.0,,,,,9.092,,0.0,0.0,,,,0.0,,,,0.099,0.061,,0.0,0.0,,,,0.0,,,,,3.127,3.105,,0.0,0.0,,,,0.0,,,,,4.231,,0.0,0.0,,,,0.0,,,,0.0,0.0,0.0,0.0,30.6,20.5,28.6,0.0,0.0,0.0,0.04,0.0,0.0,,0.0,-0.0038,-0.195,0.04,3220000000.0,98.5,0.0,0.0,0.0,,,0.0,,,,,,,0.0,100.0,100.0,,,1.0,100.0,1.0,0.0,0.0,0.0,,11:23.2
1900-01-01 00:11:24.200000+00:00,0.0,-0.669,-0.669,0.0,0.0,0.0,-12.26026,-21.99334,-24.68322,-3e-05,16004.47,0.0,0.0,0.0,0.0,0.0,1.0,0.9877,0.040323,0.0,0.0,0.0,0.0,,,,,0.0,0.0,0.0,5.0,0.0,0.0,,,0.0,,,,,,1.0,0.0,0.0,,,0.0,,,,,,1.0,0.0,0.0,,,0.0,,,,,,1.0,9.996,0.0,,,0.0,,,,,,1.0,40.0,0.0,,,0.0,,,,,,1.0,0.0,0.0,0.0,7.847,36.69,87.42,88.32,87.91,87.22,83.39,14.44,14.45,14.45,19.07,16.21,0.0,,,0.0,,,,,,1.0,-46.49,0.0,,,0.0,,,23.1,0.0,,,0.0,,,84.0,0.0,,,0.0,,,1.0,0.0,0.0,0.0,0.0,0.0,1.0,0.0,0.0,0.0,0.0,0.0,,0.098,0.061,,0.0,0.0,,,,0.0,,,,,3.547,0.063,0.076,,0.0,0.0,,,,0.0,,,,,9.117,,0.0,0.0,,,,0.0,,,,0.099,0.063,,0.0,0.0,,,,0.0,,,,,3.122,3.103,,0.0,0.0,,,,0.0,,,,,4.231,,0.0,0.0,,,,0.0,,,,0.0,0.0,0.0,0.0,30.6,20.5,28.6,0.0,0.0,0.0,0.04,0.0,0.0,,0.0,-0.0268,-0.1161,0.04,3220000000.0,98.5,0.0,0.0,0.0,,,0.0,,,,,,,0.0,100.0,100.0,,,1.0,100.0,1.0,0.0,0.0,0.0,,11:24.2
1900-01-01 00:11:25.200000+00:00,0.0,-0.669,-0.669,0.0,0.0,0.0,-12.26026,-21.99334,-24.68322,-3e-05,16004.47,0.0,0.0,0.0,0.0,0.0,1.0,1.1163,0.043586,0.0,0.0,0.0,0.0,,,,,0.0,0.0,0.0,5.0,0.0,0.0,,,0.0,,,,,,1.0,0.0,0.0,,,0.0,,,,,,1.0,0.0,0.0,,,0.0,,,,,,1.0,10.004,0.0,,,0.0,,,,,,1.0,40.0,0.0,,,0.0,,,,,,1.0,0.0,0.0,0.0,7.854,36.69,87.42,88.32,87.91,87.22,83.39,14.44,14.45,14.45,19.07,16.21,0.0,,,0.0,,,,,,1.0,-46.49,0.0,,,0.0,,,23.1,0.0,,,0.0,,,84.0,0.0,,,0.0,,,1.0,0.0,0.0,0.0,0.0,0.0,1.0,0.0,0.0,0.0,0.0,0.0,,0.099,0.059,,0.0,0.0,,,,0.0,,,,,3.539,0.063,0.076,,0.0,0.0,,,,0.0,,,,,9.092,,0.0,0.0,,,,0.0,,,,0.099,0.061,,0.0,0.0,,,,0.0,,,,,3.123,3.103,,0.0,0.0,,,,0.0,,,,,4.219,,0.0,0.0,,,,0.0,,,,0.0,0.0,0.0,0.0,30.6,20.5,28.6,0.0,0.0,0.0,0.04,0.0,0.0,,0.0,-0.047,-0.1544,0.04,3220000000.0,98.5,0.0,0.0,0.0,,,0.0,,,,,,,0.0,100.0,100.0,,,1.0,100.0,1.0,0.0,0.0,0.0,,11:25.2
1900-01-01 00:11:26.200000+00:00,0.0,-0.669,-0.669,0.0,0.0,0.0,-12.26026,-21.99334,-24.68322,-3e-05,16004.47,0.0,0.0,0.0,0.0,0.0,1.0,1.2761,0.047642,0.0,0.0,0.0,0.0,,,,,0.0,0.0,0.0,5.0,0.0,0.0,,,0.0,,,,,,1.0,0.0,0.0,,,0.0,,,,,,1.0,0.0,0.0,,,0.0,,,,,,1.0,9.995,0.0,,,0.0,,,,,,1.0,40.0,0.0,,,0.0,,,,,,1.0,0.0,0.0,0.0,7.848,36.69,87.42,88.32,87.91,87.22,83.39,14.44,14.45,14.45,19.07,16.21,0.0,,,0.0,,,,,,1.0,-46.5,0.0,,,0.0,,,23.1,0.0,,,0.0,,,84.0,0.0,,,0.0,,,1.0,0.0,0.0,0.0,0.0,0.0,1.0,0.0,0.0,0.0,0.0,0.0,,0.097,0.06,,0.0,0.0,,,,0.0,,,,,3.509,0.063,0.075,,0.0,0.0,,,,0.0,,,,,9.067,,0.0,0.0,,,,0.0,,,,0.099,0.062,,0.0,0.0,,,,0.0,,,,,3.12,3.099,,0.0,0.0,,,,0.0,,,,,4.244,,0.0,0.0,,,,0.0,,,,0.0,0.0,0.0,0.0,30.6,20.4,28.6,0.0,0.0,0.0,0.04,0.0,0.0,,0.0,-0.0263,-0.1672,0.04,3220000000.0,98.5,0.0,0.0,0.0,,,0.0,,,,,,,0.0,100.0,100.0,,,1.0,100.0,1.0,0.0,0.0,0.0,,11:26.2
1900-01-01 00:11:27.300000+00:00,0.0,-0.669,-0.669,0.0,0.0,0.0,-12.26026,-21.99334,-24.68322,-3e-05,16004.47,0.0,0.0,0.0,0.0,0.0,1.0,1.4339,0.051784,0.0,0.0,0.0,0.0,,,,,0.0,0.0,0.0,5.0,0.0,0.0,,,0.0,,,,,,1.0,0.0,0.0,,,0.0,,,,,,1.0,0.0,0.0,,,0.0,,,,,,1.0,9.998,0.0,,,0.0,,,,,,1.0,40.0,0.0,,,0.0,,,,,,1.0,0.0,0.0,0.0,7.852,36.69,87.42,88.32,87.91,87.22,83.39,14.44,14.45,14.45,19.07,16.21,0.0,,,0.0,,,,,,1.0,-46.5,0.0,,,0.0,,,23.1,0.0,,,0.0,,,84.0,0.0,,,0.0,,,1.0,0.0,0.0,0.0,0.0,0.0,1.0,0.0,0.0,0.0,0.0,0.0,,0.098,0.059,,0.0,0.0,,,,0.0,,,,,3.488,0.062,0.073,,0.0,0.0,,,,0.0,,,,,9.092,,0.0,0.0,,,,0.0,,,,0.096,0.063,,0.0,0.0,,,,0.0,,,,,3.116,3.096,,0.0,0.0,,,,0.0,,,,,4.244,,0.0,0.0,,,,0.0,,,,0.0,0.0,0.0,0.0,30.6,20.4,28.6,0.0,0.0,0.0,0.04,0.0,0.0,,0.0,-0.0266,-0.1379,0.04,3220000000.0,98.5,0.0,0.0,0.0,,,0.0,,,,,,,0.0,100.0,100.0,,,1.0,100.0,1.0,0.0,0.0,0.0,,11:27.3
1900-01-01 00:11:28.300000+00:00,0.0,-0.669,-0.669,0.0,0.0,0.0,-12.26026,-21.99334,-24.68322,-3e-05,16004.47,0.0,0.0,0.0,0.0,0.0,1.0,1.5908,0.055995,0.0,0.0,0.0,0.0,,,,,0.0,0.0,0.0,5.0,0.0,0.0,,,0.0,,,,,,1.0,0.0,0.0,,,0.0,,,,,,1.0,0.0,0.0,,,0.0,,,,,,1.0,9.998,0.0,,,0.0,,,,,,1.0,40.0,0.0,,,0.0,,,,,,1.0,0.0,0.0,0.0,7.854,36.69,87.42,88.32,87.91,87.22,83.37,14.44,14.45,14.45,19.06,16.21,0.0,,,0.0,,,,,,1.0,-46.5,0.0,,,0.0,,,23.1,0.0,,,0.0,,,84.0,0.0,,,0.0,,,1.0,0.0,0.0,0.0,0.0,0.0,1.0,0.0,0.0,0.0,0.0,0.0,,0.099,0.06,,0.0,0.0,,,,0.0,,,,,3.535,0.064,0.074,,0.0,0.0,,,,0.0,,,,,9.067,,0.0,0.0,,,,0.0,,,,0.097,0.06,,0.0,0.0,,,,0.0,,,,,3.114,3.098,,0.0,0.0,,,,0.0,,,,,4.231,,0.0,0.0,,,,0.0,,,,0.0,0.0,0.0,0.0,30.5,20.4,28.6,0.0,0.0,0.0,0.04,0.0,0.0,,0.0,-0.06,-0.1204,0.04,3220000000.0,98.5,0.0,0.0,0.0,,,0.0,,,,,,,0.0,100.0,100.0,,,1.0,100.0,1.0,0.0,0.0,0.0,,11:28.3
1900-01-01 00:11:29.300000+00:00,0.0,-0.669,-0.669,0.0,0.0,0.0,-12.26026,-21.99334,-24.68322,-3e-05,16004.47,0.0,0.0,0.0,0.0,0.0,1.0,1.7494,0.05996,0.0,0.0,0.0,0.0,,,,,0.0,0.0,0.0,5.0,0.0,0.0,,,0.0,,,,,,1.0,0.0,0.0,,,0.0,,,,,,1.0,0.0,0.0,,,0.0,,,,,,1.0,10.002,0.0,,,0.0,,,,,,1.0,40.0,0.0,,,0.0,,,,,,1.0,0.0,0.0,0.0,7.857,36.69,87.42,88.32,87.91,87.22,83.37,14.44,14.45,14.45,19.06,16.21,0.0,,,0.0,,,,,,1.0,-46.5,0.0,,,0.0,,,23.1,0.0,,,0.0,,,84.0,0.0,,,0.0,,,1.0,0.0,0.0,0.0,0.0,0.0,1.0,0.0,0.0,0.0,0.0,0.0,,0.098,0.06,,0.0,0.0,,,,0.0,,,,,3.561,0.063,0.074,,0.0,0.0,,,,0.0,,,,,9.079,,0.0,0.0,,,,0.0,,,,0.099,0.062,,0.0,0.0,,,,0.0,,,,,3.109,3.092,,0.0,0.0,,,,0.0,,,,,4.244,,0.0,0.0,,,,0.0,,,,0.0,0.0,0.0,0.0,30.5,20.4,28.6,0.0,0.0,0.0,0.04,0.0,0.0,,0.0,-0.0317,-0.1176,0.04,3220000000.0,98.5,0.0,0.0,0.0,,,0.0,,,,,,,0.0,100.0,100.0,,,1.0,100.0,1.0,0.0,0.0,0.0,,11:29.3
1900-01-01 00:11:30.300000+00:00,0.0,-0.669,-0.669,0.0,0.0,0.0,-12.26026,-21.99334,-24.68322,-3e-05,16004.47,0.0,0.0,0.0,0.0,0.0,1.0,1.9073,0.064259,0.0,0.0,0.0,0.0,,,,,0.0,0.0,0.0,5.0,0.0,0.0,,,0.0,,,,,,1.0,0.0,0.0,,,0.0,,,,,,1.0,0.0,0.0,,,0.0,,,,,,1.0,10.001,0.0,,,0.0,,,,,,1.0,40.0,0.0,,,0.0,,,,,,1.0,0.0,0.0,0.0,7.856,36.7,87.42,88.32,87.91,87.22,83.37,14.44,14.45,14.45,19.06,16.21,0.0,,,0.0,,,,,,1.0,-46.5,0.0,,,0.0,,,23.1,0.0,,,0.0,,,84.0,0.0,,,0.0,,,1.0,0.0,0.0,0.0,0.0,0.0,1.0,0.0,0.0,0.0,0.0,0.0,,0.098,0.055,,0.0,0.0,,,,0.0,,,,,3.547,0.063,0.073,,0.0,0.0,,,,0.0,,,,,9.054,,0.0,0.0,,,,0.0,,,,0.099,0.061,,0.0,0.0,,,,0.0,,,,,3.109,3.092,,0.0,0.0,,,,0.0,,,,,4.231,,0.0,0.0,,,,0.0,,,,0.0,0.0,0.0,0.0,30.5,20.4,28.6,0.0,0.0,0.0,0.04,0.0,0.0,,0.0,0.0197,-0.1596,0.04,3220000000.0,98.5,0.0,0.0,0.0,,,0.0,,,,,,,0.0,100.0,100.0,,,1.0,100.0,1.0,0.0,0.0,0.0,,11:30.3
1900-01-01 00:11:31.300000+00:00,0.0,-0.669,-0.669,0.0,0.0,0.0,-12.26026,-21.99334,-24.68322,-3e-05,16004.47,0.0,0.0,0.0,0.0,0.0,1.0,2.069,0.068665,0.0,0.0,0.0,0.0,,,,,0.0,0.0,0.0,5.0,0.0,0.0,,,0.0,,,,,,1.0,0.0,0.0,,,0.0,,,,,,1.0,0.0,0.0,,,0.0,,,,,,1.0,10.0,0.0,,,0.0,,,,,,1.0,40.0,0.0,,,0.0,,,,,,1.0,0.0,0.0,0.0,7.857,36.69,87.42,88.32,87.91,87.22,83.37,14.44,14.45,14.45,19.06,16.21,0.0,,,0.0,,,,,,1.0,-46.51,0.0,,,0.0,,,23.1,0.0,,,0.0,,,84.0,0.0,,,0.0,,,1.0,0.0,0.0,0.0,0.0,0.0,1.0,0.0,0.0,0.0,0.0,0.0,,0.098,0.06,,0.0,0.0,,,,0.0,,,,,3.549,0.063,0.072,,0.0,0.0,,,,0.0,,,,,9.079,,0.0,0.0,,,,0.0,,,,0.096,0.061,,0.0,0.0,,,,0.0,,,,,3.108,3.087,,0.0,0.0,,,,0.0,,,,,4.231,,0.0,0.0,,,,0.0,,,,0.0,0.0,0.0,0.0,30.5,20.4,28.6,0.0,0.0,0.0,0.04,0.0,0.0,,0.0,-0.0333,-0.1609,0.04,3220000000.0,98.5,0.0,0.0,0.0,,,0.0,,,,,,,0.0,100.0,100.0,,,1.0,100.0,1.0,0.0,0.0,0.0,,11:31.3
1900-01-01 00:11:32.300000+00:00,0.0,-0.669,-0.669,0.0,0.0,0.0,-12.26026,-21.99334,-24.68322,-3e-05,16004.47,0.0,0.0,0.0,0.0,0.0,1.0,2.118,0.07,0.0,0.0,0.0,0.0,,,,,0.0,0.0,0.0,5.0,0.0,0.0,,,0.0,,,,,,1.0,0.0,0.0,,,0.0,,,,,,1.0,0.0,0.0,,,0.0,,,,,,1.0,10.002,0.0,,,0.0,,,,,,1.0,40.0,0.0,,,0.0,,,,,,1.0,0.0,0.0,0.0,7.859,36.69,87.42,88.32,87.91,87.22,83.37,14.44,14.45,14.45,19.06,16.21,0.0,,,0.0,,,,,,1.0,-46.51,0.0,,,0.0,,,23.1,0.0,,,0.0,,,84.0,0.0,,,0.0,,,1.0,0.0,0.0,0.0,0.0,0.0,1.0,0.0,0.0,0.0,0.0,0.0,,0.098,0.061,,0.0,0.0,,,,0.0,,,,,3.536,0.063,0.076,,0.0,0.0,,,,0.0,,,,,8.904,,0.0,0.0,,,,0.0,,,,0.096,0.059,,0.0,0.0,,,,0.0,,,,,3.103,3.084,,0.0,0.0,,,,0.0,,,,,4.093,,1.0,0.0,,,,0.0,,,,0.0,0.0,0.0,0.0,30.6,20.4,28.6,0.0,0.0,0.0,0.04,0.0,0.0,,0.0,-0.0381,-0.1917,0.04,3220000000.0,98.5,0.0,0.0,0.0,,,0.0,,,,,,,0.0,100.0,100.0,,,1.0,100.0,1.0,0.0,0.0,0.0,,11:32.3
1900-01-01 00:11:33.300000+00:00,0.0,-0.669,-0.669,0.0,0.0,0.0,-12.26026,-21.99334,-24.68322,-3e-05,16004.47,0.0,0.0,0.0,0.0,0.0,1.0,2.118,0.07,0.0,0.0,0.0,0.0,,,,,0.0,0.0,0.0,5.0,0.0,0.0,,,0.0,,,,,,1.0,0.0,0.0,,,0.0,,,,,,1.0,0.0,0.0,,,0.0,,,,,,1.0,10.008,0.0,,,0.0,,,,,,1.0,40.0,0.0,,,0.0,,,,,,1.0,0.0,0.0,0.0,7.863,36.69,87.42,88.32,87.91,87.22,83.37,14.44,14.45,14.45,19.06,16.21,0.0,,,0.0,,,,,,1.0,-46.51,0.0,,,0.0,,,23.1,0.0,,,0.0,,,84.0,0.0,,,0.0,,,1.0,0.0,0.0,0.0,0.0,0.0,1.0,0.0,0.0,0.0,0.0,0.0,,0.097,0.055,,0.0,0.0,,,,0.0,,,,,3.556,0.062,0.076,,0.0,0.0,,,,0.0,,,,,8.916,,0.0,0.0,,,,0.0,,,,0.097,0.061,,0.0,0.0,,,,0.0,,,,,3.103,3.087,,0.0,0.0,,,,0.0,,,,,4.068,,1.0,0.0,,,,0.0,,,,0.0,0.0,0.0,0.0,30.6,20.4,28.6,0.0,0.0,0.0,0.04,0.0,0.0,,0.0,-0.0559,-0.1617,0.04,3220000000.0,98.5,0.0,0.0,0.0,,,0.0,,,,,,,0.0,100.0,100.0,,,1.0,100.0,1.0,0.0,0.0,0.0,,11:33.3
1900-01-01 00:11:34.300000+00:00,0.0,-0.669,-0.669,0.0,0.0,0.0,-12.26026,-21.99334,-24.68322,-3e-05,16004.47,0.0,0.0,0.0,0.0,0.0,1.0,2.118,0.07,0.0,0.0,0.0,0.0,,,,,0.0,0.0,0.0,5.0,0.0,0.0,,,0.0,,,,,,1.0,0.0,0.0,,,0.0,,,,,,1.0,0.0,0.0,,,0.0,,,,,,1.0,9.995,0.0,,,0.0,,,,,,1.0,40.0,0.0,,,0.0,,,,,,1.0,0.0,0.0,0.0,7.854,36.69,87.42,88.32,87.91,87.22,83.37,14.44,14.45,14.45,19.05,16.21,0.0,,,0.0,,,,,,1.0,-46.51,0.0,,,0.0,,,23.1,0.0,,,0.0,,,84.0,0.0,,,0.0,,,1.0,0.0,0.0,0.0,0.0,0.0,1.0,0.0,0.0,0.0,0.0,0.0,,0.099,0.059,,0.0,0.0,,,,0.0,,,,,3.525,0.064,0.075,,0.0,0.0,,,,0.0,,,,,8.916,,0.0,0.0,,,,0.0,,,,0.098,0.063,,0.0,0.0,,,,0.0,,,,,3.103,3.085,,0.0,0.0,,,,0.0,,,,,4.068,,1.0,0.0,,,,0.0,,,,0.0,0.0,0.0,0.0,30.6,20.4,28.6,0.0,0.0,0.0,0.04,0.0,0.0,,0.0,-0.0058,-0.1858,0.04,3220000000.0,98.5,0.0,0.0,0.0,,,0.0,,,,,,,0.0,100.0,100.0,,,1.0,100.0,1.0,0.0,0.0,0.0,,11:34.3
1900-01-01 00:11:35.300000+00:00,0.0,-0.669,-0.669,0.0,0.0,0.0,-12.26026,-21.99334,-24.68322,-3e-05,16004.47,0.0,0.0,0.0,0.0,0.0,1.0,2.118,0.07,0.0,0.0,0.0,0.0,,,,,0.0,0.0,0.0,5.0,0.0,0.0,,,0.0,,,,,,1.0,0.0,0.0,,,0.0,,,,,,1.0,0.0,0.0,,,0.0,,,,,,1.0,9.996,0.0,,,0.0,,,,,,1.0,40.0,0.0,,,0.0,,,,,,1.0,0.0,0.0,0.0,7.855,36.69,87.42,88.32,87.91,87.22,83.37,14.44,14.45,14.45,19.06,16.21,0.0,,,0.0,,,,,,1.0,-46.51,0.0,,,0.0,,,23.1,0.0,,,0.0,,,84.0,0.0,,,0.0,,,1.0,0.0,0.0,0.0,0.0,0.0,1.0,0.0,0.0,0.0,0.0,0.0,,0.097,0.061,,0.0,0.0,,,,0.0,,,,,3.528,0.063,0.072,,0.0,0.0,,,,0.0,,,,,8.904,,0.0,0.0,,,,0.0,,,,0.099,0.063,,0.0,0.0,,,,0.0,,,,,3.103,3.079,,0.0,0.0,,,,0.0,,,,,4.056,,1.0,0.0,,,,0.0,,,,0.0,0.0,0.0,0.0,30.6,20.4,28.6,0.0,0.0,0.0,0.05,0.0,0.0,,0.0,-0.0238,-0.1664,0.05,3220000000.0,98.5,0.0,0.0,0.0,,,0.0,,,,,,,0.0,100.0,100.0,,,1.0,100.0,1.0,0.0,0.0,0.0,,11:35.3
1900-01-01 00:11:36.400000+00:00,0.0,-0.669,-0.669,0.0,0.0,0.0,-12.26026,-21.99334,-24.68322,-3e-05,16004.47,0.0,0.0,0.0,0.0,0.0,1.0,2.118,0.07,0.0,0.0,-0.001,0.0,,,,,0.0,0.0,0.0,5.0,0.0,0.0,,,0.0,,,,,,1.0,0.0,0.0,,,0.0,,,,,,1.0,0.0,0.0,,,0.0,,,,,,1.0,9.994,0.0,,,0.0,,,,,,1.0,40.0,0.0,,,0.0,,,,,,1.0,0.0,0.0,0.0,7.856,36.69,87.42,88.32,87.91,87.22,83.37,14.44,14.45,14.45,19.05,16.21,0.0,,,0.0,,,,,,1.0,-46.52,0.0,,,0.0,,,23.1,0.0,,,0.0,,,84.0,0.0,,,0.0,,,1.0,0.0,0.0,0.0,0.0,0.0,1.0,0.0,0.0,0.0,0.0,0.0,,0.097,0.058,,0.0,0.0,,,,0.0,,,,,3.532,0.065,0.072,,0.0,0.0,,,,0.0,,,,,8.891,,0.0,0.0,,,,0.0,,,,0.097,0.062,,0.0,0.0,,,,0.0,,,,,3.102,3.081,,0.0,0.0,,,,0.0,,,,,4.068,,1.0,0.0,,,,0.0,,,,0.0,0.0,0.0,0.0,30.6,20.4,28.6,0.0,0.0,0.0,0.04,0.0,0.0,,0.0,-0.0776,-0.149,0.04,3220000000.0,98.5,0.0,0.0,0.0,,,0.0,,,,,,,0.0,100.0,100.0,,,1.0,100.0,1.0,0.0,0.0,0.0,,11:36.4
1900-01-01 00:11:37.400000+00:00,0.0,-0.669,-0.669,0.0,0.0,0.0,-12.26026,-21.99334,-24.68322,-3e-05,16004.47,0.0,0.0,0.0,0.0,0.0,1.0,2.118,0.07,0.0,0.0,0.0,0.0,,,,,0.0,0.0,0.0,5.0,0.0,0.0,,,0.0,,,,,,1.0,0.0,0.0,,,0.0,,,,,,1.0,0.0,0.0,,,0.0,,,,,,1.0,10.0,0.0,,,0.0,,,,,,1.0,40.0,0.0,,,0.0,,,,,,1.0,0.0,0.0,0.0,7.861,36.69,87.42,88.32,87.91,87.22,83.37,14.44,14.45,14.45,19.05,16.21,0.0,,,0.0,,,,,,1.0,-46.52,0.0,,,0.0,,,23.1,0.0,,,0.0,,,84.0,0.0,,,0.0,,,1.0,0.0,0.0,0.0,0.0,0.0,1.0,0.0,0.0,0.0,0.0,0.0,,0.097,0.055,,0.0,0.0,,,,0.0,,,,,3.539,0.063,0.072,,0.0,0.0,,,,0.0,,,,,8.891,,0.0,0.0,,,,0.0,,,,0.097,0.06,,0.0,0.0,,,,0.0,,,,,3.098,3.081,,0.0,0.0,,,,0.0,,,,,4.056,,1.0,0.0,,,,0.0,,,,0.0,0.0,0.0,0.0,30.6,20.4,28.6,0.0,0.0,0.0,0.04,0.0,0.0,,0.0,-0.0289,-0.2296,0.04,3220000000.0,98.4,0.0,0.0,0.0,,,0.0,,,,,,,0.0,100.0,100.0,,,1.0,100.0,1.0,0.0,0.0,0.0,,11:37.4
1900-01-01 00:11:38.400000+00:00,0.0,-0.669,-0.669,0.0,0.0,0.0,-12.26026,-21.99334,-24.68322,-3e-05,16004.47,0.0,0.0,0.0,0.0,0.0,1.0,2.118,0.07,0.0,0.0,0.0,0.0,,,,,0.0,0.0,0.0,5.0,0.0,0.0,,,0.0,,,,,,1.0,0.0,0.0,,,0.0,,,,,,1.0,0.0,0.0,,,0.0,,,,,,1.0,10.005,0.0,,,0.0,,,,,,1.0,40.0,0.0,,,0.0,,,,,,1.0,0.0,0.0,0.0,7.864,36.69,87.42,88.32,87.91,87.22,83.35,14.44,14.45,14.45,19.05,16.21,0.0,,,0.0,,,,,,1.0,-46.52,0.0,,,0.0,,,23.1,0.0,,,0.0,,,84.0,0.0,,,0.0,,,1.0,0.0,0.0,0.0,0.0,0.0,1.0,0.0,0.0,0.0,0.0,0.0,,0.097,0.059,,0.0,0.0,,,,0.0,,,,,3.545,0.063,0.072,,0.0,0.0,,,,0.0,,,,,8.879,,0.0,0.0,,,,0.0,,,,0.098,0.061,,0.0,0.0,,,,0.0,,,,,3.102,3.077,,0.0,0.0,,,,0.0,,,,,4.056,,1.0,0.0,,,,0.0,,,,0.0,0.0,0.0,0.0,30.6,20.4,28.6,0.0,0.0,0.0,0.05,0.0,0.0,,0.0,-0.0833,-0.1934,0.05,3220000000.0,98.4,0.0,0.0,0.0,,,0.0,,,,,,,0.0,100.0,100.0,,,1.0,100.0,1.0,0.0,0.0,0.0,,11:38.4
1900-01-01 00:11:39.400000+00:00,0.0,-0.669,-0.669,0.0,0.0,0.0,-12.26026,-21.99334,-24.68322,-3e-05,16004.47,0.0,0.0,0.0,0.0,0.0,1.0,2.118,0.07,0.0,0.0,0.0,0.0,,,,,0.0,0.0,0.0,5.0,0.0,0.0,,,0.0,,,,,,1.0,0.0,0.0,,,0.0,,,,,,1.0,0.0,0.0,,,0.0,,,,,,1.0,9.994,0.0,,,0.0,,,,,,1.0,40.0,0.0,,,0.0,,,,,,1.0,0.0,0.0,0.0,7.856,36.69,87.42,88.32,87.91,87.22,83.35,14.44,14.45,14.45,19.05,16.21,0.0,,,0.0,,,,,,1.0,-46.52,0.0,,,0.0,,,23.1,0.0,,,0.0,,,83.9,0.0,,,0.0,,,1.0,0.0,0.0,0.0,0.0,0.0,1.0,0.0,0.0,0.0,0.0,0.0,,0.097,0.055,,0.0,0.0,,,,0.0,,,,,3.549,0.063,0.077,,0.0,0.0,,,,0.0,,,,,8.879,,0.0,0.0,,,,0.0,,,,0.099,0.059,,0.0,0.0,,,,0.0,,,,,3.1,3.074,,0.0,0.0,,,,0.0,,,,,4.056,,1.0,0.0,,,,0.0,,,,0.0,0.0,0.0,0.0,30.6,20.4,28.5,0.0,0.0,0.0,0.04,0.0,0.0,,0.0,-0.0294,-0.2499,0.04,3220000000.0,98.4,0.0,0.0,0.0,,,0.0,,,,,,,0.0,100.0,100.0,,,1.0,100.0,1.0,0.0,0.0,0.0,,11:39.4
1900-01-01 00:11:40.400000+00:00,0.0,-0.669,-0.669,0.0,0.0,0.0,-12.26026,-21.99334,-24.68322,-3e-05,16004.47,0.0,0.0,0.0,0.0,0.0,1.0,2.118,0.07,0.0,0.0,0.0,0.0,,,,,0.0,0.0,0.0,5.0,0.0,0.0,,,0.0,,,,,,1.0,0.0,0.0,,,0.0,,,,,,1.0,0.0,0.0,,,0.0,,,,,,1.0,10.003,0.0,,,0.0,,,,,,1.0,40.0,0.0,,,0.0,,,,,,1.0,0.0,0.0,0.0,7.863,36.69,87.42,88.32,87.91,87.22,83.35,14.44,14.45,14.45,19.05,16.21,0.0,,,0.0,,,,,,1.0,-46.52,0.0,,,0.0,,,23.1,0.0,,,0.0,,,83.9,0.0,,,0.0,,,1.0,0.0,0.0,0.0,0.0,0.0,1.0,0.0,0.0,0.0,0.0,0.0,,0.094,0.059,,0.0,0.0,,,,0.0,,,,,3.539,0.063,0.077,,0.0,0.0,,,,0.0,,,,,8.879,,0.0,0.0,,,,0.0,,,,0.098,0.061,,0.0,0.0,,,,0.0,,,,,3.096,3.076,,0.0,0.0,,,,0.0,,,,,4.068,,1.0,0.0,,,,0.0,,,,0.0,0.0,0.0,0.0,30.6,20.4,28.5,0.0,0.0,0.0,0.04,0.0,0.0,,0.0,-0.0893,-0.2313,0.04,3220000000.0,98.4,0.0,0.0,0.0,,,0.0,,,,,,,0.0,100.0,100.0,,,1.0,100.0,1.0,0.0,0.0,0.0,,11:40.4
1900-01-01 00:11:41.400000+00:00,0.0,-0.669,-0.669,0.0,0.0,0.0,-12.26026,-21.99334,-24.68322,-3e-05,16004.47,0.0,0.0,0.0,0.0,0.0,1.0,2.118,0.07,0.0,0.0,0.0,0.0,,,,,0.0,0.0,0.0,5.0,0.0,0.0,,,0.0,,,,,,1.0,0.0,0.0,,,0.0,,,,,,1.0,0.0,0.0,,,0.0,,,,,,1.0,9.998,0.0,,,0.0,,,,,,1.0,40.0,0.0,,,0.0,,,,,,1.0,0.0,0.0,0.0,7.861,36.69,87.44,88.32,87.91,87.22,83.35,14.44,14.45,14.45,19.05,16.21,0.0,,,0.0,,,,,,1.0,-46.52,0.0,,,0.0,,,23.1,0.0,,,0.0,,,83.9,0.0,,,0.0,,,1.0,0.0,0.0,0.0,0.0,0.0,1.0,0.0,0.0,0.0,0.0,0.0,,0.097,0.059,,0.0,0.0,,,,0.0,,,,,3.555,0.063,0.076,,0.0,0.0,,,,0.0,,,,,8.866,,0.0,0.0,,,,0.0,,,,0.099,0.063,,0.0,0.0,,,,0.0,,,,,3.097,3.074,,0.0,0.0,,,,0.0,,,,,4.056,,1.0,0.0,,,,0.0,,,,0.0,0.0,0.0,0.0,30.6,20.5,28.5,0.0,0.0,0.0,0.05,0.0,0.0,,0.0,-0.0738,-0.2408,0.05,3220000000.0,98.4,0.0,0.0,0.0,,,0.0,,,,,,,0.0,100.0,100.0,,,1.0,100.0,1.0,0.0,0.0,0.0,,11:41.4
1900-01-01 00:11:42.400000+00:00,0.0,-0.669,-0.669,0.0,0.0,0.0,-12.26026,-21.99334,-24.68322,-3e-05,16004.47,0.0,0.0,0.0,0.0,0.0,1.0,2.118,0.07,0.0,0.0,0.0,0.0,,,,,0.0,0.0,0.0,5.0,0.0,0.0,,,0.0,,,,,,1.0,0.0,0.0,,,0.0,,,,,,1.0,0.0,0.0,,,0.0,,,,,,1.0,9.997,0.0,,,0.0,,,,,,1.0,40.0,0.0,,,0.0,,,,,,1.0,0.0,0.0,0.0,7.861,36.69,87.44,88.32,87.91,87.22,83.35,14.44,14.45,14.45,19.04,16.21,0.0,,,0.0,,,,,,1.0,-46.53,0.0,,,0.0,,,23.1,0.0,,,0.0,,,83.9,0.0,,,0.0,,,1.0,0.0,0.0,0.0,0.0,0.0,1.0,0.0,0.0,0.0,0.0,0.0,,0.097,0.061,,0.0,0.0,,,,0.0,,,,,3.52,0.064,0.075,,0.0,0.0,,,,0.0,,,,,8.854,,0.0,0.0,,,,0.0,,,,0.097,0.06,,0.0,0.0,,,,0.0,,,,,3.095,3.072,,0.0,0.0,,,,0.0,,,,,4.056,,1.0,0.0,,,,0.0,,,,0.0,0.0,0.0,0.0,30.6,20.5,28.5,0.0,0.0,0.0,0.05,0.0,0.0,,0.0,-0.0073,-0.2531,0.05,3220000000.0,98.4,0.0,0.0,0.0,,,0.0,,,,,,,0.0,100.0,100.0,,,1.0,100.0,1.0,0.0,0.0,0.0,,11:42.4
1900-01-01 00:11:43.400000+00:00,0.0,-0.669,-0.669,0.0,0.0,0.0,-12.26026,-21.99334,-24.68322,-3e-05,16004.47,0.0,0.0,0.0,0.0,0.0,1.0,2.118,0.07,0.0,0.0,0.0,0.0,,,,,0.0,0.0,0.0,5.0,0.0,0.0,,,0.0,,,,,,1.0,0.0,0.0,,,0.0,,,,,,1.0,0.0,0.0,,,0.0,,,,,,1.0,9.998,0.0,,,0.0,,,,,,1.0,40.0,0.0,,,0.0,,,,,,1.0,0.0,0.0,0.0,7.862,36.69,87.44,88.32,87.91,87.22,83.35,14.44,14.45,14.45,19.04,16.21,0.0,,,0.0,,,,,,1.0,-46.53,0.0,,,0.0,,,23.1,0.0,,,0.0,,,83.9,0.0,,,0.0,,,1.0,0.0,0.0,0.0,0.0,0.0,1.0,0.0,0.0,0.0,0.0,0.0,,0.098,0.055,,0.0,0.0,,,,0.0,,,,,3.545,0.063,0.078,,0.0,0.0,,,,0.0,,,,,8.879,,0.0,0.0,,,,0.0,,,,0.099,0.062,,0.0,0.0,,,,0.0,,,,,3.092,3.07,,0.0,0.0,,,,0.0,,,,,4.056,,1.0,0.0,,,,0.0,,,,0.0,0.0,0.0,0.0,30.6,20.5,28.5,0.0,0.0,0.0,0.05,0.0,0.0,,0.0,-0.0712,-0.2245,0.05,3220000000.0,98.4,0.0,0.0,0.0,,,0.0,,,,,,,0.0,100.0,100.0,,,1.0,100.0,1.0,0.0,0.0,0.0,,11:43.4
1900-01-01 00:11:44.400000+00:00,0.0,-0.669,-0.669,0.0,0.0,0.0,-12.26026,-21.99334,-24.68322,-3e-05,16004.47,0.0,0.0,0.0,0.0,0.0,1.0,2.118,0.07,0.0,0.0,0.0,0.0,,,,,0.0,0.0,0.0,5.0,0.0,0.0,,,0.0,,,,,,1.0,0.0,0.0,,,0.0,,,,,,1.0,0.0,0.0,,,0.0,,,,,,1.0,10.001,0.0,,,0.0,,,,,,1.0,40.0,0.0,,,0.0,,,,,,1.0,0.0,0.0,0.0,7.864,36.68,87.44,88.32,87.93,87.22,83.35,14.44,14.45,14.45,19.04,16.21,0.0,,,0.0,,,,,,1.0,-46.53,0.0,,,0.0,,,23.1,0.0,,,0.0,,,83.9,0.0,,,0.0,,,1.0,0.0,0.0,0.0,0.0,0.0,1.0,0.0,0.0,0.0,0.0,0.0,,0.099,0.059,,0.0,0.0,,,,0.0,,,,,3.556,0.063,0.073,,0.0,0.0,,,,0.0,,,,,8.866,,0.0,0.0,,,,0.0,,,,0.1,0.06,,0.0,0.0,,,,0.0,,,,,3.094,3.071,,0.0,0.0,,,,0.0,,,,,4.081,,1.0,0.0,,,,0.0,,,,0.0,0.0,0.0,0.0,30.6,20.5,28.5,0.0,0.0,0.0,0.05,0.0,0.0,,0.0,-0.0437,-0.2613,0.05,3220000000.0,98.4,0.0,0.0,0.0,,,0.0,,,,,,,0.0,100.0,100.0,,,1.0,100.0,1.0,0.0,0.0,0.0,,11:44.4
1900-01-01 00:11:45.500000+00:00,0.0,-0.669,-0.669,0.0,0.0,0.0,-12.26026,-21.99334,-24.68322,-3e-05,16004.47,0.0,0.0,0.0,0.0,0.0,1.0,2.118,0.07,0.0,0.0,0.0,0.0,,,,,0.0,0.0,0.0,5.0,0.0,0.0,,,0.0,,,,,,1.0,0.0,0.0,,,0.0,,,,,,1.0,0.0,0.0,,,0.0,,,,,,1.0,9.998,0.0,,,0.0,,,,,,1.0,40.0,0.0,,,0.0,,,,,,1.0,0.0,0.0,0.0,7.862,36.69,87.44,88.32,87.93,87.22,83.35,14.44,14.45,14.45,19.04,16.21,0.0,,,0.0,,,,,,1.0,-46.53,0.0,,,0.0,,,23.1,0.0,,,0.0,,,83.9,0.0,,,0.0,,,1.0,0.0,0.0,0.0,0.0,0.0,1.0,0.0,0.0,0.0,0.0,0.0,,0.097,0.058,,0.0,0.0,,,,0.0,,,,,3.555,0.063,0.074,,0.0,0.0,,,,0.0,,,,,8.866,,0.0,0.0,,,,0.0,,,,0.097,0.061,,0.0,0.0,,,,0.0,,,,,3.089,3.07,,0.0,0.0,,,,0.0,,,,,4.081,,1.0,0.0,,,,0.0,,,,0.0,0.0,0.0,0.0,30.6,20.5,28.5,0.0,0.0,0.0,0.04,0.0,0.0,,0.0,-0.0298,-0.2881,0.04,3220000000.0,98.4,0.0,0.0,0.0,,,0.0,,,,,,,0.0,100.0,100.0,,,1.0,100.0,1.0,0.0,0.0,0.0,,11:45.5
1900-01-01 00:11:46.500000+00:00,0.0,-0.669,-0.669,0.0,0.0,0.0,-12.26026,-21.99334,-24.68322,-3e-05,16004.47,0.0,0.0,0.0,0.0,0.0,1.0,2.118,0.07,0.0,0.0,0.0,0.0,,,,,0.0,0.0,0.0,5.0,0.0,0.0,,,0.0,,,,,,1.0,0.0,0.0,,,0.0,,,,,,1.0,0.0,0.0,,,0.0,,,,,,1.0,9.997,0.0,,,0.0,,,,,,1.0,40.0,0.0,,,0.0,,,,,,1.0,0.0,0.0,0.0,7.862,36.69,87.44,88.32,87.93,87.22,83.35,14.44,14.45,14.45,19.04,16.21,0.0,,,0.0,,,,,,1.0,-46.53,0.0,,,0.0,,,23.1,0.0,,,0.0,,,83.9,0.0,,,0.0,,,1.0,0.0,0.0,0.0,0.0,0.0,1.0,0.0,0.0,0.0,0.0,0.0,,0.097,0.056,,0.0,0.0,,,,0.0,,,,,3.547,0.064,0.074,,0.0,0.0,,,,0.0,,,,,8.891,,0.0,0.0,,,,0.0,,,,0.099,0.061,,0.0,0.0,,,,0.0,,,,,3.091,3.07,,0.0,0.0,,,,0.0,,,,,4.081,,1.0,0.0,,,,0.0,,,,0.0,0.0,0.0,0.0,30.6,20.5,28.5,0.0,0.0,0.0,0.05,0.0,0.0,,0.0,-0.0644,-0.213,0.05,3220000000.0,98.4,0.0,0.0,0.0,,,0.0,,,,,,,0.0,100.0,100.0,,,1.0,100.0,1.0,0.0,0.0,0.0,,11:46.5
1900-01-01 00:11:47.500000+00:00,0.0,-0.669,-0.669,0.0,0.0,0.0,-12.26026,-21.99334,-24.68322,-3e-05,16004.47,0.0,0.0,0.0,0.0,0.0,1.0,2.118,0.07,0.0,0.0,0.0,0.0,,,,,0.0,0.0,0.0,5.0,0.0,0.0,,,0.0,,,,,,1.0,0.0,0.0,,,0.0,,,,,,1.0,0.0,0.0,,,0.0,,,,,,1.0,10.0,0.0,,,0.0,,,,,,1.0,40.0,0.0,,,0.0,,,,,,1.0,0.0,0.0,0.0,7.864,36.69,87.44,88.32,87.93,87.22,83.34,14.44,14.45,14.45,19.04,16.21,0.0,,,0.0,,,,,,1.0,-46.53,0.0,,,0.0,,,23.1,0.0,,,0.0,,,83.9,0.0,,,0.0,,,1.0,0.0,0.0,0.0,0.0,0.0,1.0,0.0,0.0,0.0,0.0,0.0,,0.095,0.056,,0.0,0.0,,,,0.0,,,,,3.547,0.063,0.074,,0.0,0.0,,,,0.0,,,,,8.879,,0.0,0.0,,,,0.0,,,,0.102,0.061,,0.0,0.0,,,,0.0,,,,,3.088,3.069,,0.0,0.0,,,,0.0,,,,,4.081,,1.0,0.0,,,,0.0,,,,0.0,0.0,0.0,0.0,30.6,20.5,28.5,0.0,0.0,0.0,0.05,0.0,0.0,,0.0,-0.0657,-0.273,0.05,3220000000.0,98.4,0.0,0.0,0.0,,,0.0,,,,,,,0.0,100.0,100.0,,,1.0,100.0,1.0,0.0,0.0,0.0,,11:47.5
1900-01-01 00:11:48.500000+00:00,0.0,-0.669,-0.669,0.0,0.0,0.0,-12.26026,-21.99334,-24.68322,-3e-05,16004.47,0.0,0.0,0.0,0.0,0.0,1.0,2.118,0.07,0.0,0.0,0.0,5.002,,,,,0.0,0.0,0.0,5.0,0.0,0.0,,,0.0,,,,,,1.0,0.0,0.0,,,0.0,,,,,,1.0,0.0,0.0,,,0.0,,,,,,1.0,9.998,0.0,,,0.0,,,,,,1.0,40.0,0.0,,,0.0,,,,,,1.0,0.0,0.0,0.0,7.86,36.68,87.44,88.32,87.93,87.22,83.34,14.44,14.45,14.45,19.05,16.21,0.0,,,0.0,,,,,,1.0,-46.54,0.0,,,0.0,,,23.1,0.0,,,0.0,,,83.9,0.0,,,0.0,,,1.0,0.0,0.0,0.0,0.0,0.0,1.0,0.0,0.0,0.0,0.0,0.0,,0.095,0.055,,0.0,0.0,,,,0.0,,,,,3.539,0.064,0.076,,0.0,0.0,,,,0.0,,,,,8.716,,0.0,0.0,,,,0.0,,,,0.098,0.06,,0.0,0.0,,,,0.0,,,,,3.099,3.073,,0.0,0.0,,,,0.0,,,,,4.043,,1.0,0.0,,,,0.0,,,,0.0,0.0,0.0,0.0,30.6,20.5,28.5,0.0,0.0,0.0,0.05,0.0,0.0,,0.0,-0.075,-0.2718,0.05,3220000000.0,98.4,0.0,0.0,0.0,,,0.0,,,,,,,0.0,100.0,100.0,,,1.0,100.0,1.0,0.0,0.0,0.0,,11:48.5
1900-01-01 00:11:49.500000+00:00,0.0,-0.669,-0.669,0.0,0.0,0.0,-12.26026,-21.99334,-24.68322,-3e-05,16004.47,0.0,0.0,0.0,0.0,0.0,1.0,2.118,0.07,0.0,0.0,-0.001,5.005,,,,,0.0,0.0,0.0,5.0,0.0,0.0,,,0.0,,,,,,1.0,0.0,0.0,,,0.0,,,,,,1.0,0.0,0.0,,,0.0,,,,,,1.0,10.004,0.0,,,0.0,,,,,,1.0,40.0,0.0,,,0.0,,,,,,1.0,0.0,0.0,0.0,7.857,36.69,87.44,88.32,87.93,87.22,83.34,14.44,14.45,14.45,19.07,16.21,0.0,,,0.0,,,,,,1.0,-46.54,0.0,,,0.0,,,23.1,0.0,,,0.0,,,83.9,0.0,,,0.0,,,1.0,0.0,0.0,0.0,0.0,0.0,1.0,0.0,0.0,0.0,0.0,0.0,,0.097,0.055,,0.0,0.0,,,,0.0,,,,,3.529,0.064,0.075,,0.0,0.0,,,,0.0,,,,,8.453,,0.0,0.0,,,,0.0,,,,0.098,0.061,,0.0,0.0,,,,0.0,,,,,3.117,3.097,,0.0,0.0,,,,0.0,,,,,4.068,,1.0,0.0,,,,0.0,,,,0.0,0.0,0.0,0.0,30.6,20.5,28.5,0.0,0.0,0.0,0.05,0.0,0.0,,0.0,-0.043,-0.2866,0.05,3220000000.0,98.4,0.0,0.0,0.0,,,0.0,,,,,,,0.0,100.0,100.0,,,1.0,100.0,1.0,0.0,0.0,0.0,,11:49.5
1900-01-01 00:11:50.500000+00:00,0.0,-0.669,-0.669,0.0,0.0,0.0,-12.26026,-21.99334,-24.68322,-3e-05,16004.47,0.0,0.0,0.0,0.0,0.0,1.0,2.118,0.07,0.0,0.0,0.0,5.001,,,,,0.0,0.0,0.0,5.0,0.0,0.0,,,0.0,,,,,,1.0,0.0,0.0,,,0.0,,,,,,1.0,0.0,0.0,,,0.0,,,,,,1.0,10.002,0.0,,,0.0,,,,,,1.0,40.0,0.0,,,0.0,,,,,,1.0,0.0,0.0,0.0,7.835,36.68,87.44,88.32,87.93,87.22,83.34,14.44,14.45,14.45,19.11,16.21,0.0,,,0.0,,,,,,1.0,-46.54,0.0,,,0.0,,,23.1,0.0,,,0.0,,,83.9,0.0,,,0.0,,,1.0,0.0,0.0,0.0,0.0,0.0,1.0,0.0,0.0,0.0,0.0,0.0,,0.099,0.058,,0.0,0.0,,,,0.0,,,,,3.552,0.063,0.073,,0.0,0.0,,,,0.0,,,,,8.628,,0.0,0.0,,,,0.0,,,,0.097,0.06,,0.0,0.0,,,,0.0,,,,,3.148,3.13,,0.0,0.0,,,,0.0,,,,,4.056,,1.0,0.0,,,,0.0,,,,0.0,0.0,0.0,0.0,30.6,20.5,28.5,0.0,0.0,0.0,0.05,0.0,0.0,,0.0,-0.0739,-0.3146,0.05,3220000000.0,98.4,0.0,0.0,0.0,,,0.0,,,,,,,0.0,100.0,100.0,,,1.0,100.0,1.0,0.0,0.0,0.0,,11:50.5
1900-01-01 00:11:51.500000+00:00,0.0,-0.669,-0.669,0.0,0.0,0.0,-12.26026,-21.99334,-24.68322,-3e-05,16004.47,0.0,0.0,0.0,0.0,0.0,1.0,2.118,0.07,0.0,0.0,0.0,5.002,,,,,0.0,0.0,0.0,5.0,0.0,0.0,,,0.0,,,,,,1.0,0.0,0.0,,,0.0,,,,,,1.0,0.0,0.0,,,0.0,,,,,,1.0,10.0,0.0,,,0.0,,,,,,1.0,40.0,0.0,,,0.0,,,,,,1.0,0.0,0.0,0.0,7.827,36.69,87.44,88.32,87.93,87.22,83.34,14.44,14.45,14.45,19.13,16.21,0.0,,,0.0,,,,,,1.0,-46.54,0.0,,,0.0,,,23.1,0.0,,,0.0,,,83.9,0.0,,,0.0,,,1.0,0.0,0.0,0.0,0.0,0.0,1.0,0.0,0.0,0.0,0.0,0.0,,0.098,0.06,,0.0,0.0,,,,0.0,,,,,3.508,0.063,0.071,,0.0,0.0,,,,0.0,,,,,8.804,,0.0,0.0,,,,0.0,,,,0.097,0.06,,0.0,0.0,,,,0.0,,,,,3.204,3.186,,0.0,0.0,,,,0.0,,,,,4.056,,1.0,0.0,,,,0.0,,,,0.0,0.0,0.0,0.0,30.6,20.5,28.5,0.0,0.0,0.0,0.05,0.0,0.0,,0.0,-0.0209,-0.3183,0.05,3220000000.0,98.4,0.0,0.0,0.0,,,0.0,,,,,,,0.0,100.0,100.0,,,1.0,100.0,1.0,0.0,0.0,0.0,,11:51.5
1900-01-01 00:11:52.500000+00:00,0.0,-0.669,-0.669,0.0,0.0,0.0,-12.26026,-21.99334,-24.68322,-3e-05,16004.47,0.0,0.0,0.0,0.0,0.0,1.0,2.118,0.07,0.0,0.0,0.0,5.002,,,,,0.0,0.0,0.0,5.0,0.0,0.0,,,0.0,,,,,,1.0,0.0,0.0,,,0.0,,,,,,1.0,0.0,0.0,,,0.0,,,,,,1.0,10.0,0.0,,,0.0,,,,,,1.0,40.0,0.0,,,0.0,,,,,,1.0,0.0,0.0,0.0,7.808,36.69,87.44,88.32,87.93,87.22,83.34,14.44,14.45,14.45,19.18,16.21,0.0,,,0.0,,,,,,1.0,-46.54,0.0,,,0.0,,,23.1,0.0,,,0.0,,,83.9,0.0,,,0.0,,,1.0,0.0,0.0,0.0,0.0,0.0,1.0,0.0,0.0,0.0,0.0,0.0,,0.099,0.058,,0.0,0.0,,,,0.0,,,,,3.529,0.063,0.069,,0.0,0.0,,,,0.0,,,,,8.841,,0.0,0.0,,,,0.0,,,,0.102,0.061,,0.0,0.0,,,,0.0,,,,,3.234,3.217,,0.0,0.0,,,,0.0,,,,,4.068,,1.0,0.0,,,,0.0,,,,0.0,0.0,0.0,0.0,30.6,20.5,28.5,0.0,0.0,0.0,0.05,0.0,0.0,,0.0,-0.0448,-0.3687,0.05,3220000000.0,98.4,0.0,0.0,0.0,,,0.0,,,,,,,0.0,100.0,100.0,,,1.0,100.0,1.0,0.0,0.0,0.0,,11:52.5
1900-01-01 00:11:53.500000+00:00,0.0,-0.669,-0.669,0.0,0.0,0.0,-12.26026,-21.99334,-24.68322,-3e-05,16004.47,0.0,0.0,0.0,0.0,0.0,1.0,2.118,0.07,0.0,0.0,0.0,5.002,,,,,0.0,0.0,0.0,5.0,0.0,0.0,,,0.0,,,,,,1.0,0.0,0.0,,,0.0,,,,,,1.0,0.0,0.0,,,0.0,,,,,,1.0,10.001,0.0,,,0.0,,,,,,1.0,40.0,0.0,,,0.0,,,,,,1.0,0.0,0.0,0.0,7.796,36.69,87.44,88.32,87.93,87.24,83.34,14.44,14.45,14.45,19.21,16.21,0.0,,,0.0,,,,,,1.0,-46.54,0.0,,,0.0,,,23.1,0.0,,,0.0,,,83.8,0.0,,,0.0,,,1.0,0.0,0.0,0.0,0.0,0.0,1.0,0.0,0.0,0.0,0.0,0.0,,0.098,0.058,,0.0,0.0,,,,0.0,,,,,3.535,0.063,0.075,,0.0,0.0,,,,0.0,,,,,9.029,,0.0,0.0,,,,0.0,,,,0.1,0.062,,0.0,0.0,,,,0.0,,,,,3.264,3.249,,0.0,0.0,,,,0.0,,,,,4.081,,1.0,0.0,,,,0.0,,,,0.0,0.0,0.0,0.0,30.6,20.5,28.5,0.0,0.0,0.0,0.04,0.0,0.0,,0.0,-0.0947,-0.3425,0.04,3220000000.0,98.4,0.0,0.0,0.0,,,0.0,,,,,,,0.0,100.0,100.0,,,1.0,100.0,1.0,0.0,0.0,0.0,,11:53.5
