layer,mode,x1,y1,z1,x2,y2,z2,feedrate_ipm,laser_power_w,laser_on,line_number,dx,dy,dz,length,angle_deg,turn_angle_deg,feedrate_ips,travel_time_sec,start_time_sec,end_time_sec,xm,ym,zm,thermal_revisit_sec,linear_energy_density
0,CONTOUR,-1.0,-1.0,0.0,-1.0,1.0,0.0,30.0,1070.0,True,23,0.0,2.0,0.0,2.0,90.0,,0.5,4.0,0.0,4.0,-1.0,0.0,0.0,,2140.0
0,CONTOUR,-1.0,1.0,0.0,1.0,1.0,0.0,30.0,1070.0,True,24,2.0,0.0,0.0,2.0,0.0,90.0,0.5,4.0,4.0,8.0,0.0,1.0,0.0,,2140.0
0,CONTOUR,1.0,1.0,0.0,1.0,-1.0,0.0,30.0,1070.0,True,25,0.0,-2.0,0.0,2.0,-90.0,90.0,0.5,4.0,8.0,12.0,1.0,0.0,0.0,,2140.0
0,CONTOUR,1.0,-1.0,0.0,-1.0,-1.0,0.0,30.0,1070.0,True,26,-2.0,0.0,0.0,2.0,180.0,90.0,0.5,4.0,12.0,16.0,0.0,-1.0,0.0,,2140.0
0,OTHER,-1.0,-1.0,0.0,-1.0,-0.955,0.0,40.0,1070.0,False,31,0.0,0.04500000000000004,0.0,0.04500000000000004,90.0,90.0,0.6666666666666666,0.06750000000000006,16.0,16.0675,-1.0,-0.9775,0.0,,1605.0
0,HATCH,-1.0,-0.955,0.0,1.0,-0.955,0.0,30.0,1070.0,True,34,2.0,0.0,0.0,2.0,0.0,90.0,0.5,4.0,16.0675,20.0675,0.0,-0.955,0.0,0.067499999999999,2140.0
0,OTHER,1.0,-0.955,0.0,1.0,-0.91,0.0,40.0,1070.0,False,37,0.0,0.04499999999999993,0.0,0.04499999999999993,90.0,90.0,0.6666666666666666,0.0674999999999999,20.0675,20.134999999999998,1.0,-0.9325,0.0,,1605.0
0,HATCH,1.0,-0.91,0.0,-1.0,-0.91,0.0,30.0,1070.0,True,40,-2.0,0.0,0.0,2.0,180.0,90.0,0.5,4.0,20.134999999999998,24.134999999999998,0.0,-0.91,0.0,0.067499999999999,2140.0
0,OTHER,-1.0,-0.91,0.0,-1.0,-0.865,0.0,40.0,1070.0,False,43,0.0,0.04500000000000004,0.0,0.04500000000000004,90.0,90.0,0.6666666666666666,0.06750000000000006,24.134999999999998,24.202499999999997,-1.0,-0.8875,0.0,8.067499999999999,1605.0
0,HATCH,-1.0,-0.865,0.0,1.0,-0.865,0.0,30.0,1070.0,True,46,2.0,0.0,0.0,2.0,0.0,90.0,0.5,4.0,24.202499999999997,28.202499999999997,0.0,-0.865,0.0,0.067499999999999,2140.0
0,OTHER,1.0,-0.865,0.0,1.0,-0.82,0.0,40.0,1070.0,False,49,0.0,0.04500000000000004,0.0,0.04500000000000004,90.0,90.0,0.6666666666666666,0.06750000000000006,28.202499999999997,28.269999999999996,1.0,-0.8425,0.0,8.067499999999999,1605.0
0,HATCH,1.0,-0.82,0.0,-1.0,-0.82,0.0,30.0,1070.0,True,52,-2.0,0.0,0.0,2.0,180.0,90.0,0.5,4.0,28.269999999999996,32.269999999999996,0.0,-0.82,0.0,0.067499999999999,2140.0
0,OTHER,-1.0,-0.82,0.0,-1.0,-0.775,0.0,40.0,1070.0,False,55,0.0,0.04499999999999993,0.0,0.04499999999999993,90.0,90.0,0.6666666666666666,0.0674999999999999,32.269999999999996,32.3375,-1.0,-0.7975,0.0,8.067499999999999,1605.0
0,HATCH,-1.0,-0.775,0.0,1.0,-0.775,0.0,30.0,1070.0,True,58,2.0,0.0,0.0,2.0,0.0,90.0,0.5,4.0,32.3375,36.3375,0.0,-0.775,0.0,0.06750000000000256,2140.0
0,OTHER,1.0,-0.775,0.0,1.0,-0.73,0.0,40.0,1070.0,False,61,0.0,0.04500000000000004,0.0,0.04500000000000004,90.0,90.0,0.6666666666666666,0.06750000000000006,36.3375,36.405,1.0,-0.7525,0.0,8.067500000000003,1605.0
0,HATCH,1.0,-0.73,0.0,-1.0,-0.73,0.0,30.0,1070.0,True,64,-2.0,0.0,0.0,2.0,180.0,90.0,0.5,4.0,36.405,40.405,0.0,-0.73,0.0,0.06750000000000256,2140.0
0,OTHER,-1.0,-0.73,0.0,-1.0,-0.685,0.0,40.0,1070.0,False,67,0.0,0.04499999999999993,0.0,0.04499999999999993,90.0,90.0,0.6666666666666666,0.0674999999999999,40.405,40.472500000000004,-1.0,-0.7075,0.0,8.067500000000003,1605.0
0,HATCH,-1.0,-0.685,0.0,1.0,-0.685,0.0,30.0,1070.0,True,70,2.0,0.0,0.0,2.0,0.0,90.0,0.5,4.0,40.472500000000004,44.472500000000004,0.0,-0.685,0.0,0.06750000000000256,2140.0
0,OTHER,1.0,-0.685,0.0,1.0,-0.64,0.0,40.0,1070.0,False,73,0.0,0.04500000000000004,0.0,0.04500000000000004,90.0,90.0,0.6666666666666666,0.06750000000000006,44.472500000000004,44.540000000000006,1.0,-0.6625000000000001,0.0,8.067500000000003,1605.0
0,HATCH,1.0,-0.64,0.0,-1.0,-0.64,0.0,30.0,1070.0,True,76,-2.0,0.0,0.0,2.0,180.0,90.0,0.5,4.0,44.540000000000006,48.540000000000006,0.0,-0.64,0.0,0.06750000000000256,2140.0
0,OTHER,-1.0,-0.64,0.0,-1.0,-0.595,0.0,40.0,1070.0,False,79,0.0,0.04500000000000004,0.0,0.04500000000000004,90.0,90.0,0.6666666666666666,0.06750000000000006,48.540000000000006,48.60750000000001,-1.0,-0.6174999999999999,0.0,8.067500000000003,1605.0
0,HATCH,-1.0,-0.595,0.0,1.0,-0.595,0.0,30.0,1070.0,True,82,2.0,0.0,0.0,2.0,0.0,90.0,0.5,4.0,48.60750000000001,52.60750000000001,0.0,-0.595,0.0,0.06750000000000256,2140.0
0,OTHER,1.0,-0.595,0.0,1.0,-0.55,0.0,40.0,1070.0,False,85,0.0,0.04499999999999993,0.0,0.04499999999999993,90.0,90.0,0.6666666666666666,0.0674999999999999,52.60750000000001,52.67500000000001,1.0,-0.5725,0.0,8.067500000000003,1605.0
0,HATCH,1.0,-0.55,0.0,-1.0,-0.55,0.0,30.0,1070.0,True,88,-2.0,0.0,0.0,2.0,180.0,90.0,0.5,4.0,52.67500000000001,56.67500000000001,0.0,-0.55,0.0,0.06750000000000256,2140.0
0,OTHER,-1.0,-0.55,0.0,-1.0,-0.505,0.0,40.0,1070.0,False,91,0.0,0.04500000000000004,0.0,0.04500000000000004,90.0,90.0,0.6666666666666666,0.06750000000000006,56.67500000000001,56.742500000000014,-1.0,-0.5275000000000001,0.0,8.067500000000003,1605.0
0,HATCH,-1.0,-0.505,0.0,1.0,-0.505,0.0,30.0,1070.0,True,94,2.0,0.0,0.0,2.0,0.0,90.0,0.5,4.0,56.742500000000014,60.742500000000014,0.0,-0.505,0.0,0.06750000000000256,2140.0
0,OTHER,1.0,-0.505,0.0,1.0,-0.46,0.0,40.0,1070.0,False,97,0.0,0.044999999999999984,0.0,0.044999999999999984,90.0,90.0,0.6666666666666666,0.06749999999999998,60.742500000000014,60.81000000000002,1.0,-0.48250000000000004,0.0,8.067500000000003,1605.0
0,HATCH,1.0,-0.46,0.0,-1.0,-0.46,0.0,30.0,1070.0,True,100,-2.0,0.0,0.0,2.0,180.0,90.0,0.5,4.0,60.81000000000002,64.81000000000002,0.0,-0.46,0.0,0.06750000000000256,2140.0
0,OTHER,-1.0,-0.46,0.0,-1.0,-0.415,0.0,40.0,1070.0,False,103,0.0,0.04500000000000004,0.0,0.04500000000000004,90.0,90.0,0.6666666666666666,0.06750000000000006,64.81000000000002,64.87750000000001,-1.0,-0.4375,0.0,8.067500000000003,1605.0
0,HATCH,-1.0,-0.415,0.0,1.0,-0.415,0.0,30.0,1070.0,True,106,2.0,0.0,0.0,2.0,0.0,90.0,0.5,4.0,64.87750000000001,68.87750000000001,0.0,-0.415,0.0,0.06749999999999545,2140.0
0,OTHER,1.0,-0.415,0.0,1.0,-0.37,0.0,40.0,1070.0,False,109,0.0,0.044999999999999984,0.0,0.044999999999999984,90.0,90.0,0.6666666666666666,0.06749999999999998,68.87750000000001,68.94500000000001,1.0,-0.39249999999999996,0.0,8.067499999999995,1605.0
0,HATCH,1.0,-0.37,0.0,-1.0,-0.37,0.0,30.0,1070.0,True,112,-2.0,0.0,0.0,2.0,180.0,90.0,0.5,4.0,68.94500000000001,72.94500000000001,0.0,-0.37,0.0,0.06749999999999545,2140.0
0,OTHER,-1.0,-0.37,0.0,-1.0,-0.325,0.0,40.0,1070.0,False,115,0.0,0.044999999999999984,0.0,0.044999999999999984,90.0,90.0,0.6666666666666666,0.06749999999999998,72.94500000000001,73.0125,-1.0,-0.34750000000000003,0.0,8.067499999999995,1605.0
0,HATCH,-1.0,-0.325,0.0,1.0,-0.325,0.0,30.0,1070.0,True,118,2.0,0.0,0.0,2.0,0.0,90.0,0.5,4.0,73.0125,77.0125,0.0,-0.325,0.0,0.06749999999999545,2140.0
0,OTHER,1.0,-0.325,0.0,1.0,-0.28,0.0,40.0,1070.0,False,121,0.0,0.044999999999999984,0.0,0.044999999999999984,90.0,90.0,0.6666666666666666,0.06749999999999998,77.0125,77.08,1.0,-0.3025,0.0,8.067499999999995,1605.0
0,HATCH,1.0,-0.28,0.0,-1.0,-0.28,0.0,30.0,1070.0,True,124,-2.0,0.0,0.0,2.0,180.0,90.0,0.5,4.0,77.08,81.08,0.0,-0.28,0.0,0.06749999999999545,2140.0
0,OTHER,-1.0,-0.28,0.0,-1.0,-0.235,0.0,40.0,1070.0,False,127,0.0,0.04500000000000004,0.0,0.04500000000000004,90.0,90.0,0.6666666666666666,0.06750000000000006,81.08,81.1475,-1.0,-0.2575,0.0,8.067499999999995,1605.0
0,HATCH,-1.0,-0.235,0.0,1.0,-0.235,0.0,30.0,1070.0,True,130,2.0,0.0,0.0,2.0,0.0,90.0,0.5,4.0,81.1475,85.1475,0.0,-0.235,0.0,0.06749999999999545,2140.0
0,OTHER,1.0,-0.235,0.0,1.0,-0.19,0.0,40.0,1070.0,False,133,0.0,0.044999999999999984,0.0,0.044999999999999984,90.0,90.0,0.6666666666666666,0.06749999999999998,85.1475,85.21499999999999,1.0,-0.2125,0.0,8.067499999999995,1605.0
0,HATCH,1.0,-0.19,0.0,-1.0,-0.19,0.0,30.0,1070.0,True,136,-2.0,0.0,0.0,2.0,180.0,90.0,0.5,4.0,85.21499999999999,89.21499999999999,0.0,-0.19,0.0,0.06749999999999545,2140.0
0,OTHER,-1.0,-0.19,0.0,-1.0,-0.145,0.0,40.0,1070.0,False,139,0.0,0.04500000000000001,0.0,0.04500000000000001,90.0,90.0,0.6666666666666666,0.06750000000000002,89.21499999999999,89.28249999999998,-1.0,-0.16749999999999998,0.0,8.067499999999995,1605.0
0,HATCH,-1.0,-0.145,0.0,1.0,-0.145,0.0,30.0,1070.0,True,142,2.0,0.0,0.0,2.0,0.0,90.0,0.5,4.0,89.28249999999998,93.28249999999998,0.0,-0.145,0.0,0.06749999999999545,2140.0
0,OTHER,1.0,-0.145,0.0,1.0,-0.1,0.0,40.0,1070.0,False,145,0.0,0.044999999999999984,0.0,0.044999999999999984,90.0,90.0,0.6666666666666666,0.06749999999999998,93.28249999999998,93.34999999999998,1.0,-0.1225,0.0,8.067499999999995,1605.0
0,HATCH,1.0,-0.1,0.0,-1.0,-0.1,0.0,30.0,1070.0,True,148,-2.0,0.0,0.0,2.0,180.0,90.0,0.5,4.0,93.34999999999998,97.34999999999998,0.0,-0.1,0.0,0.06749999999999545,2140.0
0,OTHER,-1.0,-0.1,0.0,-1.0,-0.055,0.0,40.0,1070.0,False,151,0.0,0.045000000000000005,0.0,0.045000000000000005,90.0,90.0,0.6666666666666666,0.06750000000000002,97.34999999999998,97.41749999999998,-1.0,-0.0775,0.0,8.067499999999995,1605.0
0,HATCH,-1.0,-0.055,0.0,1.0,-0.055,0.0,30.0,1070.0,True,154,2.0,0.0,0.0,2.0,0.0,90.0,0.5,4.0,97.41749999999998,101.41749999999998,0.0,-0.055,0.0,0.06749999999999545,2140.0
0,OTHER,1.0,-0.055,0.0,1.0,-0.01,0.0,40.0,1070.0,False,157,0.0,0.045,0.0,0.045,90.0,90.0,0.6666666666666666,0.0675,101.41749999999998,101.48499999999997,1.0,-0.0325,0.0,8.067499999999995,1605.0
0,HATCH,1.0,-0.01,0.0,-1.0,-0.01,0.0,30.0,1070.0,True,160,-2.0,0.0,0.0,2.0,180.0,90.0,0.5,4.0,101.48499999999997,105.48499999999997,0.0,-0.01,0.0,0.06749999999999545,2140.0
0,OTHER,-1.0,-0.01,0.0,-1.0,0.035,0.0,40.0,1070.0,False,163,0.0,0.045000000000000005,0.0,0.045000000000000005,90.0,90.0,0.6666666666666666,0.06750000000000002,105.48499999999997,105.55249999999997,-1.0,0.0125,0.0,8.067499999999995,1605.0
0,HATCH,-1.0,0.035,0.0,1.0,0.035,0.0,30.0,1070.0,True,166,2.0,0.0,0.0,2.0,0.0,90.0,0.5,4.0,105.55249999999997,109.55249999999997,0.0,0.035,0.0,0.06749999999999545,2140.0
0,OTHER,1.0,0.035,0.0,1.0,0.08,0.0,40.0,1070.0,False,169,0.0,0.045,0.0,0.045,90.0,90.0,0.6666666666666666,0.0675,109.55249999999997,109.61999999999996,1.0,0.0575,0.0,8.067499999999995,1605.0
0,HATCH,1.0,0.08,0.0,-1.0,0.08,0.0,30.0,1070.0,True,172,-2.0,0.0,0.0,2.0,180.0,90.0,0.5,4.0,109.61999999999996,113.61999999999996,0.0,0.08,0.0,0.06749999999999545,2140.0
0,OTHER,-1.0,0.08,0.0,-1.0,0.125,0.0,40.0,1070.0,False,175,0.0,0.045,0.0,0.045,90.0,90.0,0.6666666666666666,0.0675,113.61999999999996,113.68749999999996,-1.0,0.10250000000000001,0.0,8.067499999999995,1605.0
0,HATCH,-1.0,0.125,0.0,1.0,0.125,0.0,30.0,1070.0,True,178,2.0,0.0,0.0,2.0,0.0,90.0,0.5,4.0,113.68749999999996,117.68749999999996,0.0,0.125,0.0,0.06749999999999545,2140.0
0,OTHER,1.0,0.125,0.0,1.0,0.17,0.0,40.0,1070.0,False,181,0.0,0.04500000000000001,0.0,0.04500000000000001,90.0,90.0,0.6666666666666666,0.06750000000000002,117.68749999999996,117.75499999999995,1.0,0.14750000000000002,0.0,8.067499999999995,1605.0
0,HATCH,1.0,0.17,0.0,-1.0,0.17,0.0,30.0,1070.0,True,184,-2.0,0.0,0.0,2.0,180.0,90.0,0.5,4.0,117.75499999999995,121.75499999999995,0.0,0.17,0.0,0.06749999999999545,2140.0
0,OTHER,-1.0,0.17,0.0,-1.0,0.215,0.0,40.0,1070.0,False,187,0.0,0.044999999999999984,0.0,0.044999999999999984,90.0,90.0,0.6666666666666666,0.06749999999999998,121.75499999999995,121.82249999999995,-1.0,0.1925,0.0,8.067499999999995,1605.0
0,HATCH,-1.0,0.215,0.0,1.0,0.215,0.0,30.0,1070.0,True,190,2.0,0.0,0.0,2.0,0.0,90.0,0.5,4.0,121.82249999999995,125.82249999999995,0.0,0.215,0.0,0.06749999999999545,2140.0
0,OTHER,1.0,0.215,0.0,1.0,0.26,0.0,40.0,1070.0,False,193,0.0,0.04500000000000001,0.0,0.04500000000000001,90.0,90.0,0.6666666666666666,0.06750000000000002,125.82249999999995,125.88999999999994,1.0,0.2375,0.0,8.067499999999995,1605.0
0,HATCH,1.0,0.26,0.0,-1.0,0.26,0.0,30.0,1070.0,True,196,-2.0,0.0,0.0,2.0,180.0,90.0,0.5,4.0,125.88999999999994,129.88999999999993,0.0,0.26,0.0,0.06749999999999545,2140.0
0,OTHER,-1.0,0.26,0.0,-1.0,0.305,0.0,40.0,1070.0,False,199,0.0,0.044999999999999984,0.0,0.044999999999999984,90.0,90.0,0.6666666666666666,0.06749999999999998,129.88999999999993,129.95749999999992,-1.0,0.2825,0.0,8.067499999999981,1605.0
0,HATCH,-1.0,0.305,0.0,1.0,0.305,0.0,30.0,1070.0,True,202,2.0,0.0,0.0,2.0,0.0,90.0,0.5,4.0,129.95749999999992,133.95749999999992,0.0,0.305,0.0,0.06749999999999545,2140.0
0,OTHER,1.0,0.305,0.0,1.0,0.35,0.0,40.0,1070.0,False,205,0.0,0.044999999999999984,0.0,0.044999999999999984,90.0,90.0,0.6666666666666666,0.06749999999999998,133.95749999999992,134.02499999999992,1.0,0.3275,0.0,8.067499999999981,1605.0
0,HATCH,1.0,0.35,0.0,-1.0,0.35,0.0,30.0,1070.0,True,208,-2.0,0.0,0.0,2.0,180.0,90.0,0.5,4.0,134.02499999999992,138.02499999999992,0.0,0.35,0.0,0.06749999999999545,2140.0
0,OTHER,-1.0,0.35,0.0,-1.0,0.395,0.0,40.0,1070.0,False,211,0.0,0.04500000000000004,0.0,0.04500000000000004,90.0,90.0,0.6666666666666666,0.06750000000000006,138.02499999999992,138.09249999999992,-1.0,0.3725,0.0,8.067499999999995,1605.0
0,HATCH,-1.0,0.395,0.0,1.0,0.395,0.0,30.0,1070.0,True,214,2.0,0.0,0.0,2.0,0.0,90.0,0.5,4.0,138.09249999999992,142.09249999999992,0.0,0.395,0.0,0.06749999999999545,2140.0
0,OTHER,1.0,0.395,0.0,1.0,0.44,0.0,40.0,1070.0,False,217,0.0,0.044999999999999984,0.0,0.044999999999999984,90.0,90.0,0.6666666666666666,0.06749999999999998,142.09249999999992,142.1599999999999,1.0,0.4175,0.0,8.067499999999995,1605.0
0,HATCH,1.0,0.44,0.0,-1.0,0.44,0.0,30.0,1070.0,True,220,-2.0,0.0,0.0,2.0,180.0,90.0,0.5,4.0,142.1599999999999,146.1599999999999,0.0,0.44,0.0,0.06749999999999545,2140.0
0,OTHER,-1.0,0.44,0.0,-1.0,0.485,0.0,40.0,1070.0,False,223,0.0,0.044999999999999984,0.0,0.044999999999999984,90.0,90.0,0.6666666666666666,0.06749999999999998,146.1599999999999,146.2274999999999,-1.0,0.4625,0.0,8.067499999999995,1605.0
0,HATCH,-1.0,0.485,0.0,1.0,0.485,0.0,30.0,1070.0,True,226,2.0,0.0,0.0,2.0,0.0,90.0,0.5,4.0,146.2274999999999,150.2274999999999,0.0,0.485,0.0,0.06749999999999545,2140.0
0,OTHER,1.0,0.485,0.0,1.0,0.53,0.0,40.0,1070.0,False,229,0.0,0.04500000000000004,0.0,0.04500000000000004,90.0,90.0,0.6666666666666666,0.06750000000000006,150.2274999999999,150.2949999999999,1.0,0.5075000000000001,0.0,8.067499999999995,1605.0
0,HATCH,1.0,0.53,0.0,-1.0,0.53,0.0,30.0,1070.0,True,232,-2.0,0.0,0.0,2.0,180.0,90.0,0.5,4.0,150.2949999999999,154.2949999999999,0.0,0.53,0.0,0.06749999999999545,2140.0
0,OTHER,-1.0,0.53,0.0,-1.0,0.575,0.0,40.0,1070.0,False,235,0.0,0.04499999999999993,0.0,0.04499999999999993,90.0,90.0,0.6666666666666666,0.0674999999999999,154.2949999999999,154.3624999999999,-1.0,0.5525,0.0,8.067499999999995,1605.0
0,HATCH,-1.0,0.575,0.0,1.0,0.575,0.0,30.0,1070.0,True,238,2.0,0.0,0.0,2.0,0.0,90.0,0.5,4.0,154.3624999999999,158.3624999999999,0.0,0.575,0.0,0.06749999999999545,2140.0
0,OTHER,1.0,0.575,0.0,1.0,0.62,0.0,40.0,1070.0,False,241,0.0,0.04500000000000004,0.0,0.04500000000000004,90.0,90.0,0.6666666666666666,0.06750000000000006,158.3624999999999,158.4299999999999,1.0,0.5974999999999999,0.0,8.067499999999995,1605.0
0,HATCH,1.0,0.62,0.0,-1.0,0.62,0.0,30.0,1070.0,True,244,-2.0,0.0,0.0,2.0,180.0,90.0,0.5,4.0,158.4299999999999,162.4299999999999,0.0,0.62,0.0,0.06749999999999545,2140.0
0,OTHER,-1.0,0.62,0.0,-1.0,0.665,0.0,40.0,1070.0,False,247,0.0,0.04500000000000004,0.0,0.04500000000000004,90.0,90.0,0.6666666666666666,0.06750000000000006,162.4299999999999,162.4974999999999,-1.0,0.6425000000000001,0.0,8.067499999999995,1605.0
0,HATCH,-1.0,0.665,0.0,1.0,0.665,0.0,30.0,1070.0,True,250,2.0,0.0,0.0,2.0,0.0,90.0,0.5,4.0,162.4974999999999,166.4974999999999,0.0,0.665,0.0,0.06749999999999545,2140.0
0,OTHER,1.0,0.665,0.0,1.0,0.71,0.0,40.0,1070.0,False,253,0.0,0.04499999999999993,0.0,0.04499999999999993,90.0,90.0,0.6666666666666666,0.0674999999999999,166.4974999999999,166.56499999999988,1.0,0.6875,0.0,8.067499999999995,1605.0
0,HATCH,1.0,0.71,0.0,-1.0,0.71,0.0,30.0,1070.0,True,256,-2.0,0.0,0.0,2.0,180.0,90.0,0.5,4.0,166.56499999999988,170.56499999999988,0.0,0.71,0.0,0.06749999999999545,2140.0
0,OTHER,-1.0,0.71,0.0,-1.0,0.755,0.0,40.0,1070.0,False,259,0.0,0.04500000000000004,0.0,0.04500000000000004,90.0,90.0,0.6666666666666666,0.06750000000000006,170.56499999999988,170.63249999999988,-1.0,0.7324999999999999,0.0,8.067499999999995,1605.0
0,HATCH,-1.0,0.755,0.0,1.0,0.755,0.0,30.0,1070.0,True,262,2.0,0.0,0.0,2.0,0.0,90.0,0.5,4.0,170.63249999999988,174.63249999999988,0.0,0.755,0.0,0.06749999999999545,2140.0
0,OTHER,1.0,0.755,0.0,1.0,0.8,0.0,40.0,1070.0,False,265,0.0,0.04500000000000004,0.0,0.04500000000000004,90.0,90.0,0.6666666666666666,0.06750000000000006,174.63249999999988,174.69999999999987,1.0,0.7775000000000001,0.0,8.067499999999995,1605.0
0,HATCH,1.0,0.8,0.0,-1.0,0.8,0.0,30.0,1070.0,True,268,-2.0,0.0,0.0,2.0,180.0,90.0,0.5,4.0,174.69999999999987,178.69999999999987,0.0,0.8,0.0,0.06749999999999545,2140.0
0,OTHER,-1.0,0.8,0.0,-1.0,0.845,0.0,40.0,1070.0,False,271,0.0,0.04499999999999993,0.0,0.04499999999999993,90.0,90.0,0.6666666666666666,0.0674999999999999,178.69999999999987,178.76749999999987,-1.0,0.8225,0.0,8.067499999999995,1605.0
0,HATCH,-1.0,0.845,0.0,1.0,0.845,0.0,30.0,1070.0,True,274,2.0,0.0,0.0,2.0,0.0,90.0,0.5,4.0,178.76749999999987,182.76749999999987,0.0,0.845,0.0,0.06749999999999545,2140.0
0,OTHER,1.0,0.845,0.0,1.0,0.89,0.0,40.0,1070.0,False,277,0.0,0.04500000000000004,0.0,0.04500000000000004,90.0,90.0,0.6666666666666666,0.06750000000000006,182.76749999999987,182.83499999999987,1.0,0.8674999999999999,0.0,8.067499999999995,1605.0
0,HATCH,1.0,0.89,0.0,-1.0,0.89,0.0,30.0,1070.0,True,280,-2.0,0.0,0.0,2.0,180.0,90.0,0.5,4.0,182.83499999999987,186.83499999999987,0.0,0.89,0.0,0.06749999999999545,2140.0
0,OTHER,-1.0,0.89,0.0,-1.0,0.935,0.0,40.0,1070.0,False,283,0.0,0.04500000000000004,0.0,0.04500000000000004,90.0,90.0,0.6666666666666666,0.06750000000000006,186.83499999999987,186.90249999999986,-1.0,0.9125000000000001,0.0,8.067499999999995,1605.0
0,HATCH,-1.0,0.935,0.0,1.0,0.935,0.0,30.0,1070.0,True,286,2.0,0.0,0.0,2.0,0.0,90.0,0.5,4.0,186.90249999999986,190.90249999999986,0.0,0.935,0.0,0.06749999999999545,2140.0
0,OTHER,1.0,0.935,0.0,1.0,0.98,0.0,40.0,1070.0,False,289,0.0,0.04499999999999993,0.0,0.04499999999999993,90.0,90.0,0.6666666666666666,0.0674999999999999,190.90249999999986,190.96999999999986,1.0,0.9575,0.0,8.067499999999995,1605.0
0,HATCH,1.0,0.98,0.0,-1.0,0.98,0.0,30.0,1070.0,True,292,-2.0,0.0,0.0,2.0,180.0,90.0,0.5,4.0,190.96999999999986,194.96999999999986,0.0,0.98,0.0,0.06749999999999545,2140.0
0,OTHER,-1.0,0.98,0.0,-1.0,0.98,0.015,40.0,1070.0,False,295,0.0,0.0,0.015,0.015,0.0,,0.6666666666666666,0.0225,194.96999999999986,194.99249999999986,-1.0,0.98,0.0075,8.067499999999995,1605.0
1,OTHER,-1.0,0.98,0.015,1.0,0.886536,0.015,40.0,1070.0,False,20,2.0,-0.09346399999999999,0.0,2.00218268879141,-2.675599771751974,,0.6666666666666666,3.003274033187115,194.99249999999986,197.995774033187,0.0,0.933268,0.015,0.022500000000007958,1605.0
1,CONTOUR,1.0,0.886536,0.015,1.0,1.0,0.015,30.0,1070.0,False,23,0.0,0.11346400000000001,0.0,0.11346400000000001,90.0,92.67559977175198,0.5,0.22692800000000002,197.995774033187,198.22270203318698,1.0,0.943268,0.015,7.025774033187133,2140.0
1,CONTOUR,1.0,1.0,0.015,-0.886536,1.0,0.015,30.0,1070.0,False,24,-1.886536,0.0,0.0,1.886536,180.0,90.0,0.5,3.773072,198.22270203318698,201.995774033187,0.056732000000000005,1.0,0.015,0.2269279999999867,2140.0
1,CONTOUR,-0.886536,1.0,0.015,-1.0,1.0,0.015,30.0,1070.0,False,25,-0.11346400000000001,0.0,0.0,0.11346400000000001,180.0,0.0,0.5,0.22692800000000002,201.995774033187,202.22270203318698,-0.943268,1.0,0.015,7.003274033187125,2140.0
1,CONTOUR,-1.0,1.0,0.015,-1.0,-0.886536,0.015,30.0,1070.0,False,26,0.0,-1.886536,0.0,1.886536,-90.0,90.0,0.5,3.773072,202.22270203318698,205.995774033187,-1.0,0.056732000000000005,0.015,88.53520203318702,2140.0
1,CONTOUR,-1.0,-0.886536,0.015,-1.0,-1.0,0.015,30.0,1070.0,False,27,0.0,-0.11346400000000001,0.0,0.11346400000000001,-90.0,0.0,0.5,0.22692800000000002,205.995774033187,206.22270203318698,-1.0,-0.943268,0.015,181.793274033187,2140.0
1,CONTOUR,-1.0,-1.0,0.015,0.886536,-1.0,0.015,30.0,1070.0,False,28,1.886536,0.0,0.0,1.886536,0.0,90.0,0.5,3.773072,206.22270203318698,209.995774033187,-0.056732000000000005,-1.0,0.015,186.15520203318698,2140.0
1,CONTOUR,0.886536,-1.0,0.015,1.0,-1.0,0.015,30.0,1070.0,False,29,0.11346400000000001,0.0,0.0,0.11346400000000001,0.0,0.0,0.5,0.22692800000000002,209.995774033187,210.22270203318698,0.943268,-1.0,0.015,189.860774033187,2140.0
1,CONTOUR,1.0,-1.0,0.015,1.0,0.886536,0.015,30.0,1070.0,False,30,0.0,1.886536,0.0,1.886536,90.0,90.0,0.5,3.773072,210.22270203318698,213.995774033187,1.0,-0.056732000000000005,0.015,108.737702033187,2140.0
1,OTHER,1.0,0.886536,0.015,1.0,0.882016,0.015,40.0,1070.0,False,35,0.0,-0.0045199999999999685,0.0,0.0045199999999999685,-90.0,180.0,0.6666666666666666,0.006779999999999953,213.995774033187,214.00255403318698,1.0,0.8842760000000001,0.015,15.773072000000013,1605.0
1,HATCH,1.0,0.882016,0.015,0.882016,1.0,0.015,30.0,1070.0,False,38,-0.11798399999999998,0.11798399999999998,0.0,0.16685457294302722,135.0,135.0,0.5,0.33370914588605444,214.00255403318698,214.33626317907303,0.9410080000000001,0.9410080000000001,0.015,0.0,2140.0
1,OTHER,0.882016,1.0,0.015,0.818377,1.0,0.015,40.0,1070.0,False,41,-0.063639,0.0,0.0,0.063639,180.0,45.00000000000001,0.6666666666666666,0.0954585,214.33626317907303,214.43172167907304,0.8501965,1.0,0.015,,1605.0
1,HATCH,0.818377,1.0,0.015,1.0,0.818377,0.015,30.0,1070.0,False,44,0.18162299999999998,-0.18162299999999998,0.0,0.2568537098388886,-45.0,135.0,0.5,0.5137074196777772,214.43172167907304,214.94542909875082,0.9091885,0.9091885,0.015,0.09545850000000655,2140.0
1,OTHER,1.0,0.818377,0.015,1.0,0.754737,0.015,40.0,1070.0,False,47,0.0,-0.06364000000000003,0.0,0.06364000000000003,-90.0,45.0,0.6666666666666666,0.09546000000000004,214.94542909875082,215.04088909875082,1.0,0.786557,0.015,0.9428750655638396,1605.0
1,HATCH,1.0,0.754737,0.015,0.754737,1.0,0.015,30.0,1070.0,False,50,-0.245263,0.245263,0.0,0.3468542609483124,135.0,135.0,0.5,0.6937085218966248,215.04088909875082,215.73459762064746,0.8773685,0.8773685,0.015,0.09546000000000276,2140.0
1,OTHER,0.754737,1.0,0.015,0.691097,1.0,0.015,40.0,1070.0,False,53,-0.06364000000000003,0.0,0.0,0.06364000000000003,180.0,45.0,0.6666666666666666,0.09546000000000004,215.73459762064746,215.83005762064747,0.722917,1.0,0.015,,1605.0
1,HATCH,0.691097,1.0,0.015,1.0,0.691097,0.015,30.0,1070.0,False,56,0.30890300000000004,-0.30890300000000004,0.0,0.43685481205773624,-45.0,135.0,0.5,0.8737096241154725,215.83005762064747,216.70376724476293,0.8455485,0.8455485,0.015,0.09546000000000276,2140.0
1,OTHER,1.0,0.691097,0.015,1.0,0.627458,0.015,40.0,1070.0,False,59,0.0,-0.063639,0.0,0.063639,-90.0,45.0,0.6666666666666666,0.0954585,216.70376724476293,216.79922574476294,1.0,0.6592775,0.015,50.138767244763045,1605.0
1,HATCH,1.0,0.627458,0.015,0.627458,1.0,0.015,30.0,1070.0,False,62,-0.37254200000000004,0.37254200000000004,0.0,0.5268539489535976,135.0,135.0,0.5,1.0537078979071952,216.79922574476294,217.85293364267014,0.8137289999999999,0.8137289999999999,0.015,0.09545850000000655,2140.0
1,OTHER,0.627458,1.0,0.015,0.563818,1.0,0.015,40.0,1070.0,False,65,-0.06363999999999992,0.0,0.0,0.06363999999999992,180.0,45.0,0.6666666666666666,0.09545999999999988,217.85293364267014,217.94839364267014,0.595638,1.0,0.015,,1605.0
1,HATCH,0.563818,1.0,0.015,1.0,0.563818,0.015,30.0,1070.0,False,68,0.43618199999999996,-0.43618199999999996,0.0,0.6168545000630212,-45.0,135.00000000000003,0.5,1.2337090001260425,217.94839364267014,219.1821026427962,0.781909,0.781909,0.015,0.09546000000000276,2140.0
1,OTHER,1.0,0.563818,0.015,1.0,0.500179,0.015,40.0,1070.0,False,71,0.0,-0.063639,0.0,0.063639,-90.0,45.0,0.6666666666666666,0.0954585,219.1821026427962,219.2775611427962,1.0,0.5319985,0.015,60.7521026427963,1605.0
1,HATCH,1.0,0.500179,0.015,0.500179,1.0,0.015,30.0,1070.0,False,74,-0.49982099999999996,0.49982099999999996,0.0,0.7068536369588827,135.0,135.0,0.5,1.4137072739177654,219.2775611427962,220.69126841671397,0.7500895000000001,0.7500895000000001,0.015,0.09545850000000655,2140.0
1,OTHER,0.500179,1.0,0.015,0.436539,1.0,0.015,40.0,1070.0,False,77,-0.06364000000000003,0.0,0.0,0.06364000000000003,180.0,45.00000000000001,0.6666666666666666,0.09546000000000004,220.69126841671397,220.78672841671397,0.468359,1.0,0.015,,1605.0
1,HATCH,0.436539,1.0,0.015,1.0,0.436539,0.015,30.0,1070.0,False,80,0.563461,-0.563461,0.0,0.7968541880683064,-45.0,135.00000000000003,0.5,1.5937083761366129,220.78672841671397,222.3804367928506,0.7182695,0.7182695,0.015,0.09546000000000276,2140.0
1,OTHER,1.0,0.436539,0.015,1.0,0.372899,0.015,40.0,1070.0,False,83,0.0,-0.06364000000000003,0.0,0.06364000000000003,-90.0,44.999999999999986,0.6666666666666666,0.09546000000000004,222.3804367928506,222.4758967928506,1.0,0.404719,0.015,80.22043679285068,1605.0
1,HATCH,1.0,0.372899,0.015,0.372899,1.0,0.015,30.0,1070.0,False,86,-0.627101,0.627101,0.0,0.8868547391777303,135.0,135.0,0.5,1.7737094783554606,222.4758967928506,224.24960627120606,0.6864494999999999,0.6864494999999999,0.015,0.09546000000000276,2140.0
1,OTHER,0.372899,1.0,0.015,0.30926,1.0,0.015,40.0,1070.0,False,89,-0.063639,0.0,0.0,0.063639,180.0,45.0,0.6666666666666666,0.0954585,224.24960627120606,224.34506477120607,0.3410795,1.0,0.015,,1605.0
1,HATCH,0.30926,1.0,0.015,1.0,0.30926,0.015,30.0,1070.0,False,92,0.69074,-0.69074,0.0,0.9768538760735918,-45.0,135.0,0.5,1.9537077521471835,224.34506477120607,226.29877252335325,0.65463,0.65463,0.015,0.09545850000000655,2140.0
1,OTHER,1.0,0.30926,0.015,1.0,0.24562,0.015,40.0,1070.0,False,95,0.0,-0.06363999999999997,0.0,0.06363999999999997,-90.0,45.00000000000001,0.6666666666666666,0.09545999999999996,226.29877252335325,226.39423252335325,1.0,0.27744,0.015,92.27377252335333,1605.0
1,HATCH,1.0,0.24562,0.015,0.24562,1.0,0.015,30.0,1070.0,False,98,-0.75438,0.75438,0.0,1.0668544271830156,135.0,135.0,0.5,2.133708854366031,226.39423252335325,228.5279413777193,0.62281,0.62281,0.015,0.09546000000000276,2140.0
1,OTHER,0.24562,1.0,0.015,0.181981,1.0,0.015,40.0,1070.0,False,101,-0.063639,0.0,0.0,0.063639,180.0,45.0,0.6666666666666666,0.0954585,228.5279413777193,228.6233998777193,0.2138005,1.0,0.015,,1605.0
1,HATCH,0.181981,1.0,0.015,1.0,0.181981,0.015,30.0,1070.0,False,104,0.818019,-0.818019,0.0,1.1568535640788769,-45.0,135.0,0.5,2.3137071281577537,228.6233998777193,230.93710700587704,0.5909905,0.5909905,0.015,0.09545850000000655,2140.0
1,OTHER,1.0,0.181981,0.015,1.0,0.118341,0.015,40.0,1070.0,False,107,0.0,-0.06364,0.0,0.06364,-90.0,45.00000000000001,0.6666666666666666,0.09546,230.93710700587704,231.03256700587704,1.0,0.150161,0.015,105.0471070058771,1605.0
1,HATCH,1.0,0.118341,0.015,0.118341,1.0,0.015,30.0,1070.0,False,110,-0.881659,0.881659,0.0,1.2468541151883006,135.0,135.0,0.5,2.493708230376601,231.03256700587704,233.52627523625364,0.5591705,0.5591705,0.015,0.09546000000000276,2140.0
1,OTHER,0.118341,1.0,0.015,0.054701,1.0,0.015,40.0,1070.0,False,113,-0.06364,0.0,0.0,0.06364,180.0,45.00000000000001,0.6666666666666666,0.09546,233.52627523625364,233.62173523625364,0.086521,1.0,0.015,31.53050120306665,1605.0
1,HATCH,0.054701,1.0,0.015,1.0,0.054701,0.015,30.0,1070.0,False,116,0.945299,-0.945299,0.0,1.3368546662977243,-45.0,135.0,0.5,2.6737093325954486,233.62173523625364,236.2954445688491,0.5273505,0.5273505,0.015,0.09546000000000276,2140.0
1,OTHER,1.0,0.054701,0.015,1.0,-0.008938,0.015,40.0,1070.0,False,119,0.0,-0.063639,0.0,0.063639,-90.0,45.0,0.6666666666666666,0.0954585,236.2954445688491,236.3909030688491,1.0,0.0228815,0.015,22.299670535662102,1605.0
1,HATCH,1.0,-0.008938,0.015,-0.008938,1.0,0.015,30.0,1070.0,False,122,-1.008938,1.008938,0.0,1.4268538031935856,135.0,135.0,0.5,2.853707606387171,236.3909030688491,239.24461067523626,0.495531,0.495531,0.015,0.09545850000000655,2140.0
1,OTHER,-0.008938,1.0,0.015,-0.072578,1.0,0.015,40.0,1070.0,False,125,-0.06364,0.0,0.0,0.06364,180.0,45.0,0.6666666666666666,0.09546,239.24461067523626,239.34007067523626,-0.040758,1.0,0.015,37.24883664204927,1605.0
1,HATCH,-0.072578,1.0,0.015,1.0,-0.072578,0.015,30.0,1070.0,False,128,1.072578,-1.072578,0.0,1.5168543543030095,-45.0,135.0,0.5,3.033708708606019,239.34007067523626,242.37377938384228,0.463711,0.463711,0.015,0.09546000000000276,2140.0
1,OTHER,1.0,-0.072578,0.015,1.0,-0.136218,0.015,40.0,1070.0,False,131,0.0,-0.06364,0.0,0.06364,-90.0,45.0,0.6666666666666666,0.09546,242.37377938384228,242.46923938384228,1.0,-0.104398,0.015,28.378005350655286,1605.0
1,HATCH,1.0,-0.136218,0.015,-0.136218,1.0,0.015,30.0,1070.0,False,134,-1.136218,1.136218,0.0,1.6068549054124333,135.0,135.0,0.5,3.2137098108248665,242.46923938384228,245.68294919466715,0.431891,0.431891,0.015,0.09546000000000276,2140.0
1,OTHER,-0.136218,1.0,0.015,-0.199857,1.0,0.015,40.0,1070.0,False,137,-0.063639,0.0,0.0,0.063639,180.0,45.00000000000001,0.6666666666666666,0.0954585,245.68294919466715,245.77840769466715,-0.1680375,1.0,0.015,,1605.0
1,HATCH,-0.199857,1.0,0.015,1.0,-0.199857,0.015,30.0,1070.0,False,140,1.199857,-1.199857,0.0,1.6968540423082947,-45.0,135.0,0.5,3.3937080846165895,245.77840769466715,249.17211577928373,0.4000715,0.4000715,0.015,0.09545850000000655,2140.0
1,OTHER,1.0,-0.199857,0.015,1.0,-0.263497,0.015,40.0,1070.0,False,143,0.0,-0.06363999999999997,0.0,0.06363999999999997,-90.0,45.00000000000001,0.6666666666666666,0.09545999999999996,249.17211577928373,249.26757577928373,1.0,-0.231677,0.015,163.95711577928375,1605.0
1,HATCH,1.0,-0.263497,0.015,-0.263497,1.0,0.015,30.0,1070.0,False,146,-1.263497,1.263497,0.0,1.7868545934177187,135.0,135.0,0.5,3.5737091868354374,249.26757577928373,252.84128496611916,0.3682515,0.3682515,0.015,0.09546000000000276,2140.0
1,OTHER,-0.263497,1.0,0.015,-0.327136,1.0,0.015,40.0,1070.0,False,149,-0.063639,0.0,0.0,0.063639,180.0,45.00000000000001,0.6666666666666666,0.0954585,252.84128496611916,252.93674346611917,-0.2953165,1.0,0.015,,1605.0
1,HATCH,-0.327136,1.0,0.015,1.0,-0.327136,0.015,30.0,1070.0,False,152,1.3271359999999999,-1.3271359999999999,0.0,1.8768537303135797,-45.0,135.0,0.5,3.7537074606271594,252.93674346611917,256.69045092674634,0.336432,0.336432,0.015,0.09545850000000655,2140.0
1,OTHER,1.0,-0.327136,0.015,1.0,-0.390776,0.015,40.0,1070.0,False,155,0.0,-0.06364000000000003,0.0,0.06364000000000003,-90.0,45.00000000000001,0.6666666666666666,0.09546000000000004,256.69045092674634,256.78591092674634,1.0,-0.358956,0.015,179.61045092674635,1605.0
1,HATCH,1.0,-0.390776,0.015,-0.390776,1.0,0.015,30.0,1070.0,False,158,-1.390776,1.390776,0.0,1.9668542814230037,135.0,135.0,0.5,3.9337085628460073,256.78591092674634,260.71961948959233,0.304612,0.304612,0.015,0.09546000000000276,2140.0
1,OTHER,-0.390776,1.0,0.015,-0.454416,1.0,0.015,40.0,1070.0,False,161,-0.06363999999999997,0.0,0.0,0.06363999999999997,180.0,45.00000000000001,0.6666666666666666,0.09545999999999996,260.71961948959233,260.81507948959234,-0.42259599999999997,1.0,0.015,,1605.0
1,HATCH,-0.454416,1.0,0.015,1.0,-0.454416,0.015,30.0,1070.0,False,164,1.454416,-1.454416,0.0,2.0568548325324274,-45.0,135.0,0.5,4.113709665064855,260.81507948959234,264.9287891546572,0.27279200000000003,0.27279200000000003,0.015,0.09546000000000276,2140.0
1,OTHER,1.0,-0.454416,0.015,1.0,-0.518055,0.015,40.0,1070.0,False,167,0.0,-0.06363900000000006,0.0,0.06363900000000006,-90.0,45.0,0.6666666666666666,0.09545850000000008,264.9287891546572,265.0242476546572,1.0,-0.48623550000000004,0.015,195.9837891546572,1605.0
1,HATCH,1.0,-0.518055,0.015,-0.518055,1.0,0.015,30.0,1070.0,False,170,-1.518055,1.518055,0.0,2.146853969428289,135.0,135.0,0.5,4.293707938856578,265.0242476546572,269.3179555935138,0.24097249999999998,0.24097249999999998,0.015,0.09545850000000655,2140.0
1,OTHER,-0.518055,1.0,0.015,-0.581695,1.0,0.015,40.0,1070.0,False,173,-0.06363999999999992,0.0,0.0,0.06363999999999992,180.0,45.00000000000001,0.6666666666666666,0.09545999999999988,269.3179555935138,269.4134155935138,-0.549875,1.0,0.015,,1605.0
1,HATCH,-0.581695,1.0,0.015,1.0,-0.581695,0.015,30.0,1070.0,False,176,1.5816949999999999,-1.5816949999999999,0.0,2.2368545205377126,-45.0,135.0,0.5,4.473709041075425,269.4134155935138,273.8871246345892,0.20915250000000002,0.20915250000000002,0.015,0.09546000000000276,2140.0
1,OTHER,1.0,-0.581695,0.015,1.0,-0.645334,0.015,40.0,1070.0,False,179,0.0,-0.063639,0.0,0.063639,-90.0,45.00000000000001,0.6666666666666666,0.0954585,273.8871246345892,273.9825831345892,1.0,-0.6135145,0.015,221.2121246345892,1605.0
1,HATCH,1.0,-0.645334,0.015,-0.645334,1.0,0.015,30.0,1070.0,False,182,-1.645334,1.645334,0.0,2.326853657433574,135.0,135.0,0.5,4.653707314867148,273.9825831345892,278.6362904494564,0.17733300000000002,0.17733300000000002,0.015,0.09545850000000655,2140.0
1,OTHER,-0.645334,1.0,0.015,-0.708974,1.0,0.015,40.0,1070.0,False,185,-0.06364000000000003,0.0,0.0,0.06364000000000003,180.0,45.0,0.6666666666666666,0.09546000000000004,278.6362904494564,278.7317504494564,-0.677154,1.0,0.015,,1605.0
1,HATCH,-0.708974,1.0,0.015,1.0,-0.708974,0.015,30.0,1070.0,False,188,1.708974,-1.708974,0.0,2.416854208542998,-45.0,135.0,0.5,4.833708417085996,278.7317504494564,283.5654588665424,0.145513,0.145513,0.015,0.09546000000000276,2140.0
1,OTHER,1.0,-0.708974,0.015,1.0,-0.772614,0.015,40.0,1070.0,False,191,0.0,-0.06364000000000003,0.0,0.06364000000000003,-90.0,45.00000000000001,0.6666666666666666,0.09546000000000004,283.5654588665424,283.6609188665424,1.0,-0.740794,0.015,239.02545886654235,1605.0
1,HATCH,1.0,-0.772614,0.015,-0.772614,1.0,0.015,30.0,1070.0,False,194,-1.772614,1.772614,0.0,2.5068547596524215,135.0,135.0,0.5,5.013709519304843,283.6609188665424,288.6746283858472,0.11369299999999999,0.11369299999999999,0.015,0.09546000000000276,2140.0
1,OTHER,-0.772614,1.0,0.015,-0.836253,1.0,0.015,40.0,1070.0,False,197,-0.063639,0.0,0.0,0.063639,180.0,45.00000000000001,0.6666666666666666,0.0954585,288.6746283858472,288.7700868858472,-0.8044335,1.0,0.015,,1605.0
1,HATCH,-0.836253,1.0,0.015,1.0,-0.836253,0.015,30.0,1070.0,False,200,1.8362530000000001,-1.8362530000000001,0.0,2.596853896548283,-45.0,135.0,0.5,5.193707793096566,288.7700868858472,293.96379467894377,0.08187349999999999,0.08187349999999999,0.015,0.09545850000000655,2140.0
1,OTHER,1.0,-0.836253,0.015,1.0,-0.899893,0.015,40.0,1070.0,False,203,0.0,-0.06364000000000003,0.0,0.06364000000000003,-90.0,45.00000000000001,0.6666666666666666,0.09546000000000004,293.96379467894377,294.0592546789438,1.0,-0.8680730000000001,0.015,265.6937946789438,1605.0
1,HATCH,1.0,-0.899893,0.015,-0.899893,1.0,0.015,30.0,1070.0,False,206,-1.899893,1.899893,0.0,2.6868544476577068,135.0,135.0,0.5,5.3737088953154135,294.0592546789438,299.4329635742592,0.05005349999999997,0.05005349999999997,0.015,0.09546000000000276,2140.0
1,OTHER,-0.899893,1.0,0.015,-0.963532,1.0,0.015,40.0,1070.0,False,209,-0.063639,0.0,0.0,0.063639,180.0,45.0,0.6666666666666666,0.0954585,299.4329635742592,299.5284220742592,-0.9317125,1.0,0.015,97.21026154107221,1605.0
1,HATCH,-0.963532,1.0,0.015,1.0,-0.963532,0.015,30.0,1070.0,False,212,1.963532,-1.963532,0.0,2.7768535845535682,-45.0,135.0,0.5,5.5537071691071365,299.5284220742592,305.08212924336635,0.018233999999999972,0.018233999999999972,0.015,0.09545850000000655,2140.0
1,OTHER,1.0,-0.963532,0.015,0.972828,-1.0,0.015,40.0,1070.0,False,215,-0.027171999999999974,-0.036467999999999945,0.0,0.045477825453730684,-126.689485123859,81.689485123859,0.6666666666666666,0.06821673818059604,305.08212924336635,305.15034598154693,0.986414,-0.981766,0.015,94.85942721017938,1605.0
1,HATCH,0.972828,-1.0,0.015,-1.0,0.972828,0.015,30.0,1070.0,False,218,-1.972828,1.972828,0.0,2.7900001138293886,135.0,98.31051487614101,0.5,5.580000227658777,305.15034598154693,310.7303462092057,-0.013585999999999987,-0.013585999999999987,0.015,0.06821673818058116,2140.0
1,OTHER,-1.0,0.972828,0.015,-1.0,0.909188,0.015,40.0,1070.0,False,221,0.0,-0.06364000000000003,0.0,0.06364000000000003,-90.0,135.0,0.6666666666666666,0.09546000000000004,310.7303462092057,310.8258062092057,-1.0,0.9410080000000001,0.015,11.201924134946523,1605.0
1,HATCH,-1.0,0.909188,0.015,0.909188,-1.0,0.015,30.0,1070.0,False,224,1.9091879999999999,-1.9091879999999999,0.0,2.6999995627199644,-45.0,45.00000000000001,0.5,5.399999125439929,310.8258062092057,316.22580533464566,-0.045406,-0.045406,0.015,0.09546000000000276,2140.0
1,OTHER,0.909188,-1.0,0.015,0.845549,-1.0,0.015,40.0,1070.0,False,227,-0.063639,0.0,0.0,0.063639,180.0,135.0,0.6666666666666666,0.0954585,316.22580533464566,316.32126383464566,0.8773685,-1.0,0.015,106.00310330145868,1605.0
1,HATCH,0.845549,-1.0,0.015,-1.0,0.845549,0.015,30.0,1070.0,False,230,-1.845549,1.845549,0.0,2.6100004258241034,135.0,45.0,0.5,5.220000851648207,316.32126383464566,321.54126468629386,-0.0772255,-0.0772255,0.015,0.09545850000000655,2140.0
1,OTHER,-1.0,0.845549,0.015,-1.0,0.781909,0.015,40.0,1070.0,False,233,0.0,-0.06364000000000003,0.0,0.06364000000000003,-90.0,135.0,0.6666666666666666,0.09546000000000004,321.54126468629386,321.63672468629386,-1.0,0.8137289999999999,0.015,134.638764686294,1605.0
1,HATCH,-1.0,0.781909,0.015,0.781909,-1.0,0.015,30.0,1070.0,False,236,1.781909,-1.781909,0.0,2.5199998747146792,-45.0,45.0,0.5,5.0399997494293585,321.63672468629386,326.6767244357232,-0.10904550000000002,-0.10904550000000002,0.015,0.09546000000000276,2140.0
1,OTHER,0.781909,-1.0,0.015,0.718269,-1.0,0.015,40.0,1070.0,False,239,-0.06363999999999992,0.0,0.0,0.06363999999999992,180.0,135.0,0.6666666666666666,0.09545999999999988,326.6767244357232,326.7721844357232,0.750089,-1.0,0.015,,1605.0
1,HATCH,0.718269,-1.0,0.015,-1.0,0.718269,0.015,30.0,1070.0,False,242,-1.718269,1.718269,0.0,2.429999323605256,135.0,45.00000000000001,0.5,4.859998647210512,326.7721844357232,331.6321830829337,-0.14086549999999998,-0.14086549999999998,0.015,0.09546000000000276,2140.0
1,OTHER,-1.0,0.718269,0.015,-1.0,0.65463,0.015,40.0,1070.0,False,245,0.0,-0.063639,0.0,0.063639,-90.0,135.0,0.6666666666666666,0.0954585,331.6321830829337,331.7276415829337,-1.0,0.6864495,0.015,160.9996830829338,1605.0
1,HATCH,-1.0,0.65463,0.015,0.65463,-1.0,0.015,30.0,1070.0,False,248,1.65463,-1.65463,0.0,2.3400001867093945,-45.0,45.0,0.5,4.680000373418789,331.7276415829337,336.4076419563525,-0.17268499999999998,-0.17268499999999998,0.015,0.09545850000000655,2140.0
1,OTHER,0.65463,-1.0,0.015,0.59099,-1.0,0.015,40.0,1070.0,False,251,-0.06364000000000003,0.0,0.0,0.06364000000000003,180.0,135.0,0.6666666666666666,0.09546000000000004,336.4076419563525,336.5031019563525,0.6228100000000001,-1.0,0.015,,1605.0
1,HATCH,0.59099,-1.0,0.015,-1.0,0.59099,0.015,30.0,1070.0,False,254,-1.5909900000000001,1.5909900000000001,0.0,2.2499996355999707,135.0,45.0,0.5,4.4999992711999415,336.5031019563525,341.00310122755246,-0.204505,-0.204505,0.015,0.09546000000000276,2140.0
1,OTHER,-1.0,0.59099,0.015,-1.0,0.527351,0.015,40.0,1070.0,False,257,0.0,-0.063639,0.0,0.063639,-90.0,135.0,0.6666666666666666,0.0954585,341.00310122755246,341.09855972755247,-1.0,0.5591705,0.015,178.50560122755257,1605.0
1,HATCH,-1.0,0.527351,0.015,0.527351,-1.0,0.015,30.0,1070.0,False,260,1.527351,-1.527351,0.0,2.160000498704109,-45.0,45.00000000000001,0.5,4.320000997408218,341.09855972755247,345.4185607249607,-0.2363245,-0.2363245,0.015,0.09545850000000655,2140.0
1,OTHER,0.527351,-1.0,0.015,0.463711,-1.0,0.015,40.0,1070.0,False,263,-0.06364000000000003,0.0,0.0,0.06364000000000003,180.0,135.0,0.6666666666666666,0.09546000000000004,345.4185607249607,345.5140207249607,0.495531,-1.0,0.015,,1605.0
1,HATCH,0.463711,-1.0,0.015,-1.0,0.463711,0.015,30.0,1070.0,False,266,-1.463711,1.463711,0.0,2.069999947594685,135.0,45.0,0.5,4.13999989518937,345.5140207249607,349.65402062015005,-0.2681445,-0.2681445,0.015,0.09546000000000276,2140.0
1,OTHER,-1.0,0.463711,0.015,-1.0,0.400071,0.015,40.0,1070.0,False,269,0.0,-0.06363999999999997,0.0,0.06363999999999997,-90.0,135.0,0.6666666666666666,0.09545999999999996,349.65402062015005,349.74948062015005,-1.0,0.431891,0.015,203.42652062015014,1605.0
1,HATCH,-1.0,0.400071,0.015,0.400071,-1.0,0.015,30.0,1070.0,False,272,1.400071,-1.400071,0.0,1.9799993964852616,-45.0,45.0,0.5,3.959998792970523,349.74948062015005,353.70947941312056,-0.29996449999999997,-0.29996449999999997,0.015,0.09546000000000276,2140.0
1,OTHER,0.400071,-1.0,0.015,0.336432,-1.0,0.015,40.0,1070.0,False,275,-0.063639,0.0,0.0,0.063639,180.0,135.0,0.6666666666666666,0.0954585,353.70947941312056,353.80493791312057,0.3682515,-1.0,0.015,,1605.0
1,HATCH,0.336432,-1.0,0.015,-1.0,0.336432,0.015,30.0,1070.0,False,278,-1.336432,1.336432,0.0,1.8900002595894003,135.0,45.00000000000001,0.5,3.7800005191788006,353.80493791312057,357.5849384322994,-0.33178399999999997,-0.33178399999999997,0.015,0.09545850000000655,2140.0
1,OTHER,-1.0,0.336432,0.015,-1.0,0.272792,0.015,40.0,1070.0,False,281,0.0,-0.06364000000000003,0.0,0.06364000000000003,-90.0,135.0,0.6666666666666666,0.09546000000000004,357.5849384322994,357.6803984322994,-1.0,0.304612,0.015,219.49243843229948,1605.0
1,HATCH,-1.0,0.272792,0.015,0.272792,-1.0,0.015,30.0,1070.0,False,284,1.272792,-1.272792,0.0,1.7999997084799764,-45.0,45.00000000000001,0.5,3.5999994169599527,357.6803984322994,361.2803978492594,-0.36360400000000004,-0.36360400000000004,0.015,0.09546000000000276,2140.0
1,OTHER,0.272792,-1.0,0.015,0.209153,-1.0,0.015,40.0,1070.0,False,287,-0.06363899999999997,0.0,0.0,0.06363899999999997,180.0,135.0,0.6666666666666666,0.09545849999999996,361.2803978492594,361.3758563492594,0.24097249999999998,-1.0,0.015,,1605.0
1,HATCH,0.209153,-1.0,0.015,-1.0,0.209153,0.015,30.0,1070.0,False,290,-1.209153,1.209153,0.0,1.710000571584115,135.0,45.0,0.5,3.42000114316823,361.3758563492594,364.7958574924276,-0.3954235,-0.3954235,0.015,0.09545850000000655,2140.0
1,OTHER,-1.0,0.209153,0.015,-1.0,0.145513,0.015,40.0,1070.0,False,293,0.0,-0.06364,0.0,0.06364,-90.0,135.0,0.6666666666666666,0.09546,364.7958574924276,364.8913174924276,-1.0,0.17733300000000002,0.015,242.97335749242768,1605.0
1,HATCH,-1.0,0.145513,0.015,0.145513,-1.0,0.015,30.0,1070.0,False,296,1.145513,-1.145513,0.0,1.6200000204746912,-45.0,45.0,0.5,3.2400000409493823,364.8913174924276,368.131317533377,-0.4272435,-0.4272435,0.015,0.09546000000000276,2140.0
1,OTHER,0.145513,-1.0,0.015,0.081873,-1.0,0.015,40.0,1070.0,False,299,-0.06364,0.0,0.0,0.06364,180.0,135.0,0.6666666666666666,0.09546,368.131317533377,368.226777533377,0.113693,-1.0,0.015,,1605.0
1,HATCH,0.081873,-1.0,0.015,-1.0,0.081873,0.015,30.0,1070.0,False,302,-1.081873,1.081873,0.0,1.5299994693652677,135.0,45.0,0.5,3.0599989387305353,368.226777533377,371.28677647210753,-0.4590635,-0.4590635,0.015,0.09546000000000276,2140.0
1,OTHER,-1.0,0.081873,0.015,-1.0,0.018234,0.015,40.0,1070.0,False,305,0.0,-0.063639,0.0,0.063639,-90.0,135.0,0.6666666666666666,0.0954585,371.28677647210753,371.38223497210754,-1.0,0.0500535,0.015,165.29100243892054,1605.0
1,HATCH,-1.0,0.018234,0.015,0.018234,-1.0,0.015,30.0,1070.0,False,308,1.018234,-1.018234,0.0,1.4400003324694062,-45.0,45.00000000000001,0.5,2.8800006649388123,371.38223497210754,374.26223563704633,-0.490883,-0.490883,0.015,0.09545850000000655,2140.0
1,OTHER,0.018234,-1.0,0.015,-0.045406,-1.0,0.015,40.0,1070.0,False,311,-0.06364,0.0,0.0,0.06364,180.0,135.0,0.6666666666666666,0.09546,374.26223563704633,374.35769563704633,-0.013586,-1.0,0.015,164.26646160385934,1605.0
1,HATCH,-0.045406,-1.0,0.015,-1.0,-0.045406,0.015,30.0,1070.0,False,314,-0.9545939999999999,0.9545939999999999,0.0,1.3499997813599822,135.0,45.0,0.5,2.6999995627199644,374.35769563704633,377.0576951997663,-0.522703,-0.522703,0.015,0.09546000000000276,2140.0
1,OTHER,-1.0,-0.045406,0.015,-1.0,-0.109045,0.015,40.0,1070.0,False,317,0.0,-0.063639,0.0,0.063639,-90.0,135.0,0.6666666666666666,0.0954585,377.0576951997663,377.1531536997663,-1.0,-0.0772255,0.015,271.5051951997663,1605.0
1,HATCH,-1.0,-0.109045,0.015,-0.109045,-1.0,0.015,30.0,1070.0,False,320,0.8909549999999999,-0.8909549999999999,0.0,1.2600006444641207,-45.0,45.0,0.5,2.5200012889282415,377.1531536997663,379.67315498869453,-0.5545225,-0.5545225,0.015,0.09545850000000655,2140.0
1,OTHER,-0.109045,-1.0,0.015,-0.172685,-1.0,0.015,40.0,1070.0,False,323,-0.06364,0.0,0.0,0.06364,180.0,135.0,0.6666666666666666,0.09546,379.67315498869453,379.76861498869454,-0.14086500000000002,-1.0,0.015,169.67738095550754,1605.0
1,HATCH,-0.172685,-1.0,0.015,-1.0,-0.172685,0.015,30.0,1070.0,False,326,-0.827315,0.827315,0.0,1.1700000933546972,135.0,45.0,0.5,2.3400001867093945,379.76861498869454,382.10861517540394,-0.5863425,-0.5863425,0.015,0.09546000000000276,2140.0
1,OTHER,-1.0,-0.172685,0.015,-1.0,-0.236325,0.015,40.0,1070.0,False,329,0.0,-0.06364,0.0,0.06364,-90.0,135.0,0.6666666666666666,0.09546,382.10861517540394,382.20407517540394,-1.0,-0.204505,0.015,292.82611517540397,1605.0
1,HATCH,-1.0,-0.236325,0.015,-0.236325,-1.0,0.015,30.0,1070.0,False,332,0.763675,-0.763675,0.0,1.0799995422452733,-45.0,44.999999999999986,0.5,2.1599990844905466,382.20407517540394,384.3640742598945,-0.6181625,-0.6181625,0.015,0.09546000000000276,2140.0
1,OTHER,-0.236325,-1.0,0.015,-0.299964,-1.0,0.015,40.0,1070.0,False,335,-0.063639,0.0,0.0,0.063639,180.0,135.0,0.6666666666666666,0.0954585,384.3640742598945,384.4595327598945,-0.2681445,-1.0,0.015,,1605.0
1,HATCH,-0.299964,-1.0,0.015,-1.0,-0.299964,0.015,30.0,1070.0,False,338,-0.700036,0.700036,0.0,0.9900004053494119,135.0,45.0,0.5,1.9800008106988238,384.4595327598945,386.4395335705933,-0.6499820000000001,-0.6499820000000001,0.015,0.09545850000000655,2140.0
1,OTHER,-1.0,-0.299964,0.015,-1.0,-0.363604,0.015,40.0,1070.0,False,341,0.0,-0.06363999999999997,0.0,0.06363999999999997,-90.0,135.0,0.6666666666666666,0.09545999999999996,386.4395335705933,386.5349935705933,-1.0,-0.33178399999999997,0.015,305.29203357059333,1605.0
1,HATCH,-1.0,-0.363604,0.015,-0.363604,-1.0,0.015,30.0,1070.0,False,344,0.636396,-0.636396,0.0,0.8999998542399882,-45.0,45.00000000000001,0.5,1.7999997084799764,386.5349935705933,388.3349932790733,-0.681802,-0.681802,0.015,0.09546000000000276,2140.0
1,OTHER,-0.363604,-1.0,0.015,-0.427244,-1.0,0.015,40.0,1070.0,False,347,-0.06364000000000003,0.0,0.0,0.06364000000000003,180.0,135.0,0.6666666666666666,0.09546000000000004,388.3349932790733,388.4304532790733,-0.395424,-1.0,0.015,,1605.0
1,HATCH,-0.427244,-1.0,0.015,-1.0,-0.427244,0.015,30.0,1070.0,False,350,-0.572756,0.572756,0.0,0.8099993031305645,135.0,45.0,0.5,1.619998606261129,388.4304532790733,390.0504518853344,-0.713622,-0.713622,0.015,0.09546000000000276,2140.0
1,OTHER,-1.0,-0.427244,0.015,-1.0,-0.490883,0.015,40.0,1070.0,False,353,0.0,-0.063639,0.0,0.063639,-90.0,135.0,0.6666666666666666,0.0954585,390.0504518853344,390.1459103853344,-1.0,-0.4590635,0.015,325.1729518853344,1605.0
1,HATCH,-1.0,-0.490883,0.015,-0.490883,-1.0,0.015,30.0,1070.0,False,356,0.509117,-0.509117,0.0,0.7200001662347031,-45.0,45.00000000000001,0.5,1.4400003324694062,390.1459103853344,391.5859107178038,-0.7454415,-0.7454415,0.015,0.09545850000000655,2140.0
1,OTHER,-0.490883,-1.0,0.015,-0.554523,-1.0,0.015,40.0,1070.0,False,359,-0.06363999999999997,0.0,0.0,0.06363999999999997,180.0,135.0,0.6666666666666666,0.09545999999999996,391.5859107178038,391.6813707178038,-0.522703,-1.0,0.015,,1605.0
1,HATCH,-0.554523,-1.0,0.015,-1.0,-0.554523,0.015,30.0,1070.0,False,362,-0.445477,0.445477,0.0,0.6299996151252792,135.0,45.0,0.5,1.2599992302505585,391.6813707178038,392.9413699480544,-0.7772615,-0.7772615,0.015,0.09546000000000276,2140.0
1,OTHER,-1.0,-0.554523,0.015,-1.0,-0.618162,0.015,40.0,1070.0,False,365,0.0,-0.063639,0.0,0.063639,-90.0,135.0,0.6666666666666666,0.0954585,392.9413699480544,393.0368284480544,-1.0,-0.5863425,0.015,336.1988699480544,1605.0
1,HATCH,-1.0,-0.618162,0.015,-0.618162,-1.0,0.015,30.0,1070.0,False,368,0.381838,-0.381838,0.0,0.5400004782294179,-45.0,45.00000000000001,0.5,1.0800009564588358,393.0368284480544,394.1168294045132,-0.8090809999999999,-0.8090809999999999,0.015,0.09545850000000655,2140.0
1,OTHER,-0.618162,-1.0,0.015,-0.681802,-1.0,0.015,40.0,1070.0,False,371,-0.06364000000000003,0.0,0.0,0.06364000000000003,180.0,135.0,0.6666666666666666,0.09546000000000004,394.1168294045132,394.2122894045132,-0.6499820000000001,-1.0,0.015,,1605.0
1,HATCH,-0.681802,-1.0,0.015,-1.0,-0.681802,0.015,30.0,1070.0,False,374,-0.318198,0.318198,0.0,0.4499999271199941,135.0,45.00000000000001,0.5,0.8999998542399882,394.2122894045132,395.1122892587532,-0.840901,-0.840901,0.015,0.09546000000000276,2140.0
1,OTHER,-1.0,-0.681802,0.015,-1.0,-0.745442,0.015,40.0,1070.0,False,377,0.0,-0.06364000000000003,0.0,0.06364000000000003,-90.0,135.0,0.6666666666666666,0.09546000000000004,395.1122892587532,395.2077492587532,-1.0,-0.713622,0.015,346.5047892587532,1605.0
1,HATCH,-1.0,-0.745442,0.015,-0.745442,-1.0,0.015,30.0,1070.0,False,380,0.25455799999999995,-0.25455799999999995,0.0,0.35999937601057025,-45.0,45.0,0.5,0.7199987520211405,395.2077492587532,395.92774801077434,-0.8727210000000001,-0.8727210000000001,0.015,0.09546000000000276,2140.0
1,OTHER,-0.745442,-1.0,0.015,-0.809081,-1.0,0.015,40.0,1070.0,False,383,-0.063639,0.0,0.0,0.063639,180.0,135.0,0.6666666666666666,0.0954585,395.92774801077434,396.02320651077434,-0.7772615,-1.0,0.015,,1605.0
1,HATCH,-0.809081,-1.0,0.015,-1.0,-0.809081,0.015,30.0,1070.0,False,386,-0.19091899999999995,0.19091899999999995,0.0,0.2700002391147089,135.0,45.00000000000001,0.5,0.5400004782294178,396.02320651077434,396.5632069890038,-0.9045405,-0.9045405,0.015,0.09545850000000655,2140.0
1,OTHER,-1.0,-0.809081,0.015,-1.0,-0.872721,0.015,40.0,1070.0,False,389,0.0,-0.06363999999999992,0.0,0.06363999999999992,-90.0,135.0,0.6666666666666666,0.09545999999999988,396.5632069890038,396.6586669890038,-1.0,-0.840901,0.015,364.2257069890038,1605.0
1,HATCH,-1.0,-0.872721,0.015,-0.872721,-1.0,0.015,30.0,1070.0,False,392,0.12727900000000003,-0.12727900000000003,0.0,0.1799996880052852,-45.0,45.00000000000001,0.5,0.3599993760105704,396.6586669890038,397.0186663650144,-0.9363604999999999,-0.9363604999999999,0.015,0.09546000000000276,2140.0
1,OTHER,-0.872721,-1.0,0.015,-0.93636,-1.0,0.015,40.0,1070.0,False,395,-0.063639,0.0,0.0,0.063639,180.0,135.0,0.6666666666666666,0.0954585,397.0186663650144,397.1141248650144,-0.9045405,-1.0,0.015,0.0,1605.0
1,HATCH,-0.93636,-1.0,0.015,-1.0,-0.93636,0.015,30.0,1070.0,False,398,-0.06364000000000003,0.06364000000000003,0.0,0.09000055110942382,135.0,45.0,0.5,0.18000110221884763,397.1141248650144,397.29412596723324,-0.96818,-0.96818,0.015,0.0,2140.0
1,OTHER,-1.0,-0.93636,0.015,0.945656,1.0,0.015,40.0,1070.0,False,401,1.945656,1.93636,0.0,2.745007708538539,44.86279795129822,90.1372020487018,0.6666666666666666,4.117511562807809,397.29412596723324,401.41163753004105,-0.027171999999999974,0.031820000000000015,0.015,81.06832063258759,1605.0
1,HATCH,0.945656,1.0,0.015,1.0,0.945656,0.015,30.0,1070.0,False,404,0.05434399999999995,-0.05434399999999995,0.0,0.0768540218336034,-45.0,89.86279795129822,0.5,0.1537080436672068,401.41163753004105,401.56534557370827,0.972828,0.972828,0.015,186.46620843129023,2140.0
1,OTHER,1.0,0.945656,0.015,1.0,0.945656,0.03,40.0,1070.0,False,407,0.0,0.0,0.015,0.015,0.0,,0.6666666666666666,0.0225,401.56534557370827,401.58784557370825,1.0,0.945656,0.0225,0.0,1605.0
2,OTHER,1.0,0.945656,0.03,-1.0,-0.773071,0.03,40.0,1070.0,False,20,-2.0,-1.718727,0.0,2.6370480656463204,-139.32543943708927,,0.6666666666666666,3.9555720984694807,401.58784557370825,405.5434176721777,0.0,0.08629250000000005,0.03,0.17620804366720222,1605.0
2,CONTOUR,-1.0,-0.773071,0.03,-1.0,1.0,0.03,30.0,1070.0,False,23,0.0,1.7730709999999998,0.0,1.7730709999999998,90.0,130.67456056291073,0.5,3.5461419999999997,405.5434176721777,409.0895596721777,-1.0,0.11346450000000002,0.03,34.161182700070185,2140.0
2,CONTOUR,-1.0,1.0,0.03,-0.773071,1.0,0.03,30.0,1070.0,False,24,0.22692900000000005,0.0,0.0,0.22692900000000005,0.0,90.0,0.5,0.4538580000000001,409.0895596721777,409.5434176721777,-0.8865354999999999,1.0,0.03,109.5611375979185,2140.0
2,CONTOUR,-0.773071,1.0,0.03,1.0,1.0,0.03,30.0,1070.0,False,25,1.7730709999999998,0.0,0.0,1.7730709999999998,0.0,0.0,0.5,3.5461419999999997,409.5434176721777,413.0895596721777,0.11346450000000002,1.0,0.03,175.92168243592408,2140.0
2,CONTOUR,1.0,1.0,0.03,1.0,0.773071,0.03,30.0,1070.0,False,26,0.0,-0.22692900000000005,0.0,0.22692900000000005,-90.0,90.0,0.5,0.4538580000000001,413.0895596721777,413.5434176721777,1.0,0.8865354999999999,0.03,11.50171409846945,2140.0
2,CONTOUR,1.0,0.773071,0.03,1.0,-1.0,0.03,30.0,1070.0,False,27,0.0,-1.7730709999999998,0.0,1.7730709999999998,-90.0,0.0,0.5,3.5461419999999997,413.5434176721777,417.0895596721777,1.0,-0.11346450000000002,0.03,171.07417828833545,2140.0
2,CONTOUR,1.0,-1.0,0.03,0.773071,-1.0,0.03,30.0,1070.0,False,28,-0.22692900000000005,0.0,0.0,0.22692900000000005,180.0,90.0,0.5,0.4538580000000001,417.0895596721777,417.5434176721777,0.8865354999999999,-1.0,0.03,100.76829583753204,2140.0
2,CONTOUR,0.773071,-1.0,0.03,-1.0,-1.0,0.03,30.0,1070.0,False,29,-1.7730709999999998,0.0,0.0,1.7730709999999998,180.0,0.0,0.5,3.5461419999999997,417.5434176721777,421.0895596721777,-0.11346450000000002,-1.0,0.03,37.77480268348319,2140.0
2,CONTOUR,-1.0,-1.0,0.03,-1.0,-0.773071,0.03,30.0,1070.0,False,30,0.0,0.22692900000000005,0.0,0.22692900000000005,90.0,90.0,0.5,0.4538580000000001,421.0895596721777,421.5434176721777,-1.0,-0.8865354999999999,0.03,23.795433704944458,2140.0
2,OTHER,-1.0,-0.773071,0.03,-0.955,-1.0,0.03,40.0,1070.0,False,35,0.04500000000000004,-0.22692900000000005,0.0,0.23134772754665223,-78.78375966231528,168.78375966231525,0.6666666666666666,0.34702159131997834,421.5434176721777,421.8904392634977,-0.9775,-0.8865354999999999,0.03,0.0,1605.0
2,HATCH,-0.955,-1.0,0.03,-0.955,1.0,0.03,30.0,1070.0,True,38,0.0,2.0,0.0,2.0,90.0,168.78375966231525,0.5,4.0,421.8904392634977,425.8904392634977,-0.955,0.0,0.03,44.737285563731405,2140.0
2,OTHER,-0.955,1.0,0.03,-0.91,1.0,0.03,40.0,1070.0,False,41,0.04499999999999993,0.0,0.0,0.04499999999999993,0.0,90.0,0.6666666666666666,0.0674999999999999,425.8904392634977,425.9579392634977,-0.9325,1.0,0.03,16.347021591319958,1605.0
2,HATCH,-0.91,1.0,0.03,-0.91,-1.0,0.03,30.0,1070.0,True,44,0.0,-2.0,0.0,2.0,-90.0,90.0,0.5,4.0,425.9579392634977,429.9579392634977,-0.91,0.0,0.03,0.06749999999999545,2140.0
2,OTHER,-0.91,-1.0,0.03,-0.865,-1.0,0.03,40.0,1070.0,False,47,0.04500000000000004,0.0,0.0,0.04500000000000004,0.0,90.0,0.6666666666666666,0.06750000000000006,429.9579392634977,430.0254392634977,-0.8875,-1.0,0.03,32.663813296264436,1605.0
2,HATCH,-0.865,-1.0,0.03,-0.865,1.0,0.03,30.0,1070.0,True,50,0.0,2.0,0.0,2.0,90.0,90.0,0.5,4.0,430.0254392634977,434.0254392634977,-0.865,0.0,0.03,0.06749999999999545,2140.0
2,OTHER,-0.865,1.0,0.03,-0.82,1.0,0.03,40.0,1070.0,False,53,0.04500000000000004,0.0,0.0,0.04500000000000004,0.0,90.0,0.6666666666666666,0.06750000000000006,434.0254392634977,434.09293926349767,-0.8425,1.0,0.03,8.067499999999995,1605.0
2,HATCH,-0.82,1.0,0.03,-0.82,-1.0,0.03,30.0,1070.0,True,56,0.0,-2.0,0.0,2.0,-90.0,90.0,0.5,4.0,434.09293926349767,438.09293926349767,-0.82,0.0,0.03,0.06749999999999545,2140.0
2,OTHER,-0.82,-1.0,0.03,-0.775,-1.0,0.03,40.0,1070.0,False,59,0.04499999999999993,0.0,0.0,0.04499999999999993,0.0,90.0,0.6666666666666666,0.0674999999999999,438.09293926349767,438.16043926349766,-0.7975,-1.0,0.03,8.067499999999995,1605.0
2,HATCH,-0.775,-1.0,0.03,-0.775,1.0,0.03,30.0,1070.0,True,62,0.0,2.0,0.0,2.0,90.0,90.0,0.5,4.0,438.16043926349766,442.16043926349766,-0.775,0.0,0.03,0.06749999999999545,2140.0
2,OTHER,-0.775,1.0,0.03,-0.73,1.0,0.03,40.0,1070.0,False,65,0.04500000000000004,0.0,0.0,0.04500000000000004,0.0,90.0,0.6666666666666666,0.06750000000000006,442.16043926349766,442.22793926349766,-0.7525,1.0,0.03,8.067499999999995,1605.0
2,HATCH,-0.73,1.0,0.03,-0.73,-1.0,0.03,30.0,1070.0,True,68,0.0,-2.0,0.0,2.0,-90.0,90.0,0.5,4.0,442.22793926349766,446.22793926349766,-0.73,0.0,0.03,0.06749999999999545,2140.0
2,OTHER,-0.73,-1.0,0.03,-0.685,-1.0,0.03,40.0,1070.0,False,71,0.04499999999999993,0.0,0.0,0.04499999999999993,0.0,90.0,0.6666666666666666,0.0674999999999999,446.22793926349766,446.29543926349766,-0.7075,-1.0,0.03,8.067499999999995,1605.0
2,HATCH,-0.685,-1.0,0.03,-0.685,1.0,0.03,30.0,1070.0,True,74,0.0,2.0,0.0,2.0,90.0,90.0,0.5,4.0,446.29543926349766,450.29543926349766,-0.685,0.0,0.03,0.06749999999999545,2140.0
2,OTHER,-0.685,1.0,0.03,-0.64,1.0,0.03,40.0,1070.0,False,77,0.04500000000000004,0.0,0.0,0.04500000000000004,0.0,90.0,0.6666666666666666,0.06750000000000006,450.29543926349766,450.36293926349765,-0.6625000000000001,1.0,0.03,8.067499999999995,1605.0
2,HATCH,-0.64,1.0,0.03,-0.64,-1.0,0.03,30.0,1070.0,True,80,0.0,-2.0,0.0,2.0,-90.0,90.0,0.5,4.0,450.36293926349765,454.36293926349765,-0.64,0.0,0.03,0.06749999999999545,2140.0
2,OTHER,-0.64,-1.0,0.03,-0.595,-1.0,0.03,40.0,1070.0,False,83,0.04500000000000004,0.0,0.0,0.04500000000000004,0.0,90.0,0.6666666666666666,0.06750000000000006,454.36293926349765,454.43043926349765,-0.6174999999999999,-1.0,0.03,8.067499999999995,1605.0
2,HATCH,-0.595,-1.0,0.03,-0.595,1.0,0.03,30.0,1070.0,True,86,0.0,2.0,0.0,2.0,90.0,90.0,0.5,4.0,454.43043926349765,458.43043926349765,-0.595,0.0,0.03,0.06749999999999545,2140.0
2,OTHER,-0.595,1.0,0.03,-0.55,1.0,0.03,40.0,1070.0,False,89,0.04499999999999993,0.0,0.0,0.04499999999999993,0.0,90.0,0.6666666666666666,0.0674999999999999,458.43043926349765,458.49793926349764,-0.5725,1.0,0.03,8.067499999999995,1605.0
2,HATCH,-0.55,1.0,0.03,-0.55,-1.0,0.03,30.0,1070.0,True,92,0.0,-2.0,0.0,2.0,-90.0,90.0,0.5,4.0,458.49793926349764,462.49793926349764,-0.55,0.0,0.03,0.06749999999999545,2140.0
2,OTHER,-0.55,-1.0,0.03,-0.505,-1.0,0.03,40.0,1070.0,False,95,0.04500000000000004,0.0,0.0,0.04500000000000004,0.0,90.0,0.6666666666666666,0.06750000000000006,462.49793926349764,462.56543926349764,-0.5275000000000001,-1.0,0.03,8.067499999999995,1605.0
2,HATCH,-0.505,-1.0,0.03,-0.505,1.0,0.03,30.0,1070.0,True,98,0.0,2.0,0.0,2.0,90.0,90.0,0.5,4.0,462.56543926349764,466.56543926349764,-0.505,0.0,0.03,0.06749999999999545,2140.0
2,OTHER,-0.505,1.0,0.03,-0.46,1.0,0.03,40.0,1070.0,False,101,0.044999999999999984,0.0,0.0,0.044999999999999984,0.0,90.0,0.6666666666666666,0.06749999999999998,466.56543926349764,466.63293926349763,-0.48250000000000004,1.0,0.03,8.067499999999995,1605.0
2,HATCH,-0.46,1.0,0.03,-0.46,-1.0,0.03,30.0,1070.0,True,104,0.0,-2.0,0.0,2.0,-90.0,90.0,0.5,4.0,466.63293926349763,470.63293926349763,-0.46,0.0,0.03,0.06749999999999545,2140.0
2,OTHER,-0.46,-1.0,0.03,-0.415,-1.0,0.03,40.0,1070.0,False,107,0.04500000000000004,0.0,0.0,0.04500000000000004,0.0,90.0,0.6666666666666666,0.06750000000000006,470.63293926349763,470.7004392634976,-0.4375,-1.0,0.03,8.067499999999995,1605.0
2,HATCH,-0.415,-1.0,0.03,-0.415,1.0,0.03,30.0,1070.0,True,110,0.0,2.0,0.0,2.0,90.0,90.0,0.5,4.0,470.7004392634976,474.7004392634976,-0.415,0.0,0.03,0.06749999999999545,2140.0
2,OTHER,-0.415,1.0,0.03,-0.37,1.0,0.03,40.0,1070.0,False,113,0.044999999999999984,0.0,0.0,0.044999999999999984,0.0,90.0,0.6666666666666666,0.06749999999999998,474.7004392634976,474.7679392634976,-0.39249999999999996,1.0,0.03,8.067499999999995,1605.0
2,HATCH,-0.37,1.0,0.03,-0.37,-1.0,0.03,30.0,1070.0,True,116,0.0,-2.0,0.0,2.0,-90.0,90.0,0.5,4.0,474.7679392634976,478.7679392634976,-0.37,0.0,0.03,0.06749999999999545,2140.0
2,OTHER,-0.37,-1.0,0.03,-0.325,-1.0,0.03,40.0,1070.0,False,119,0.044999999999999984,0.0,0.0,0.044999999999999984,0.0,90.0,0.6666666666666666,0.06749999999999998,478.7679392634976,478.8354392634976,-0.34750000000000003,-1.0,0.03,8.067499999999995,1605.0
2,HATCH,-0.325,-1.0,0.03,-0.325,1.0,0.03,30.0,1070.0,True,122,0.0,2.0,0.0,2.0,90.0,90.0,0.5,4.0,478.8354392634976,482.8354392634976,-0.325,0.0,0.03,0.06749999999999545,2140.0
2,OTHER,-0.325,1.0,0.03,-0.28,1.0,0.03,40.0,1070.0,False,125,0.044999999999999984,0.0,0.0,0.044999999999999984,0.0,90.0,0.6666666666666666,0.06749999999999998,482.8354392634976,482.9029392634976,-0.3025,1.0,0.03,8.067499999999995,1605.0
2,HATCH,-0.28,1.0,0.03,-0.28,-1.0,0.03,30.0,1070.0,True,128,0.0,-2.0,0.0,2.0,-90.0,90.0,0.5,4.0,482.9029392634976,486.9029392634976,-0.28,0.0,0.03,0.06749999999999545,2140.0
2,OTHER,-0.28,-1.0,0.03,-0.235,-1.0,0.03,40.0,1070.0,False,131,0.04500000000000004,0.0,0.0,0.04500000000000004,0.0,90.0,0.6666666666666666,0.06750000000000006,486.9029392634976,486.9704392634976,-0.2575,-1.0,0.03,8.067499999999995,1605.0
2,HATCH,-0.235,-1.0,0.03,-0.235,1.0,0.03,30.0,1070.0,True,134,0.0,2.0,0.0,2.0,90.0,90.0,0.5,4.0,486.9704392634976,490.9704392634976,-0.235,0.0,0.03,0.06749999999999545,2140.0
2,OTHER,-0.235,1.0,0.03,-0.19,1.0,0.03,40.0,1070.0,False,137,0.044999999999999984,0.0,0.0,0.044999999999999984,0.0,90.0,0.6666666666666666,0.06749999999999998,490.9704392634976,491.0379392634976,-0.2125,1.0,0.03,8.067499999999995,1605.0
2,HATCH,-0.19,1.0,0.03,-0.19,-1.0,0.03,30.0,1070.0,True,140,0.0,-2.0,0.0,2.0,-90.0,90.0,0.5,4.0,491.0379392634976,495.0379392634976,-0.19,0.0,0.03,0.06749999999999545,2140.0
2,OTHER,-0.19,-1.0,0.03,-0.145,-1.0,0.03,40.0,1070.0,False,143,0.04500000000000001,0.0,0.0,0.04500000000000001,0.0,90.0,0.6666666666666666,0.06750000000000002,495.0379392634976,495.1054392634976,-0.16749999999999998,-1.0,0.03,8.067499999999995,1605.0
2,HATCH,-0.145,-1.0,0.03,-0.145,1.0,0.03,30.0,1070.0,True,146,0.0,2.0,0.0,2.0,90.0,90.0,0.5,4.0,495.1054392634976,499.1054392634976,-0.145,0.0,0.03,0.06749999999999545,2140.0
2,OTHER,-0.145,1.0,0.03,-0.1,1.0,0.03,40.0,1070.0,False,149,0.044999999999999984,0.0,0.0,0.044999999999999984,0.0,90.0,0.6666666666666666,0.06749999999999998,499.1054392634976,499.1729392634976,-0.1225,1.0,0.03,8.067499999999995,1605.0
2,HATCH,-0.1,1.0,0.03,-0.1,-1.0,0.03,30.0,1070.0,True,152,0.0,-2.0,0.0,2.0,-90.0,90.0,0.5,4.0,499.1729392634976,503.1729392634976,-0.1,0.0,0.03,0.06749999999999545,2140.0
2,OTHER,-0.1,-1.0,0.03,-0.055,-1.0,0.03,40.0,1070.0,False,155,0.045000000000000005,0.0,0.0,0.045000000000000005,0.0,90.0,0.6666666666666666,0.06750000000000002,503.1729392634976,503.2404392634976,-0.0775,-1.0,0.03,8.067499999999995,1605.0
2,HATCH,-0.055,-1.0,0.03,-0.055,1.0,0.03,30.0,1070.0,True,158,0.0,2.0,0.0,2.0,90.0,90.0,0.5,4.0,503.2404392634976,507.2404392634976,-0.055,0.0,0.03,0.06749999999999545,2140.0
2,OTHER,-0.055,1.0,0.03,-0.01,1.0,0.03,40.0,1070.0,False,161,0.045,0.0,0.0,0.045,0.0,90.0,0.6666666666666666,0.0675,507.2404392634976,507.3079392634976,-0.0325,1.0,0.03,8.067499999999995,1605.0
2,HATCH,-0.01,1.0,0.03,-0.01,-1.0,0.03,30.0,1070.0,True,164,0.0,-2.0,0.0,2.0,-90.0,90.0,0.5,4.0,507.3079392634976,511.3079392634976,-0.01,0.0,0.03,0.06749999999999545,2140.0
2,OTHER,-0.01,-1.0,0.03,0.035,-1.0,0.03,40.0,1070.0,False,167,0.045000000000000005,0.0,0.0,0.045000000000000005,0.0,90.0,0.6666666666666666,0.06750000000000002,511.3079392634976,511.3754392634976,0.0125,-1.0,0.03,8.067499999999995,1605.0
2,HATCH,0.035,-1.0,0.03,0.035,1.0,0.03,30.0,1070.0,True,170,0.0,2.0,0.0,2.0,90.0,90.0,0.5,4.0,511.3754392634976,515.3754392634976,0.035,0.0,0.03,0.06749999999999545,2140.0
2,OTHER,0.035,1.0,0.03,0.08,1.0,0.03,40.0,1070.0,False,173,0.045,0.0,0.0,0.045,0.0,90.0,0.6666666666666666,0.0675,515.3754392634976,515.4429392634976,0.0575,1.0,0.03,8.067499999999995,1605.0
2,HATCH,0.08,1.0,0.03,0.08,-1.0,0.03,30.0,1070.0,True,176,0.0,-2.0,0.0,2.0,-90.0,90.0,0.5,4.0,515.4429392634976,519.4429392634976,0.08,0.0,0.03,0.06749999999999545,2140.0
2,OTHER,0.08,-1.0,0.03,0.125,-1.0,0.03,40.0,1070.0,False,179,0.045,0.0,0.0,0.045,0.0,90.0,0.6666666666666666,0.0675,519.4429392634976,519.5104392634976,0.10250000000000001,-1.0,0.03,8.067499999999995,1605.0
2,HATCH,0.125,-1.0,0.03,0.125,1.0,0.03,30.0,1070.0,True,182,0.0,2.0,0.0,2.0,90.0,90.0,0.5,4.0,519.5104392634976,523.5104392634976,0.125,0.0,0.03,0.06749999999999545,2140.0
2,OTHER,0.125,1.0,0.03,0.17,1.0,0.03,40.0,1070.0,False,185,0.04500000000000001,0.0,0.0,0.04500000000000001,0.0,90.0,0.6666666666666666,0.06750000000000002,523.5104392634976,523.5779392634976,0.14750000000000002,1.0,0.03,8.067499999999995,1605.0
2,HATCH,0.17,1.0,0.03,0.17,-1.0,0.03,30.0,1070.0,True,188,0.0,-2.0,0.0,2.0,-90.0,90.0,0.5,4.0,523.5779392634976,527.5779392634976,0.17,0.0,0.03,0.06749999999999545,2140.0
2,OTHER,0.17,-1.0,0.03,0.215,-1.0,0.03,40.0,1070.0,False,191,0.044999999999999984,0.0,0.0,0.044999999999999984,0.0,90.0,0.6666666666666666,0.06749999999999998,527.5779392634976,527.6454392634976,0.1925,-1.0,0.03,8.067499999999995,1605.0
2,HATCH,0.215,-1.0,0.03,0.215,1.0,0.03,30.0,1070.0,True,194,0.0,2.0,0.0,2.0,90.0,90.0,0.5,4.0,527.6454392634976,531.6454392634976,0.215,0.0,0.03,0.06749999999999545,2140.0
2,OTHER,0.215,1.0,0.03,0.26,1.0,0.03,40.0,1070.0,False,197,0.04500000000000001,0.0,0.0,0.04500000000000001,0.0,90.0,0.6666666666666666,0.06750000000000002,531.6454392634976,531.7129392634976,0.2375,1.0,0.03,8.067499999999995,1605.0
2,HATCH,0.26,1.0,0.03,0.26,-1.0,0.03,30.0,1070.0,True,200,0.0,-2.0,0.0,2.0,-90.0,90.0,0.5,4.0,531.7129392634976,535.7129392634976,0.26,0.0,0.03,0.06749999999999545,2140.0
2,OTHER,0.26,-1.0,0.03,0.305,-1.0,0.03,40.0,1070.0,False,203,0.044999999999999984,0.0,0.0,0.044999999999999984,0.0,90.0,0.6666666666666666,0.06749999999999998,535.7129392634976,535.7804392634976,0.2825,-1.0,0.03,8.067499999999995,1605.0
2,HATCH,0.305,-1.0,0.03,0.305,1.0,0.03,30.0,1070.0,True,206,0.0,2.0,0.0,2.0,90.0,90.0,0.5,4.0,535.7804392634976,539.7804392634976,0.305,0.0,0.03,0.06749999999999545,2140.0
2,OTHER,0.305,1.0,0.03,0.35,1.0,0.03,40.0,1070.0,False,209,0.044999999999999984,0.0,0.0,0.044999999999999984,0.0,90.0,0.6666666666666666,0.06749999999999998,539.7804392634976,539.8479392634976,0.3275,1.0,0.03,8.067499999999995,1605.0
2,HATCH,0.35,1.0,0.03,0.35,-1.0,0.03,30.0,1070.0,True,212,0.0,-2.0,0.0,2.0,-90.0,90.0,0.5,4.0,539.8479392634976,543.8479392634976,0.35,0.0,0.03,0.06749999999999545,2140.0
2,OTHER,0.35,-1.0,0.03,0.395,-1.0,0.03,40.0,1070.0,False,215,0.04500000000000004,0.0,0.0,0.04500000000000004,0.0,90.0,0.6666666666666666,0.06750000000000006,543.8479392634976,543.9154392634975,0.3725,-1.0,0.03,8.067499999999995,1605.0
2,HATCH,0.395,-1.0,0.03,0.395,1.0,0.03,30.0,1070.0,True,218,0.0,2.0,0.0,2.0,90.0,90.0,0.5,4.0,543.9154392634975,547.9154392634975,0.395,0.0,0.03,0.06749999999999545,2140.0
2,OTHER,0.395,1.0,0.03,0.44,1.0,0.03,40.0,1070.0,False,221,0.044999999999999984,0.0,0.0,0.044999999999999984,0.0,90.0,0.6666666666666666,0.06749999999999998,547.9154392634975,547.9829392634975,0.4175,1.0,0.03,8.067499999999995,1605.0
2,HATCH,0.44,1.0,0.03,0.44,-1.0,0.03,30.0,1070.0,True,224,0.0,-2.0,0.0,2.0,-90.0,90.0,0.5,4.0,547.9829392634975,551.9829392634975,0.44,0.0,0.03,0.06749999999999545,2140.0
2,OTHER,0.44,-1.0,0.03,0.485,-1.0,0.03,40.0,1070.0,False,227,0.044999999999999984,0.0,0.0,0.044999999999999984,0.0,90.0,0.6666666666666666,0.06749999999999998,551.9829392634975,552.0504392634975,0.4625,-1.0,0.03,8.067499999999995,1605.0
2,HATCH,0.485,-1.0,0.03,0.485,1.0,0.03,30.0,1070.0,True,230,0.0,2.0,0.0,2.0,90.0,90.0,0.5,4.0,552.0504392634975,556.0504392634975,0.485,0.0,0.03,0.06749999999999545,2140.0
2,OTHER,0.485,1.0,0.03,0.53,1.0,0.03,40.0,1070.0,False,233,0.04500000000000004,0.0,0.0,0.04500000000000004,0.0,90.0,0.6666666666666666,0.06750000000000006,556.0504392634975,556.1179392634975,0.5075000000000001,1.0,0.03,8.067499999999995,1605.0
2,HATCH,0.53,1.0,0.03,0.53,-1.0,0.03,30.0,1070.0,True,236,0.0,-2.0,0.0,2.0,-90.0,90.0,0.5,4.0,556.1179392634975,560.1179392634975,0.53,0.0,0.03,0.06749999999999545,2140.0
2,OTHER,0.53,-1.0,0.03,0.575,-1.0,0.03,40.0,1070.0,False,239,0.04499999999999993,0.0,0.0,0.04499999999999993,0.0,90.0,0.6666666666666666,0.0674999999999999,560.1179392634975,560.1854392634975,0.5525,-1.0,0.03,8.067499999999995,1605.0
2,HATCH,0.575,-1.0,0.03,0.575,1.0,0.03,30.0,1070.0,True,242,0.0,2.0,0.0,2.0,90.0,90.0,0.5,4.0,560.1854392634975,564.1854392634975,0.575,0.0,0.03,0.06749999999999545,2140.0
2,OTHER,0.575,1.0,0.03,0.62,1.0,0.03,40.0,1070.0,False,245,0.04500000000000004,0.0,0.0,0.04500000000000004,0.0,90.0,0.6666666666666666,0.06750000000000006,564.1854392634975,564.2529392634975,0.5974999999999999,1.0,0.03,8.067499999999995,1605.0
2,HATCH,0.62,1.0,0.03,0.62,-1.0,0.03,30.0,1070.0,True,248,0.0,-2.0,0.0,2.0,-90.0,90.0,0.5,4.0,564.2529392634975,568.2529392634975,0.62,0.0,0.03,0.06749999999999545,2140.0
2,OTHER,0.62,-1.0,0.03,0.665,-1.0,0.03,40.0,1070.0,False,251,0.04500000000000004,0.0,0.0,0.04500000000000004,0.0,90.0,0.6666666666666666,0.06750000000000006,568.2529392634975,568.3204392634975,0.6425000000000001,-1.0,0.03,8.067499999999995,1605.0
2,HATCH,0.665,-1.0,0.03,0.665,1.0,0.03,30.0,1070.0,True,254,0.0,2.0,0.0,2.0,90.0,90.0,0.5,4.0,568.3204392634975,572.3204392634975,0.665,0.0,0.03,0.06749999999999545,2140.0
2,OTHER,0.665,1.0,0.03,0.71,1.0,0.03,40.0,1070.0,False,257,0.04499999999999993,0.0,0.0,0.04499999999999993,0.0,90.0,0.6666666666666666,0.0674999999999999,572.3204392634975,572.3879392634975,0.6875,1.0,0.03,8.067499999999995,1605.0
2,HATCH,0.71,1.0,0.03,0.71,-1.0,0.03,30.0,1070.0,True,260,0.0,-2.0,0.0,2.0,-90.0,90.0,0.5,4.0,572.3879392634975,576.3879392634975,0.71,0.0,0.03,0.06749999999999545,2140.0
2,OTHER,0.71,-1.0,0.03,0.755,-1.0,0.03,40.0,1070.0,False,263,0.04500000000000004,0.0,0.0,0.04500000000000004,0.0,90.0,0.6666666666666666,0.06750000000000006,576.3879392634975,576.4554392634975,0.7324999999999999,-1.0,0.03,8.067499999999995,1605.0
2,HATCH,0.755,-1.0,0.03,0.755,1.0,0.03,30.0,1070.0,True,266,0.0,2.0,0.0,2.0,90.0,90.0,0.5,4.0,576.4554392634975,580.4554392634975,0.755,0.0,0.03,0.06749999999999545,2140.0
2,OTHER,0.755,1.0,0.03,0.8,1.0,0.03,40.0,1070.0,False,269,0.04500000000000004,0.0,0.0,0.04500000000000004,0.0,90.0,0.6666666666666666,0.06750000000000006,580.4554392634975,580.5229392634975,0.7775000000000001,1.0,0.03,8.067499999999995,1605.0
2,HATCH,0.8,1.0,0.03,0.8,-1.0,0.03,30.0,1070.0,True,272,0.0,-2.0,0.0,2.0,-90.0,90.0,0.5,4.0,580.5229392634975,584.5229392634975,0.8,0.0,0.03,0.06749999999999545,2140.0
2,OTHER,0.8,-1.0,0.03,0.845,-1.0,0.03,40.0,1070.0,False,275,0.04499999999999993,0.0,0.0,0.04499999999999993,0.0,90.0,0.6666666666666666,0.0674999999999999,584.5229392634975,584.5904392634975,0.8225,-1.0,0.03,8.067499999999995,1605.0
2,HATCH,0.845,-1.0,0.03,0.845,1.0,0.03,30.0,1070.0,True,278,0.0,2.0,0.0,2.0,90.0,90.0,0.5,4.0,584.5904392634975,588.5904392634975,0.845,0.0,0.03,0.06749999999999545,2140.0
2,OTHER,0.845,1.0,0.03,0.89,1.0,0.03,40.0,1070.0,False,281,0.04500000000000004,0.0,0.0,0.04500000000000004,0.0,90.0,0.6666666666666666,0.06750000000000006,588.5904392634975,588.6579392634975,0.8674999999999999,1.0,0.03,8.067499999999995,1605.0
2,HATCH,0.89,1.0,0.03,0.89,-1.0,0.03,30.0,1070.0,True,284,0.0,-2.0,0.0,2.0,-90.0,90.0,0.5,4.0,588.6579392634975,592.6579392634975,0.89,0.0,0.03,0.06749999999999545,2140.0
2,OTHER,0.89,-1.0,0.03,0.935,-1.0,0.03,40.0,1070.0,False,287,0.04500000000000004,0.0,0.0,0.04500000000000004,0.0,90.0,0.6666666666666666,0.06750000000000006,592.6579392634975,592.7254392634975,0.9125000000000001,-1.0,0.03,8.067499999999995,1605.0
2,HATCH,0.935,-1.0,0.03,0.935,1.0,0.03,30.0,1070.0,True,290,0.0,2.0,0.0,2.0,90.0,90.0,0.5,4.0,592.7254392634975,596.7254392634975,0.935,0.0,0.03,0.06749999999999545,2140.0
2,OTHER,0.935,1.0,0.03,0.98,1.0,0.03,40.0,1070.0,False,293,0.04499999999999993,0.0,0.0,0.04499999999999993,0.0,90.0,0.6666666666666666,0.0674999999999999,596.7254392634975,596.7929392634975,0.9575,1.0,0.03,8.067499999999995,1605.0
2,HATCH,0.98,1.0,0.03,0.98,-1.0,0.03,30.0,1070.0,True,296,0.0,-2.0,0.0,2.0,-90.0,90.0,0.5,4.0,596.7929392634975,600.7929392634975,0.98,0.0,0.03,0.06749999999999545,2140.0
2,OTHER,0.98,-1.0,0.03,0.98,-1.0,0.045,40.0,1070.0,False,299,0.0,0.0,0.015,0.015,0.0,,0.6666666666666666,0.0225,600.7929392634975,600.8154392634975,0.98,-1.0,0.0375,8.067499999999995,1605.0
3,OTHER,0.98,-1.0,0.045,-0.659607,1.0,0.045,40.0,1070.0,False,20,-1.639607,2.0,0.0,2.586176930229059,129.3450199633513,,0.6666666666666666,3.8792653953435887,600.8154392634975,604.6947046588411,0.16019649999999996,0.0,0.045,65.10249999999996,1605.0
3,CONTOUR,-0.659607,1.0,0.045,-1.0,1.0,0.045,30.0,1070.0,False,23,-0.34039299999999995,0.0,0.0,0.34039299999999995,180.0,50.65498003664872,0.5,0.6807859999999999,604.6947046588411,605.3754906588412,-0.8298035,1.0,0.045,162.4667653953435,2140.0
3,CONTOUR,-1.0,1.0,0.045,-1.0,-0.659607,0.045,30.0,1070.0,False,24,0.0,-1.659607,0.0,1.659607,-90.0,90.0,0.5,3.319214,605.3754906588412,608.6947046588411,-1.0,0.17019649999999997,0.045,196.28593098666346,2140.0
3,CONTOUR,-1.0,-0.659607,0.045,-1.0,-1.0,0.045,30.0,1070.0,False,25,0.0,-0.34039299999999995,0.0,0.34039299999999995,-90.0,0.0,0.5,0.6807859999999999,608.6947046588411,609.3754906588412,-1.0,-0.8298035,0.045,186.80426539534346,2140.0
3,CONTOUR,-1.0,-1.0,0.045,0.659607,-1.0,0.045,30.0,1070.0,False,26,1.659607,0.0,0.0,1.659607,0.0,90.0,0.5,3.319214,609.3754906588412,612.6947046588411,-0.17019649999999997,-1.0,0.045,106.13505139534357,2140.0
3,CONTOUR,0.659607,-1.0,0.045,1.0,-1.0,0.045,30.0,1070.0,False,27,0.34039299999999995,0.0,0.0,0.34039299999999995,0.0,0.0,0.5,0.6807859999999999,612.6947046588411,613.3754906588412,0.8298035,-1.0,0.045,19.969265395343655,2140.0
3,CONTOUR,1.0,-1.0,0.045,1.0,0.659607,0.045,30.0,1070.0,False,28,0.0,1.659607,0.0,1.659607,90.0,90.0,0.5,3.319214,613.3754906588412,616.6947046588411,1.0,-0.17019649999999997,0.045,196.28593098666346,2140.0
3,CONTOUR,1.0,0.659607,0.045,1.0,1.0,0.045,30.0,1070.0,False,29,0.0,0.34039299999999995,0.0,0.34039299999999995,90.0,0.0,0.5,0.6807859999999999,616.6947046588411,617.3754906588412,1.0,0.8298035,0.045,203.15128698666342,2140.0
3,CONTOUR,1.0,1.0,0.045,-0.659607,1.0,0.045,30.0,1070.0,False,30,-1.659607,0.0,0.0,1.659607,180.0,90.0,0.5,3.319214,617.3754906588412,620.6947046588411,0.17019649999999997,1.0,0.045,85.6625513953436,2140.0
3,OTHER,-0.659607,1.0,0.045,-0.681802,1.0,0.045,40.0,1070.0,False,35,-0.022194999999999965,0.0,0.0,0.022194999999999965,180.0,0.0,0.6666666666666666,0.03329249999999995,620.6947046588411,620.7279971588412,-0.6707045,1.0,0.045,162.1967653953435,1605.0
3,HATCH,-0.681802,1.0,0.045,-1.0,0.681802,0.045,30.0,1070.0,False,38,-0.318198,-0.318198,0.0,0.4499999271199941,-135.0,45.00000000000001,0.5,0.8999998542399882,620.7279971588412,621.6279970130812,-0.840901,0.840901,0.045,,2140.0
3,OTHER,-1.0,0.681802,0.045,-1.0,0.745442,0.045,40.0,1070.0,False,41,0.0,0.06364000000000003,0.0,0.06364000000000003,90.0,135.0,0.6666666666666666,0.09546000000000004,621.6279970130812,621.7234570130812,-1.0,0.713622,0.045,289.9003554301475,1605.0
3,HATCH,-1.0,0.745442,0.045,-0.745442,1.0,0.045,30.0,1070.0,False,44,0.25455799999999995,0.25455799999999995,0.0,0.35999937601057025,45.0,45.0,0.5,0.7199987520211405,621.7234570130812,622.4434557651024,-0.8727210000000001,0.8727210000000001,0.045,0.09546000000000276,2140.0
3,OTHER,-0.745442,1.0,0.045,-0.809081,1.0,0.045,40.0,1070.0,False,47,-0.063639,0.0,0.0,0.063639,180.0,135.0,0.6666666666666666,0.0954585,622.4434557651024,622.5389142651023,-0.7772615,1.0,0.045,17.067965106261227,1605.0
3,HATCH,-0.809081,1.0,0.045,-1.0,0.809081,0.045,30.0,1070.0,False,50,-0.19091899999999995,-0.19091899999999995,0.0,0.2700002391147089,-135.0,45.00000000000001,0.5,0.5400004782294178,622.5389142651023,623.0789147433318,-0.9045405,0.9045405,0.045,0.09545849999994971,2140.0
3,OTHER,-1.0,0.809081,0.045,-1.0,0.872721,0.045,40.0,1070.0,False,53,0.0,0.06363999999999992,0.0,0.06363999999999992,90.0,135.0,0.6666666666666666,0.09545999999999988,623.0789147433318,623.1743747433318,-1.0,0.840901,0.045,301.4421900570379,1605.0
3,HATCH,-1.0,0.872721,0.045,-0.872721,1.0,0.045,30.0,1070.0,False,56,0.12727900000000003,0.12727900000000003,0.0,0.1799996880052852,45.0,45.00000000000001,0.5,0.3599993760105704,623.1743747433318,623.5343741193424,-0.9363604999999999,0.9363604999999999,0.045,0.09546000000000276,2140.0
3,OTHER,-0.872721,1.0,0.045,-0.93636,1.0,0.045,40.0,1070.0,False,59,-0.063639,0.0,0.0,0.063639,180.0,135.0,0.6666666666666666,0.0954585,623.5343741193424,623.6298326193423,-0.9045405,1.0,0.045,0.0,1605.0
3,HATCH,-0.93636,1.0,0.045,-1.0,0.93636,0.045,30.0,1070.0,False,62,-0.06364000000000003,-0.06364000000000003,0.0,0.09000055110942382,-135.0,45.0,0.5,0.18000110221884763,623.6298326193423,623.8098337215612,-0.96818,0.96818,0.045,0.0,2140.0
3,OTHER,-1.0,0.93636,0.045,-1.0,0.618162,0.045,40.0,1070.0,False,65,0.0,-0.318198,0.0,0.318198,-90.0,45.00000000000001,0.6666666666666666,0.47729699999999997,623.8098337215612,624.2871307215612,-1.0,0.777261,0.045,0.6354589782293942,1605.0
3,HATCH,-1.0,0.618162,0.045,-0.618162,1.0,0.045,30.0,1070.0,False,68,0.381838,0.381838,0.0,0.5400004782294179,45.0,135.0,0.5,1.0800009564588358,624.2871307215612,625.3671316780201,-0.8090809999999999,0.8090809999999999,0.045,1.8436749564588126,2140.0
3,OTHER,-0.618162,1.0,0.045,-0.554523,1.0,0.045,40.0,1070.0,False,71,0.063639,0.0,0.0,0.063639,0.0,45.00000000000001,0.6666666666666666,0.0954585,625.3671316780201,625.46259017802,-0.5863425,1.0,0.045,4.639134519178924,1605.0
3,HATCH,-0.554523,1.0,0.045,-1.0,0.554523,0.045,30.0,1070.0,False,74,-0.445477,-0.445477,0.0,0.6299996151252792,-135.0,135.0,0.5,1.2599992302505585,625.46259017802,626.7225894082706,-0.7772615,0.7772615,0.045,0.09545849999994971,2140.0
3,OTHER,-1.0,0.554523,0.045,-1.0,0.490883,0.045,40.0,1070.0,False,77,0.0,-0.06363999999999997,0.0,0.06363999999999997,-90.0,45.0,0.6666666666666666,0.09545999999999996,626.7225894082706,626.8180494082706,-1.0,0.522703,0.045,276.9731087881205,1605.0
3,HATCH,-1.0,0.490883,0.045,-0.490883,1.0,0.045,30.0,1070.0,False,80,0.509117,0.509117,0.0,0.7200001662347031,45.0,135.0,0.5,1.4400003324694062,626.8180494082706,628.2580497407399,-0.7454415,0.7454415,0.045,0.09546000000000276,2140.0
3,OTHER,-0.490883,1.0,0.045,-0.427244,1.0,0.045,40.0,1070.0,False,83,0.063639,0.0,0.0,0.063639,0.0,45.00000000000001,0.6666666666666666,0.0954585,628.2580497407399,628.3535082407399,-0.4590635,1.0,0.045,153.4901104772423,1605.0
3,HATCH,-0.427244,1.0,0.045,-1.0,0.427244,0.045,30.0,1070.0,False,86,-0.572756,-0.572756,0.0,0.8099993031305645,-135.0,135.0,0.5,1.619998606261129,628.3535082407399,629.973506847001,-0.713622,0.713622,0.045,0.09545849999994971,2140.0
3,OTHER,-1.0,0.427244,0.045,-1.0,0.363604,0.045,40.0,1070.0,False,89,0.0,-0.06364000000000003,0.0,0.06364000000000003,-90.0,45.0,0.6666666666666666,0.09546000000000004,629.973506847001,630.068966847001,-1.0,0.395424,0.045,272.2931084147016,1605.0
3,HATCH,-1.0,0.363604,0.045,-0.363604,1.0,0.045,30.0,1070.0,False,92,0.636396,0.636396,0.0,0.8999998542399882,45.0,135.0,0.5,1.7999997084799764,630.068966847001,631.8689665554809,-0.681802,0.681802,0.045,0.09546000000000276,2140.0
3,OTHER,-0.363604,1.0,0.045,-0.299964,1.0,0.045,40.0,1070.0,False,95,0.06363999999999997,0.0,0.0,0.06363999999999997,0.0,45.00000000000001,0.6666666666666666,0.09545999999999996,631.8689665554809,631.9644265554809,-0.33178399999999997,1.0,0.045,148.96602729198332,1605.0
3,HATCH,-0.299964,1.0,0.045,-1.0,0.299964,0.045,30.0,1070.0,False,98,-0.700036,-0.700036,0.0,0.9900004053494119,-135.0,135.0,0.5,1.9800008106988238,631.9644265554809,633.9444273661798,-0.6499820000000001,0.6499820000000001,0.045,0.09546000000000276,2140.0
3,OTHER,-1.0,0.299964,0.045,-1.0,0.236325,0.045,40.0,1070.0,False,101,0.0,-0.063639,0.0,0.063639,-90.0,45.0,0.6666666666666666,0.0954585,633.9444273661798,634.0398858661797,-1.0,0.2681445,0.045,25.249722707338606,1605.0
3,HATCH,-1.0,0.236325,0.045,-0.236325,1.0,0.045,30.0,1070.0,False,104,0.763675,0.763675,0.0,1.0799995422452733,45.0,135.0,0.5,2.1599990844905466,634.0398858661797,636.1998849506703,-0.6181625,0.6181625,0.045,0.09545849999994971,2140.0
3,OTHER,-0.236325,1.0,0.045,-0.172685,1.0,0.045,40.0,1070.0,False,107,0.06364,0.0,0.0,0.06364,0.0,44.999999999999986,0.6666666666666666,0.09546,636.1998849506703,636.2953449506703,-0.204505,1.0,0.045,137.02694568717266,1605.0
3,HATCH,-0.172685,1.0,0.045,-1.0,0.172685,0.045,30.0,1070.0,False,110,-0.827315,-0.827315,0.0,1.1700000933546972,-135.0,135.0,0.5,2.3400001867093945,636.2953449506703,638.6353451373797,-0.5863425,0.5863425,0.045,0.09546000000000276,2140.0
3,OTHER,-1.0,0.172685,0.045,-1.0,0.109045,0.045,40.0,1070.0,False,113,0.0,-0.06364,0.0,0.06364,-90.0,45.0,0.6666666666666666,0.09546,638.6353451373797,638.7308051373797,-1.0,0.14086500000000002,0.045,29.940640478538512,1605.0
3,HATCH,-1.0,0.109045,0.045,-0.109045,1.0,0.045,30.0,1070.0,False,116,0.8909549999999999,0.8909549999999999,0.0,1.2600006444641207,45.0,135.0,0.5,2.5200012889282415,638.7308051373797,641.2508064263079,-0.5545225,0.5545225,0.045,0.09546000000000276,2140.0
3,OTHER,-0.109045,1.0,0.045,-0.045406,1.0,0.045,40.0,1070.0,False,119,0.063639,0.0,0.0,0.063639,0.0,45.0,0.6666666666666666,0.0954585,641.2508064263079,641.3462649263079,-0.0772255,1.0,0.045,133.94286716281033,1605.0
3,HATCH,-0.045406,1.0,0.045,-1.0,0.045406,0.045,30.0,1070.0,False,122,-0.9545939999999999,-0.9545939999999999,0.0,1.3499997813599822,-135.0,135.0,0.5,2.6999995627199644,641.3462649263079,644.0462644890279,-0.522703,0.522703,0.045,0.09545849999994971,2140.0
3,OTHER,-1.0,0.045406,0.045,-1.0,-0.018234,0.045,40.0,1070.0,False,125,0.0,-0.06364,0.0,0.06364,-90.0,45.0,0.6666666666666666,0.09546,644.0462644890279,644.1417244890279,-1.0,0.013586,0.045,214.08832522553018,1605.0
3,HATCH,-1.0,-0.018234,0.045,0.018234,1.0,0.045,30.0,1070.0,False,128,1.018234,1.018234,0.0,1.4400003324694062,45.0,135.0,0.5,2.8800006649388123,644.1417244890279,647.0217251539667,-0.490883,0.490883,0.045,0.09546000000000276,2140.0
3,OTHER,0.018234,1.0,0.045,0.081873,1.0,0.045,40.0,1070.0,False,131,0.063639,0.0,0.0,0.063639,0.0,45.00000000000001,0.6666666666666666,0.0954585,647.0217251539667,647.1171836539667,0.0500535,1.0,0.045,123.44378589046914,1605.0
3,HATCH,0.081873,1.0,0.045,-1.0,-0.081873,0.045,30.0,1070.0,False,134,-1.081873,-1.081873,0.0,1.5299994693652677,-135.0,135.0,0.5,3.0599989387305353,647.1171836539667,650.1771825926972,-0.4590635,0.4590635,0.045,0.09545849999994971,2140.0
3,OTHER,-1.0,-0.081873,0.045,-1.0,-0.145513,0.045,40.0,1070.0,False,137,0.0,-0.06364,0.0,0.06364,-90.0,45.0,0.6666666666666666,0.09546,650.1771825926972,650.2726425926973,-1.0,-0.113693,0.045,267.9731074172933,1605.0
3,HATCH,-1.0,-0.145513,0.045,0.145513,1.0,0.045,30.0,1070.0,False,140,1.145513,1.145513,0.0,1.6200000204746912,45.0,135.0,0.5,3.2400000409493823,650.2726425926973,653.5126426336466,-0.4272435,0.4272435,0.045,0.09546000000000276,2140.0
3,OTHER,0.145513,1.0,0.045,0.209153,1.0,0.045,40.0,1070.0,False,143,0.06364,0.0,0.0,0.06364,0.0,45.0,0.6666666666666666,0.09546,653.5126426336466,653.6081026336466,0.17733300000000002,1.0,0.045,32.81793797480543,1605.0
3,HATCH,0.209153,1.0,0.045,-1.0,-0.209153,0.045,30.0,1070.0,False,146,-1.209153,-1.209153,0.0,1.710000571584115,-135.0,135.0,0.5,3.42000114316823,653.6081026336466,657.0281037768148,-0.3954235,0.3954235,0.045,0.09546000000000276,2140.0
3,OTHER,-1.0,-0.209153,0.045,-1.0,-0.272792,0.045,40.0,1070.0,False,149,0.0,-0.06363899999999997,0.0,0.06363899999999997,-90.0,45.0,0.6666666666666666,0.09545849999999996,657.0281037768148,657.1235622768147,-1.0,-0.24097249999999998,0.045,270.49311020622144,1605.0
3,HATCH,-1.0,-0.272792,0.045,0.272792,1.0,0.045,30.0,1070.0,False,152,1.272792,1.272792,0.0,1.7999997084799764,45.0,135.0,0.5,3.5999994169599527,657.1235622768147,660.7235616937746,-0.36360400000000004,0.36360400000000004,0.045,0.09545849999994971,2140.0
3,OTHER,0.272792,1.0,0.045,0.336432,1.0,0.045,40.0,1070.0,False,155,0.06364000000000003,0.0,0.0,0.06364000000000003,0.0,45.00000000000001,0.6666666666666666,0.09546000000000004,660.7235616937746,660.8190216937746,0.304612,1.0,0.045,120.87562243027708,1605.0
3,HATCH,0.336432,1.0,0.045,-1.0,-0.336432,0.045,30.0,1070.0,False,158,-1.336432,-1.336432,0.0,1.8900002595894003,-135.0,135.0,0.5,3.7800005191788006,660.8190216937746,664.5990222129534,-0.33178399999999997,0.33178399999999997,0.045,0.09546000000000276,2140.0
3,OTHER,-1.0,-0.336432,0.045,-1.0,-0.400071,0.045,40.0,1070.0,False,161,0.0,-0.063639,0.0,0.063639,-90.0,45.00000000000001,0.6666666666666666,0.0954585,664.5990222129534,664.6944807129534,-1.0,-0.3682515,0.045,274.453111827619,1605.0
3,HATCH,-1.0,-0.400071,0.045,0.400071,1.0,0.045,30.0,1070.0,False,164,1.400071,1.400071,0.0,1.9799993964852616,45.0,135.0,0.5,3.959998792970523,664.6944807129534,668.6544795059239,-0.29996449999999997,0.29996449999999997,0.045,0.09545849999994971,2140.0
3,OTHER,0.400071,1.0,0.045,0.463711,1.0,0.045,40.0,1070.0,False,167,0.06363999999999997,0.0,0.0,0.06363999999999997,0.0,45.0,0.6666666666666666,0.09545999999999996,668.6544795059239,668.7499395059239,0.431891,1.0,0.045,112.53654024242633,1605.0
3,HATCH,0.463711,1.0,0.045,-1.0,-0.463711,0.045,30.0,1070.0,False,170,-1.463711,-1.463711,0.0,2.069999947594685,-135.0,135.0,0.5,4.13999989518937,668.7499395059239,672.8899394011132,-0.2681445,0.2681445,0.045,0.09546000000000276,2140.0
3,OTHER,-1.0,-0.463711,0.045,-1.0,-0.527351,0.045,40.0,1070.0,False,173,0.0,-0.06364000000000003,0.0,0.06364000000000003,-90.0,45.0,0.6666666666666666,0.09546000000000004,672.8899394011132,672.9853994011132,-1.0,-0.495531,0.045,279.85311095305883,1605.0
3,HATCH,-1.0,-0.527351,0.045,0.527351,1.0,0.045,30.0,1070.0,False,176,1.527351,1.527351,0.0,2.160000498704109,45.0,135.0,0.5,4.320000997408218,672.9853994011132,677.3054003985214,-0.2363245,0.2363245,0.045,0.09546000000000276,2140.0
3,OTHER,0.527351,1.0,0.045,0.59099,1.0,0.045,40.0,1070.0,False,179,0.063639,0.0,0.0,0.063639,0.0,45.00000000000001,0.6666666666666666,0.0954585,677.3054003985214,677.4008588985214,0.5591705,1.0,0.045,113.05246113502392,1605.0
3,HATCH,0.59099,1.0,0.045,-1.0,-0.59099,0.045,30.0,1070.0,False,182,-1.5909900000000001,-1.5909900000000001,0.0,2.2499996355999707,-135.0,135.0,0.5,4.4999992711999415,677.4008588985214,681.9008581697213,-0.204505,0.204505,0.045,0.09545849999994971,2140.0
3,OTHER,-1.0,-0.59099,0.045,-1.0,-0.65463,0.045,40.0,1070.0,False,185,0.0,-0.06364000000000003,0.0,0.06364000000000003,-90.0,45.0,0.6666666666666666,0.09546000000000004,681.9008581697213,681.9963181697213,-1.0,-0.6228100000000001,0.045,286.69310891096814,1605.0
3,HATCH,-1.0,-0.65463,0.045,0.65463,1.0,0.045,30.0,1070.0,False,188,1.65463,1.65463,0.0,2.3400001867093945,45.0,135.0,0.5,4.680000373418789,681.9963181697213,686.6763185431402,-0.17268499999999998,0.17268499999999998,0.045,0.09546000000000276,2140.0
3,OTHER,0.65463,1.0,0.045,0.718269,1.0,0.045,40.0,1070.0,False,191,0.063639,0.0,0.0,0.063639,0.0,45.0,0.6666666666666666,0.0954585,686.6763185431402,686.7717770431401,0.6864495,1.0,0.045,106.15337927964265,1605.0
3,HATCH,0.718269,1.0,0.045,-1.0,-0.718269,0.045,30.0,1070.0,False,194,-1.718269,-1.718269,0.0,2.429999323605256,-135.0,135.0,0.5,4.859998647210512,686.7717770431401,691.6317756903507,-0.14086549999999998,0.14086549999999998,0.045,0.09545849999994971,2140.0
3,OTHER,-1.0,-0.718269,0.045,-1.0,-0.781909,0.045,40.0,1070.0,False,197,0.0,-0.06363999999999992,0.0,0.06363999999999992,-90.0,45.00000000000001,0.6666666666666666,0.09545999999999988,691.6317756903507,691.7272356903507,-1.0,-0.750089,0.045,82.25628503150949,1605.0
3,HATCH,-1.0,-0.781909,0.045,0.781909,1.0,0.045,30.0,1070.0,False,200,1.781909,1.781909,0.0,2.5199998747146792,45.0,135.0,0.5,5.0399997494293585,691.7272356903507,696.76723543978,-0.10904550000000002,0.10904550000000002,0.045,0.09546000000000276,2140.0
3,OTHER,0.781909,1.0,0.045,0.845549,1.0,0.045,40.0,1070.0,False,203,0.06364000000000003,0.0,0.0,0.06364000000000003,0.0,45.0,0.6666666666666666,0.09546000000000004,696.76723543978,696.86269543978,0.8137289999999999,1.0,0.045,108.10929617628256,1605.0
3,HATCH,0.845549,1.0,0.045,-1.0,-0.845549,0.045,30.0,1070.0,False,206,-1.845549,-1.845549,0.0,2.6100004258241034,-135.0,135.0,0.5,5.220000851648207,696.86269543978,702.0826962914283,-0.0772255,0.0772255,0.045,0.09546000000000276,2140.0
3,OTHER,-1.0,-0.845549,0.045,-1.0,-0.909188,0.045,40.0,1070.0,False,209,0.0,-0.063639,0.0,0.063639,-90.0,45.0,0.6666666666666666,0.0954585,702.0826962914283,702.1781547914283,-1.0,-0.8773685,0.045,92.70720563258715,1605.0
3,HATCH,-1.0,-0.909188,0.045,0.909188,1.0,0.045,30.0,1070.0,False,212,1.9091879999999999,1.9091879999999999,0.0,2.6999995627199644,45.0,135.0,0.5,5.399999125439929,702.1781547914283,707.5781539168681,-0.045406,0.045406,0.045,0.09545849999994971,2140.0
3,OTHER,0.909188,1.0,0.045,0.972828,1.0,0.045,40.0,1070.0,False,215,0.06364000000000003,0.0,0.0,0.06364000000000003,0.0,45.00000000000001,0.6666666666666666,0.09546000000000004,707.5781539168681,707.6736139168681,0.9410080000000001,1.0,0.045,110.78521465337064,1605.0
3,HATCH,0.972828,1.0,0.045,-1.0,-0.972828,0.045,30.0,1070.0,False,218,-1.972828,-1.972828,0.0,2.7900001138293886,-135.0,135.0,0.5,5.580000227658777,707.6736139168681,713.2536141445269,-0.013585999999999987,0.013585999999999987,0.045,0.09546000000000276,2140.0
3,OTHER,-1.0,-0.972828,0.045,-0.963532,-1.0,0.045,40.0,1070.0,False,221,0.036467999999999945,-0.027171999999999974,0.0,0.045477825453730684,-36.689485123858994,98.31051487614101,0.6666666666666666,0.06821673818059604,713.2536141445269,713.3218308827074,-0.981766,-0.986414,0.045,283.2281748810292,1605.0
3,HATCH,-0.963532,-1.0,0.045,1.0,0.963532,0.045,30.0,1070.0,False,224,1.963532,1.963532,0.0,2.7768535845535682,45.0,81.689485123859,0.5,5.5537071691071365,713.3218308827074,718.8755380518146,0.018233999999999972,-0.018233999999999972,0.045,0.06821673818058116,2140.0
3,OTHER,1.0,0.963532,0.045,1.0,0.899893,0.045,40.0,1070.0,False,227,0.0,-0.063639,0.0,0.063639,-90.0,135.0,0.6666666666666666,0.0954585,718.8755380518146,718.9709965518146,1.0,0.9317125,0.045,11.201924134946466,1605.0
3,HATCH,1.0,0.899893,0.045,-0.899893,-1.0,0.045,30.0,1070.0,False,230,-1.899893,-1.899893,0.0,2.6868544476577068,-135.0,45.0,0.5,5.3737088953154135,718.9709965518146,724.34470544713,0.05005349999999997,-0.05005349999999997,0.045,0.09545849999994971,2140.0
3,OTHER,-0.899893,-1.0,0.045,-0.836253,-1.0,0.045,40.0,1070.0,False,233,0.06364000000000003,0.0,0.0,0.06364000000000003,0.0,135.0,0.6666666666666666,0.09546000000000004,724.34470544713,724.44016544713,-0.8680730000000001,-1.0,0.045,286.1842661836323,1605.0
3,HATCH,-0.836253,-1.0,0.045,1.0,0.836253,0.045,30.0,1070.0,False,236,1.8362530000000001,1.8362530000000001,0.0,2.596853896548283,45.0,45.00000000000001,0.5,5.193707793096566,724.44016544713,729.6338732402265,0.08187349999999999,-0.08187349999999999,0.045,0.09546000000000276,2140.0
3,OTHER,1.0,0.836253,0.045,1.0,0.772614,0.045,40.0,1070.0,False,239,0.0,-0.063639,0.0,0.063639,-90.0,135.0,0.6666666666666666,0.0954585,729.6338732402265,729.7293317402265,1.0,0.8044335,0.045,112.25838258138538,1605.0
3,HATCH,1.0,0.772614,0.045,-0.772614,-1.0,0.045,30.0,1070.0,False,242,-1.772614,-1.772614,0.0,2.5068547596524215,-135.0,45.00000000000001,0.5,5.013709519304843,729.7293317402265,734.7430412595313,0.11369299999999999,-0.11369299999999999,0.045,0.09545849999994971,2140.0
3,OTHER,-0.772614,-1.0,0.045,-0.708974,-1.0,0.045,40.0,1070.0,False,245,0.06364000000000003,0.0,0.0,0.06364000000000003,0.0,135.0,0.6666666666666666,0.09546000000000004,734.7430412595313,734.8385012595313,-0.740794,-1.0,0.045,288.44760199603365,1605.0
3,HATCH,-0.708974,-1.0,0.045,1.0,0.708974,0.045,30.0,1070.0,False,248,1.708974,1.708974,0.0,2.416854208542998,45.0,45.00000000000001,0.5,4.833708417085996,734.8385012595313,739.6722096766173,0.145513,-0.145513,0.045,0.09546000000000276,2140.0
3,OTHER,1.0,0.708974,0.045,1.0,0.645334,0.045,40.0,1070.0,False,251,0.0,-0.06364000000000003,0.0,0.06364000000000003,-90.0,135.0,0.6666666666666666,0.09546000000000004,739.6722096766173,739.7676696766173,1.0,0.677154,0.045,522.8729839318544,1605.0
3,HATCH,1.0,0.645334,0.045,-0.645334,-1.0,0.045,30.0,1070.0,False,254,-1.645334,-1.645334,0.0,2.326853657433574,-135.0,45.0,0.5,4.653707314867148,739.7676696766173,744.4213769914844,0.17733300000000002,-0.17733300000000002,0.045,0.09546000000000276,2140.0
3,OTHER,-0.645334,-1.0,0.045,-0.581695,-1.0,0.045,40.0,1070.0,False,257,0.063639,0.0,0.0,0.063639,0.0,135.0,0.6666666666666666,0.0954585,744.4213769914844,744.5168354914844,-0.6135145,-1.0,0.045,281.85593772798677,1605.0
3,HATCH,-0.581695,-1.0,0.045,1.0,0.581695,0.045,30.0,1070.0,False,260,1.5816949999999999,1.5816949999999999,0.0,2.2368545205377126,45.0,45.00000000000001,0.5,4.473709041075425,744.5168354914844,748.9905445325597,0.20915250000000002,-0.20915250000000002,0.045,0.09545849999994971,2140.0
3,OTHER,1.0,0.581695,0.045,1.0,0.518055,0.045,40.0,1070.0,False,263,0.0,-0.06363999999999992,0.0,0.06363999999999992,-90.0,135.0,0.6666666666666666,0.09545999999999988,748.9905445325597,749.0860045325597,1.0,0.549875,0.045,529.7129833897635,1605.0
3,HATCH,1.0,0.518055,0.045,-0.518055,-1.0,0.045,30.0,1070.0,False,266,-1.518055,-1.518055,0.0,2.146853969428289,-135.0,45.00000000000001,0.5,4.293707938856578,749.0860045325597,753.3797124714163,0.24097249999999998,-0.24097249999999998,0.045,0.09546000000000276,2140.0
3,OTHER,-0.518055,-1.0,0.045,-0.454416,-1.0,0.045,40.0,1070.0,False,269,0.06363900000000006,0.0,0.0,0.06363900000000006,0.0,135.0,0.6666666666666666,0.09545850000000008,753.3797124714163,753.4751709714162,-0.48623550000000004,-1.0,0.045,282.67927320791864,1605.0
3,HATCH,-0.454416,-1.0,0.045,1.0,0.454416,0.045,30.0,1070.0,False,272,1.454416,1.454416,0.0,2.0568548325324274,45.0,45.0,0.5,4.113709665064855,753.4751709714162,757.5888806364811,0.27279200000000003,-0.27279200000000003,0.045,0.09545849999994971,2140.0
3,OTHER,1.0,0.454416,0.045,1.0,0.390776,0.045,40.0,1070.0,False,275,0.0,-0.06363999999999997,0.0,0.06363999999999997,-90.0,135.0,0.6666666666666666,0.09545999999999996,757.5888806364811,757.6843406364811,1.0,0.42259599999999997,0.045,535.1129838436306,1605.0
3,HATCH,1.0,0.390776,0.045,-0.390776,-1.0,0.045,30.0,1070.0,False,278,-1.390776,-1.390776,0.0,1.9668542814230037,-135.0,45.00000000000001,0.5,3.9337085628460073,757.6843406364811,761.6180491993272,0.304612,-0.304612,0.045,0.09546000000000276,2140.0
3,OTHER,-0.390776,-1.0,0.045,-0.327136,-1.0,0.045,40.0,1070.0,False,281,0.06364000000000003,0.0,0.0,0.06364000000000003,0.0,135.0,0.6666666666666666,0.09546000000000004,761.6180491993272,761.7135091993272,-0.358956,-1.0,0.045,282.78260993582956,1605.0
3,HATCH,-0.327136,-1.0,0.045,1.0,0.327136,0.045,30.0,1070.0,False,284,1.3271359999999999,1.3271359999999999,0.0,1.8768537303135797,45.0,45.00000000000001,0.5,3.7537074606271594,761.7135091993272,765.4672166599544,0.336432,-0.336432,0.045,0.09546000000000276,2140.0
3,OTHER,1.0,0.327136,0.045,1.0,0.263497,0.045,40.0,1070.0,False,287,0.0,-0.063639,0.0,0.063639,-90.0,135.0,0.6666666666666666,0.0954585,765.4672166599544,765.5626751599543,1.0,0.2953165,0.045,539.0729841366011,1605.0
3,HATCH,1.0,0.263497,0.045,-0.263497,-1.0,0.045,30.0,1070.0,False,290,-1.263497,-1.263497,0.0,1.7868545934177187,-135.0,45.00000000000001,0.5,3.5737091868354374,765.5626751599543,769.1363843467898,0.3682515,-0.3682515,0.045,0.09545849999994971,2140.0
3,OTHER,-0.263497,-1.0,0.045,-0.199857,-1.0,0.045,40.0,1070.0,False,293,0.06363999999999997,0.0,0.0,0.06363999999999997,0.0,135.0,0.6666666666666666,0.09545999999999996,769.1363843467898,769.2318443467898,-0.231677,-1.0,0.045,156.44167968794864,1605.0
3,HATCH,-0.199857,-1.0,0.045,1.0,0.199857,0.045,30.0,1070.0,False,296,1.199857,1.199857,0.0,1.6968540423082947,45.0,45.00000000000001,0.5,3.3937080846165895,769.2318443467898,772.6255524314064,0.4000715,-0.4000715,0.045,0.09546000000000276,2140.0
3,OTHER,1.0,0.199857,0.045,1.0,0.136218,0.045,40.0,1070.0,False,299,0.0,-0.063639,0.0,0.063639,-90.0,135.0,0.6666666666666666,0.0954585,772.6255524314064,772.7210109314063,1.0,0.1680375,0.045,541.5929854255294,1605.0
3,HATCH,1.0,0.136218,0.045,-0.136218,-1.0,0.045,30.0,1070.0,False,302,-1.136218,-1.136218,0.0,1.6068549054124333,-135.0,45.00000000000001,0.5,3.2137098108248665,772.7210109314063,775.9347207422312,0.431891,-0.431891,0.045,0.09545849999994971,2140.0
3,OTHER,-0.136218,-1.0,0.045,-0.072578,-1.0,0.045,40.0,1070.0,False,305,0.06364,0.0,0.0,0.06364,0.0,135.0,0.6666666666666666,0.09546,775.9347207422312,776.0301807422312,-0.104398,-1.0,0.045,163.24001608339006,1605.0
3,HATCH,-0.072578,-1.0,0.045,1.0,0.072578,0.045,30.0,1070.0,False,308,1.072578,1.072578,0.0,1.5168543543030095,45.0,45.0,0.5,3.033708708606019,776.0301807422312,779.0638894508372,0.463711,-0.463711,0.045,0.09546000000000276,2140.0
3,OTHER,1.0,0.072578,0.045,1.0,0.008938,0.045,40.0,1070.0,False,311,0.0,-0.06364,0.0,0.06364,-90.0,135.0,0.6666666666666666,0.09546,779.0638894508372,779.1593494508372,1.0,0.040758,0.045,178.27095018733974,1605.0
3,HATCH,1.0,0.008938,0.045,-0.008938,-1.0,0.045,30.0,1070.0,False,314,-1.008938,-1.008938,0.0,1.4268538031935856,-135.0,45.0,0.5,2.853707606387171,779.1593494508372,782.0130570572244,0.495531,-0.495531,0.045,0.09546000000000276,2140.0
3,OTHER,-0.008938,-1.0,0.045,0.054701,-1.0,0.045,40.0,1070.0,False,317,0.063639,0.0,0.0,0.063639,0.0,135.0,0.6666666666666666,0.0954585,782.0130570572244,782.1085155572243,0.0228815,-1.0,0.045,262.5026177937268,1605.0
3,HATCH,0.054701,-1.0,0.045,1.0,-0.054701,0.045,30.0,1070.0,False,320,0.945299,0.945299,0.0,1.3368546662977243,45.0,45.0,0.5,2.6737093325954486,782.1085155572243,784.7822248898198,0.5273505,-0.5273505,0.045,0.09545849999994971,2140.0
3,OTHER,1.0,-0.054701,0.045,1.0,-0.118341,0.045,40.0,1070.0,False,323,0.0,-0.06364,0.0,0.06364,-90.0,135.0,0.6666666666666666,0.09546,784.7822248898198,784.8776848898198,1.0,-0.086521,0.045,168.0875202309786,1605.0
3,HATCH,1.0,-0.118341,0.045,0.118341,-1.0,0.045,30.0,1070.0,False,326,-0.881659,-0.881659,0.0,1.2468541151883006,-135.0,45.00000000000001,0.5,2.493708230376601,784.8776848898198,787.3713931201963,0.5591705,-0.5591705,0.045,0.09546000000000276,2140.0
3,OTHER,0.118341,-1.0,0.045,0.181981,-1.0,0.045,40.0,1070.0,False,329,0.06364,0.0,0.0,0.06364,0.0,135.0,0.6666666666666666,0.09546,787.3713931201963,787.4668531201963,0.150161,-1.0,0.045,259.72595385669877,1605.0
3,HATCH,0.181981,-1.0,0.045,1.0,-0.181981,0.045,30.0,1070.0,False,332,0.818019,0.818019,0.0,1.1568535640788769,45.0,45.00000000000001,0.5,2.3137071281577537,787.4668531201963,789.780560248354,0.5909905,-0.5909905,0.045,0.09546000000000276,2140.0
3,OTHER,1.0,-0.181981,0.045,1.0,-0.24562,0.045,40.0,1070.0,False,335,0.0,-0.063639,0.0,0.063639,-90.0,135.0,0.6666666666666666,0.0954585,789.780560248354,789.876018748354,1.0,-0.2138005,0.045,173.0858555895129,1605.0
3,HATCH,1.0,-0.24562,0.045,0.24562,-1.0,0.045,30.0,1070.0,False,338,-0.75438,-0.75438,0.0,1.0668544271830156,-135.0,45.0,0.5,2.133708854366031,789.876018748354,792.00972760272,0.62281,-0.62281,0.045,0.09545849999994971,2140.0
3,OTHER,0.24562,-1.0,0.045,0.30926,-1.0,0.045,40.0,1070.0,False,341,0.06363999999999997,0.0,0.0,0.06363999999999997,0.0,135.0,0.6666666666666666,0.09545999999999996,792.00972760272,792.10518760272,0.27744,-1.0,0.045,248.09428833922243,1605.0
3,HATCH,0.30926,-1.0,0.045,1.0,-0.30926,0.045,30.0,1070.0,False,344,0.69074,0.69074,0.0,0.9768538760735918,45.0,45.00000000000001,0.5,1.9537077521471835,792.10518760272,794.0588953548672,0.65463,-0.65463,0.045,0.09546000000000276,2140.0
3,OTHER,1.0,-0.30926,0.045,1.0,-0.372899,0.045,40.0,1070.0,False,347,0.0,-0.063639,0.0,0.063639,-90.0,135.0,0.6666666666666666,0.0954585,794.0588953548672,794.1543538548672,1.0,-0.3410795,0.045,537.2729844281209,1605.0
3,HATCH,1.0,-0.372899,0.045,0.372899,-1.0,0.045,30.0,1070.0,False,350,-0.627101,-0.627101,0.0,0.8868547391777303,-135.0,45.0,0.5,1.7737094783554606,794.1543538548672,795.9280633332227,0.6864494999999999,-0.6864494999999999,0.045,0.09545849999994971,2140.0
3,OTHER,0.372899,-1.0,0.045,0.436539,-1.0,0.045,40.0,1070.0,False,353,0.06364000000000003,0.0,0.0,0.06364000000000003,0.0,135.0,0.6666666666666666,0.09546000000000004,795.9280633332227,796.0235233332227,0.404719,-1.0,0.045,243.87762406972513,1605.0
3,HATCH,0.436539,-1.0,0.045,1.0,-0.436539,0.045,30.0,1070.0,False,356,0.563461,0.563461,0.0,0.7968541880683064,45.0,44.999999999999986,0.5,1.5937083761366129,796.0235233332227,797.6172317093593,0.7182695,-0.7182695,0.045,0.09546000000000276,2140.0
3,OTHER,1.0,-0.436539,0.045,1.0,-0.500179,0.045,40.0,1070.0,False,359,0.0,-0.06364000000000003,0.0,0.06364000000000003,-90.0,135.00000000000003,0.6666666666666666,0.09546000000000004,797.6172317093593,797.7126917093593,1.0,-0.468359,0.045,532.5929840547021,1605.0
3,HATCH,1.0,-0.500179,0.045,0.500179,-1.0,0.045,30.0,1070.0,False,362,-0.49982099999999996,-0.49982099999999996,0.0,0.7068536369588827,-135.0,45.00000000000001,0.5,1.4137072739177654,797.7126917093593,799.1263989832771,0.7500895000000001,-0.7500895000000001,0.045,0.09546000000000276,2140.0
3,OTHER,0.500179,-1.0,0.045,0.563818,-1.0,0.045,40.0,1070.0,False,365,0.063639,0.0,0.0,0.063639,0.0,135.0,0.6666666666666666,0.0954585,799.1263989832771,799.2218574832771,0.5319985,-1.0,0.045,238.94095971977958,1605.0
3,HATCH,0.563818,-1.0,0.045,1.0,-0.563818,0.045,30.0,1070.0,False,368,0.43618199999999996,0.43618199999999996,0.0,0.6168545000630212,45.0,45.0,0.5,1.2337090001260425,799.2218574832771,800.4555664834031,0.781909,-0.781909,0.045,0.09545849999994971,2140.0
3,OTHER,1.0,-0.563818,0.045,1.0,-0.627458,0.045,40.0,1070.0,False,371,0.0,-0.06363999999999992,0.0,0.06363999999999992,-90.0,135.00000000000003,0.6666666666666666,0.09545999999999988,800.4555664834031,800.5510264834031,1.0,-0.595638,0.045,526.4729833488138,1605.0
3,HATCH,1.0,-0.627458,0.045,0.627458,-1.0,0.045,30.0,1070.0,False,374,-0.37254200000000004,-0.37254200000000004,0.0,0.5268539489535976,-135.0,45.0,0.5,1.0537078979071952,800.5510264834031,801.6047343813103,0.8137289999999999,-0.8137289999999999,0.045,0.09546000000000276,2140.0
3,OTHER,0.627458,-1.0,0.045,0.691097,-1.0,0.045,40.0,1070.0,False,377,0.063639,0.0,0.0,0.063639,0.0,135.0,0.6666666666666666,0.0954585,801.6047343813103,801.7001928813103,0.6592775,-1.0,0.045,225.1492951178128,1605.0
3,HATCH,0.691097,-1.0,0.045,1.0,-0.691097,0.045,30.0,1070.0,False,380,0.30890300000000004,0.30890300000000004,0.0,0.43685481205773624,45.0,45.0,0.5,0.8737096241154725,801.7001928813103,802.5739025054257,0.8455485,-0.8455485,0.045,0.09545849999994971,2140.0
3,OTHER,1.0,-0.691097,0.045,1.0,-0.754737,0.045,40.0,1070.0,False,383,0.0,-0.06364000000000003,0.0,0.06364000000000003,-90.0,135.0,0.6666666666666666,0.09546000000000004,802.5739025054257,802.6693625054257,1.0,-0.722917,0.045,518.9129836388834,1605.0
3,HATCH,1.0,-0.754737,0.045,0.754737,-1.0,0.045,30.0,1070.0,False,386,-0.245263,-0.245263,0.0,0.3468542609483124,-135.0,45.0,0.5,0.6937085218966248,802.6693625054257,803.3630710273223,0.8773685,-0.8773685,0.045,0.09546000000000276,2140.0
3,OTHER,0.754737,-1.0,0.045,0.818377,-1.0,0.045,40.0,1070.0,False,389,0.06364000000000003,0.0,0.0,0.06364000000000003,0.0,135.0,0.6666666666666666,0.09546000000000004,803.3630710273223,803.4585310273224,0.786557,-1.0,0.045,189.9875803684812,1605.0
3,HATCH,0.818377,-1.0,0.045,1.0,-0.818377,0.045,30.0,1070.0,False,392,0.18162299999999998,0.18162299999999998,0.0,0.2568537098388886,45.0,45.0,0.5,0.5137074196777772,803.4585310273224,803.9722384470001,0.9091885,-0.9091885,0.045,0.09546000000000276,2140.0
3,OTHER,1.0,-0.818377,0.045,1.0,-0.882016,0.045,40.0,1070.0,False,395,0.0,-0.063639,0.0,0.063639,-90.0,135.0,0.6666666666666666,0.0954585,803.9722384470001,804.0676969470001,1.0,-0.8501965,0.045,509.91298376805634,1605.0
3,HATCH,1.0,-0.882016,0.045,0.882016,-1.0,0.045,30.0,1070.0,False,398,-0.11798399999999998,-0.11798399999999998,0.0,0.16685457294302722,-135.0,45.00000000000001,0.5,0.33370914588605444,804.0676969470001,804.4014060928861,0.9410080000000001,-0.9410080000000001,0.045,0.09545849999994971,2140.0
3,OTHER,0.882016,-1.0,0.045,0.945656,-1.0,0.045,40.0,1070.0,False,401,0.06364000000000003,0.0,0.0,0.06364000000000003,0.0,135.0,0.6666666666666666,0.09546000000000004,804.4014060928861,804.4968660928861,0.9138360000000001,-1.0,0.045,0.0,1605.0
3,HATCH,0.945656,-1.0,0.045,1.0,-0.945656,0.045,30.0,1070.0,False,404,0.05434399999999995,0.05434399999999995,0.0,0.0768540218336034,45.0,45.0,0.5,0.1537080436672068,804.4968660928861,804.6505741365532,0.972828,-0.972828,0.045,0.0,2140.0
3,OTHER,1.0,-0.945656,0.045,1.0,-0.945656,0.06,40.0,1070.0,False,407,0.0,0.0,0.015,0.015,0.0,,0.6666666666666666,0.0225,804.6505741365532,804.6730741365533,1.0,-0.945656,0.0525,0.0,1605.0
4,OTHER,1.0,-0.945656,0.06,-0.546142,1.0,0.06,40.0,1070.0,False,20,-1.5461420000000001,1.945656,0.0,2.4851825595919506,128.4728874373312,,0.6666666666666666,3.727773839387926,804.6730741365533,808.4008479759412,0.226929,0.027171999999999974,0.06,199.97836947771214,1605.0
4,CONTOUR,-0.546142,1.0,0.06,1.0,1.0,0.06,30.0,1070.0,False,23,1.5461420000000001,0.0,0.0,1.5461420000000001,0.0,128.4728874373312,0.5,3.0922840000000003,808.4008479759412,811.4931319759412,0.226929,1.0,0.06,147.58182628216662,2140.0
4,CONTOUR,1.0,1.0,0.06,1.0,0.546142,0.06,30.0,1070.0,False,24,0.0,-0.453858,0.0,0.453858,-90.0,90.0,0.5,0.907716,811.4931319759412,812.4008479759412,1.0,0.7730710000000001,0.06,71.72546229932391,2140.0
4,CONTOUR,1.0,0.546142,0.06,1.0,-1.0,0.06,30.0,1070.0,False,25,0.0,-1.5461420000000001,0.0,1.5461420000000001,-90.0,0.0,0.5,3.0922840000000003,812.4008479759412,815.4931319759412,1.0,-0.226929,0.06,22.524829227587247,2140.0
4,CONTOUR,1.0,-1.0,0.06,0.546142,-1.0,0.06,30.0,1070.0,False,26,-0.453858,0.0,0.0,0.453858,180.0,90.0,0.5,0.907716,815.4931319759412,816.4008479759412,0.7730710000000001,-1.0,0.06,12.034600948618845,2140.0
4,CONTOUR,0.546142,-1.0,0.06,-1.0,-1.0,0.06,30.0,1070.0,False,27,-1.5461420000000001,0.0,0.0,1.5461420000000001,180.0,0.0,0.5,3.0922840000000003,816.4008479759412,819.4931319759412,-0.226929,-1.0,0.06,47.16900362915146,2140.0
4,CONTOUR,-1.0,-1.0,0.06,-1.0,-0.546142,0.06,30.0,1070.0,False,28,0.0,0.453858,0.0,0.453858,90.0,90.0,0.5,0.907716,819.4931319759412,820.4008479759412,-1.0,-0.7730710000000001,0.06,127.76589628559054,2140.0
4,CONTOUR,-1.0,-0.546142,0.06,-1.0,1.0,0.06,30.0,1070.0,False,29,0.0,1.5461420000000001,0.0,1.5461420000000001,90.0,0.0,0.5,3.0922840000000003,820.4008479759412,823.4931319759412,-1.0,0.226929,0.06,181.67004283856159,2140.0
4,CONTOUR,-1.0,1.0,0.06,-0.546142,1.0,0.06,30.0,1070.0,False,30,0.453858,0.0,0.0,0.453858,0.0,90.0,0.5,0.907716,823.4931319759412,824.4008479759412,-0.7730710000000001,1.0,0.06,200.95421771083886,2140.0
4,OTHER,-0.546142,1.0,0.06,-1.0,0.955,0.06,40.0,1070.0,False,35,-0.453858,-0.04500000000000004,0.0,0.45608341798842017,-174.337632717653,174.33763271765307,0.6666666666666666,0.6841251269826303,824.4008479759412,825.0849731029239,-0.7730710000000001,0.9775,0.06,0.0,1605.0
4,HATCH,-1.0,0.955,0.06,1.0,0.955,0.06,30.0,1070.0,True,38,2.0,0.0,0.0,2.0,0.0,174.33763271765298,0.5,4.0,825.0849731029239,829.0849731029239,0.0,0.955,0.06,177.9677894489572,2140.0
4,OTHER,1.0,0.955,0.06,1.0,0.91,0.06,40.0,1070.0,False,41,0.0,-0.04499999999999993,0.0,0.04499999999999993,-90.0,90.0,0.6666666666666666,0.0674999999999999,829.0849731029239,829.1524731029239,1.0,0.9325,0.06,110.11397655110932,1605.0
4,HATCH,1.0,0.91,0.06,-1.0,0.91,0.06,30.0,1070.0,True,44,-2.0,0.0,0.0,2.0,180.0,90.0,0.5,4.0,829.1524731029239,833.1524731029239,0.0,0.91,0.06,0.06749999999999545,2140.0
4,OTHER,-1.0,0.91,0.06,-1.0,0.865,0.06,40.0,1070.0,False,47,0.0,-0.04500000000000004,0.0,0.04500000000000004,-90.0,90.0,0.6666666666666666,0.06750000000000006,833.1524731029239,833.2199731029239,-1.0,0.8875,0.06,209.3426393813627,1605.0
4,HATCH,-1.0,0.865,0.06,1.0,0.865,0.06,30.0,1070.0,True,50,2.0,0.0,0.0,2.0,0.0,90.0,0.5,4.0,833.2199731029239,837.2199731029239,0.0,0.865,0.06,0.06749999999999545,2140.0
4,OTHER,1.0,0.865,0.06,1.0,0.82,0.06,40.0,1070.0,False,53,0.0,-0.04500000000000004,0.0,0.04500000000000004,-90.0,90.0,0.6666666666666666,0.06750000000000006,837.2199731029239,837.2874731029239,1.0,0.8425,0.06,8.067499999999995,1605.0
4,HATCH,1.0,0.82,0.06,-1.0,0.82,0.06,30.0,1070.0,True,56,-2.0,0.0,0.0,2.0,180.0,90.0,0.5,4.0,837.2874731029239,841.2874731029239,0.0,0.82,0.06,0.06749999999999545,2140.0
4,OTHER,-1.0,0.82,0.06,-1.0,0.775,0.06,40.0,1070.0,False,59,0.0,-0.04499999999999993,0.0,0.04499999999999993,-90.0,90.0,0.6666666666666666,0.0674999999999999,841.2874731029239,841.3549731029239,-1.0,0.7975,0.06,8.067499999999995,1605.0
4,HATCH,-1.0,0.775,0.06,1.0,0.775,0.06,30.0,1070.0,True,62,2.0,0.0,0.0,2.0,0.0,90.0,0.5,4.0,841.3549731029239,845.3549731029239,0.0,0.775,0.06,0.06749999999999545,2140.0
4,OTHER,1.0,0.775,0.06,1.0,0.73,0.06,40.0,1070.0,False,65,0.0,-0.04500000000000004,0.0,0.04500000000000004,-90.0,90.0,0.6666666666666666,0.06750000000000006,845.3549731029239,845.4224731029238,1.0,0.7525,0.06,8.067499999999995,1605.0
4,HATCH,1.0,0.73,0.06,-1.0,0.73,0.06,30.0,1070.0,True,68,-2.0,0.0,0.0,2.0,180.0,90.0,0.5,4.0,845.4224731029238,849.4224731029238,0.0,0.73,0.06,0.06749999999999545,2140.0
4,OTHER,-1.0,0.73,0.06,-1.0,0.685,0.06,40.0,1070.0,False,71,0.0,-0.04499999999999993,0.0,0.04499999999999993,-90.0,90.0,0.6666666666666666,0.0674999999999999,849.4224731029238,849.4899731029238,-1.0,0.7075,0.06,8.067499999999995,1605.0
4,HATCH,-1.0,0.685,0.06,1.0,0.685,0.06,30.0,1070.0,True,74,2.0,0.0,0.0,2.0,0.0,90.0,0.5,4.0,849.4899731029238,853.4899731029238,0.0,0.685,0.06,0.06749999999999545,2140.0
4,OTHER,1.0,0.685,0.06,1.0,0.64,0.06,40.0,1070.0,False,77,0.0,-0.04500000000000004,0.0,0.04500000000000004,-90.0,90.0,0.6666666666666666,0.06750000000000006,853.4899731029238,853.5574731029238,1.0,0.6625000000000001,0.06,8.067499999999995,1605.0
4,HATCH,1.0,0.64,0.06,-1.0,0.64,0.06,30.0,1070.0,True,80,-2.0,0.0,0.0,2.0,180.0,90.0,0.5,4.0,853.5574731029238,857.5574731029238,0.0,0.64,0.06,0.06749999999999545,2140.0
4,OTHER,-1.0,0.64,0.06,-1.0,0.595,0.06,40.0,1070.0,False,83,0.0,-0.04500000000000004,0.0,0.04500000000000004,-90.0,90.0,0.6666666666666666,0.06750000000000006,857.5574731029238,857.6249731029238,-1.0,0.6174999999999999,0.06,8.067499999999995,1605.0
4,HATCH,-1.0,0.595,0.06,1.0,0.595,0.06,30.0,1070.0,True,86,2.0,0.0,0.0,2.0,0.0,90.0,0.5,4.0,857.6249731029238,861.6249731029238,0.0,0.595,0.06,0.06749999999999545,2140.0
4,OTHER,1.0,0.595,0.06,1.0,0.55,0.06,40.0,1070.0,False,89,0.0,-0.04499999999999993,0.0,0.04499999999999993,-90.0,90.0,0.6666666666666666,0.0674999999999999,861.6249731029238,861.6924731029238,1.0,0.5725,0.06,8.067499999999995,1605.0
4,HATCH,1.0,0.55,0.06,-1.0,0.55,0.06,30.0,1070.0,True,92,-2.0,0.0,0.0,2.0,180.0,90.0,0.5,4.0,861.6924731029238,865.6924731029238,0.0,0.55,0.06,0.06749999999999545,2140.0
4,OTHER,-1.0,0.55,0.06,-1.0,0.505,0.06,40.0,1070.0,False,95,0.0,-0.04500000000000004,0.0,0.04500000000000004,-90.0,90.0,0.6666666666666666,0.06750000000000006,865.6924731029238,865.7599731029238,-1.0,0.5275000000000001,0.06,8.067499999999995,1605.0
4,HATCH,-1.0,0.505,0.06,1.0,0.505,0.06,30.0,1070.0,True,98,2.0,0.0,0.0,2.0,0.0,90.0,0.5,4.0,865.7599731029238,869.7599731029238,0.0,0.505,0.06,0.06749999999999545,2140.0
4,OTHER,1.0,0.505,0.06,1.0,0.46,0.06,40.0,1070.0,False,101,0.0,-0.044999999999999984,0.0,0.044999999999999984,-90.0,90.0,0.6666666666666666,0.06749999999999998,869.7599731029238,869.8274731029238,1.0,0.48250000000000004,0.06,8.067499999999995,1605.0
4,HATCH,1.0,0.46,0.06,-1.0,0.46,0.06,30.0,1070.0,True,104,-2.0,0.0,0.0,2.0,180.0,90.0,0.5,4.0,869.8274731029238,873.8274731029238,0.0,0.46,0.06,0.06749999999999545,2140.0
4,OTHER,-1.0,0.46,0.06,-1.0,0.415,0.06,40.0,1070.0,False,107,0.0,-0.04500000000000004,0.0,0.04500000000000004,-90.0,90.0,0.6666666666666666,0.06750000000000006,873.8274731029238,873.8949731029238,-1.0,0.4375,0.06,8.067499999999995,1605.0
4,HATCH,-1.0,0.415,0.06,1.0,0.415,0.06,30.0,1070.0,True,110,2.0,0.0,0.0,2.0,0.0,90.0,0.5,4.0,873.8949731029238,877.8949731029238,0.0,0.415,0.06,0.06749999999999545,2140.0
4,OTHER,1.0,0.415,0.06,1.0,0.37,0.06,40.0,1070.0,False,113,0.0,-0.044999999999999984,0.0,0.044999999999999984,-90.0,90.0,0.6666666666666666,0.06749999999999998,877.8949731029238,877.9624731029238,1.0,0.39249999999999996,0.06,8.067499999999995,1605.0
4,HATCH,1.0,0.37,0.06,-1.0,0.37,0.06,30.0,1070.0,True,116,-2.0,0.0,0.0,2.0,180.0,90.0,0.5,4.0,877.9624731029238,881.9624731029238,0.0,0.37,0.06,0.06749999999999545,2140.0
4,OTHER,-1.0,0.37,0.06,-1.0,0.325,0.06,40.0,1070.0,False,119,0.0,-0.044999999999999984,0.0,0.044999999999999984,-90.0,90.0,0.6666666666666666,0.06749999999999998,881.9624731029238,882.0299731029238,-1.0,0.34750000000000003,0.06,8.067499999999995,1605.0
4,HATCH,-1.0,0.325,0.06,1.0,0.325,0.06,30.0,1070.0,True,122,2.0,0.0,0.0,2.0,0.0,90.0,0.5,4.0,882.0299731029238,886.0299731029238,0.0,0.325,0.06,0.06749999999999545,2140.0
4,OTHER,1.0,0.325,0.06,1.0,0.28,0.06,40.0,1070.0,False,125,0.0,-0.044999999999999984,0.0,0.044999999999999984,-90.0,90.0,0.6666666666666666,0.06749999999999998,886.0299731029238,886.0974731029238,1.0,0.3025,0.06,8.067499999999995,1605.0
4,HATCH,1.0,0.28,0.06,-1.0,0.28,0.06,30.0,1070.0,True,128,-2.0,0.0,0.0,2.0,180.0,90.0,0.5,4.0,886.0974731029238,890.0974731029238,0.0,0.28,0.06,0.06749999999999545,2140.0
4,OTHER,-1.0,0.28,0.06,-1.0,0.235,0.06,40.0,1070.0,False,131,0.0,-0.04500000000000004,0.0,0.04500000000000004,-90.0,90.0,0.6666666666666666,0.06750000000000006,890.0974731029238,890.1649731029238,-1.0,0.2575,0.06,8.067499999999995,1605.0
4,HATCH,-1.0,0.235,0.06,1.0,0.235,0.06,30.0,1070.0,True,134,2.0,0.0,0.0,2.0,0.0,90.0,0.5,4.0,890.1649731029238,894.1649731029238,0.0,0.235,0.06,0.06749999999999545,2140.0
4,OTHER,1.0,0.235,0.06,1.0,0.19,0.06,40.0,1070.0,False,137,0.0,-0.044999999999999984,0.0,0.044999999999999984,-90.0,90.0,0.6666666666666666,0.06749999999999998,894.1649731029238,894.2324731029238,1.0,0.2125,0.06,8.067499999999995,1605.0
4,HATCH,1.0,0.19,0.06,-1.0,0.19,0.06,30.0,1070.0,True,140,-2.0,0.0,0.0,2.0,180.0,90.0,0.5,4.0,894.2324731029238,898.2324731029238,0.0,0.19,0.06,0.06749999999999545,2140.0
4,OTHER,-1.0,0.19,0.06,-1.0,0.145,0.06,40.0,1070.0,False,143,0.0,-0.04500000000000001,0.0,0.04500000000000001,-90.0,90.0,0.6666666666666666,0.06750000000000002,898.2324731029238,898.2999731029238,-1.0,0.16749999999999998,0.06,8.067499999999995,1605.0
4,HATCH,-1.0,0.145,0.06,1.0,0.145,0.06,30.0,1070.0,True,146,2.0,0.0,0.0,2.0,0.0,90.0,0.5,4.0,898.2999731029238,902.2999731029238,0.0,0.145,0.06,0.06749999999999545,2140.0
4,OTHER,1.0,0.145,0.06,1.0,0.1,0.06,40.0,1070.0,False,149,0.0,-0.044999999999999984,0.0,0.044999999999999984,-90.0,90.0,0.6666666666666666,0.06749999999999998,902.2999731029238,902.3674731029238,1.0,0.1225,0.06,8.067499999999995,1605.0
4,HATCH,1.0,0.1,0.06,-1.0,0.1,0.06,30.0,1070.0,True,152,-2.0,0.0,0.0,2.0,180.0,90.0,0.5,4.0,902.3674731029238,906.3674731029238,0.0,0.1,0.06,0.06749999999999545,2140.0
4,OTHER,-1.0,0.1,0.06,-1.0,0.055,0.06,40.0,1070.0,False,155,0.0,-0.045000000000000005,0.0,0.045000000000000005,-90.0,90.0,0.6666666666666666,0.06750000000000002,906.3674731029238,906.4349731029238,-1.0,0.0775,0.06,8.067499999999995,1605.0
4,HATCH,-1.0,0.055,0.06,1.0,0.055,0.06,30.0,1070.0,True,158,2.0,0.0,0.0,2.0,0.0,90.0,0.5,4.0,906.4349731029238,910.4349731029238,0.0,0.055,0.06,0.06749999999999545,2140.0
4,OTHER,1.0,0.055,0.06,1.0,0.01,0.06,40.0,1070.0,False,161,0.0,-0.045,0.0,0.045,-90.0,90.0,0.6666666666666666,0.0675,910.4349731029238,910.5024731029238,1.0,0.0325,0.06,8.067499999999995,1605.0
4,HATCH,1.0,0.01,0.06,-1.0,0.01,0.06,30.0,1070.0,True,164,-2.0,0.0,0.0,2.0,180.0,90.0,0.5,4.0,910.5024731029238,914.5024731029238,0.0,0.01,0.06,0.06749999999999545,2140.0
4,OTHER,-1.0,0.01,0.06,-1.0,-0.035,0.06,40.0,1070.0,False,167,0.0,-0.045000000000000005,0.0,0.045000000000000005,-90.0,90.0,0.6666666666666666,0.06750000000000002,914.5024731029238,914.5699731029238,-1.0,-0.0125,0.06,8.067499999999995,1605.0
4,HATCH,-1.0,-0.035,0.06,1.0,-0.035,0.06,30.0,1070.0,True,170,2.0,0.0,0.0,2.0,0.0,90.0,0.5,4.0,914.5699731029238,918.5699731029238,0.0,-0.035,0.06,0.06749999999999545,2140.0
4,OTHER,1.0,-0.035,0.06,1.0,-0.08,0.06,40.0,1070.0,False,173,0.0,-0.045,0.0,0.045,-90.0,90.0,0.6666666666666666,0.0675,918.5699731029238,918.6374731029238,1.0,-0.0575,0.06,8.067499999999995,1605.0
4,HATCH,1.0,-0.08,0.06,-1.0,-0.08,0.06,30.0,1070.0,True,176,-2.0,0.0,0.0,2.0,180.0,90.0,0.5,4.0,918.6374731029238,922.6374731029238,0.0,-0.08,0.06,0.06749999999999545,2140.0
4,OTHER,-1.0,-0.08,0.06,-1.0,-0.125,0.06,40.0,1070.0,False,179,0.0,-0.045,0.0,0.045,-90.0,90.0,0.6666666666666666,0.0675,922.6374731029238,922.7049731029238,-1.0,-0.10250000000000001,0.06,8.067499999999995,1605.0
4,HATCH,-1.0,-0.125,0.06,1.0,-0.125,0.06,30.0,1070.0,True,182,2.0,0.0,0.0,2.0,0.0,90.0,0.5,4.0,922.7049731029238,926.7049731029238,0.0,-0.125,0.06,0.06749999999999545,2140.0
4,OTHER,1.0,-0.125,0.06,1.0,-0.17,0.06,40.0,1070.0,False,185,0.0,-0.04500000000000001,0.0,0.04500000000000001,-90.0,90.0,0.6666666666666666,0.06750000000000002,926.7049731029238,926.7724731029238,1.0,-0.14750000000000002,0.06,8.067499999999995,1605.0
4,HATCH,1.0,-0.17,0.06,-1.0,-0.17,0.06,30.0,1070.0,True,188,-2.0,0.0,0.0,2.0,180.0,90.0,0.5,4.0,926.7724731029238,930.7724731029238,0.0,-0.17,0.06,0.06749999999999545,2140.0
4,OTHER,-1.0,-0.17,0.06,-1.0,-0.215,0.06,40.0,1070.0,False,191,0.0,-0.044999999999999984,0.0,0.044999999999999984,-90.0,90.0,0.6666666666666666,0.06749999999999998,930.7724731029238,930.8399731029238,-1.0,-0.1925,0.06,8.067499999999995,1605.0
4,HATCH,-1.0,-0.215,0.06,1.0,-0.215,0.06,30.0,1070.0,True,194,2.0,0.0,0.0,2.0,0.0,90.0,0.5,4.0,930.8399731029238,934.8399731029238,0.0,-0.215,0.06,0.06749999999999545,2140.0
4,OTHER,1.0,-0.215,0.06,1.0,-0.26,0.06,40.0,1070.0,False,197,0.0,-0.04500000000000001,0.0,0.04500000000000001,-90.0,90.0,0.6666666666666666,0.06750000000000002,934.8399731029238,934.9074731029237,1.0,-0.2375,0.06,8.067499999999995,1605.0
4,HATCH,1.0,-0.26,0.06,-1.0,-0.26,0.06,30.0,1070.0,True,200,-2.0,0.0,0.0,2.0,180.0,90.0,0.5,4.0,934.9074731029237,938.9074731029237,0.0,-0.26,0.06,0.06749999999999545,2140.0
4,OTHER,-1.0,-0.26,0.06,-1.0,-0.305,0.06,40.0,1070.0,False,203,0.0,-0.044999999999999984,0.0,0.044999999999999984,-90.0,90.0,0.6666666666666666,0.06749999999999998,938.9074731029237,938.9749731029237,-1.0,-0.2825,0.06,8.067499999999995,1605.0
4,HATCH,-1.0,-0.305,0.06,1.0,-0.305,0.06,30.0,1070.0,True,206,2.0,0.0,0.0,2.0,0.0,90.0,0.5,4.0,938.9749731029237,942.9749731029237,0.0,-0.305,0.06,0.06749999999999545,2140.0
4,OTHER,1.0,-0.305,0.06,1.0,-0.35,0.06,40.0,1070.0,False,209,0.0,-0.044999999999999984,0.0,0.044999999999999984,-90.0,90.0,0.6666666666666666,0.06749999999999998,942.9749731029237,943.0424731029237,1.0,-0.3275,0.06,8.067499999999995,1605.0
4,HATCH,1.0,-0.35,0.06,-1.0,-0.35,0.06,30.0,1070.0,True,212,-2.0,0.0,0.0,2.0,180.0,90.0,0.5,4.0,943.0424731029237,947.0424731029237,0.0,-0.35,0.06,0.06749999999999545,2140.0
4,OTHER,-1.0,-0.35,0.06,-1.0,-0.395,0.06,40.0,1070.0,False,215,0.0,-0.04500000000000004,0.0,0.04500000000000004,-90.0,90.0,0.6666666666666666,0.06750000000000006,947.0424731029237,947.1099731029237,-1.0,-0.3725,0.06,8.067499999999995,1605.0
4,HATCH,-1.0,-0.395,0.06,1.0,-0.395,0.06,30.0,1070.0,True,218,2.0,0.0,0.0,2.0,0.0,90.0,0.5,4.0,947.1099731029237,951.1099731029237,0.0,-0.395,0.06,0.06749999999999545,2140.0
4,OTHER,1.0,-0.395,0.06,1.0,-0.44,0.06,40.0,1070.0,False,221,0.0,-0.044999999999999984,0.0,0.044999999999999984,-90.0,90.0,0.6666666666666666,0.06749999999999998,951.1099731029237,951.1774731029237,1.0,-0.4175,0.06,8.067499999999995,1605.0
4,HATCH,1.0,-0.44,0.06,-1.0,-0.44,0.06,30.0,1070.0,True,224,-2.0,0.0,0.0,2.0,180.0,90.0,0.5,4.0,951.1774731029237,955.1774731029237,0.0,-0.44,0.06,0.06749999999999545,2140.0
4,OTHER,-1.0,-0.44,0.06,-1.0,-0.485,0.06,40.0,1070.0,False,227,0.0,-0.044999999999999984,0.0,0.044999999999999984,-90.0,90.0,0.6666666666666666,0.06749999999999998,955.1774731029237,955.2449731029237,-1.0,-0.4625,0.06,8.067499999999995,1605.0
4,HATCH,-1.0,-0.485,0.06,1.0,-0.485,0.06,30.0,1070.0,True,230,2.0,0.0,0.0,2.0,0.0,90.0,0.5,4.0,955.2449731029237,959.2449731029237,0.0,-0.485,0.06,0.06749999999999545,2140.0
4,OTHER,1.0,-0.485,0.06,1.0,-0.53,0.06,40.0,1070.0,False,233,0.0,-0.04500000000000004,0.0,0.04500000000000004,-90.0,90.0,0.6666666666666666,0.06750000000000006,959.2449731029237,959.3124731029237,1.0,-0.5075000000000001,0.06,8.067499999999995,1605.0
4,HATCH,1.0,-0.53,0.06,-1.0,-0.53,0.06,30.0,1070.0,True,236,-2.0,0.0,0.0,2.0,180.0,90.0,0.5,4.0,959.3124731029237,963.3124731029237,0.0,-0.53,0.06,0.06749999999999545,2140.0
4,OTHER,-1.0,-0.53,0.06,-1.0,-0.575,0.06,40.0,1070.0,False,239,0.0,-0.04499999999999993,0.0,0.04499999999999993,-90.0,90.0,0.6666666666666666,0.0674999999999999,963.3124731029237,963.3799731029237,-1.0,-0.5525,0.06,8.067499999999995,1605.0
4,HATCH,-1.0,-0.575,0.06,1.0,-0.575,0.06,30.0,1070.0,True,242,2.0,0.0,0.0,2.0,0.0,90.0,0.5,4.0,963.3799731029237,967.3799731029237,0.0,-0.575,0.06,0.06749999999999545,2140.0
4,OTHER,1.0,-0.575,0.06,1.0,-0.62,0.06,40.0,1070.0,False,245,0.0,-0.04500000000000004,0.0,0.04500000000000004,-90.0,90.0,0.6666666666666666,0.06750000000000006,967.3799731029237,967.4474731029237,1.0,-0.5974999999999999,0.06,8.067499999999995,1605.0
4,HATCH,1.0,-0.62,0.06,-1.0,-0.62,0.06,30.0,1070.0,True,248,-2.0,0.0,0.0,2.0,180.0,90.0,0.5,4.0,967.4474731029237,971.4474731029237,0.0,-0.62,0.06,0.06749999999999545,2140.0
4,OTHER,-1.0,-0.62,0.06,-1.0,-0.665,0.06,40.0,1070.0,False,251,0.0,-0.04500000000000004,0.0,0.04500000000000004,-90.0,90.0,0.6666666666666666,0.06750000000000006,971.4474731029237,971.5149731029237,-1.0,-0.6425000000000001,0.06,8.067499999999995,1605.0
4,HATCH,-1.0,-0.665,0.06,1.0,-0.665,0.06,30.0,1070.0,True,254,2.0,0.0,0.0,2.0,0.0,90.0,0.5,4.0,971.5149731029237,975.5149731029237,0.0,-0.665,0.06,0.06749999999999545,2140.0
4,OTHER,1.0,-0.665,0.06,1.0,-0.71,0.06,40.0,1070.0,False,257,0.0,-0.04499999999999993,0.0,0.04499999999999993,-90.0,90.0,0.6666666666666666,0.0674999999999999,975.5149731029237,975.5824731029237,1.0,-0.6875,0.06,8.067499999999995,1605.0
4,HATCH,1.0,-0.71,0.06,-1.0,-0.71,0.06,30.0,1070.0,True,260,-2.0,0.0,0.0,2.0,180.0,90.0,0.5,4.0,975.5824731029237,979.5824731029237,0.0,-0.71,0.06,0.06749999999999545,2140.0
4,OTHER,-1.0,-0.71,0.06,-1.0,-0.755,0.06,40.0,1070.0,False,263,0.0,-0.04500000000000004,0.0,0.04500000000000004,-90.0,90.0,0.6666666666666666,0.06750000000000006,979.5824731029237,979.6499731029237,-1.0,-0.7324999999999999,0.06,8.067499999999995,1605.0
4,HATCH,-1.0,-0.755,0.06,1.0,-0.755,0.06,30.0,1070.0,True,266,2.0,0.0,0.0,2.0,0.0,90.0,0.5,4.0,979.6499731029237,983.6499731029237,0.0,-0.755,0.06,0.06749999999999545,2140.0
4,OTHER,1.0,-0.755,0.06,1.0,-0.8,0.06,40.0,1070.0,False,269,0.0,-0.04500000000000004,0.0,0.04500000000000004,-90.0,90.0,0.6666666666666666,0.06750000000000006,983.6499731029237,983.7174731029237,1.0,-0.7775000000000001,0.06,8.067499999999995,1605.0
4,HATCH,1.0,-0.8,0.06,-1.0,-0.8,0.06,30.0,1070.0,True,272,-2.0,0.0,0.0,2.0,180.0,90.0,0.5,4.0,983.7174731029237,987.7174731029237,0.0,-0.8,0.06,0.06749999999999545,2140.0
4,OTHER,-1.0,-0.8,0.06,-1.0,-0.845,0.06,40.0,1070.0,False,275,0.0,-0.04499999999999993,0.0,0.04499999999999993,-90.0,90.0,0.6666666666666666,0.0674999999999999,987.7174731029237,987.7849731029237,-1.0,-0.8225,0.06,8.067499999999995,1605.0
4,HATCH,-1.0,-0.845,0.06,1.0,-0.845,0.06,30.0,1070.0,True,278,2.0,0.0,0.0,2.0,0.0,90.0,0.5,4.0,987.7849731029237,991.7849731029237,0.0,-0.845,0.06,0.06749999999999545,2140.0
4,OTHER,1.0,-0.845,0.06,1.0,-0.89,0.06,40.0,1070.0,False,281,0.0,-0.04500000000000004,0.0,0.04500000000000004,-90.0,90.0,0.6666666666666666,0.06750000000000006,991.7849731029237,991.8524731029237,1.0,-0.8674999999999999,0.06,8.067499999999995,1605.0
4,HATCH,1.0,-0.89,0.06,-1.0,-0.89,0.06,30.0,1070.0,True,284,-2.0,0.0,0.0,2.0,180.0,90.0,0.5,4.0,991.8524731029237,995.8524731029237,0.0,-0.89,0.06,0.06749999999999545,2140.0
4,OTHER,-1.0,-0.89,0.06,-1.0,-0.935,0.06,40.0,1070.0,False,287,0.0,-0.04500000000000004,0.0,0.04500000000000004,-90.0,90.0,0.6666666666666666,0.06750000000000006,995.8524731029237,995.9199731029237,-1.0,-0.9125000000000001,0.06,8.067499999999995,1605.0
4,HATCH,-1.0,-0.935,0.06,1.0,-0.935,0.06,30.0,1070.0,True,290,2.0,0.0,0.0,2.0,0.0,90.0,0.5,4.0,995.9199731029237,999.9199731029237,0.0,-0.935,0.06,0.06749999999999545,2140.0
4,OTHER,1.0,-0.935,0.06,1.0,-0.98,0.06,40.0,1070.0,False,293,0.0,-0.04499999999999993,0.0,0.04499999999999993,-90.0,90.0,0.6666666666666666,0.0674999999999999,999.9199731029237,999.9874731029237,1.0,-0.9575,0.06,8.067499999999995,1605.0
4,HATCH,1.0,-0.98,0.06,-1.0,-0.98,0.06,30.0,1070.0,True,296,-2.0,0.0,0.0,2.0,180.0,90.0,0.5,4.0,999.9874731029237,1003.9874731029237,0.0,-0.98,0.06,0.06749999999999545,2140.0
4,OTHER,-1.0,-0.98,0.06,-1.0,-0.98,0.075,40.0,1070.0,False,299,0.0,0.0,0.015,0.015,0.0,,0.6666666666666666,0.0225,1003.9874731029237,1004.0099731029237,-1.0,-0.98,0.0675,8.067499999999995,1605.0
5,OTHER,-1.0,-0.98,0.075,1.0,0.432678,0.075,40.0,1070.0,False,20,2.0,1.412678,0.0,2.4486035064264695,35.23505198591058,,0.6666666666666666,3.6729052596397045,1004.0099731029237,1007.6828783625634,0.0,-0.273661,0.075,56.96749999999997,1605.0
5,CONTOUR,1.0,0.432678,0.075,1.0,1.0,0.075,30.0,1070.0,False,23,0.0,0.567322,0.0,0.567322,90.0,54.76494801408942,0.5,1.134644,1007.6828783625634,1008.8175223625634,1.0,0.7163390000000001,0.075,154.1254052596396,2140.0
5,CONTOUR,1.0,1.0,0.075,-0.432678,1.0,0.075,30.0,1070.0,False,24,-1.4326780000000001,0.0,0.0,1.4326780000000001,180.0,90.0,0.5,2.8653560000000002,1008.8175223625634,1011.6828783625634,0.283661,1.0,0.075,197.3243903866222,2140.0
5,CONTOUR,-0.432678,1.0,0.075,-1.0,1.0,0.075,30.0,1070.0,False,25,-0.567322,0.0,0.0,0.567322,180.0,0.0,0.5,1.134644,1011.6828783625634,1012.8175223625634,-0.7163390000000001,1.0,0.075,186.59790525963956,2140.0
5,CONTOUR,-1.0,1.0,0.075,-1.0,-0.432678,0.075,30.0,1070.0,False,26,0.0,-1.4326780000000001,0.0,1.4326780000000001,-90.0,90.0,0.5,2.8653560000000002,1012.8175223625634,1015.6828783625634,-1.0,0.283661,0.075,122.65254925963961,2140.0
5,CONTOUR,-1.0,-0.432678,0.075,-1.0,-1.0,0.075,30.0,1070.0,False,27,0.0,-0.567322,0.0,0.567322,-90.0,0.0,0.5,1.134644,1015.6828783625634,1016.8175223625634,-1.0,-0.7163390000000001,0.075,36.03290525963973,2140.0
5,CONTOUR,-1.0,-1.0,0.075,0.432678,-1.0,0.075,30.0,1070.0,False,28,1.4326780000000001,0.0,0.0,1.4326780000000001,0.0,90.0,0.5,2.8653560000000002,1016.8175223625634,1019.6828783625634,-0.283661,-1.0,0.075,197.3243903866222,2140.0
5,CONTOUR,0.432678,-1.0,0.075,1.0,-1.0,0.075,30.0,1070.0,False,29,0.567322,0.0,0.0,0.567322,0.0,0.0,0.5,1.134644,1019.6828783625634,1020.8175223625634,0.7163390000000001,-1.0,0.075,203.28203038662218,2140.0
5,CONTOUR,1.0,-1.0,0.075,1.0,0.432678,0.075,30.0,1070.0,False,30,0.0,1.4326780000000001,0.0,1.4326780000000001,90.0,90.0,0.5,2.8653560000000002,1020.8175223625634,1023.6828783625634,1.0,-0.283661,0.075,77.77504925963967,2140.0
5,OTHER,1.0,0.432678,0.075,1.0,0.427244,0.075,40.0,1070.0,False,35,0.0,-0.005433999999999994,0.0,0.005433999999999994,-90.0,180.0,0.6666666666666666,0.008150999999999992,1023.6828783625634,1023.6910293625634,1.0,0.42996100000000004,0.075,145.72040525963962,1605.0
5,HATCH,1.0,0.427244,0.075,0.427244,1.0,0.075,30.0,1070.0,False,38,-0.572756,0.572756,0.0,0.8099993031305645,135.0,135.0,0.5,1.619998606261129,1023.6910293625634,1025.3110279688246,0.713622,0.713622,0.075,797.3922568392102,2140.0
5,OTHER,0.427244,1.0,0.075,0.490883,1.0,0.075,40.0,1070.0,False,41,0.063639,0.0,0.0,0.063639,0.0,135.0,0.6666666666666666,0.0954585,1025.3110279688246,1025.4064864688246,0.4590635,1.0,0.075,356.5610884629008,1605.0
5,HATCH,0.490883,1.0,0.075,1.0,0.490883,0.075,30.0,1070.0,False,44,0.509117,-0.509117,0.0,0.7200001662347031,-45.0,45.00000000000001,0.5,1.4400003324694062,1025.4064864688246,1026.846486801294,0.7454415,0.7454415,0.075,0.09545849999994971,2140.0
5,OTHER,1.0,0.490883,0.075,1.0,0.554523,0.075,40.0,1070.0,False,47,0.0,0.06363999999999997,0.0,0.06363999999999997,90.0,135.0,0.6666666666666666,0.09545999999999996,1026.846486801294,1026.941946801294,1.0,0.522703,0.075,3.15545743873065,1605.0
5,HATCH,1.0,0.554523,0.075,0.554523,1.0,0.075,30.0,1070.0,False,50,-0.445477,0.445477,0.0,0.6299996151252792,135.0,45.0,0.5,1.2599992302505585,1026.941946801294,1028.2019460315446,0.7772615,0.7772615,0.075,0.09546000000000276,2140.0
5,OTHER,0.554523,1.0,0.075,0.618162,1.0,0.075,40.0,1070.0,False,53,0.063639,0.0,0.0,0.063639,0.0,135.0,0.6666666666666666,0.0954585,1028.2019460315446,1028.2974045315445,0.5863425,1.0,0.075,350.8010871330232,1605.0
5,HATCH,0.618162,1.0,0.075,1.0,0.618162,0.075,30.0,1070.0,False,56,0.381838,-0.381838,0.0,0.5400004782294179,-45.0,45.00000000000001,0.5,1.0800009564588358,1028.2974045315445,1029.3774054880034,0.8090809999999999,0.8090809999999999,0.075,0.09545849999994971,2140.0
5,OTHER,1.0,0.618162,0.075,1.0,0.681802,0.075,40.0,1070.0,False,59,0.0,0.06364000000000003,0.0,0.06364000000000003,90.0,135.0,0.6666666666666666,0.09546000000000004,1029.3774054880034,1029.4728654880034,1.0,0.6499820000000001,0.075,20.559883125440024,1605.0
5,HATCH,1.0,0.681802,0.075,0.681802,1.0,0.075,30.0,1070.0,False,62,-0.318198,0.318198,0.0,0.4499999271199941,135.0,45.00000000000001,0.5,0.8999998542399882,1029.4728654880034,1030.3728653422434,0.840901,0.840901,0.075,0.09546000000000276,2140.0
5,OTHER,0.681802,1.0,0.075,0.745442,1.0,0.075,40.0,1070.0,False,65,0.06364000000000003,0.0,0.0,0.06364000000000003,0.0,135.0,0.6666666666666666,0.09546000000000004,1030.3728653422434,1030.4683253422434,0.713622,1.0,0.075,343.60108829910325,1605.0
5,HATCH,0.745442,1.0,0.075,1.0,0.745442,0.075,30.0,1070.0,False,68,0.25455799999999995,-0.25455799999999995,0.0,0.35999937601057025,-45.0,45.0,0.5,0.7199987520211405,1030.4683253422434,1031.1883240942645,0.8727210000000001,0.8727210000000001,0.075,0.09546000000000276,2140.0
5,OTHER,1.0,0.745442,0.075,1.0,0.809081,0.075,40.0,1070.0,False,71,0.0,0.063639,0.0,0.063639,90.0,135.0,0.6666666666666666,0.0954585,1031.1883240942645,1031.2837825942645,1.0,0.7772615,0.075,22.370801731701135,1605.0
5,HATCH,1.0,0.809081,0.075,0.809081,1.0,0.075,30.0,1070.0,False,74,-0.19091899999999995,0.19091899999999995,0.0,0.2700002391147089,135.0,45.00000000000001,0.5,0.5400004782294178,1031.2837825942645,1031.8237830724938,0.9045405,0.9045405,0.075,0.09545849999994971,2140.0
5,OTHER,0.809081,1.0,0.075,0.872721,1.0,0.075,40.0,1070.0,False,77,0.06363999999999992,0.0,0.0,0.06363999999999992,0.0,135.0,0.6666666666666666,0.09545999999999988,1031.8237830724938,1031.9192430724938,0.840901,1.0,0.075,334.96108763271377,1605.0
5,HATCH,0.872721,1.0,0.075,1.0,0.872721,0.075,30.0,1070.0,False,80,0.12727900000000003,-0.12727900000000003,0.0,0.1799996880052852,-45.0,45.00000000000001,0.5,0.3599993760105704,1031.9192430724938,1032.2792424485044,0.9363604999999999,0.9363604999999999,0.075,0.09546000000000276,2140.0
5,OTHER,1.0,0.872721,0.075,1.0,0.93636,0.075,40.0,1070.0,False,83,0.0,0.063639,0.0,0.063639,90.0,135.0,0.6666666666666666,0.0954585,1032.2792424485044,1032.3747009485044,1.0,0.9045405,0.075,0.0,1605.0
5,HATCH,1.0,0.93636,0.075,0.93636,1.0,0.075,30.0,1070.0,False,86,-0.06364000000000003,0.06364000000000003,0.0,0.09000055110942382,135.0,45.0,0.5,0.18000110221884763,1032.3747009485044,1032.554702050723,0.96818,0.96818,0.075,0.0,2140.0
5,OTHER,0.93636,1.0,0.075,0.363604,1.0,0.075,40.0,1070.0,False,89,-0.572756,0.0,0.0,0.572756,180.0,45.00000000000001,0.6666666666666666,0.8591340000000001,1032.554702050723,1033.4138360507231,0.649982,1.0,0.075,2.0863767084797473,1605.0
5,HATCH,0.363604,1.0,0.075,1.0,0.363604,0.075,30.0,1070.0,False,92,0.636396,-0.636396,0.0,0.8999998542399882,-45.0,135.0,0.5,1.7999997084799764,1033.4138360507231,1035.2138357592032,0.681802,0.681802,0.075,6.567349249429071,2140.0
5,OTHER,1.0,0.363604,0.075,1.0,0.299964,0.075,40.0,1070.0,False,95,0.0,-0.06363999999999997,0.0,0.06363999999999997,-90.0,45.00000000000001,0.6666666666666666,0.09545999999999996,1035.2138357592032,1035.3092957592032,1.0,0.33178399999999997,0.075,11.522806396639794,1605.0
5,HATCH,1.0,0.299964,0.075,0.299964,1.0,0.075,30.0,1070.0,False,98,-0.700036,0.700036,0.0,0.9900004053494119,135.0,135.0,0.5,1.9800008106988238,1035.3092957592032,1037.289296569902,0.6499820000000001,0.6499820000000001,0.075,0.09546000000000276,2140.0
5,OTHER,0.299964,1.0,0.075,0.236325,1.0,0.075,40.0,1070.0,False,101,-0.063639,0.0,0.0,0.063639,180.0,45.0,0.6666666666666666,0.0954585,1037.289296569902,1037.384755069902,0.2681445,1.0,0.075,25.606418207338606,1605.0
5,HATCH,0.236325,1.0,0.075,1.0,0.236325,0.075,30.0,1070.0,False,104,0.763675,-0.763675,0.0,1.0799995422452733,-45.0,135.0,0.5,2.1599990844905466,1037.384755069902,1039.5447541543924,0.6181625,0.6181625,0.075,0.09545849999994971,2140.0
5,OTHER,1.0,0.236325,0.075,1.0,0.172685,0.075,40.0,1070.0,False,107,0.0,-0.06364,0.0,0.06364,-90.0,44.999999999999986,0.6666666666666666,0.09546,1039.5447541543924,1039.6402141543924,1.0,0.204505,0.075,137.17728105146864,1605.0
5,HATCH,1.0,0.172685,0.075,0.172685,1.0,0.075,30.0,1070.0,False,110,-0.827315,0.827315,0.0,1.1700000933546972,135.0,135.0,0.5,2.3400001867093945,1039.6402141543924,1041.9802143411018,0.5863425,0.5863425,0.075,0.09546000000000276,2140.0
5,OTHER,0.172685,1.0,0.075,0.109045,1.0,0.075,40.0,1070.0,False,113,-0.06364,0.0,0.0,0.06364,180.0,45.0,0.6666666666666666,0.09546,1041.9802143411018,1042.0756743411018,0.14086500000000002,1.0,0.075,230.48708236516063,1605.0
5,HATCH,0.109045,1.0,0.075,1.0,0.109045,0.075,30.0,1070.0,False,116,0.8909549999999999,-0.8909549999999999,0.0,1.2600006444641207,-45.0,135.0,0.5,2.5200012889282415,1042.0756743411018,1044.59567563003,0.5545225,0.5545225,0.075,0.09546000000000276,2140.0
5,OTHER,1.0,0.109045,0.075,1.0,0.045406,0.075,40.0,1070.0,False,119,0.0,-0.063639,0.0,0.063639,-90.0,45.0,0.6666666666666666,0.0954585,1044.59567563003,1044.69113413003,1.0,0.0772255,0.075,134.0932025271062,1605.0
5,HATCH,1.0,0.045406,0.075,0.045406,1.0,0.075,30.0,1070.0,False,122,-0.9545939999999999,0.9545939999999999,0.0,1.3499997813599822,135.0,135.0,0.5,2.6999995627199644,1044.69113413003,1047.39113369275,0.522703,0.522703,0.075,0.09545849999994971,2140.0
5,OTHER,0.045406,1.0,0.075,-0.018234,1.0,0.075,40.0,1070.0,False,125,-0.06364,0.0,0.0,0.06364,180.0,45.0,0.6666666666666666,0.09546,1047.39113369275,1047.48659369275,0.013586,1.0,0.075,214.23866058982605,1605.0
5,HATCH,-0.018234,1.0,0.075,1.0,-0.018234,0.075,30.0,1070.0,False,128,1.018234,-1.018234,0.0,1.4400003324694062,-45.0,135.0,0.5,2.8800006649388123,1047.48659369275,1050.3665943576887,0.490883,0.490883,0.075,0.09546000000000276,2140.0
5,OTHER,1.0,-0.018234,0.075,1.0,-0.081873,0.075,40.0,1070.0,False,131,0.0,-0.063639,0.0,0.063639,-90.0,45.00000000000001,0.6666666666666666,0.0954585,1050.3665943576887,1050.4620528576886,1.0,-0.0500535,0.075,123.5941212547649,1605.0
5,HATCH,1.0,-0.081873,0.075,-0.081873,1.0,0.075,30.0,1070.0,False,134,-1.081873,1.081873,0.0,1.5299994693652677,135.0,135.0,0.5,3.0599989387305353,1050.4620528576886,1053.5220517964192,0.4590635,0.4590635,0.075,0.09545849999994971,2140.0
5,OTHER,-0.081873,1.0,0.075,-0.145513,1.0,0.075,40.0,1070.0,False,137,-0.06364,0.0,0.0,0.06364,180.0,45.0,0.6666666666666666,0.09546,1053.5220517964192,1053.6175117964192,-0.113693,1.0,0.075,412.1757868701113,1605.0
5,HATCH,-0.145513,1.0,0.075,1.0,-0.145513,0.075,30.0,1070.0,False,140,1.145513,-1.145513,0.0,1.6200000204746912,-45.0,135.0,0.5,3.2400000409493823,1053.6175117964192,1056.8575118373685,0.4272435,0.4272435,0.075,0.09546000000000276,2140.0
5,OTHER,1.0,-0.145513,0.075,1.0,-0.209153,0.075,40.0,1070.0,False,143,0.0,-0.06364,0.0,0.06364,-90.0,45.0,0.6666666666666666,0.09546,1056.8575118373685,1056.9529718373685,1.0,-0.17733300000000002,0.075,121.95003873444477,1605.0
5,HATCH,1.0,-0.209153,0.075,-0.209153,1.0,0.075,30.0,1070.0,False,146,-1.209153,1.209153,0.0,1.710000571584115,135.0,135.0,0.5,3.42000114316823,1056.9529718373685,1060.3729729805368,0.3954235,0.3954235,0.075,0.09546000000000276,2140.0
5,OTHER,-0.209153,1.0,0.075,-0.272792,1.0,0.075,40.0,1070.0,False,149,-0.06363899999999997,0.0,0.0,0.06363899999999997,180.0,45.0,0.6666666666666666,0.09545849999999996,1060.3729729805368,1060.4684314805368,-0.24097249999999998,1.0,0.075,424.07762802986656,1605.0
5,HATCH,-0.272792,1.0,0.075,1.0,-0.272792,0.075,30.0,1070.0,False,152,1.272792,-1.272792,0.0,1.7999997084799764,-45.0,135.0,0.5,3.5999994169599527,1060.4684314805368,1064.0684308974967,0.36360400000000004,0.36360400000000004,0.075,0.09545849999994971,2140.0
5,OTHER,1.0,-0.272792,0.075,1.0,-0.336432,0.075,40.0,1070.0,False,155,0.0,-0.06364000000000003,0.0,0.06364000000000003,-90.0,45.00000000000001,0.6666666666666666,0.09546000000000004,1064.0684308974967,1064.1638908974967,1.0,-0.304612,0.075,40.385552534933254,1605.0
5,HATCH,1.0,-0.336432,0.075,-0.336432,1.0,0.075,30.0,1070.0,False,158,-1.336432,1.336432,0.0,1.8900002595894003,135.0,135.0,0.5,3.7800005191788006,1064.1638908974967,1067.9438914166756,0.33178399999999997,0.33178399999999997,0.075,0.09546000000000276,2140.0
5,OTHER,-0.336432,1.0,0.075,-0.400071,1.0,0.075,40.0,1070.0,False,161,-0.063639,0.0,0.0,0.063639,180.0,45.00000000000001,0.6666666666666666,0.0954585,1067.9438914166756,1068.0393499166755,-0.3682515,1.0,0.075,435.97946486119463,1605.0
5,HATCH,-0.400071,1.0,0.075,1.0,-0.400071,0.075,30.0,1070.0,False,164,1.400071,-1.400071,0.0,1.9799993964852616,-45.0,135.0,0.5,3.959998792970523,1068.0393499166755,1071.999348709646,0.29996449999999997,0.29996449999999997,0.075,0.09545849999994971,2140.0
5,OTHER,1.0,-0.400071,0.075,1.0,-0.463711,0.075,40.0,1070.0,False,167,0.0,-0.06363999999999997,0.0,0.06363999999999997,-90.0,45.0,0.6666666666666666,0.09545999999999996,1071.999348709646,1072.094808709646,1.0,-0.431891,0.075,112.68687560672231,1605.0
5,HATCH,1.0,-0.463711,0.075,-0.463711,1.0,0.075,30.0,1070.0,False,170,-1.463711,1.463711,0.0,2.069999947594685,135.0,135.0,0.5,4.13999989518937,1072.094808709646,1076.2348086048355,0.2681445,0.2681445,0.075,0.09546000000000276,2140.0
5,OTHER,-0.463711,1.0,0.075,-0.527351,1.0,0.075,40.0,1070.0,False,173,-0.06364000000000003,0.0,0.0,0.06364000000000003,180.0,45.0,0.6666666666666666,0.09546000000000004,1076.2348086048355,1076.3302686048355,-0.495531,1.0,0.075,447.88130036409564,1605.0
5,HATCH,-0.527351,1.0,0.075,1.0,-0.527351,0.075,30.0,1070.0,False,176,1.527351,-1.527351,0.0,2.160000498704109,-45.0,135.0,0.5,4.320000997408218,1076.3302686048355,1080.6502696022437,0.2363245,0.2363245,0.075,0.09546000000000276,2140.0
5,OTHER,1.0,-0.527351,0.075,1.0,-0.59099,0.075,40.0,1070.0,False,179,0.0,-0.063639,0.0,0.063639,-90.0,45.00000000000001,0.6666666666666666,0.0954585,1080.6502696022437,1080.7457281022437,1.0,-0.5591705,0.075,113.20279649932002,1605.0
5,HATCH,1.0,-0.59099,0.075,-0.59099,1.0,0.075,30.0,1070.0,False,182,-1.5909900000000001,1.5909900000000001,0.0,2.2499996355999707,135.0,135.0,0.5,4.4999992711999415,1080.7457281022437,1085.2457273734435,0.204505,0.204505,0.075,0.09545849999994971,2140.0
5,OTHER,-0.59099,1.0,0.075,-0.65463,1.0,0.075,40.0,1070.0,False,185,-0.06364000000000003,0.0,0.0,0.06364000000000003,180.0,45.0,0.6666666666666666,0.09546000000000004,1085.2457273734435,1085.3411873734435,-0.6228100000000001,1.0,0.075,72.4282050108801,1605.0
5,HATCH,-0.65463,1.0,0.075,1.0,-0.65463,0.075,30.0,1070.0,False,188,1.65463,-1.65463,0.0,2.3400001867093945,-45.0,135.0,0.5,4.680000373418789,1085.3411873734435,1090.0211877468623,0.17268499999999998,0.17268499999999998,0.075,0.09546000000000276,2140.0
5,OTHER,1.0,-0.65463,0.075,1.0,-0.718269,0.075,40.0,1070.0,False,191,0.0,-0.063639,0.0,0.063639,-90.0,45.0,0.6666666666666666,0.0954585,1090.0211877468623,1090.1166462468623,1.0,-0.6864495,0.075,106.30371464393863,1605.0
5,HATCH,1.0,-0.718269,0.075,-0.718269,1.0,0.075,30.0,1070.0,False,194,-1.718269,1.718269,0.0,2.429999323605256,135.0,135.0,0.5,4.859998647210512,1090.1166462468623,1094.9766448940727,0.14086549999999998,0.14086549999999998,0.075,0.09545849999994971,2140.0
5,OTHER,-0.718269,1.0,0.075,-0.781909,1.0,0.075,40.0,1070.0,False,197,-0.06363999999999992,0.0,0.0,0.06363999999999992,180.0,45.00000000000001,0.6666666666666666,0.09545999999999988,1094.9766448940727,1095.0721048940727,-0.750089,1.0,0.075,82.1591225315093,1605.0
5,HATCH,-0.781909,1.0,0.075,1.0,-0.781909,0.075,30.0,1070.0,False,200,1.781909,-1.781909,0.0,2.5199998747146792,-45.0,135.0,0.5,5.0399997494293585,1095.0721048940727,1100.112104643502,0.10904550000000002,0.10904550000000002,0.075,0.09546000000000276,2140.0
5,OTHER,1.0,-0.781909,0.075,1.0,-0.845549,0.075,40.0,1070.0,False,203,0.0,-0.06364000000000003,0.0,0.06364000000000003,-90.0,45.0,0.6666666666666666,0.09546000000000004,1100.112104643502,1100.207564643502,1.0,-0.8137289999999999,0.075,108.25963154057843,1605.0
5,HATCH,1.0,-0.845549,0.075,-0.845549,1.0,0.075,30.0,1070.0,False,206,-1.845549,1.845549,0.0,2.6100004258241034,135.0,135.0,0.5,5.220000851648207,1100.207564643502,1105.4275654951502,0.0772255,0.0772255,0.075,0.09546000000000276,2140.0
5,OTHER,-0.845549,1.0,0.075,-0.909188,1.0,0.075,40.0,1070.0,False,209,-0.063639,0.0,0.0,0.063639,180.0,45.0,0.6666666666666666,0.0954585,1105.4275654951502,1105.5230239951502,-0.8773685,1.0,0.075,481.61773177358907,1605.0
5,HATCH,-0.909188,1.0,0.075,1.0,-0.909188,0.075,30.0,1070.0,False,212,1.9091879999999999,-1.9091879999999999,0.0,2.6999995627199644,-45.0,135.0,0.5,5.399999125439929,1105.5230239951502,1110.9230231205902,0.045406,0.045406,0.075,0.09545849999994971,2140.0
5,OTHER,1.0,-0.909188,0.075,1.0,-0.972828,0.075,40.0,1070.0,False,215,0.0,-0.06364000000000003,0.0,0.06364000000000003,-90.0,45.00000000000001,0.6666666666666666,0.09546000000000004,1110.9230231205902,1111.0184831205902,1.0,-0.9410080000000001,0.075,110.93555001766651,1605.0
5,HATCH,1.0,-0.972828,0.075,-0.972828,1.0,0.075,30.0,1070.0,False,218,-1.972828,1.972828,0.0,2.7900001138293886,135.0,135.0,0.5,5.580000227658777,1111.0184831205902,1116.598483348249,0.013585999999999987,0.013585999999999987,0.075,0.09546000000000276,2140.0
5,OTHER,-0.972828,1.0,0.075,-1.0,0.963532,0.075,40.0,1070.0,False,221,-0.027171999999999974,-0.036467999999999945,0.0,0.045477825453730684,-126.689485123859,98.31051487614101,0.6666666666666666,0.06821673818059604,1116.598483348249,1116.6667000864295,-0.986414,0.981766,0.075,283.37851024532506,1605.0
5,HATCH,-1.0,0.963532,0.075,0.963532,-1.0,0.075,30.0,1070.0,False,224,1.963532,-1.963532,0.0,2.7768535845535682,-45.0,81.689485123859,0.5,5.5537071691071365,1116.6667000864295,1122.2204072555367,-0.018233999999999972,-0.018233999999999972,0.075,0.06821673818058116,2140.0
5,OTHER,0.963532,-1.0,0.075,0.899893,-1.0,0.075,40.0,1070.0,False,227,-0.063639,0.0,0.0,0.063639,180.0,135.0,0.6666666666666666,0.0954585,1122.2204072555367,1122.3158657555366,0.9317125,-1.0,0.075,11.201924134946466,1605.0
5,HATCH,0.899893,-1.0,0.075,-1.0,0.899893,0.075,30.0,1070.0,False,230,-1.899893,1.899893,0.0,2.6868544476577068,135.0,45.0,0.5,5.3737088953154135,1122.3158657555366,1127.689574650852,-0.05005349999999997,-0.05005349999999997,0.075,0.09545849999994971,2140.0
5,OTHER,-1.0,0.899893,0.075,-1.0,0.836253,0.075,40.0,1070.0,False,233,0.0,-0.06364000000000003,0.0,0.06364000000000003,-90.0,135.0,0.6666666666666666,0.09546000000000004,1127.689574650852,1127.785034650852,-1.0,0.8680730000000001,0.075,286.33460154792806,1605.0
5,HATCH,-1.0,0.836253,0.075,0.836253,-1.0,0.075,30.0,1070.0,False,236,1.8362530000000001,-1.8362530000000001,0.0,2.596853896548283,-45.0,45.00000000000001,0.5,5.193707793096566,1127.785034650852,1132.9787424439485,-0.08187349999999999,-0.08187349999999999,0.075,0.09546000000000276,2140.0
5,OTHER,0.836253,-1.0,0.075,0.772614,-1.0,0.075,40.0,1070.0,False,239,-0.063639,0.0,0.0,0.063639,180.0,135.0,0.6666666666666666,0.0954585,1132.9787424439485,1133.0742009439484,0.8044335,-1.0,0.075,112.16122008138507,1605.0
5,HATCH,0.772614,-1.0,0.075,-1.0,0.772614,0.075,30.0,1070.0,False,242,-1.772614,1.772614,0.0,2.5068547596524215,135.0,45.00000000000001,0.5,5.013709519304843,1133.0742009439484,1138.0879104632534,-0.11369299999999999,-0.11369299999999999,0.075,0.09545849999994971,2140.0
5,OTHER,-1.0,0.772614,0.075,-1.0,0.708974,0.075,40.0,1070.0,False,245,0.0,-0.06364000000000003,0.0,0.06364000000000003,-90.0,135.0,0.6666666666666666,0.09546000000000004,1138.0879104632534,1138.1833704632534,-1.0,0.740794,0.075,288.5979373603295,1605.0
5,HATCH,-1.0,0.708974,0.075,0.708974,-1.0,0.075,30.0,1070.0,False,248,1.708974,-1.708974,0.0,2.416854208542998,-45.0,45.00000000000001,0.5,4.833708417085996,1138.1833704632534,1143.0170788803393,-0.145513,-0.145513,0.075,0.09546000000000276,2140.0
5,OTHER,0.708974,-1.0,0.075,0.645334,-1.0,0.075,40.0,1070.0,False,251,-0.06364000000000003,0.0,0.0,0.06364000000000003,180.0,135.0,0.6666666666666666,0.09546000000000004,1143.0170788803393,1143.1125388803393,0.677154,-1.0,0.075,122.19955651777593,1605.0
5,HATCH,0.645334,-1.0,0.075,-1.0,0.645334,0.075,30.0,1070.0,False,254,-1.645334,1.645334,0.0,2.326853657433574,135.0,45.0,0.5,4.653707314867148,1143.1125388803393,1147.7662461952066,-0.17733300000000002,-0.17733300000000002,0.075,0.09546000000000276,2140.0
5,OTHER,-1.0,0.645334,0.075,-1.0,0.581695,0.075,40.0,1070.0,False,257,0.0,-0.063639,0.0,0.063639,-90.0,135.0,0.6666666666666666,0.0954585,1147.7662461952066,1147.8617046952065,-1.0,0.6135145,0.075,282.00627309228275,1605.0
5,HATCH,-1.0,0.581695,0.075,0.581695,-1.0,0.075,30.0,1070.0,False,260,1.5816949999999999,-1.5816949999999999,0.0,2.2368545205377126,-45.0,45.00000000000001,0.5,4.473709041075425,1147.8617046952065,1152.335413736282,-0.20915250000000002,-0.20915250000000002,0.075,0.09545849999994971,2140.0
5,OTHER,0.581695,-1.0,0.075,0.518055,-1.0,0.075,40.0,1070.0,False,263,-0.06363999999999992,0.0,0.0,0.06363999999999992,180.0,135.0,0.6666666666666666,0.09545999999999988,1152.335413736282,1152.430873736282,0.549875,-1.0,0.075,353.11355625300484,1605.0
5,HATCH,0.518055,-1.0,0.075,-1.0,0.518055,0.075,30.0,1070.0,False,266,-1.518055,1.518055,0.0,2.146853969428289,135.0,45.00000000000001,0.5,4.293707938856578,1152.430873736282,1156.7245816751386,-0.24097249999999998,-0.24097249999999998,0.075,0.09546000000000276,2140.0
5,OTHER,-1.0,0.518055,0.075,-1.0,0.454416,0.075,40.0,1070.0,False,269,0.0,-0.06363900000000006,0.0,0.06363900000000006,-90.0,135.0,0.6666666666666666,0.09545850000000008,1156.7245816751386,1156.8200401751385,-1.0,0.48623550000000004,0.075,282.82960857221474,1605.0
5,HATCH,-1.0,0.454416,0.075,0.454416,-1.0,0.075,30.0,1070.0,False,272,1.454416,-1.454416,0.0,2.0568548325324274,-45.0,45.0,0.5,4.113709665064855,1156.8200401751385,1160.9337498402033,-0.27279200000000003,-0.27279200000000003,0.075,0.09545849999994971,2140.0
5,OTHER,0.454416,-1.0,0.075,0.390776,-1.0,0.075,40.0,1070.0,False,275,-0.06363999999999997,0.0,0.0,0.06363999999999997,180.0,135.0,0.6666666666666666,0.09545999999999996,1160.9337498402033,1161.0292098402033,0.42259599999999997,-1.0,0.075,364.9102265069806,1605.0
5,HATCH,0.390776,-1.0,0.075,-1.0,0.390776,0.075,30.0,1070.0,False,278,-1.390776,1.390776,0.0,1.9668542814230037,135.0,45.00000000000001,0.5,3.9337085628460073,1161.0292098402033,1164.9629184030493,-0.304612,-0.304612,0.075,0.09546000000000276,2140.0
5,OTHER,-1.0,0.390776,0.075,-1.0,0.327136,0.075,40.0,1070.0,False,281,0.0,-0.06364000000000003,0.0,0.06364000000000003,-90.0,135.0,0.6666666666666666,0.09546000000000004,1164.9629184030493,1165.0583784030493,-1.0,0.358956,0.075,149.28004004048591,1605.0
5,HATCH,-1.0,0.327136,0.075,0.327136,-1.0,0.075,30.0,1070.0,False,284,1.3271359999999999,-1.3271359999999999,0.0,1.8768537303135797,-45.0,45.00000000000001,0.5,3.7537074606271594,1165.0583784030493,1168.8120858636764,-0.336432,-0.336432,0.075,0.09546000000000276,2140.0
5,OTHER,0.327136,-1.0,0.075,0.263497,-1.0,0.075,40.0,1070.0,False,287,-0.063639,0.0,0.0,0.063639,180.0,135.0,0.6666666666666666,0.0954585,1168.8120858636764,1168.9075443636764,0.2953165,-1.0,0.075,376.70689826095645,1605.0
5,HATCH,0.263497,-1.0,0.075,-1.0,0.263497,0.075,30.0,1070.0,False,290,-1.263497,1.263497,0.0,1.7868545934177187,135.0,45.00000000000001,0.5,3.5737091868354374,1168.9075443636764,1172.4812535505118,-0.3682515,-0.3682515,0.075,0.09545849999994971,2140.0
5,OTHER,-1.0,0.263497,0.075,-1.0,0.199857,0.075,40.0,1070.0,False,293,0.0,-0.06363999999999997,0.0,0.06363999999999997,-90.0,135.0,0.6666666666666666,0.09545999999999996,1172.4812535505118,1172.5767135505118,-1.0,0.231677,0.075,156.7983751879484,1605.0
5,HATCH,-1.0,0.199857,0.075,0.199857,-1.0,0.075,30.0,1070.0,False,296,1.199857,-1.199857,0.0,1.6968540423082947,-45.0,45.00000000000001,0.5,3.3937080846165895,1172.5767135505118,1175.9704216351283,-0.4000715,-0.4000715,0.075,0.09546000000000276,2140.0
5,OTHER,0.199857,-1.0,0.075,0.136218,-1.0,0.075,40.0,1070.0,False,299,-0.063639,0.0,0.0,0.063639,180.0,135.0,0.6666666666666666,0.0954585,1175.9704216351283,1176.0658801351283,0.1680375,-1.0,0.075,388.503568514932,1605.0
5,HATCH,0.136218,-1.0,0.075,-1.0,0.136218,0.075,30.0,1070.0,False,302,-1.136218,1.136218,0.0,1.6068549054124333,135.0,45.00000000000001,0.5,3.2137098108248665,1176.0658801351283,1179.2795899459531,-0.431891,-0.431891,0.075,0.09545849999994971,2140.0
5,OTHER,-1.0,0.136218,0.075,-1.0,0.072578,0.075,40.0,1070.0,False,305,0.0,-0.06364,0.0,0.06364,-90.0,135.0,0.6666666666666666,0.09546,1179.2795899459531,1179.3750499459532,-1.0,0.104398,0.075,272.84461684302937,1605.0
5,HATCH,-1.0,0.072578,0.075,0.072578,-1.0,0.075,30.0,1070.0,False,308,1.072578,-1.072578,0.0,1.5168543543030095,-45.0,45.0,0.5,3.033708708606019,1179.3750499459532,1182.4087586545593,-0.463711,-0.463711,0.075,0.09546000000000276,2140.0
5,OTHER,0.072578,-1.0,0.075,0.008938,-1.0,0.075,40.0,1070.0,False,311,-0.06364,0.0,0.0,0.06364,180.0,135.0,0.6666666666666666,0.09546,1182.4087586545593,1182.5042186545593,0.040758,-1.0,0.075,178.4212855516356,1605.0
5,HATCH,0.008938,-1.0,0.075,-1.0,0.008938,0.075,30.0,1070.0,False,314,-1.008938,1.008938,0.0,1.4268538031935856,135.0,45.0,0.5,2.853707606387171,1182.5042186545593,1185.3579262609464,-0.495531,-0.495531,0.075,0.09546000000000276,2140.0
5,OTHER,-1.0,0.008938,0.075,-1.0,-0.054701,0.075,40.0,1070.0,False,317,0.0,-0.063639,0.0,0.063639,-90.0,135.0,0.6666666666666666,0.0954585,1185.3579262609464,1185.4533847609464,-1.0,-0.0228815,0.075,262.6529531580227,1605.0
5,HATCH,-1.0,-0.054701,0.075,-0.054701,-1.0,0.075,30.0,1070.0,False,320,0.945299,-0.945299,0.0,1.3368546662977243,-45.0,45.0,0.5,2.6737093325954486,1185.4533847609464,1188.127094093542,-0.5273505,-0.5273505,0.075,0.09545849999994971,2140.0
5,OTHER,-0.054701,-1.0,0.075,-0.118341,-1.0,0.075,40.0,1070.0,False,323,-0.06364,0.0,0.0,0.06364,180.0,135.0,0.6666666666666666,0.09546,1188.127094093542,1188.222554093542,-0.086521,-1.0,0.075,184.13962099061825,1605.0
5,HATCH,-0.118341,-1.0,0.075,-1.0,-0.118341,0.075,30.0,1070.0,False,326,-0.881659,0.881659,0.0,1.2468541151883006,135.0,45.00000000000001,0.5,2.493708230376601,1188.222554093542,1190.7162623239185,-0.5591705,-0.5591705,0.075,0.09546000000000276,2140.0
5,OTHER,-1.0,-0.118341,0.075,-1.0,-0.181981,0.075,40.0,1070.0,False,329,0.0,-0.06364,0.0,0.06364,-90.0,135.0,0.6666666666666666,0.09546,1190.7162623239185,1190.8117223239185,-1.0,-0.150161,0.075,259.87628922099475,1605.0
5,HATCH,-1.0,-0.181981,0.075,-0.181981,-1.0,0.075,30.0,1070.0,False,332,0.818019,-0.818019,0.0,1.1568535640788769,-45.0,45.00000000000001,0.5,2.3137071281577537,1190.8117223239185,1193.1254294520763,-0.5909905,-0.5909905,0.075,0.09546000000000276,2140.0
5,OTHER,-0.181981,-1.0,0.075,-0.24562,-1.0,0.075,40.0,1070.0,False,335,-0.063639,0.0,0.0,0.063639,180.0,135.0,0.6666666666666666,0.0954585,1193.1254294520763,1193.2208879520763,-0.2138005,-1.0,0.075,173.4425510895129,1605.0
5,HATCH,-0.24562,-1.0,0.075,-1.0,-0.24562,0.075,30.0,1070.0,False,338,-0.75438,0.75438,0.0,1.0668544271830156,135.0,45.0,0.5,2.133708854366031,1193.2208879520763,1195.3545968064423,-0.62281,-0.62281,0.075,0.09545849999994971,2140.0
5,OTHER,-1.0,-0.24562,0.075,-1.0,-0.30926,0.075,40.0,1070.0,False,341,0.0,-0.06363999999999997,0.0,0.06363999999999997,-90.0,135.0,0.6666666666666666,0.09545999999999996,1195.3545968064423,1195.4500568064423,-1.0,-0.27744,0.075,248.24462370351853,1605.0
5,HATCH,-1.0,-0.30926,0.075,-0.30926,-1.0,0.075,30.0,1070.0,False,344,0.69074,-0.69074,0.0,0.9768538760735918,-45.0,45.00000000000001,0.5,1.9537077521471835,1195.4500568064423,1197.4037645585895,-0.65463,-0.65463,0.075,0.09546000000000276,2140.0
5,OTHER,-0.30926,-1.0,0.075,-0.372899,-1.0,0.075,40.0,1070.0,False,347,-0.063639,0.0,0.0,0.063639,180.0,135.0,0.6666666666666666,0.0954585,1197.4037645585895,1197.4992230585895,-0.3410795,-1.0,0.075,177.72088619602607,1605.0
5,HATCH,-0.372899,-1.0,0.075,-1.0,-0.372899,0.075,30.0,1070.0,False,350,-0.627101,0.627101,0.0,0.8868547391777303,135.0,45.0,0.5,1.7737094783554606,1197.4992230585895,1199.2729325369448,-0.6864494999999999,-0.6864494999999999,0.075,0.09545849999994971,2140.0
5,OTHER,-1.0,-0.372899,0.075,-1.0,-0.436539,0.075,40.0,1070.0,False,353,0.0,-0.06364000000000003,0.0,0.06364000000000003,-90.0,135.0,0.6666666666666666,0.09546000000000004,1199.2729325369448,1199.3683925369448,-1.0,-0.404719,0.075,244.0279594340211,1605.0
5,HATCH,-1.0,-0.436539,0.075,-0.436539,-1.0,0.075,30.0,1070.0,False,356,0.563461,-0.563461,0.0,0.7968541880683064,-45.0,44.999999999999986,0.5,1.5937083761366129,1199.3683925369448,1200.9621009130815,-0.7182695,-0.7182695,0.075,0.09546000000000276,2140.0
5,OTHER,-0.436539,-1.0,0.075,-0.500179,-1.0,0.075,40.0,1070.0,False,359,-0.06364000000000003,0.0,0.0,0.06364000000000003,180.0,135.00000000000003,0.6666666666666666,0.09546000000000004,1200.9621009130815,1201.0575609130815,-0.468359,-1.0,0.075,447.48692994166527,1605.0
5,HATCH,-0.500179,-1.0,0.075,-1.0,-0.500179,0.075,30.0,1070.0,False,362,-0.49982099999999996,0.49982099999999996,0.0,0.7068536369588827,135.0,45.00000000000001,0.5,1.4137072739177654,1201.0575609130815,1202.4712681869992,-0.7500895000000001,-0.7500895000000001,0.075,0.09546000000000276,2140.0
5,OTHER,-1.0,-0.500179,0.075,-1.0,-0.563818,0.075,40.0,1070.0,False,365,0.0,-0.063639,0.0,0.063639,-90.0,135.0,0.6666666666666666,0.0954585,1202.4712681869992,1202.5667266869991,-1.0,-0.5319985,0.075,239.09129508407545,1605.0
5,HATCH,-1.0,-0.563818,0.075,-0.563818,-1.0,0.075,30.0,1070.0,False,368,0.43618199999999996,-0.43618199999999996,0.0,0.6168545000630212,-45.0,45.0,0.5,1.2337090001260425,1202.5667266869991,1203.8004356871252,-0.781909,-0.781909,0.075,0.09545849999994971,2140.0
5,OTHER,-0.563818,-1.0,0.075,-0.627458,-1.0,0.075,40.0,1070.0,False,371,-0.06363999999999992,0.0,0.0,0.06363999999999992,180.0,135.00000000000003,0.6666666666666666,0.09545999999999988,1203.8004356871252,1203.8958956871252,-0.595638,-1.0,0.075,459.2836001956408,1605.0
5,HATCH,-0.627458,-1.0,0.075,-1.0,-0.627458,0.075,30.0,1070.0,False,374,-0.37254200000000004,0.37254200000000004,0.0,0.5268539489535976,135.0,45.0,0.5,1.0537078979071952,1203.8958956871252,1204.9496035850323,-0.8137289999999999,-0.8137289999999999,0.075,0.09546000000000276,2140.0
5,OTHER,-1.0,-0.627458,0.075,-1.0,-0.691097,0.075,40.0,1070.0,False,377,0.0,-0.063639,0.0,0.063639,-90.0,135.0,0.6666666666666666,0.0954585,1204.9496035850323,1205.0450620850322,-1.0,-0.6592775,0.075,188.13208122246886,1605.0
5,HATCH,-1.0,-0.691097,0.075,-0.691097,-1.0,0.075,30.0,1070.0,False,380,0.30890300000000004,-0.30890300000000004,0.0,0.43685481205773624,-45.0,45.0,0.5,0.8737096241154725,1205.0450620850322,1205.9187717091477,-0.8455485,-0.8455485,0.075,0.09545849999994971,2140.0
5,OTHER,-0.691097,-1.0,0.075,-0.754737,-1.0,0.075,40.0,1070.0,False,383,-0.06364000000000003,0.0,0.0,0.06364000000000003,180.0,135.0,0.6666666666666666,0.09546000000000004,1205.9187717091477,1206.0142317091477,-0.722917,-1.0,0.075,471.08027044961636,1605.0
5,HATCH,-0.754737,-1.0,0.075,-1.0,-0.754737,0.075,30.0,1070.0,False,386,-0.245263,0.245263,0.0,0.3468542609483124,135.0,45.0,0.5,0.6937085218966248,1206.0142317091477,1206.7079402310444,-0.8773685,-0.8773685,0.075,0.09546000000000276,2140.0
5,OTHER,-1.0,-0.754737,0.075,-1.0,-0.818377,0.075,40.0,1070.0,False,389,0.0,-0.06364000000000003,0.0,0.06364000000000003,-90.0,135.0,0.6666666666666666,0.09546000000000004,1206.7079402310444,1206.8034002310444,-1.0,-0.786557,0.075,189.890417868481,1605.0
5,HATCH,-1.0,-0.818377,0.075,-0.818377,-1.0,0.075,30.0,1070.0,False,392,0.18162299999999998,-0.18162299999999998,0.0,0.2568537098388886,-45.0,45.0,0.5,0.5137074196777772,1206.8034002310444,1207.3171076507222,-0.9091885,-0.9091885,0.075,0.09546000000000276,2140.0
5,OTHER,-0.818377,-1.0,0.075,-0.882016,-1.0,0.075,40.0,1070.0,False,395,-0.063639,0.0,0.0,0.063639,180.0,135.0,0.6666666666666666,0.0954585,1207.3171076507222,1207.4125661507221,-0.8501965,-1.0,0.075,482.8769422035922,1605.0
5,HATCH,-0.882016,-1.0,0.075,-1.0,-0.882016,0.075,30.0,1070.0,False,398,-0.11798399999999998,0.11798399999999998,0.0,0.16685457294302722,135.0,45.00000000000001,0.5,0.33370914588605444,1207.4125661507221,1207.7462752966082,-0.9410080000000001,-0.9410080000000001,0.075,0.09545849999994971,2140.0
5,OTHER,-1.0,-0.882016,0.075,-1.0,-0.945656,0.075,40.0,1070.0,False,401,0.0,-0.06364000000000003,0.0,0.06364000000000003,-90.0,135.0,0.6666666666666666,0.09546000000000004,1207.7462752966082,1207.8417352966082,-1.0,-0.9138360000000001,0.075,0.0,1605.0
5,HATCH,-1.0,-0.945656,0.075,-0.945656,-1.0,0.075,30.0,1070.0,False,404,0.05434399999999995,-0.05434399999999995,0.0,0.0768540218336034,-45.0,45.0,0.5,0.1537080436672068,1207.8417352966082,1207.9954433402754,-0.972828,-0.972828,0.075,0.0,2140.0
5,OTHER,-0.945656,-1.0,0.075,-0.945656,-1.0,0.09,40.0,1070.0,False,407,0.0,0.0,0.015,0.015,0.0,,0.6666666666666666,0.0225,1207.9954433402754,1208.0179433402755,-0.945656,-1.0,0.08249999999999999,0.0,1605.0
6,OTHER,-0.945656,-1.0,0.09,0.319213,-1.0,0.09,40.0,1070.0,False,20,1.264869,0.0,0.0,1.264869,0.0,,0.6666666666666666,1.8973035,1208.0179433402755,1209.9152468402754,-0.31322150000000004,-1.0,0.09,10.518720281686,1605.0
6,CONTOUR,0.319213,-1.0,0.09,-1.0,-1.0,0.09,30.0,1070.0,False,23,-1.319213,0.0,0.0,1.319213,180.0,180.0,0.5,2.638426,1209.9152468402754,1212.5536728402753,-0.3403935,-1.0,0.09,0.0,2140.0
6,CONTOUR,-1.0,-1.0,0.09,-1.0,-0.319213,0.09,30.0,1070.0,False,24,0.0,0.680787,0.0,0.680787,90.0,90.0,0.5,1.361574,1212.5536728402753,1213.9152468402754,-1.0,-0.6596065,0.09,7.508610755243126,2140.0
6,CONTOUR,-1.0,-0.319213,0.09,-1.0,1.0,0.09,30.0,1070.0,False,25,0.0,1.319213,0.0,1.319213,90.0,0.0,0.5,2.638426,1213.9152468402754,1216.5536728402753,-1.0,0.3403935,0.09,48.85686843722601,2140.0
6,CONTOUR,-1.0,1.0,0.09,-0.319213,1.0,0.09,30.0,1070.0,False,26,0.680787,0.0,0.0,0.680787,0.0,90.0,0.5,1.361574,1216.5536728402753,1217.9152468402754,-0.6596065,1.0,0.09,121.48156794620263,2140.0
6,CONTOUR,-0.319213,1.0,0.09,1.0,1.0,0.09,30.0,1070.0,False,27,1.319213,0.0,0.0,1.319213,0.0,0.0,0.5,2.638426,1217.9152468402754,1220.5536728402753,0.3403935,1.0,0.09,180.53049177037337,2140.0
6,CONTOUR,1.0,1.0,0.09,1.0,0.319213,0.09,30.0,1070.0,False,28,0.0,-0.680787,0.0,0.680787,-90.0,90.0,0.5,1.361574,1220.5536728402753,1221.9152468402754,1.0,0.6596065,0.09,191.0808073522719,2140.0
6,CONTOUR,1.0,0.319213,0.09,1.0,-1.0,0.09,30.0,1070.0,False,29,0.0,-1.319213,0.0,1.319213,-90.0,0.0,0.5,2.638426,1221.9152468402754,1224.5536728402753,1.0,-0.3403935,0.09,149.82043813062933,2140.0
6,CONTOUR,1.0,-1.0,0.09,0.319213,-1.0,0.09,30.0,1070.0,False,30,-0.680787,0.0,0.0,0.680787,180.0,90.0,0.5,1.361574,1224.5536728402753,1225.9152468402754,0.6596065,-1.0,0.09,81.441133959936,2140.0
6,OTHER,0.319213,-1.0,0.09,0.325,-1.0,0.09,40.0,1070.0,False,35,0.005786999999999987,0.0,0.0,0.005786999999999987,0.0,180.0,0.6666666666666666,0.00868049999999998,1225.9152468402754,1225.9239273402754,0.3221065,-1.0,0.09,57.00770247659898,1605.0
6,HATCH,0.325,-1.0,0.09,0.325,1.0,0.09,30.0,1070.0,True,38,0.0,2.0,0.0,2.0,90.0,90.0,0.5,4.0,1225.9239273402754,1229.9239273402754,0.325,0.0,0.09,678.0084880767779,2140.0
6,OTHER,0.325,1.0,0.09,0.37,1.0,0.09,40.0,1070.0,False,41,0.044999999999999984,0.0,0.0,0.044999999999999984,0.0,90.0,0.6666666666666666,0.06749999999999998,1229.9239273402754,1229.9914273402755,0.34750000000000003,1.0,0.09,9.370254500000101,1605.0
6,HATCH,0.37,1.0,0.09,0.37,-1.0,0.09,30.0,1070.0,True,44,0.0,-2.0,0.0,2.0,-90.0,90.0,0.5,4.0,1229.9914273402755,1233.9914273402755,0.37,0.0,0.09,0.06750000000010914,2140.0
6,OTHER,0.37,-1.0,0.09,0.415,-1.0,0.09,40.0,1070.0,False,47,0.044999999999999984,0.0,0.0,0.044999999999999984,0.0,90.0,0.6666666666666666,0.06749999999999998,1233.9914273402755,1234.0589273402757,0.39249999999999996,-1.0,0.09,8.06750000000011,1605.0
6,HATCH,0.415,-1.0,0.09,0.415,1.0,0.09,30.0,1070.0,True,50,0.0,2.0,0.0,2.0,90.0,90.0,0.5,4.0,1234.0589273402757,1238.0589273402757,0.415,0.0,0.09,0.06750000000010914,2140.0
6,OTHER,0.415,1.0,0.09,0.46,1.0,0.09,40.0,1070.0,False,53,0.04500000000000004,0.0,0.0,0.04500000000000004,0.0,90.0,0.6666666666666666,0.06750000000000006,1238.0589273402757,1238.1264273402758,0.4375,1.0,0.09,8.06750000000011,1605.0
6,HATCH,0.46,1.0,0.09,0.46,-1.0,0.09,30.0,1070.0,True,56,0.0,-2.0,0.0,2.0,-90.0,90.0,0.5,4.0,1238.1264273402758,1242.1264273402758,0.46,0.0,0.09,0.06750000000010914,2140.0
6,OTHER,0.46,-1.0,0.09,0.505,-1.0,0.09,40.0,1070.0,False,59,0.044999999999999984,0.0,0.0,0.044999999999999984,0.0,90.0,0.6666666666666666,0.06749999999999998,1242.1264273402758,1242.1939273402759,0.48250000000000004,-1.0,0.09,8.06750000000011,1605.0
6,HATCH,0.505,-1.0,0.09,0.505,1.0,0.09,30.0,1070.0,True,62,0.0,2.0,0.0,2.0,90.0,90.0,0.5,4.0,1242.1939273402759,1246.1939273402759,0.505,0.0,0.09,0.06750000000010914,2140.0
6,OTHER,0.505,1.0,0.09,0.55,1.0,0.09,40.0,1070.0,False,65,0.04500000000000004,0.0,0.0,0.04500000000000004,0.0,90.0,0.6666666666666666,0.06750000000000006,1246.1939273402759,1246.261427340276,0.5275000000000001,1.0,0.09,8.06750000000011,1605.0
6,HATCH,0.55,1.0,0.09,0.55,-1.0,0.09,30.0,1070.0,True,68,0.0,-2.0,0.0,2.0,-90.0,90.0,0.5,4.0,1246.261427340276,1250.261427340276,0.55,0.0,0.09,0.06750000000010914,2140.0
6,OTHER,0.55,-1.0,0.09,0.595,-1.0,0.09,40.0,1070.0,False,71,0.04499999999999993,0.0,0.0,0.04499999999999993,0.0,90.0,0.6666666666666666,0.0674999999999999,1250.261427340276,1250.328927340276,0.5725,-1.0,0.09,8.06750000000011,1605.0
6,HATCH,0.595,-1.0,0.09,0.595,1.0,0.09,30.0,1070.0,True,74,0.0,2.0,0.0,2.0,90.0,90.0,0.5,4.0,1250.328927340276,1254.328927340276,0.595,0.0,0.09,0.06750000000010914,2140.0
6,OTHER,0.595,1.0,0.09,0.64,1.0,0.09,40.0,1070.0,False,77,0.04500000000000004,0.0,0.0,0.04500000000000004,0.0,90.0,0.6666666666666666,0.06750000000000006,1254.328927340276,1254.3964273402762,0.6174999999999999,1.0,0.09,8.06750000000011,1605.0
6,HATCH,0.64,1.0,0.09,0.64,-1.0,0.09,30.0,1070.0,True,80,0.0,-2.0,0.0,2.0,-90.0,90.0,0.5,4.0,1254.3964273402762,1258.3964273402762,0.64,0.0,0.09,0.06750000000010914,2140.0
6,OTHER,0.64,-1.0,0.09,0.685,-1.0,0.09,40.0,1070.0,False,83,0.04500000000000004,0.0,0.0,0.04500000000000004,0.0,90.0,0.6666666666666666,0.06750000000000006,1258.3964273402762,1258.4639273402763,0.6625000000000001,-1.0,0.09,8.06750000000011,1605.0
6,HATCH,0.685,-1.0,0.09,0.685,1.0,0.09,30.0,1070.0,True,86,0.0,2.0,0.0,2.0,90.0,90.0,0.5,4.0,1258.4639273402763,1262.4639273402763,0.685,0.0,0.09,0.06750000000010914,2140.0
6,OTHER,0.685,1.0,0.09,0.73,1.0,0.09,40.0,1070.0,False,89,0.04499999999999993,0.0,0.0,0.04499999999999993,0.0,90.0,0.6666666666666666,0.0674999999999999,1262.4639273402763,1262.5314273402764,0.7075,1.0,0.09,8.06750000000011,1605.0
6,HATCH,0.73,1.0,0.09,0.73,-1.0,0.09,30.0,1070.0,True,92,0.0,-2.0,0.0,2.0,-90.0,90.0,0.5,4.0,1262.5314273402764,1266.5314273402764,0.73,0.0,0.09,0.06750000000010914,2140.0
6,OTHER,0.73,-1.0,0.09,0.775,-1.0,0.09,40.0,1070.0,False,95,0.04500000000000004,0.0,0.0,0.04500000000000004,0.0,90.0,0.6666666666666666,0.06750000000000006,1266.5314273402764,1266.5989273402765,0.7525,-1.0,0.09,8.06750000000011,1605.0
6,HATCH,0.775,-1.0,0.09,0.775,1.0,0.09,30.0,1070.0,True,98,0.0,2.0,0.0,2.0,90.0,90.0,0.5,4.0,1266.5989273402765,1270.5989273402765,0.775,0.0,0.09,0.06750000000010914,2140.0
6,OTHER,0.775,1.0,0.09,0.82,1.0,0.09,40.0,1070.0,False,101,0.04499999999999993,0.0,0.0,0.04499999999999993,0.0,90.0,0.6666666666666666,0.0674999999999999,1270.5989273402765,1270.6664273402766,0.7975,1.0,0.09,8.06750000000011,1605.0
6,HATCH,0.82,1.0,0.09,0.82,-1.0,0.09,30.0,1070.0,True,104,0.0,-2.0,0.0,2.0,-90.0,90.0,0.5,4.0,1270.6664273402766,1274.6664273402766,0.82,0.0,0.09,0.06750000000010914,2140.0
6,OTHER,0.82,-1.0,0.09,0.865,-1.0,0.09,40.0,1070.0,False,107,0.04500000000000004,0.0,0.0,0.04500000000000004,0.0,90.0,0.6666666666666666,0.06750000000000006,1274.6664273402766,1274.7339273402768,0.8425,-1.0,0.09,8.06750000000011,1605.0
6,HATCH,0.865,-1.0,0.09,0.865,1.0,0.09,30.0,1070.0,True,110,0.0,2.0,0.0,2.0,90.0,90.0,0.5,4.0,1274.7339273402768,1278.7339273402768,0.865,0.0,0.09,0.06750000000010914,2140.0
6,OTHER,0.865,1.0,0.09,0.91,1.0,0.09,40.0,1070.0,False,113,0.04500000000000004,0.0,0.0,0.04500000000000004,0.0,90.0,0.6666666666666666,0.06750000000000006,1278.7339273402768,1278.8014273402769,0.8875,1.0,0.09,8.06750000000011,1605.0
6,HATCH,0.91,1.0,0.09,0.91,-1.0,0.09,30.0,1070.0,True,116,0.0,-2.0,0.0,2.0,-90.0,90.0,0.5,4.0,1278.8014273402769,1282.8014273402769,0.91,0.0,0.09,0.06750000000010914,2140.0
6,OTHER,0.91,-1.0,0.09,0.955,-1.0,0.09,40.0,1070.0,False,119,0.04499999999999993,0.0,0.0,0.04499999999999993,0.0,90.0,0.6666666666666666,0.0674999999999999,1282.8014273402769,1282.868927340277,0.9325,-1.0,0.09,8.06750000000011,1605.0
6,HATCH,0.955,-1.0,0.09,0.955,1.0,0.09,30.0,1070.0,True,122,0.0,2.0,0.0,2.0,90.0,90.0,0.5,4.0,1282.868927340277,1286.868927340277,0.955,0.0,0.09,0.06750000000010914,2140.0
6,OTHER,0.955,1.0,0.09,0.28,1.0,0.09,40.0,1070.0,False,125,-0.6749999999999999,0.0,0.0,0.6749999999999999,180.0,90.0,0.6666666666666666,1.0125,1286.868927340277,1287.881427340277,0.6174999999999999,1.0,0.09,24.337500000000546,1605.0
6,HATCH,0.28,1.0,0.09,0.28,-1.0,0.09,30.0,1070.0,True,128,0.0,-2.0,0.0,2.0,-90.0,90.0,0.5,4.0,1287.881427340277,1291.881427340277,0.28,0.0,0.09,53.890000000001464,2140.0
6,OTHER,0.28,-1.0,0.09,0.235,-1.0,0.09,40.0,1070.0,False,131,-0.04500000000000004,0.0,0.0,0.04500000000000004,180.0,90.0,0.6666666666666666,0.06750000000000006,1291.881427340277,1291.9489273402771,0.2575,-1.0,0.09,65.95750000000157,1605.0
6,HATCH,0.235,-1.0,0.09,0.235,1.0,0.09,30.0,1070.0,True,134,0.0,2.0,0.0,2.0,90.0,90.0,0.5,4.0,1291.9489273402771,1295.9489273402771,0.235,0.0,0.09,0.06750000000010914,2140.0
6,OTHER,0.235,1.0,0.09,0.19,1.0,0.09,40.0,1070.0,False,137,-0.044999999999999984,0.0,0.0,0.044999999999999984,180.0,90.0,0.6666666666666666,0.06749999999999998,1295.9489273402771,1296.0164273402772,0.2125,1.0,0.09,253.8732529991753,1605.0
6,HATCH,0.19,1.0,0.09,0.19,-1.0,0.09,30.0,1070.0,True,140,0.0,-2.0,0.0,2.0,-90.0,90.0,0.5,4.0,1296.0164273402772,1300.0164273402772,0.19,0.0,0.09,0.06750000000010914,2140.0
6,OTHER,0.19,-1.0,0.09,0.145,-1.0,0.09,40.0,1070.0,False,143,-0.04500000000000001,0.0,0.0,0.04500000000000001,180.0,90.0,0.6666666666666666,0.06750000000000002,1300.0164273402772,1300.0839273402773,0.16749999999999998,-1.0,0.09,8.06750000000011,1605.0
6,HATCH,0.145,-1.0,0.09,0.145,1.0,0.09,30.0,1070.0,True,146,0.0,2.0,0.0,2.0,90.0,90.0,0.5,4.0,1300.0839273402773,1304.0839273402773,0.145,0.0,0.09,0.06750000000010914,2140.0
6,OTHER,0.145,1.0,0.09,0.1,1.0,0.09,40.0,1070.0,False,149,-0.044999999999999984,0.0,0.0,0.044999999999999984,180.0,90.0,0.6666666666666666,0.06749999999999998,1304.0839273402773,1304.1514273402775,0.1225,1.0,0.09,8.06750000000011,1605.0
6,HATCH,0.1,1.0,0.09,0.1,-1.0,0.09,30.0,1070.0,True,152,0.0,-2.0,0.0,2.0,-90.0,90.0,0.5,4.0,1304.1514273402775,1308.1514273402775,0.1,0.0,0.09,0.06750000000010914,2140.0
6,OTHER,0.1,-1.0,0.09,0.055,-1.0,0.09,40.0,1070.0,False,155,-0.045000000000000005,0.0,0.0,0.045000000000000005,180.0,90.0,0.6666666666666666,0.06750000000000002,1308.1514273402775,1308.2189273402776,0.0775,-1.0,0.09,8.06750000000011,1605.0
6,HATCH,0.055,-1.0,0.09,0.055,1.0,0.09,30.0,1070.0,True,158,0.0,2.0,0.0,2.0,90.0,90.0,0.5,4.0,1308.2189273402776,1312.2189273402776,0.055,0.0,0.09,0.06750000000010914,2140.0
6,OTHER,0.055,1.0,0.09,0.01,1.0,0.09,40.0,1070.0,False,161,-0.045,0.0,0.0,0.045,180.0,90.0,0.6666666666666666,0.0675,1312.2189273402776,1312.2864273402777,0.0325,1.0,0.09,8.06750000000011,1605.0
6,HATCH,0.01,1.0,0.09,0.01,-1.0,0.09,30.0,1070.0,True,164,0.0,-2.0,0.0,2.0,-90.0,90.0,0.5,4.0,1312.2864273402777,1316.2864273402777,0.01,0.0,0.09,0.06750000000010914,2140.0
6,OTHER,0.01,-1.0,0.09,-0.035,-1.0,0.09,40.0,1070.0,False,167,-0.045000000000000005,0.0,0.0,0.045000000000000005,180.0,90.0,0.6666666666666666,0.06750000000000002,1316.2864273402777,1316.3539273402778,-0.0125,-1.0,0.09,8.06750000000011,1605.0
6,HATCH,-0.035,-1.0,0.09,-0.035,1.0,0.09,30.0,1070.0,True,170,0.0,2.0,0.0,2.0,90.0,90.0,0.5,4.0,1316.3539273402778,1320.3539273402778,-0.035,0.0,0.09,0.06750000000010914,2140.0
6,OTHER,-0.035,1.0,0.09,-0.08,1.0,0.09,40.0,1070.0,False,173,-0.045,0.0,0.0,0.045,180.0,90.0,0.6666666666666666,0.0675,1320.3539273402778,1320.421427340278,-0.0575,1.0,0.09,8.06750000000011,1605.0
6,HATCH,-0.08,1.0,0.09,-0.08,-1.0,0.09,30.0,1070.0,True,176,0.0,-2.0,0.0,2.0,-90.0,90.0,0.5,4.0,1320.421427340278,1324.421427340278,-0.08,0.0,0.09,0.06750000000010914,2140.0
6,OTHER,-0.08,-1.0,0.09,-0.125,-1.0,0.09,40.0,1070.0,False,179,-0.045,0.0,0.0,0.045,180.0,90.0,0.6666666666666666,0.0675,1324.421427340278,1324.488927340278,-0.10250000000000001,-1.0,0.09,8.06750000000011,1605.0
6,HATCH,-0.125,-1.0,0.09,-0.125,1.0,0.09,30.0,1070.0,True,182,0.0,2.0,0.0,2.0,90.0,90.0,0.5,4.0,1324.488927340278,1328.488927340278,-0.125,0.0,0.09,0.06750000000010914,2140.0
6,OTHER,-0.125,1.0,0.09,-0.17,1.0,0.09,40.0,1070.0,False,185,-0.04500000000000001,0.0,0.0,0.04500000000000001,180.0,90.0,0.6666666666666666,0.06750000000000002,1328.488927340278,1328.556427340278,-0.14750000000000002,1.0,0.09,8.06750000000011,1605.0
6,HATCH,-0.17,1.0,0.09,-0.17,-1.0,0.09,30.0,1070.0,True,188,0.0,-2.0,0.0,2.0,-90.0,90.0,0.5,4.0,1328.556427340278,1332.556427340278,-0.17,0.0,0.09,0.06750000000010914,2140.0
6,OTHER,-0.17,-1.0,0.09,-0.215,-1.0,0.09,40.0,1070.0,False,191,-0.044999999999999984,0.0,0.0,0.044999999999999984,180.0,90.0,0.6666666666666666,0.06749999999999998,1332.556427340278,1332.6239273402782,-0.1925,-1.0,0.09,8.06750000000011,1605.0
6,HATCH,-0.215,-1.0,0.09,-0.215,1.0,0.09,30.0,1070.0,True,194,0.0,2.0,0.0,2.0,90.0,90.0,0.5,4.0,1332.6239273402782,1336.6239273402782,-0.215,0.0,0.09,0.06750000000010914,2140.0
6,OTHER,-0.215,1.0,0.09,-0.26,1.0,0.09,40.0,1070.0,False,197,-0.04500000000000001,0.0,0.0,0.04500000000000001,180.0,90.0,0.6666666666666666,0.06750000000000002,1336.6239273402782,1336.6914273402783,-0.2375,1.0,0.09,8.06750000000011,1605.0
6,HATCH,-0.26,1.0,0.09,-0.26,-1.0,0.09,30.0,1070.0,True,200,0.0,-2.0,0.0,2.0,-90.0,90.0,0.5,4.0,1336.6914273402783,1340.6914273402783,-0.26,0.0,0.09,0.06750000000010914,2140.0
6,OTHER,-0.26,-1.0,0.09,-0.305,-1.0,0.09,40.0,1070.0,False,203,-0.044999999999999984,0.0,0.0,0.044999999999999984,180.0,90.0,0.6666666666666666,0.06749999999999998,1340.6914273402783,1340.7589273402784,-0.2825,-1.0,0.09,8.06750000000011,1605.0
6,HATCH,-0.305,-1.0,0.09,-0.305,1.0,0.09,30.0,1070.0,True,206,0.0,2.0,0.0,2.0,90.0,90.0,0.5,4.0,1340.7589273402784,1344.7589273402784,-0.305,0.0,0.09,0.06750000000010914,2140.0
6,OTHER,-0.305,1.0,0.09,-0.35,1.0,0.09,40.0,1070.0,False,209,-0.044999999999999984,0.0,0.0,0.044999999999999984,180.0,90.0,0.6666666666666666,0.06749999999999998,1344.7589273402784,1344.8264273402785,-0.3275,1.0,0.09,8.06750000000011,1605.0
6,HATCH,-0.35,1.0,0.09,-0.35,-1.0,0.09,30.0,1070.0,True,212,0.0,-2.0,0.0,2.0,-90.0,90.0,0.5,4.0,1344.8264273402785,1348.8264273402785,-0.35,0.0,0.09,0.06750000000010914,2140.0
6,OTHER,-0.35,-1.0,0.09,-0.395,-1.0,0.09,40.0,1070.0,False,215,-0.04500000000000004,0.0,0.0,0.04500000000000004,180.0,90.0,0.6666666666666666,0.06750000000000006,1348.8264273402785,1348.8939273402787,-0.3725,-1.0,0.09,8.06750000000011,1605.0
6,HATCH,-0.395,-1.0,0.09,-0.395,1.0,0.09,30.0,1070.0,True,218,0.0,2.0,0.0,2.0,90.0,90.0,0.5,4.0,1348.8939273402787,1352.8939273402787,-0.395,0.0,0.09,0.06750000000010914,2140.0
6,OTHER,-0.395,1.0,0.09,-0.44,1.0,0.09,40.0,1070.0,False,221,-0.044999999999999984,0.0,0.0,0.044999999999999984,180.0,90.0,0.6666666666666666,0.06749999999999998,1352.8939273402787,1352.9614273402788,-0.4175,1.0,0.09,8.06750000000011,1605.0
6,HATCH,-0.44,1.0,0.09,-0.44,-1.0,0.09,30.0,1070.0,True,224,0.0,-2.0,0.0,2.0,-90.0,90.0,0.5,4.0,1352.9614273402788,1356.9614273402788,-0.44,0.0,0.09,0.06750000000010914,2140.0
6,OTHER,-0.44,-1.0,0.09,-0.485,-1.0,0.09,40.0,1070.0,False,227,-0.044999999999999984,0.0,0.0,0.044999999999999984,180.0,90.0,0.6666666666666666,0.06749999999999998,1356.9614273402788,1357.0289273402789,-0.4625,-1.0,0.09,8.06750000000011,1605.0
6,HATCH,-0.485,-1.0,0.09,-0.485,1.0,0.09,30.0,1070.0,True,230,0.0,2.0,0.0,2.0,90.0,90.0,0.5,4.0,1357.0289273402789,1361.0289273402789,-0.485,0.0,0.09,0.06750000000010914,2140.0
6,OTHER,-0.485,1.0,0.09,-0.53,1.0,0.09,40.0,1070.0,False,233,-0.04500000000000004,0.0,0.0,0.04500000000000004,180.0,90.0,0.6666666666666666,0.06750000000000006,1361.0289273402789,1361.096427340279,-0.5075000000000001,1.0,0.09,8.06750000000011,1605.0
6,HATCH,-0.53,1.0,0.09,-0.53,-1.0,0.09,30.0,1070.0,True,236,0.0,-2.0,0.0,2.0,-90.0,90.0,0.5,4.0,1361.096427340279,1365.096427340279,-0.53,0.0,0.09,0.06750000000010914,2140.0
6,OTHER,-0.53,-1.0,0.09,-0.575,-1.0,0.09,40.0,1070.0,False,239,-0.04499999999999993,0.0,0.0,0.04499999999999993,180.0,90.0,0.6666666666666666,0.0674999999999999,1365.096427340279,1365.163927340279,-0.5525,-1.0,0.09,8.06750000000011,1605.0
6,HATCH,-0.575,-1.0,0.09,-0.575,1.0,0.09,30.0,1070.0,True,242,0.0,2.0,0.0,2.0,90.0,90.0,0.5,4.0,1365.163927340279,1369.163927340279,-0.575,0.0,0.09,0.06750000000010914,2140.0
6,OTHER,-0.575,1.0,0.09,-0.62,1.0,0.09,40.0,1070.0,False,245,-0.04500000000000004,0.0,0.0,0.04500000000000004,180.0,90.0,0.6666666666666666,0.06750000000000006,1369.163927340279,1369.2314273402792,-0.5974999999999999,1.0,0.09,8.06750000000011,1605.0
6,HATCH,-0.62,1.0,0.09,-0.62,-1.0,0.09,30.0,1070.0,True,248,0.0,-2.0,0.0,2.0,-90.0,90.0,0.5,4.0,1369.2314273402792,1373.2314273402792,-0.62,0.0,0.09,0.06750000000010914,2140.0
6,OTHER,-0.62,-1.0,0.09,-0.665,-1.0,0.09,40.0,1070.0,False,251,-0.04500000000000004,0.0,0.0,0.04500000000000004,180.0,90.0,0.6666666666666666,0.06750000000000006,1373.2314273402792,1373.2989273402793,-0.6425000000000001,-1.0,0.09,8.06750000000011,1605.0
6,HATCH,-0.665,-1.0,0.09,-0.665,1.0,0.09,30.0,1070.0,True,254,0.0,2.0,0.0,2.0,90.0,90.0,0.5,4.0,1373.2989273402793,1377.2989273402793,-0.665,0.0,0.09,0.06750000000010914,2140.0
6,OTHER,-0.665,1.0,0.09,-0.71,1.0,0.09,40.0,1070.0,False,257,-0.04499999999999993,0.0,0.0,0.04499999999999993,180.0,90.0,0.6666666666666666,0.0674999999999999,1377.2989273402793,1377.3664273402794,-0.6875,1.0,0.09,8.06750000000011,1605.0
6,HATCH,-0.71,1.0,0.09,-0.71,-1.0,0.09,30.0,1070.0,True,260,0.0,-2.0,0.0,2.0,-90.0,90.0,0.5,4.0,1377.3664273402794,1381.3664273402794,-0.71,0.0,0.09,0.06750000000010914,2140.0
6,OTHER,-0.71,-1.0,0.09,-0.755,-1.0,0.09,40.0,1070.0,False,263,-0.04500000000000004,0.0,0.0,0.04500000000000004,180.0,90.0,0.6666666666666666,0.06750000000000006,1381.3664273402794,1381.4339273402795,-0.7324999999999999,-1.0,0.09,8.06750000000011,1605.0
6,HATCH,-0.755,-1.0,0.09,-0.755,1.0,0.09,30.0,1070.0,True,266,0.0,2.0,0.0,2.0,90.0,90.0,0.5,4.0,1381.4339273402795,1385.4339273402795,-0.755,0.0,0.09,0.06750000000010914,2140.0
6,OTHER,-0.755,1.0,0.09,-0.8,1.0,0.09,40.0,1070.0,False,269,-0.04500000000000004,0.0,0.0,0.04500000000000004,180.0,90.0,0.6666666666666666,0.06750000000000006,1385.4339273402795,1385.5014273402796,-0.7775000000000001,1.0,0.09,8.06750000000011,1605.0
6,HATCH,-0.8,1.0,0.09,-0.8,-1.0,0.09,30.0,1070.0,True,272,0.0,-2.0,0.0,2.0,-90.0,90.0,0.5,4.0,1385.5014273402796,1389.5014273402796,-0.8,0.0,0.09,0.06750000000010914,2140.0
6,OTHER,-0.8,-1.0,0.09,-0.845,-1.0,0.09,40.0,1070.0,False,275,-0.04499999999999993,0.0,0.0,0.04499999999999993,180.0,90.0,0.6666666666666666,0.0674999999999999,1389.5014273402796,1389.5689273402797,-0.8225,-1.0,0.09,8.06750000000011,1605.0
6,HATCH,-0.845,-1.0,0.09,-0.845,1.0,0.09,30.0,1070.0,True,278,0.0,2.0,0.0,2.0,90.0,90.0,0.5,4.0,1389.5689273402797,1393.5689273402797,-0.845,0.0,0.09,0.06750000000010914,2140.0
6,OTHER,-0.845,1.0,0.09,-0.89,1.0,0.09,40.0,1070.0,False,281,-0.04500000000000004,0.0,0.0,0.04500000000000004,180.0,90.0,0.6666666666666666,0.06750000000000006,1393.5689273402797,1393.6364273402799,-0.8674999999999999,1.0,0.09,8.06750000000011,1605.0
6,HATCH,-0.89,1.0,0.09,-0.89,-1.0,0.09,30.0,1070.0,True,284,0.0,-2.0,0.0,2.0,-90.0,90.0,0.5,4.0,1393.6364273402799,1397.6364273402799,-0.89,0.0,0.09,0.06750000000010914,2140.0
6,OTHER,-0.89,-1.0,0.09,-0.935,-1.0,0.09,40.0,1070.0,False,287,-0.04500000000000004,0.0,0.0,0.04500000000000004,180.0,90.0,0.6666666666666666,0.06750000000000006,1397.6364273402799,1397.70392734028,-0.9125000000000001,-1.0,0.09,8.06750000000011,1605.0
6,HATCH,-0.935,-1.0,0.09,-0.935,1.0,0.09,30.0,1070.0,True,290,0.0,2.0,0.0,2.0,90.0,90.0,0.5,4.0,1397.70392734028,1401.70392734028,-0.935,0.0,0.09,0.06750000000010914,2140.0
6,OTHER,-0.935,1.0,0.09,-0.98,1.0,0.09,40.0,1070.0,False,293,-0.04499999999999993,0.0,0.0,0.04499999999999993,180.0,90.0,0.6666666666666666,0.0674999999999999,1401.70392734028,1401.77142734028,-0.9575,1.0,0.09,8.06750000000011,1605.0
6,HATCH,-0.98,1.0,0.09,-0.98,-1.0,0.09,30.0,1070.0,True,296,0.0,-2.0,0.0,2.0,-90.0,90.0,0.5,4.0,1401.77142734028,1405.77142734028,-0.98,0.0,0.09,0.06750000000010914,2140.0
6,OTHER,-0.98,-1.0,0.09,-0.98,-1.0,0.105,40.0,1070.0,False,299,0.0,0.0,0.015,0.015,0.0,,0.6666666666666666,0.0225,1405.77142734028,1405.79392734028,-0.98,-1.0,0.0975,8.06750000000011,1605.0
7,OTHER,-0.98,-1.0,0.105,1.0,1.0,0.105,40.0,1070.0,False,20,1.98,2.0,0.0,2.8143205219022227,45.287916066557095,,0.6666666666666666,4.221480782853335,1405.79392734028,1410.0154081231335,0.010000000000000009,0.0,0.105,81.37250000000222,1605.0
7,CONTOUR,1.0,1.0,0.105,-0.205749,1.0,0.105,30.0,1070.0,False,23,-1.205749,0.0,0.0,1.205749,180.0,134.71208393344293,0.5,2.411498,1410.0154081231335,1412.4269061231334,0.3971255,1.0,0.105,171.88898078285774,2140.0
7,CONTOUR,-0.205749,1.0,0.105,-1.0,1.0,0.105,30.0,1070.0,False,24,-0.794251,0.0,0.0,0.794251,180.0,0.0,0.5,1.588502,1412.4269061231334,1414.0154081231335,-0.6028745,1.0,0.105,35.060478782854034,2140.0
7,CONTOUR,-1.0,1.0,0.105,-1.0,-0.205749,0.105,30.0,1070.0,False,25,0.0,-1.205749,0.0,1.205749,-90.0,90.0,0.5,2.411498,1414.0154081231335,1416.4269061231334,-1.0,0.3971255,0.105,197.46173528285817,2140.0
7,CONTOUR,-1.0,-0.205749,0.105,-1.0,-1.0,0.105,30.0,1070.0,False,26,0.0,-0.794251,0.0,0.794251,-90.0,0.0,0.5,1.588502,1416.4269061231334,1418.0154081231335,-1.0,-0.6028745,0.105,202.5116592828581,2140.0
7,CONTOUR,-1.0,-1.0,0.105,0.205749,-1.0,0.105,30.0,1070.0,False,27,1.205749,0.0,0.0,1.205749,0.0,90.0,0.5,2.411498,1418.0154081231335,1420.4269061231334,-0.3971255,-1.0,0.105,60.98648078285464,2140.0
7,CONTOUR,0.205749,-1.0,0.105,1.0,-1.0,0.105,30.0,1070.0,False,28,0.794251,0.0,0.0,0.794251,0.0,0.0,0.5,1.588502,1420.4269061231334,1422.0154081231335,0.6028745,-1.0,0.105,161.96297878285714,2140.0
7,CONTOUR,1.0,-1.0,0.105,1.0,0.205749,0.105,30.0,1070.0,False,29,0.0,1.205749,0.0,1.205749,90.0,90.0,0.5,2.411498,1422.0154081231335,1424.4269061231334,1.0,-0.3971255,0.105,197.46173528285817,2140.0
7,CONTOUR,1.0,0.205749,0.105,1.0,1.0,0.105,30.0,1070.0,False,30,0.0,0.794251,0.0,0.794251,90.0,0.0,0.5,1.588502,1424.4269061231334,1426.0154081231335,1.0,0.6028745,0.105,202.5116592828581,2140.0
7,OTHER,1.0,1.0,0.105,1.0,0.972828,0.105,40.0,1070.0,False,35,0.0,-0.027171999999999974,0.0,0.027171999999999974,-90.0,180.0,0.6666666666666666,0.04075799999999996,1426.0154081231335,1426.0561661231336,1.0,0.986414,0.105,393.4607060724104,1605.0
7,HATCH,1.0,0.972828,0.105,-0.972828,-1.0,0.105,30.0,1070.0,False,38,-1.972828,-1.972828,0.0,2.7900001138293886,-135.0,45.0,0.5,5.580000227658777,1426.0561661231336,1431.6361663507923,0.013585999999999987,-0.013585999999999987,0.105,16.040758000000096,2140.0
7,OTHER,-0.972828,-1.0,0.105,-1.0,-0.963532,0.105,40.0,1070.0,False,41,-0.027171999999999974,0.036467999999999945,0.0,0.045477825453730684,126.689485123859,98.31051487614101,0.6666666666666666,0.06821673818059604,1431.6361663507923,1431.704383088973,-0.986414,-0.981766,0.105,25.84223901051223,1605.0
7,HATCH,-1.0,-0.963532,0.105,0.963532,1.0,0.105,30.0,1070.0,False,44,1.963532,1.963532,0.0,2.7768535845535682,45.0,81.689485123859,0.5,5.5537071691071365,1431.704383088973,1437.25809025808,-0.018233999999999972,0.018233999999999972,0.105,0.06821673818058116,2140.0
7,OTHER,0.963532,1.0,0.105,0.899893,1.0,0.105,40.0,1070.0,False,47,-0.063639,0.0,0.0,0.063639,180.0,135.0,0.6666666666666666,0.0954585,1437.25809025808,1437.35354875808,0.9317125,1.0,0.105,11.201924134946466,1605.0
7,HATCH,0.899893,1.0,0.105,-1.0,-0.899893,0.105,30.0,1070.0,False,50,-1.899893,-1.899893,0.0,2.6868544476577068,-135.0,45.0,0.5,5.3737088953154135,1437.35354875808,1442.7272576533953,-0.05005349999999997,0.05005349999999997,0.105,0.09545849999994971,2140.0
7,OTHER,-1.0,-0.899893,0.105,-1.0,-0.836253,0.105,40.0,1070.0,False,53,0.0,0.06364000000000003,0.0,0.06364000000000003,90.0,135.0,0.6666666666666666,0.09546000000000004,1442.7272576533953,1442.8227176533953,-1.0,-0.8680730000000001,0.105,234.88552235678708,1605.0
7,HATCH,-1.0,-0.836253,0.105,0.836253,1.0,0.105,30.0,1070.0,False,56,1.8362530000000001,1.8362530000000001,0.0,2.596853896548283,45.0,45.00000000000001,0.5,5.193707793096566,1442.8227176533953,1448.016425446492,-0.08187349999999999,0.08187349999999999,0.105,0.09546000000000276,2140.0
7,OTHER,0.836253,1.0,0.105,0.772614,1.0,0.105,40.0,1070.0,False,59,-0.063639,0.0,0.0,0.063639,180.0,135.0,0.6666666666666666,0.0954585,1448.016425446492,1448.1118839464918,0.8044335,1.0,0.105,169.21499810621503,1605.0
7,HATCH,0.772614,1.0,0.105,-1.0,-0.772614,0.105,30.0,1070.0,False,62,-1.772614,-1.772614,0.0,2.5068547596524215,-135.0,45.00000000000001,0.5,5.013709519304843,1448.1118839464918,1453.1255934657968,-0.11369299999999999,0.11369299999999999,0.105,0.09545849999994971,2140.0
7,OTHER,-1.0,-0.772614,0.105,-1.0,-0.708974,0.105,40.0,1070.0,False,65,0.0,0.06364000000000003,0.0,0.06364000000000003,90.0,135.0,0.6666666666666666,0.09546000000000004,1453.1255934657968,1453.2210534657968,-1.0,-0.740794,0.105,239.21034662552142,1605.0
7,HATCH,-1.0,-0.708974,0.105,0.708974,1.0,0.105,30.0,1070.0,False,68,1.708974,1.708974,0.0,2.416854208542998,45.0,45.00000000000001,0.5,4.833708417085996,1453.2210534657968,1458.0547618828828,-0.145513,0.145513,0.105,0.09546000000000276,2140.0
7,OTHER,0.708974,1.0,0.105,0.645334,1.0,0.105,40.0,1070.0,False,71,-0.06364000000000003,0.0,0.0,0.06364000000000003,180.0,135.0,0.6666666666666666,0.09546000000000004,1458.0547618828828,1458.1502218828828,0.677154,1.0,0.105,170.17333454260574,1605.0
7,HATCH,0.645334,1.0,0.105,-1.0,-0.645334,0.105,30.0,1070.0,False,74,-1.645334,-1.645334,0.0,2.326853657433574,-135.0,45.0,0.5,4.653707314867148,1458.1502218828828,1462.80392919775,-0.17733300000000002,0.17733300000000002,0.105,0.09546000000000276,2140.0
7,OTHER,-1.0,-0.645334,0.105,-1.0,-0.581695,0.105,40.0,1070.0,False,77,0.0,0.063639,0.0,0.063639,90.0,135.0,0.6666666666666666,0.0954585,1462.80392919775,1462.89938769775,-1.0,-0.6135145,0.105,44.78852107461648,1605.0
7,HATCH,-1.0,-0.581695,0.105,0.581695,1.0,0.105,30.0,1070.0,False,80,1.5816949999999999,1.5816949999999999,0.0,2.2368545205377126,45.0,45.00000000000001,0.5,4.473709041075425,1462.89938769775,1467.3730967388253,-0.20915250000000002,0.20915250000000002,0.105,0.09545849999994971,2140.0
7,OTHER,0.581695,1.0,0.105,0.518055,1.0,0.105,40.0,1070.0,False,83,-0.06363999999999992,0.0,0.0,0.06363999999999992,180.0,135.0,0.6666666666666666,0.09545999999999988,1467.3730967388253,1467.4685567388253,0.549875,1.0,0.105,179.4916693985483,1605.0
7,HATCH,0.518055,1.0,0.105,-1.0,-0.518055,0.105,30.0,1070.0,False,86,-1.518055,-1.518055,0.0,2.146853969428289,-135.0,45.00000000000001,0.5,4.293707938856578,1467.4685567388253,1471.762264677682,-0.24097249999999998,0.24097249999999998,0.105,0.09546000000000276,2140.0
7,OTHER,-1.0,-0.518055,0.105,-1.0,-0.454416,0.105,40.0,1070.0,False,89,0.0,0.06363900000000006,0.0,0.06363900000000006,90.0,135.0,0.6666666666666666,0.09545850000000008,1471.762264677682,1471.857723177682,-1.0,-0.48623550000000004,0.105,269.19553799068285,1605.0
7,HATCH,-1.0,-0.454416,0.105,0.454416,1.0,0.105,30.0,1070.0,False,92,1.454416,1.454416,0.0,2.0568548325324274,45.0,45.0,0.5,4.113709665064855,1471.857723177682,1475.9714328427467,-0.27279200000000003,0.27279200000000003,0.105,0.09545849999994971,2140.0
7,OTHER,0.454416,1.0,0.105,0.390776,1.0,0.105,40.0,1070.0,False,95,-0.06363999999999997,0.0,0.0,0.06363999999999997,180.0,135.0,0.6666666666666666,0.09545999999999996,1475.9714328427467,1476.0668928427467,0.42259599999999997,1.0,0.105,63.54452671961326,1605.0
7,HATCH,0.390776,1.0,0.105,-1.0,-0.390776,0.105,30.0,1070.0,False,98,-1.390776,-1.390776,0.0,1.9668542814230037,-135.0,45.00000000000001,0.5,3.9337085628460073,1476.0668928427467,1480.0006014055928,-0.304612,0.304612,0.105,0.09546000000000276,2140.0
7,OTHER,-1.0,-0.390776,0.105,-1.0,-0.327136,0.105,40.0,1070.0,False,101,0.0,0.06364000000000003,0.0,0.06364000000000003,90.0,135.0,0.6666666666666666,0.09546000000000004,1480.0006014055928,1480.0960614055928,-1.0,-0.358956,0.105,280.6322088686479,1605.0
7,HATCH,-1.0,-0.327136,0.105,0.327136,1.0,0.105,30.0,1070.0,False,104,1.3271359999999999,1.3271359999999999,0.0,1.8768537303135797,45.0,45.00000000000001,0.5,3.7537074606271594,1480.0960614055928,1483.8497688662198,-0.336432,0.336432,0.105,0.09546000000000276,2140.0
7,OTHER,0.327136,1.0,0.105,0.263497,1.0,0.105,40.0,1070.0,False,107,-0.063639,0.0,0.0,0.063639,180.0,135.0,0.6666666666666666,0.0954585,1483.8497688662198,1483.9452273662198,0.2953165,1.0,0.105,187.83334152594261,1605.0
7,HATCH,0.263497,1.0,0.105,-1.0,-0.263497,0.105,30.0,1070.0,False,110,-1.263497,-1.263497,0.0,1.7868545934177187,-135.0,45.00000000000001,0.5,3.5737091868354374,1483.9452273662198,1487.5189365530553,-0.3682515,0.3682515,0.105,0.09545849999994971,2140.0
7,OTHER,-1.0,-0.263497,0.105,-1.0,-0.199857,0.105,40.0,1070.0,False,113,0.0,0.06363999999999997,0.0,0.06363999999999997,90.0,135.0,0.6666666666666666,0.09545999999999996,1487.5189365530553,1487.6143965530553,-1.0,-0.231677,0.105,292.068879746613,1605.0
7,HATCH,-1.0,-0.199857,0.105,0.199857,1.0,0.105,30.0,1070.0,False,116,1.199857,1.199857,0.0,1.6968540423082947,45.0,45.00000000000001,0.5,3.3937080846165895,1487.6143965530553,1491.0081046376717,-0.4000715,0.4000715,0.105,0.09546000000000276,2140.0
7,OTHER,0.199857,1.0,0.105,0.136218,1.0,0.105,40.0,1070.0,False,119,-0.063639,0.0,0.0,0.063639,180.0,135.0,0.6666666666666666,0.0954585,1491.0081046376717,1491.1035631376717,0.1680375,1.0,0.105,186.8566772973943,1605.0
7,HATCH,0.136218,1.0,0.105,-1.0,-0.136218,0.105,30.0,1070.0,False,122,-1.136218,-1.136218,0.0,1.6068549054124333,-135.0,45.00000000000001,0.5,3.2137098108248665,1491.1035631376717,1494.3172729484966,-0.431891,0.431891,0.105,0.09545849999994971,2140.0
7,OTHER,-1.0,-0.136218,0.105,-1.0,-0.072578,0.105,40.0,1070.0,False,125,0.0,0.06364,0.0,0.06364,90.0,135.0,0.6666666666666666,0.09546,1494.3172729484966,1494.4127329484966,-1.0,-0.104398,0.105,303.50555062457806,1605.0
7,HATCH,-1.0,-0.072578,0.105,0.072578,1.0,0.105,30.0,1070.0,False,128,1.072578,1.072578,0.0,1.5168543543030095,45.0,45.0,0.5,3.033708708606019,1494.4127329484966,1497.4464416571027,-0.463711,0.463711,0.105,0.09546000000000276,2140.0
7,OTHER,0.072578,1.0,0.105,0.008938,1.0,0.105,40.0,1070.0,False,131,-0.06364,0.0,0.0,0.06364,180.0,135.0,0.6666666666666666,0.09546,1497.4464416571027,1497.5419016571027,0.040758,1.0,0.105,177.0250143168248,1605.0
7,HATCH,0.008938,1.0,0.105,-1.0,-0.008938,0.105,30.0,1070.0,False,134,-1.008938,-1.008938,0.0,1.4268538031935856,-135.0,45.0,0.5,2.853707606387171,1497.5419016571027,1500.3956092634899,-0.495531,0.495531,0.105,0.09546000000000276,2140.0
7,OTHER,-1.0,-0.008938,0.105,-1.0,0.054701,0.105,40.0,1070.0,False,137,0.0,0.063639,0.0,0.063639,90.0,135.0,0.6666666666666666,0.0954585,1500.3956092634899,1500.4910677634898,-1.0,0.0228815,0.105,94.62418192320979,1605.0
7,HATCH,-1.0,0.054701,0.105,-0.054701,1.0,0.105,30.0,1070.0,False,140,0.945299,0.945299,0.0,1.3368546662977243,45.0,45.0,0.5,2.6737093325954486,1500.4910677634898,1503.1647770960853,-0.5273505,0.5273505,0.105,0.09545849999994971,2140.0
7,OTHER,-0.054701,1.0,0.105,-0.118341,1.0,0.105,40.0,1070.0,False,143,-0.06364,0.0,0.0,0.06364,180.0,135.0,0.6666666666666666,0.09546,1503.1647770960853,1503.2602370960853,-0.086521,1.0,0.105,174.60834975580724,1605.0
7,HATCH,-0.118341,1.0,0.105,-1.0,0.118341,0.105,30.0,1070.0,False,146,-0.881659,-0.881659,0.0,1.2468541151883006,-135.0,45.00000000000001,0.5,2.493708230376601,1503.2602370960853,1505.753945326462,-0.5591705,0.5591705,0.105,0.09546000000000276,2140.0
7,OTHER,-1.0,0.118341,0.105,-1.0,0.181981,0.105,40.0,1070.0,False,149,0.0,0.06364,0.0,0.06364,90.0,135.0,0.6666666666666666,0.09546,1505.753945326462,1505.849405326462,-1.0,0.150161,0.105,326.37889538050877,1605.0
7,HATCH,-1.0,0.181981,0.105,-0.181981,1.0,0.105,30.0,1070.0,False,152,0.818019,0.818019,0.0,1.1568535640788769,45.0,45.00000000000001,0.5,2.3137071281577537,1505.849405326462,1508.1631124546197,-0.5909905,0.5909905,0.105,0.09546000000000276,2140.0
7,OTHER,-0.181981,1.0,0.105,-0.24562,1.0,0.105,40.0,1070.0,False,155,-0.063639,0.0,0.0,0.063639,180.0,135.0,0.6666666666666666,0.0954585,1508.1631124546197,1508.2585709546197,-0.2138005,1.0,0.105,171.47168511434143,1605.0
7,HATCH,-0.24562,1.0,0.105,-1.0,0.24562,0.105,30.0,1070.0,False,158,-0.75438,-0.75438,0.0,1.0668544271830156,-135.0,45.0,0.5,2.133708854366031,1508.2585709546197,1510.3922798089857,-0.62281,0.62281,0.105,0.09545849999994971,2140.0
7,OTHER,-1.0,0.24562,0.105,-1.0,0.30926,0.105,40.0,1070.0,False,161,0.0,0.06363999999999997,0.0,0.06363999999999997,90.0,135.0,0.6666666666666666,0.09545999999999996,1510.3922798089857,1510.4877398089857,-1.0,0.27744,0.105,293.83860696871034,1605.0
7,HATCH,-1.0,0.30926,0.105,-0.30926,1.0,0.105,30.0,1070.0,False,164,0.69074,0.69074,0.0,0.9768538760735918,45.0,45.00000000000001,0.5,1.9537077521471835,1510.4877398089857,1512.441447561133,-0.65463,0.65463,0.105,0.09546000000000276,2140.0
7,OTHER,-0.30926,1.0,0.105,-0.372899,1.0,0.105,40.0,1070.0,False,167,-0.063639,0.0,0.0,0.063639,180.0,135.0,0.6666666666666666,0.0954585,1512.441447561133,1512.5369060611329,-0.3410795,1.0,0.105,159.48002022085416,1605.0
7,HATCH,-0.372899,1.0,0.105,-1.0,0.372899,0.105,30.0,1070.0,False,170,-0.627101,-0.627101,0.0,0.8868547391777303,-135.0,45.0,0.5,1.7737094783554606,1512.5369060611329,1514.3106155394883,-0.6864494999999999,0.6864494999999999,0.105,0.09545849999994971,2140.0
7,OTHER,-1.0,0.372899,0.105,-1.0,0.436539,0.105,40.0,1070.0,False,173,0.0,0.06364000000000003,0.0,0.06364000000000003,90.0,135.0,0.6666666666666666,0.09546000000000004,1514.3106155394883,1514.4060755394883,-1.0,0.404719,0.105,97.8837094163548,1605.0
7,HATCH,-1.0,0.436539,0.105,-0.436539,1.0,0.105,30.0,1070.0,False,176,0.563461,0.563461,0.0,0.7968541880683064,45.0,44.999999999999986,0.5,1.5937083761366129,1514.4060755394883,1515.999783915625,-0.7182695,0.7182695,0.105,0.09546000000000276,2140.0
7,OTHER,-0.436539,1.0,0.105,-0.500179,1.0,0.105,40.0,1070.0,False,179,-0.06364000000000003,0.0,0.0,0.06364000000000003,180.0,135.00000000000003,0.6666666666666666,0.09546000000000004,1515.999783915625,1516.095243915625,-0.468359,1.0,0.105,154.90335657534592,1605.0
7,HATCH,-0.500179,1.0,0.105,-1.0,0.500179,0.105,30.0,1070.0,False,182,-0.49982099999999996,-0.49982099999999996,0.0,0.7068536369588827,-135.0,45.00000000000001,0.5,1.4137072739177654,1516.095243915625,1517.5089511895426,-0.7500895000000001,0.7500895000000001,0.105,0.09546000000000276,2140.0
7,OTHER,-1.0,0.500179,0.105,-1.0,0.563818,0.105,40.0,1070.0,False,185,0.0,0.063639,0.0,0.063639,90.0,135.0,0.6666666666666666,0.0954585,1517.5089511895426,1517.6044096895425,-1.0,0.5319985,0.105,360.6889110144041,1605.0
7,HATCH,-1.0,0.563818,0.105,-0.563818,1.0,0.105,30.0,1070.0,False,188,0.43618199999999996,0.43618199999999996,0.0,0.6168545000630212,45.0,45.0,0.5,1.2337090001260425,1517.6044096895425,1518.8381186896686,-0.781909,0.781909,0.105,0.09545849999994971,2140.0
7,OTHER,-0.563818,1.0,0.105,-0.627458,1.0,0.105,40.0,1070.0,False,191,-0.06363999999999992,0.0,0.0,0.06363999999999992,180.0,135.00000000000003,0.6666666666666666,0.09545999999999988,1518.8381186896686,1518.9335786896686,-0.595638,1.0,0.105,104.82271056653508,1605.0
7,HATCH,-0.627458,1.0,0.105,-1.0,0.627458,0.105,30.0,1070.0,False,194,-0.37254200000000004,-0.37254200000000004,0.0,0.5268539489535976,-135.0,45.0,0.5,1.0537078979071952,1518.9335786896686,1519.9872865875757,-0.8137289999999999,0.8137289999999999,0.105,0.09546000000000276,2140.0
7,OTHER,-1.0,0.627458,0.105,-1.0,0.691097,0.105,40.0,1070.0,False,197,0.0,0.063639,0.0,0.063639,90.0,135.0,0.6666666666666666,0.0954585,1519.9872865875757,1520.0827450875756,-1.0,0.6592775,0.105,372.12558189236915,1605.0
7,HATCH,-1.0,0.691097,0.105,-0.691097,1.0,0.105,30.0,1070.0,False,200,0.30890300000000004,0.30890300000000004,0.0,0.43685481205773624,45.0,45.0,0.5,0.8737096241154725,1520.0827450875756,1520.956454711691,-0.8455485,0.8455485,0.105,0.09545849999994971,2140.0
7,OTHER,-0.691097,1.0,0.105,-0.754737,1.0,0.105,40.0,1070.0,False,203,-0.06364000000000003,0.0,0.0,0.06364000000000003,180.0,135.0,0.6666666666666666,0.09546000000000004,1520.956454711691,1521.051914711691,-0.722917,1.0,0.105,135.45502737141146,1605.0
7,HATCH,-0.754737,1.0,0.105,-1.0,0.754737,0.105,30.0,1070.0,False,206,-0.245263,-0.245263,0.0,0.3468542609483124,-135.0,45.0,0.5,0.6937085218966248,1521.051914711691,1521.7456232335878,-0.8773685,0.8773685,0.105,0.09546000000000276,2140.0
7,OTHER,-1.0,0.754737,0.105,-1.0,0.818377,0.105,40.0,1070.0,False,209,0.0,0.06364000000000003,0.0,0.06364000000000003,90.0,135.0,0.6666666666666666,0.09546000000000004,1521.7456232335878,1521.8410832335878,-1.0,0.786557,0.105,383.56225277033445,1605.0
7,HATCH,-1.0,0.818377,0.105,-0.818377,1.0,0.105,30.0,1070.0,False,212,0.18162299999999998,0.18162299999999998,0.0,0.2568537098388886,45.0,45.0,0.5,0.5137074196777772,1521.8410832335878,1522.3547906532656,-0.9091885,0.9091885,0.105,0.09546000000000276,2140.0
7,OTHER,-0.818377,1.0,0.105,-0.882016,1.0,0.105,40.0,1070.0,False,215,-0.063639,0.0,0.0,0.063639,180.0,135.0,0.6666666666666666,0.0954585,1522.3547906532656,1522.4502491532655,-0.8501965,1.0,0.105,128.71836331298573,1605.0
7,HATCH,-0.882016,1.0,0.105,-1.0,0.882016,0.105,30.0,1070.0,False,218,-0.11798399999999998,-0.11798399999999998,0.0,0.16685457294302722,-135.0,45.00000000000001,0.5,0.33370914588605444,1522.4502491532655,1522.7839582991517,-0.9410080000000001,0.9410080000000001,0.105,0.09545849999994971,2140.0
7,OTHER,-1.0,0.882016,0.105,-1.0,0.945656,0.105,40.0,1070.0,False,221,0.0,0.06364000000000003,0.0,0.06364000000000003,90.0,135.0,0.6666666666666666,0.09546000000000004,1522.7839582991517,1522.8794182991517,-1.0,0.9138360000000001,0.105,0.0,1605.0
7,HATCH,-1.0,0.945656,0.105,-0.945656,1.0,0.105,30.0,1070.0,False,224,0.05434399999999995,0.05434399999999995,0.0,0.0768540218336034,45.0,45.0,0.5,0.1537080436672068,1522.8794182991517,1523.0331263428188,-0.972828,0.972828,0.105,0.0,2140.0
7,OTHER,-0.945656,1.0,0.105,1.0,0.909188,0.105,40.0,1070.0,False,227,1.945656,-0.090812,0.0,1.9477741372346025,-2.672297126487498,47.67229712648749,0.6666666666666666,2.921661205851904,1523.0331263428188,1525.9547875486708,0.027171999999999974,0.9545939999999999,0.105,25.491224685716134,1605.0
7,HATCH,1.0,0.909188,0.105,-0.909188,-1.0,0.105,30.0,1070.0,False,230,-1.9091879999999999,-1.9091879999999999,0.0,2.6999995627199644,-135.0,132.32770287351252,0.5,5.399999125439929,1525.9547875486708,1531.3547866741108,0.045406,-0.045406,0.105,88.69669729059069,2140.0
7,OTHER,-0.909188,-1.0,0.105,-0.845549,-1.0,0.105,40.0,1070.0,False,233,0.063639,0.0,0.0,0.063639,0.0,135.0,0.6666666666666666,0.0954585,1531.3547866741108,1531.4502451741107,-0.8773685,-1.0,0.105,133.6508593338308,1605.0
7,HATCH,-0.845549,-1.0,0.105,1.0,0.845549,0.105,30.0,1070.0,False,236,1.845549,1.845549,0.0,2.6100004258241034,45.0,45.0,0.5,5.220000851648207,1531.4502451741107,1536.6702460257588,0.0772255,-0.0772255,0.105,0.09545849999994971,2140.0
7,OTHER,1.0,0.845549,0.105,1.0,0.781909,0.105,40.0,1070.0,False,239,0.0,-0.06364000000000003,0.0,0.06364000000000003,-90.0,135.0,0.6666666666666666,0.09546000000000004,1536.6702460257588,1536.7657060257588,1.0,0.8137289999999999,0.105,504.2955450772545,1605.0
7,HATCH,1.0,0.781909,0.105,-0.781909,-1.0,0.105,30.0,1070.0,False,242,-1.781909,-1.781909,0.0,2.5199998747146792,-135.0,45.0,0.5,5.0399997494293585,1536.7657060257588,1541.8057057751882,0.10904550000000002,-0.10904550000000002,0.105,0.09546000000000276,2140.0
7,OTHER,-0.781909,-1.0,0.105,-0.718269,-1.0,0.105,40.0,1070.0,False,245,0.06363999999999992,0.0,0.0,0.06363999999999992,0.0,135.0,0.6666666666666666,0.09545999999999988,1541.8057057751882,1541.9011657751882,-0.750089,-1.0,0.105,152.2367784349085,1605.0
7,HATCH,-0.718269,-1.0,0.105,1.0,0.718269,0.105,30.0,1070.0,False,248,1.718269,1.718269,0.0,2.429999323605256,45.0,45.00000000000001,0.5,4.859998647210512,1541.9011657751882,1546.7611644223987,0.14086549999999998,-0.14086549999999998,0.105,0.09546000000000276,2140.0
7,OTHER,1.0,0.718269,0.105,1.0,0.65463,0.105,40.0,1070.0,False,251,0.0,-0.063639,0.0,0.063639,-90.0,135.0,0.6666666666666666,0.0954585,1546.7611644223987,1546.8566229223986,1.0,0.6864495,0.105,120.74575629926517,1605.0
7,HATCH,1.0,0.65463,0.105,-0.65463,-1.0,0.105,30.0,1070.0,False,254,-1.65463,-1.65463,0.0,2.3400001867093945,-135.0,45.0,0.5,4.680000373418789,1546.8566229223986,1551.5366232958174,0.17268499999999998,-0.17268499999999998,0.105,0.09545849999994971,2140.0
7,OTHER,-0.65463,-1.0,0.105,-0.59099,-1.0,0.105,40.0,1070.0,False,257,0.06364000000000003,0.0,0.0,0.06364000000000003,0.0,135.0,0.6666666666666666,0.09546000000000004,1551.5366232958174,1551.6320832958174,-0.6228100000000001,-1.0,0.105,178.23769595553813,1605.0
7,HATCH,-0.59099,-1.0,0.105,1.0,0.59099,0.105,30.0,1070.0,False,260,1.5909900000000001,1.5909900000000001,0.0,2.2499996355999707,45.0,45.0,0.5,4.4999992711999415,1551.6320832958174,1556.1320825670173,0.204505,-0.204505,0.105,0.09546000000000276,2140.0
7,OTHER,1.0,0.59099,0.105,1.0,0.527351,0.105,40.0,1070.0,False,263,0.0,-0.063639,0.0,0.063639,-90.0,135.0,0.6666666666666666,0.0954585,1556.1320825670173,1556.2275410670172,1.0,0.5591705,0.105,130.11667444388377,1605.0
7,HATCH,1.0,0.527351,0.105,-0.527351,-1.0,0.105,30.0,1070.0,False,266,-1.527351,-1.527351,0.0,2.160000498704109,-135.0,45.00000000000001,0.5,4.320000997408218,1556.2275410670172,1560.5475420644254,0.2363245,-0.2363245,0.105,0.09545849999994971,2140.0
7,OTHER,-0.527351,-1.0,0.105,-0.463711,-1.0,0.105,40.0,1070.0,False,269,0.06364000000000003,0.0,0.0,0.06364000000000003,0.0,135.0,0.6666666666666666,0.09546000000000004,1560.5475420644254,1560.6430020644254,-0.495531,-1.0,0.105,140.120635941292,1605.0
7,HATCH,-0.463711,-1.0,0.105,1.0,0.463711,0.105,30.0,1070.0,False,272,1.463711,1.463711,0.0,2.069999947594685,45.0,45.0,0.5,4.13999989518937,1560.6430020644254,1564.783001959615,0.2681445,-0.2681445,0.105,0.09546000000000276,2140.0
7,OTHER,1.0,0.463711,0.105,1.0,0.400071,0.105,40.0,1070.0,False,275,0.0,-0.06363999999999997,0.0,0.06363999999999997,-90.0,135.0,0.6666666666666666,0.09545999999999996,1564.783001959615,1564.878461959615,1.0,0.431891,0.105,537.8410551583208,1605.0
7,HATCH,1.0,0.400071,0.105,-0.400071,-1.0,0.105,30.0,1070.0,False,278,-1.400071,-1.400071,0.0,1.9799993964852616,-135.0,45.0,0.5,3.959998792970523,1564.878461959615,1568.8384607525854,0.29996449999999997,-0.29996449999999997,0.105,0.09546000000000276,2140.0
7,OTHER,-0.400071,-1.0,0.105,-0.336432,-1.0,0.105,40.0,1070.0,False,281,0.063639,0.0,0.0,0.063639,0.0,135.0,0.6666666666666666,0.0954585,1568.8384607525854,1568.9339192525854,-0.3682515,-1.0,0.105,148.41155462945198,1605.0
7,HATCH,-0.336432,-1.0,0.105,1.0,0.336432,0.105,30.0,1070.0,False,284,1.336432,1.336432,0.0,1.8900002595894003,45.0,45.00000000000001,0.5,3.7800005191788006,1568.9339192525854,1572.7139197717643,0.33178399999999997,-0.33178399999999997,0.105,0.09545849999994971,2140.0
7,OTHER,1.0,0.336432,0.105,1.0,0.272792,0.105,40.0,1070.0,False,287,0.0,-0.06364000000000003,0.0,0.06364000000000003,-90.0,135.0,0.6666666666666666,0.09546000000000004,1572.7139197717643,1572.8093797717643,1.0,0.304612,0.105,537.404624012561,1605.0
7,HATCH,1.0,0.272792,0.105,-0.272792,-1.0,0.105,30.0,1070.0,False,290,-1.272792,-1.272792,0.0,1.7999997084799764,-135.0,45.00000000000001,0.5,3.5999994169599527,1572.8093797717643,1576.4093791887242,0.36360400000000004,-0.36360400000000004,0.105,0.09546000000000276,2140.0
7,OTHER,-0.272792,-1.0,0.105,-0.209153,-1.0,0.105,40.0,1070.0,False,293,0.06363899999999997,0.0,0.0,0.06363899999999997,0.0,135.0,0.6666666666666666,0.09545849999999996,1576.4093791887242,1576.5048376887241,-0.24097249999999998,-1.0,0.105,235.65045184844575,1605.0
7,HATCH,-0.209153,-1.0,0.105,1.0,0.209153,0.105,30.0,1070.0,False,296,1.209153,1.209153,0.0,1.710000571584115,45.0,45.0,0.5,3.42000114316823,1576.5048376887241,1579.9248388318924,0.3954235,-0.3954235,0.105,0.09545849999994971,2140.0
7,OTHER,1.0,0.209153,0.105,1.0,0.145513,0.105,40.0,1070.0,False,299,0.0,-0.06364,0.0,0.06364,-90.0,135.0,0.6666666666666666,0.09546,1579.9248388318924,1580.0202988318924,1.0,0.17733300000000002,0.105,540.2846246775,1605.0
7,HATCH,1.0,0.145513,0.105,-0.145513,-1.0,0.105,30.0,1070.0,False,302,-1.145513,-1.145513,0.0,1.6200000204746912,-135.0,45.0,0.5,3.2400000409493823,1580.0202988318924,1583.2602988728418,0.4272435,-0.4272435,0.105,0.09546000000000276,2140.0
7,OTHER,-0.145513,-1.0,0.105,-0.081873,-1.0,0.105,40.0,1070.0,False,305,0.06364,0.0,0.0,0.06364,0.0,135.0,0.6666666666666666,0.09546,1583.2602988728418,1583.3557588728418,-0.113693,-1.0,0.105,250.63637153256354,1605.0
7,HATCH,-0.081873,-1.0,0.105,1.0,0.081873,0.105,30.0,1070.0,False,308,1.081873,1.081873,0.0,1.5299994693652677,45.0,45.0,0.5,3.0599989387305353,1583.3557588728418,1586.4157578115723,0.4590635,-0.4590635,0.105,0.09546000000000276,2140.0
7,OTHER,1.0,0.081873,0.105,1.0,0.018234,0.105,40.0,1070.0,False,311,0.0,-0.063639,0.0,0.063639,-90.0,135.0,0.6666666666666666,0.0954585,1586.4157578115723,1586.5112163115723,1.0,0.0500535,0.105,299.5468304712954,1605.0
7,HATCH,1.0,0.018234,0.105,-0.018234,-1.0,0.105,30.0,1070.0,False,314,-1.018234,-1.018234,0.0,1.4400003324694062,-135.0,45.00000000000001,0.5,2.8800006649388123,1586.5112163115723,1589.391216976511,0.490883,-0.490883,0.105,0.09545849999994971,2140.0
7,OTHER,-0.018234,-1.0,0.105,0.045406,-1.0,0.105,40.0,1070.0,False,317,0.06364,0.0,0.0,0.06364,0.0,135.0,0.6666666666666666,0.09546,1589.391216976511,1589.486676976511,0.013586,-1.0,0.105,273.03728963623325,1605.0
7,HATCH,0.045406,-1.0,0.105,1.0,-0.045406,0.105,30.0,1070.0,False,320,0.9545939999999999,0.9545939999999999,0.0,1.3499997813599822,45.0,45.0,0.5,2.6999995627199644,1589.486676976511,1592.186676539231,0.522703,-0.522703,0.105,0.09546000000000276,2140.0
7,OTHER,1.0,-0.045406,0.105,1.0,-0.109045,0.105,40.0,1070.0,False,323,0.0,-0.063639,0.0,0.063639,-90.0,135.0,0.6666666666666666,0.0954585,1592.186676539231,1592.282135039231,1.0,-0.0772255,0.105,305.31774919895406,1605.0
7,HATCH,1.0,-0.109045,0.105,0.109045,-1.0,0.105,30.0,1070.0,False,326,-0.8909549999999999,-0.8909549999999999,0.0,1.2600006444641207,-135.0,45.0,0.5,2.5200012889282415,1592.282135039231,1594.8021363281591,0.5545225,-0.5545225,0.105,0.09545849999994971,2140.0
7,OTHER,0.109045,-1.0,0.105,0.172685,-1.0,0.105,40.0,1070.0,False,329,0.06364,0.0,0.0,0.06364,0.0,135.0,0.6666666666666666,0.09546,1594.8021363281591,1594.8975963281591,0.14086500000000002,-1.0,0.105,286.58320898788156,1605.0
7,HATCH,0.172685,-1.0,0.105,1.0,-0.172685,0.105,30.0,1070.0,False,332,0.827315,0.827315,0.0,1.1700000933546972,45.0,45.0,0.5,2.3400001867093945,1594.8975963281591,1597.2375965148685,0.5863425,-0.5863425,0.105,0.09546000000000276,2140.0
7,OTHER,1.0,-0.172685,0.105,1.0,-0.236325,0.105,40.0,1070.0,False,335,0.0,-0.06364,0.0,0.06364,-90.0,135.0,0.6666666666666666,0.09546,1597.2375965148685,1597.3330565148685,1.0,-0.204505,0.105,540.2846246775,1605.0
7,HATCH,1.0,-0.236325,0.105,0.236325,-1.0,0.105,30.0,1070.0,False,338,-0.763675,-0.763675,0.0,1.0799995422452733,-135.0,44.999999999999986,0.5,2.1599990844905466,1597.3330565148685,1599.493055599359,0.6181625,-0.6181625,0.105,0.09546000000000276,2140.0
7,OTHER,0.236325,-1.0,0.105,0.299964,-1.0,0.105,40.0,1070.0,False,341,0.063639,0.0,0.0,0.063639,0.0,135.0,0.6666666666666666,0.0954585,1599.493055599359,1599.588514099359,0.2681445,-1.0,0.105,307.54412825908184,1605.0
7,HATCH,0.299964,-1.0,0.105,1.0,-0.299964,0.105,30.0,1070.0,False,344,0.700036,0.700036,0.0,0.9900004053494119,45.0,45.0,0.5,1.9800008106988238,1599.588514099359,1601.5685149100577,0.6499820000000001,-0.6499820000000001,0.105,0.09545849999994971,2140.0
7,OTHER,1.0,-0.299964,0.105,1.0,-0.363604,0.105,40.0,1070.0,False,347,0.0,-0.06363999999999997,0.0,0.06363999999999997,-90.0,135.0,0.6666666666666666,0.09545999999999996,1601.5685149100577,1601.6639749100577,1.0,-0.33178399999999997,0.105,177.14160878692428,1605.0
7,HATCH,1.0,-0.363604,0.105,0.363604,-1.0,0.105,30.0,1070.0,False,350,-0.636396,-0.636396,0.0,0.8999998542399882,-135.0,45.00000000000001,0.5,1.7999997084799764,1601.6639749100577,1603.4639746185378,0.681802,-0.681802,0.105,0.09546000000000276,2140.0
7,OTHER,0.363604,-1.0,0.105,0.427244,-1.0,0.105,40.0,1070.0,False,353,0.06364000000000003,0.0,0.0,0.06364000000000003,0.0,135.0,0.6666666666666666,0.09546000000000004,1603.4639746185378,1603.5594346185378,0.395424,-1.0,0.105,361.2700472782619,1605.0
7,HATCH,0.427244,-1.0,0.105,1.0,-0.427244,0.105,30.0,1070.0,False,356,0.572756,0.572756,0.0,0.8099993031305645,45.0,45.0,0.5,1.619998606261129,1603.5594346185378,1605.179433224799,0.713622,-0.713622,0.105,0.09546000000000276,2140.0
7,OTHER,1.0,-0.427244,0.105,1.0,-0.490883,0.105,40.0,1070.0,False,359,0.0,-0.063639,0.0,0.063639,-90.0,135.0,0.6666666666666666,0.0954585,1605.179433224799,1605.2748917247989,1.0,-0.4590635,0.105,180.75252710166546,1605.0
7,HATCH,1.0,-0.490883,0.105,0.490883,-1.0,0.105,30.0,1070.0,False,362,-0.509117,-0.509117,0.0,0.7200001662347031,-135.0,45.00000000000001,0.5,1.4400003324694062,1605.2748917247989,1606.7148920572683,0.7454415,-0.7454415,0.105,0.09545849999994971,2140.0
7,OTHER,0.490883,-1.0,0.105,0.554523,-1.0,0.105,40.0,1070.0,False,365,0.06363999999999997,0.0,0.0,0.06363999999999997,0.0,135.0,0.6666666666666666,0.09545999999999996,1606.7148920572683,1606.8103520572683,0.522703,-1.0,0.105,184.69948393413483,1605.0
7,HATCH,0.554523,-1.0,0.105,1.0,-0.554523,0.105,30.0,1070.0,False,368,0.445477,0.445477,0.0,0.6299996151252792,45.0,45.0,0.5,1.2599992302505585,1606.8103520572683,1608.0703512875189,0.7772615,-0.7772615,0.105,0.09546000000000276,2140.0
7,OTHER,1.0,-0.554523,0.105,1.0,-0.618162,0.105,40.0,1070.0,False,371,0.0,-0.063639,0.0,0.063639,-90.0,135.0,0.6666666666666666,0.0954585,1608.0703512875189,1608.1658097875188,1.0,-0.5863425,0.105,527.3246231852752,1605.0
7,HATCH,1.0,-0.618162,0.105,0.618162,-1.0,0.105,30.0,1070.0,False,374,-0.381838,-0.381838,0.0,0.5400004782294179,-135.0,45.00000000000001,0.5,1.0800009564588358,1608.1658097875188,1609.2458107439777,0.8090809999999999,-0.8090809999999999,0.105,0.09545849999994971,2140.0
7,OTHER,0.618162,-1.0,0.105,0.681802,-1.0,0.105,40.0,1070.0,False,377,0.06364000000000003,0.0,0.0,0.06364000000000003,0.0,135.0,0.6666666666666666,0.09546000000000004,1609.2458107439777,1609.3412707439777,0.6499820000000001,-1.0,0.105,187.2304026208442,1605.0
7,HATCH,0.681802,-1.0,0.105,1.0,-0.681802,0.105,30.0,1070.0,False,380,0.318198,0.318198,0.0,0.4499999271199941,45.0,45.00000000000001,0.5,0.8999998542399882,1609.3412707439777,1610.2412705982176,0.840901,-0.840901,0.105,0.09546000000000276,2140.0
7,OTHER,1.0,-0.681802,0.105,1.0,-0.745442,0.105,40.0,1070.0,False,383,0.0,-0.06364000000000003,0.0,0.06364000000000003,-90.0,135.0,0.6666666666666666,0.09546000000000004,1610.2412705982176,1610.3367305982176,1.0,-0.713622,0.105,520.1246243513554,1605.0
7,HATCH,1.0,-0.745442,0.105,0.745442,-1.0,0.105,30.0,1070.0,False,386,-0.25455799999999995,-0.25455799999999995,0.0,0.35999937601057025,-135.0,45.0,0.5,0.7199987520211405,1610.3367305982176,1611.0567293502388,0.8727210000000001,-0.8727210000000001,0.105,0.09546000000000276,2140.0
7,OTHER,0.745442,-1.0,0.105,0.809081,-1.0,0.105,40.0,1070.0,False,389,0.063639,0.0,0.0,0.063639,0.0,135.0,0.6666666666666666,0.0954585,1611.0567293502388,1611.1521878502388,0.7772615,-1.0,0.105,336.32280200996206,1605.0
7,HATCH,0.809081,-1.0,0.105,1.0,-0.809081,0.105,30.0,1070.0,False,392,0.19091899999999995,0.19091899999999995,0.0,0.2700002391147089,45.0,45.00000000000001,0.5,0.5400004782294178,1611.1521878502388,1611.692188328468,0.9045405,-0.9045405,0.105,0.09545849999994971,2140.0
7,OTHER,1.0,-0.809081,0.105,1.0,-0.872721,0.105,40.0,1070.0,False,395,0.0,-0.06363999999999992,0.0,0.06363999999999992,-90.0,135.0,0.6666666666666666,0.09545999999999988,1611.692188328468,1611.787648328468,1.0,-0.840901,0.105,511.484623684966,1605.0
7,HATCH,1.0,-0.872721,0.105,0.872721,-1.0,0.105,30.0,1070.0,False,398,-0.12727900000000003,-0.12727900000000003,0.0,0.1799996880052852,-135.0,45.00000000000001,0.5,0.3599993760105704,1611.787648328468,1612.1476477044787,0.9363604999999999,-0.9363604999999999,0.105,0.09546000000000276,2140.0
7,OTHER,0.872721,-1.0,0.105,0.93636,-1.0,0.105,40.0,1070.0,False,401,0.063639,0.0,0.0,0.063639,0.0,135.0,0.6666666666666666,0.0954585,1612.1476477044787,1612.2431062044786,0.9045405,-1.0,0.105,0.0,1605.0
7,HATCH,0.93636,-1.0,0.105,1.0,-0.93636,0.105,30.0,1070.0,False,404,0.06364000000000003,0.06364000000000003,0.0,0.09000055110942382,45.0,45.0,0.5,0.18000110221884763,1612.2431062044786,1612.4231073066974,0.96818,-0.96818,0.105,0.0,2140.0
7,OTHER,1.0,-0.93636,0.105,1.0,-0.93636,0.12,40.0,1070.0,False,407,0.0,0.0,0.015,0.015,0.0,,0.6666666666666666,0.0225,1612.4231073066974,1612.4456073066974,1.0,-0.93636,0.11249999999999999,0.0,1605.0
8,OTHER,1.0,-0.93636,0.12,-0.092284,1.0,0.12,40.0,1070.0,False,20,-1.092284,1.93636,0.0,2.223190137225334,119.42697063252628,,0.6666666666666666,3.334785205838001,1612.4456073066974,1615.7803925125354,0.453858,0.031820000000000015,0.12,366.25167996642153,1605.0
8,CONTOUR,-0.092284,1.0,0.12,1.0,1.0,0.12,30.0,1070.0,False,23,1.092284,0.0,0.0,1.092284,0.0,119.4269706325263,0.5,2.184568,1615.7803925125354,1617.9649605125353,0.453858,1.0,0.12,139.7134996697887,2140.0
8,CONTOUR,1.0,1.0,0.12,1.0,0.092284,0.12,30.0,1070.0,False,24,0.0,-0.907716,0.0,0.907716,-90.0,90.0,0.5,1.815432,1617.9649605125353,1619.7803925125354,1.0,0.546142,0.12,61.73741944551807,2140.0
8,CONTOUR,1.0,0.092284,0.12,1.0,-1.0,0.12,30.0,1070.0,False,25,0.0,-1.092284,0.0,1.092284,-90.0,0.0,0.5,2.184568,1619.7803925125354,1621.9649605125353,1.0,-0.453858,0.12,14.505500787736537,2140.0
8,CONTOUR,1.0,-1.0,0.12,0.092284,-1.0,0.12,30.0,1070.0,False,26,-0.907716,0.0,0.0,0.907716,180.0,90.0,0.5,1.815432,1621.9649605125353,1623.7803925125354,0.546142,-1.0,0.12,15.154608455266953,2140.0
8,CONTOUR,0.092284,-1.0,0.12,-1.0,-1.0,0.12,30.0,1070.0,False,27,-1.092284,0.0,0.0,1.092284,180.0,0.0,0.5,2.184568,1623.7803925125354,1625.9649605125353,-0.453858,-1.0,0.12,54.84647325995002,2140.0
8,CONTOUR,-1.0,-1.0,0.12,-1.0,-0.092284,0.12,30.0,1070.0,False,28,0.0,0.907716,0.0,0.907716,90.0,90.0,0.5,1.815432,1625.9649605125353,1627.7803925125354,-1.0,-0.546142,0.12,154.10723733485338,2140.0
8,CONTOUR,-1.0,-0.092284,0.12,-1.0,1.0,0.12,30.0,1070.0,False,29,0.0,1.092284,0.0,1.092284,90.0,0.0,0.5,2.184568,1627.7803925125354,1629.9649605125353,-1.0,0.453858,0.12,110.17598282299286,2140.0
8,CONTOUR,-1.0,1.0,0.12,-0.092284,1.0,0.12,30.0,1070.0,False,30,0.907716,0.0,0.0,0.907716,0.0,90.0,0.5,1.815432,1629.9649605125353,1631.7803925125354,-0.546142,1.0,0.12,111.0313818228667,2140.0
8,OTHER,-0.092284,1.0,0.12,-1.0,0.98,0.12,40.0,1070.0,False,35,-0.907716,-0.020000000000000018,0.0,0.9079363064973225,-178.73778779993373,178.7377877999336,0.6666666666666666,1.3619044597459837,1631.7803925125354,1633.1422969722814,-0.546142,0.99,0.12,0.0,1605.0
8,HATCH,-1.0,0.98,0.12,1.0,0.98,0.12,30.0,1070.0,True,38,2.0,0.0,0.0,2.0,0.0,178.73778779993387,0.5,4.0,1633.1422969722814,1637.1422969722814,0.0,0.98,0.12,107.18750942361066,2140.0
8,OTHER,1.0,0.98,0.12,1.0,0.935,0.12,40.0,1070.0,False,41,0.0,-0.04499999999999993,0.0,0.04499999999999993,-90.0,90.0,0.6666666666666666,0.0674999999999999,1637.1422969722814,1637.2097969722815,1.0,0.9575,0.12,199.7887482142014,1605.0
8,HATCH,1.0,0.935,0.12,-1.0,0.935,0.12,30.0,1070.0,True,44,-2.0,0.0,0.0,2.0,180.0,90.0,0.5,4.0,1637.2097969722815,1641.2097969722815,0.0,0.935,0.12,0.06750000000010914,2140.0
8,OTHER,-1.0,0.935,0.12,-1.0,0.89,0.12,40.0,1070.0,False,47,0.0,-0.04500000000000004,0.0,0.04500000000000004,-90.0,90.0,0.6666666666666666,0.06750000000000006,1641.2097969722815,1641.2772969722816,-1.0,0.9125000000000001,0.12,118.1766706294627,1605.0
8,HATCH,-1.0,0.89,0.12,1.0,0.89,0.12,30.0,1070.0,True,50,2.0,0.0,0.0,2.0,0.0,90.0,0.5,4.0,1641.2772969722816,1645.2772969722816,0.0,0.89,0.12,0.06750000000010914,2140.0
8,OTHER,1.0,0.89,0.12,1.0,0.845,0.12,40.0,1070.0,False,53,0.0,-0.04500000000000004,0.0,0.04500000000000004,-90.0,90.0,0.6666666666666666,0.06750000000000006,1645.2772969722816,1645.3447969722818,1.0,0.8674999999999999,0.12,8.06750000000011,1605.0
8,HATCH,1.0,0.845,0.12,-1.0,0.845,0.12,30.0,1070.0,True,56,-2.0,0.0,0.0,2.0,180.0,90.0,0.5,4.0,1645.3447969722818,1649.3447969722818,0.0,0.845,0.12,0.06750000000010914,2140.0
8,OTHER,-1.0,0.845,0.12,-1.0,0.8,0.12,40.0,1070.0,False,59,0.0,-0.04499999999999993,0.0,0.04499999999999993,-90.0,90.0,0.6666666666666666,0.0674999999999999,1649.3447969722818,1649.4122969722819,-1.0,0.8225,0.12,8.06750000000011,1605.0
8,HATCH,-1.0,0.8,0.12,1.0,0.8,0.12,30.0,1070.0,True,62,2.0,0.0,0.0,2.0,0.0,90.0,0.5,4.0,1649.4122969722819,1653.4122969722819,0.0,0.8,0.12,0.06750000000010914,2140.0
8,OTHER,1.0,0.8,0.12,1.0,0.755,0.12,40.0,1070.0,False,65,0.0,-0.04500000000000004,0.0,0.04500000000000004,-90.0,90.0,0.6666666666666666,0.06750000000000006,1653.4122969722819,1653.479796972282,1.0,0.7775000000000001,0.12,8.06750000000011,1605.0
8,HATCH,1.0,0.755,0.12,-1.0,0.755,0.12,30.0,1070.0,True,68,-2.0,0.0,0.0,2.0,180.0,90.0,0.5,4.0,1653.479796972282,1657.479796972282,0.0,0.755,0.12,0.06750000000010914,2140.0
8,OTHER,-1.0,0.755,0.12,-1.0,0.71,0.12,40.0,1070.0,False,71,0.0,-0.04500000000000004,0.0,0.04500000000000004,-90.0,90.0,0.6666666666666666,0.06750000000000006,1657.479796972282,1657.547296972282,-1.0,0.7324999999999999,0.12,8.06750000000011,1605.0
8,HATCH,-1.0,0.71,0.12,1.0,0.71,0.12,30.0,1070.0,True,74,2.0,0.0,0.0,2.0,0.0,90.0,0.5,4.0,1657.547296972282,1661.547296972282,0.0,0.71,0.12,0.06750000000010914,2140.0
8,OTHER,1.0,0.71,0.12,1.0,0.665,0.12,40.0,1070.0,False,77,0.0,-0.04499999999999993,0.0,0.04499999999999993,-90.0,90.0,0.6666666666666666,0.0674999999999999,1661.547296972282,1661.6147969722822,1.0,0.6875,0.12,8.06750000000011,1605.0
8,HATCH,1.0,0.665,0.12,-1.0,0.665,0.12,30.0,1070.0,True,80,-2.0,0.0,0.0,2.0,180.0,90.0,0.5,4.0,1661.6147969722822,1665.6147969722822,0.0,0.665,0.12,0.06750000000010914,2140.0
8,OTHER,-1.0,0.665,0.12,-1.0,0.62,0.12,40.0,1070.0,False,83,0.0,-0.04500000000000004,0.0,0.04500000000000004,-90.0,90.0,0.6666666666666666,0.06750000000000006,1665.6147969722822,1665.6822969722823,-1.0,0.6425000000000001,0.12,8.06750000000011,1605.0
8,HATCH,-1.0,0.62,0.12,1.0,0.62,0.12,30.0,1070.0,True,86,2.0,0.0,0.0,2.0,0.0,90.0,0.5,4.0,1665.6822969722823,1669.6822969722823,0.0,0.62,0.12,0.06750000000010914,2140.0
8,OTHER,1.0,0.62,0.12,1.0,0.575,0.12,40.0,1070.0,False,89,0.0,-0.04500000000000004,0.0,0.04500000000000004,-90.0,90.0,0.6666666666666666,0.06750000000000006,1669.6822969722823,1669.7497969722824,1.0,0.5974999999999999,0.12,8.06750000000011,1605.0
8,HATCH,1.0,0.575,0.12,-1.0,0.575,0.12,30.0,1070.0,True,92,-2.0,0.0,0.0,2.0,180.0,90.0,0.5,4.0,1669.7497969722824,1673.7497969722824,0.0,0.575,0.12,0.06750000000010914,2140.0
8,OTHER,-1.0,0.575,0.12,-1.0,0.53,0.12,40.0,1070.0,False,95,0.0,-0.04499999999999993,0.0,0.04499999999999993,-90.0,90.0,0.6666666666666666,0.0674999999999999,1673.7497969722824,1673.8172969722825,-1.0,0.5525,0.12,8.06750000000011,1605.0
8,HATCH,-1.0,0.53,0.12,1.0,0.53,0.12,30.0,1070.0,True,98,2.0,0.0,0.0,2.0,0.0,90.0,0.5,4.0,1673.8172969722825,1677.8172969722825,0.0,0.53,0.12,0.06750000000010914,2140.0
8,OTHER,1.0,0.53,0.12,1.0,0.485,0.12,40.0,1070.0,False,101,0.0,-0.04500000000000004,0.0,0.04500000000000004,-90.0,90.0,0.6666666666666666,0.06750000000000006,1677.8172969722825,1677.8847969722826,1.0,0.5075000000000001,0.12,8.06750000000011,1605.0
8,HATCH,1.0,0.485,0.12,-1.0,0.485,0.12,30.0,1070.0,True,104,-2.0,0.0,0.0,2.0,180.0,90.0,0.5,4.0,1677.8847969722826,1681.8847969722826,0.0,0.485,0.12,0.06750000000010914,2140.0
8,OTHER,-1.0,0.485,0.12,-1.0,0.44,0.12,40.0,1070.0,False,107,0.0,-0.044999999999999984,0.0,0.044999999999999984,-90.0,90.0,0.6666666666666666,0.06749999999999998,1681.8847969722826,1681.9522969722827,-1.0,0.4625,0.12,8.06750000000011,1605.0
8,HATCH,-1.0,0.44,0.12,1.0,0.44,0.12,30.0,1070.0,True,110,2.0,0.0,0.0,2.0,0.0,90.0,0.5,4.0,1681.9522969722827,1685.9522969722827,0.0,0.44,0.12,0.06750000000010914,2140.0
8,OTHER,1.0,0.44,0.12,1.0,0.395,0.12,40.0,1070.0,False,113,0.0,-0.044999999999999984,0.0,0.044999999999999984,-90.0,90.0,0.6666666666666666,0.06749999999999998,1685.9522969722827,1686.0197969722828,1.0,0.4175,0.12,8.06750000000011,1605.0
8,HATCH,1.0,0.395,0.12,-1.0,0.395,0.12,30.0,1070.0,True,116,-2.0,0.0,0.0,2.0,180.0,90.0,0.5,4.0,1686.0197969722828,1690.0197969722828,0.0,0.395,0.12,0.06750000000010914,2140.0
8,OTHER,-1.0,0.395,0.12,-1.0,0.35,0.12,40.0,1070.0,False,119,0.0,-0.04500000000000004,0.0,0.04500000000000004,-90.0,90.0,0.6666666666666666,0.06750000000000006,1690.0197969722828,1690.087296972283,-1.0,0.3725,0.12,8.06750000000011,1605.0
8,HATCH,-1.0,0.35,0.12,1.0,0.35,0.12,30.0,1070.0,True,122,2.0,0.0,0.0,2.0,0.0,90.0,0.5,4.0,1690.087296972283,1694.087296972283,0.0,0.35,0.12,0.06750000000010914,2140.0
8,OTHER,1.0,0.35,0.12,1.0,0.305,0.12,40.0,1070.0,False,125,0.0,-0.044999999999999984,0.0,0.044999999999999984,-90.0,90.0,0.6666666666666666,0.06749999999999998,1694.087296972283,1694.154796972283,1.0,0.3275,0.12,8.06750000000011,1605.0
8,HATCH,1.0,0.305,0.12,-1.0,0.305,0.12,30.0,1070.0,True,128,-2.0,0.0,0.0,2.0,180.0,90.0,0.5,4.0,1694.154796972283,1698.154796972283,0.0,0.305,0.12,0.06750000000010914,2140.0
8,OTHER,-1.0,0.305,0.12,-1.0,0.26,0.12,40.0,1070.0,False,131,0.0,-0.044999999999999984,0.0,0.044999999999999984,-90.0,90.0,0.6666666666666666,0.06749999999999998,1698.154796972283,1698.2222969722832,-1.0,0.2825,0.12,8.06750000000011,1605.0
8,HATCH,-1.0,0.26,0.12,1.0,0.26,0.12,30.0,1070.0,True,134,2.0,0.0,0.0,2.0,0.0,90.0,0.5,4.0,1698.2222969722832,1702.2222969722832,0.0,0.26,0.12,0.06750000000010914,2140.0
8,OTHER,1.0,0.26,0.12,1.0,0.215,0.12,40.0,1070.0,False,137,0.0,-0.04500000000000001,0.0,0.04500000000000001,-90.0,90.0,0.6666666666666666,0.06750000000000002,1702.2222969722832,1702.2897969722833,1.0,0.2375,0.12,8.06750000000011,1605.0
8,HATCH,1.0,0.215,0.12,-1.0,0.215,0.12,30.0,1070.0,True,140,-2.0,0.0,0.0,2.0,180.0,90.0,0.5,4.0,1702.2897969722833,1706.2897969722833,0.0,0.215,0.12,0.06750000000010914,2140.0
8,OTHER,-1.0,0.215,0.12,-1.0,0.17,0.12,40.0,1070.0,False,143,0.0,-0.044999999999999984,0.0,0.044999999999999984,-90.0,90.0,0.6666666666666666,0.06749999999999998,1706.2897969722833,1706.3572969722834,-1.0,0.1925,0.12,8.06750000000011,1605.0
8,HATCH,-1.0,0.17,0.12,1.0,0.17,0.12,30.0,1070.0,True,146,2.0,0.0,0.0,2.0,0.0,90.0,0.5,4.0,1706.3572969722834,1710.3572969722834,0.0,0.17,0.12,0.06750000000010914,2140.0
8,OTHER,1.0,0.17,0.12,1.0,0.125,0.12,40.0,1070.0,False,149,0.0,-0.04500000000000001,0.0,0.04500000000000001,-90.0,90.0,0.6666666666666666,0.06750000000000002,1710.3572969722834,1710.4247969722835,1.0,0.14750000000000002,0.12,8.06750000000011,1605.0
8,HATCH,1.0,0.125,0.12,-1.0,0.125,0.12,30.0,1070.0,True,152,-2.0,0.0,0.0,2.0,180.0,90.0,0.5,4.0,1710.4247969722835,1714.4247969722835,0.0,0.125,0.12,0.06750000000010914,2140.0
8,OTHER,-1.0,0.125,0.12,-1.0,0.08,0.12,40.0,1070.0,False,155,0.0,-0.045,0.0,0.045,-90.0,90.0,0.6666666666666666,0.0675,1714.4247969722835,1714.4922969722836,-1.0,0.10250000000000001,0.12,8.06750000000011,1605.0
8,HATCH,-1.0,0.08,0.12,1.0,0.08,0.12,30.0,1070.0,True,158,2.0,0.0,0.0,2.0,0.0,90.0,0.5,4.0,1714.4922969722836,1718.4922969722836,0.0,0.08,0.12,0.06750000000010914,2140.0
8,OTHER,1.0,0.08,0.12,1.0,0.035,0.12,40.0,1070.0,False,161,0.0,-0.045,0.0,0.045,-90.0,90.0,0.6666666666666666,0.0675,1718.4922969722836,1718.5597969722837,1.0,0.0575,0.12,8.06750000000011,1605.0
8,HATCH,1.0,0.035,0.12,-1.0,0.035,0.12,30.0,1070.0,True,164,-2.0,0.0,0.0,2.0,180.0,90.0,0.5,4.0,1718.5597969722837,1722.5597969722837,0.0,0.035,0.12,0.06750000000010914,2140.0
8,OTHER,-1.0,0.035,0.12,-1.0,-0.01,0.12,40.0,1070.0,False,167,0.0,-0.045000000000000005,0.0,0.045000000000000005,-90.0,90.0,0.6666666666666666,0.06750000000000002,1722.5597969722837,1722.6272969722838,-1.0,0.0125,0.12,8.06750000000011,1605.0
8,HATCH,-1.0,-0.01,0.12,1.0,-0.01,0.12,30.0,1070.0,True,170,2.0,0.0,0.0,2.0,0.0,90.0,0.5,4.0,1722.6272969722838,1726.6272969722838,0.0,-0.01,0.12,0.06750000000010914,2140.0
8,OTHER,1.0,-0.01,0.12,1.0,-0.055,0.12,40.0,1070.0,False,173,0.0,-0.045,0.0,0.045,-90.0,90.0,0.6666666666666666,0.0675,1726.6272969722838,1726.694796972284,1.0,-0.0325,0.12,8.06750000000011,1605.0
8,HATCH,1.0,-0.055,0.12,-1.0,-0.055,0.12,30.0,1070.0,True,176,-2.0,0.0,0.0,2.0,180.0,90.0,0.5,4.0,1726.694796972284,1730.694796972284,0.0,-0.055,0.12,0.06750000000010914,2140.0
8,OTHER,-1.0,-0.055,0.12,-1.0,-0.1,0.12,40.0,1070.0,False,179,0.0,-0.045000000000000005,0.0,0.045000000000000005,-90.0,90.0,0.6666666666666666,0.06750000000000002,1730.694796972284,1730.762296972284,-1.0,-0.0775,0.12,8.06750000000011,1605.0
8,HATCH,-1.0,-0.1,0.12,1.0,-0.1,0.12,30.0,1070.0,True,182,2.0,0.0,0.0,2.0,0.0,90.0,0.5,4.0,1730.762296972284,1734.762296972284,0.0,-0.1,0.12,0.06750000000010914,2140.0
8,OTHER,1.0,-0.1,0.12,1.0,-0.145,0.12,40.0,1070.0,False,185,0.0,-0.044999999999999984,0.0,0.044999999999999984,-90.0,90.0,0.6666666666666666,0.06749999999999998,1734.762296972284,1734.8297969722842,1.0,-0.1225,0.12,8.06750000000011,1605.0
8,HATCH,1.0,-0.145,0.12,-1.0,-0.145,0.12,30.0,1070.0,True,188,-2.0,0.0,0.0,2.0,180.0,90.0,0.5,4.0,1734.8297969722842,1738.8297969722842,0.0,-0.145,0.12,0.06750000000010914,2140.0
8,OTHER,-1.0,-0.145,0.12,-1.0,-0.19,0.12,40.0,1070.0,False,191,0.0,-0.04500000000000001,0.0,0.04500000000000001,-90.0,90.0,0.6666666666666666,0.06750000000000002,1738.8297969722842,1738.8972969722843,-1.0,-0.16749999999999998,0.12,8.06750000000011,1605.0
8,HATCH,-1.0,-0.19,0.12,1.0,-0.19,0.12,30.0,1070.0,True,194,2.0,0.0,0.0,2.0,0.0,90.0,0.5,4.0,1738.8972969722843,1742.8972969722843,0.0,-0.19,0.12,0.06750000000010914,2140.0
8,OTHER,1.0,-0.19,0.12,1.0,-0.235,0.12,40.0,1070.0,False,197,0.0,-0.044999999999999984,0.0,0.044999999999999984,-90.0,90.0,0.6666666666666666,0.06749999999999998,1742.8972969722843,1742.9647969722844,1.0,-0.2125,0.12,8.06750000000011,1605.0
8,HATCH,1.0,-0.235,0.12,-1.0,-0.235,0.12,30.0,1070.0,True,200,-2.0,0.0,0.0,2.0,180.0,90.0,0.5,4.0,1742.9647969722844,1746.9647969722844,0.0,-0.235,0.12,0.06750000000010914,2140.0
8,OTHER,-1.0,-0.235,0.12,-1.0,-0.28,0.12,40.0,1070.0,False,203,0.0,-0.04500000000000004,0.0,0.04500000000000004,-90.0,90.0,0.6666666666666666,0.06750000000000006,1746.9647969722844,1747.0322969722845,-1.0,-0.2575,0.12,8.06750000000011,1605.0
8,HATCH,-1.0,-0.28,0.12,1.0,-0.28,0.12,30.0,1070.0,True,206,2.0,0.0,0.0,2.0,0.0,90.0,0.5,4.0,1747.0322969722845,1751.0322969722845,0.0,-0.28,0.12,0.06750000000010914,2140.0
8,OTHER,1.0,-0.28,0.12,1.0,-0.325,0.12,40.0,1070.0,False,209,0.0,-0.044999999999999984,0.0,0.044999999999999984,-90.0,90.0,0.6666666666666666,0.06749999999999998,1751.0322969722845,1751.0997969722846,1.0,-0.3025,0.12,8.06750000000011,1605.0
8,HATCH,1.0,-0.325,0.12,-1.0,-0.325,0.12,30.0,1070.0,True,212,-2.0,0.0,0.0,2.0,180.0,90.0,0.5,4.0,1751.0997969722846,1755.0997969722846,0.0,-0.325,0.12,0.06750000000010914,2140.0
8,OTHER,-1.0,-0.325,0.12,-1.0,-0.37,0.12,40.0,1070.0,False,215,0.0,-0.044999999999999984,0.0,0.044999999999999984,-90.0,90.0,0.6666666666666666,0.06749999999999998,1755.0997969722846,1755.1672969722847,-1.0,-0.34750000000000003,0.12,8.06750000000011,1605.0
8,HATCH,-1.0,-0.37,0.12,1.0,-0.37,0.12,30.0,1070.0,True,218,2.0,0.0,0.0,2.0,0.0,90.0,0.5,4.0,1755.1672969722847,1759.1672969722847,0.0,-0.37,0.12,0.06750000000010914,2140.0
8,OTHER,1.0,-0.37,0.12,1.0,-0.415,0.12,40.0,1070.0,False,221,0.0,-0.044999999999999984,0.0,0.044999999999999984,-90.0,90.0,0.6666666666666666,0.06749999999999998,1759.1672969722847,1759.2347969722848,1.0,-0.39249999999999996,0.12,8.06750000000011,1605.0
8,HATCH,1.0,-0.415,0.12,-1.0,-0.415,0.12,30.0,1070.0,True,224,-2.0,0.0,0.0,2.0,180.0,90.0,0.5,4.0,1759.2347969722848,1763.2347969722848,0.0,-0.415,0.12,0.06750000000010914,2140.0
8,OTHER,-1.0,-0.415,0.12,-1.0,-0.46,0.12,40.0,1070.0,False,227,0.0,-0.04500000000000004,0.0,0.04500000000000004,-90.0,90.0,0.6666666666666666,0.06750000000000006,1763.2347969722848,1763.302296972285,-1.0,-0.4375,0.12,8.06750000000011,1605.0
8,HATCH,-1.0,-0.46,0.12,1.0,-0.46,0.12,30.0,1070.0,True,230,2.0,0.0,0.0,2.0,0.0,90.0,0.5,4.0,1763.302296972285,1767.302296972285,0.0,-0.46,0.12,0.06750000000010914,2140.0
8,OTHER,1.0,-0.46,0.12,1.0,-0.505,0.12,40.0,1070.0,False,233,0.0,-0.044999999999999984,0.0,0.044999999999999984,-90.0,90.0,0.6666666666666666,0.06749999999999998,1767.302296972285,1767.369796972285,1.0,-0.48250000000000004,0.12,8.06750000000011,1605.0
8,HATCH,1.0,-0.505,0.12,-1.0,-0.505,0.12,30.0,1070.0,True,236,-2.0,0.0,0.0,2.0,180.0,90.0,0.5,4.0,1767.369796972285,1771.369796972285,0.0,-0.505,0.12,0.06750000000010914,2140.0
8,OTHER,-1.0,-0.505,0.12,-1.0,-0.55,0.12,40.0,1070.0,False,239,0.0,-0.04500000000000004,0.0,0.04500000000000004,-90.0,90.0,0.6666666666666666,0.06750000000000006,1771.369796972285,1771.4372969722851,-1.0,-0.5275000000000001,0.12,8.06750000000011,1605.0
8,HATCH,-1.0,-0.55,0.12,1.0,-0.55,0.12,30.0,1070.0,True,242,2.0,0.0,0.0,2.0,0.0,90.0,0.5,4.0,1771.4372969722851,1775.4372969722851,0.0,-0.55,0.12,0.06750000000010914,2140.0
8,OTHER,1.0,-0.55,0.12,1.0,-0.595,0.12,40.0,1070.0,False,245,0.0,-0.04499999999999993,0.0,0.04499999999999993,-90.0,90.0,0.6666666666666666,0.0674999999999999,1775.4372969722851,1775.5047969722852,1.0,-0.5725,0.12,8.06750000000011,1605.0
8,HATCH,1.0,-0.595,0.12,-1.0,-0.595,0.12,30.0,1070.0,True,248,-2.0,0.0,0.0,2.0,180.0,90.0,0.5,4.0,1775.5047969722852,1779.5047969722852,0.0,-0.595,0.12,0.06750000000010914,2140.0
8,OTHER,-1.0,-0.595,0.12,-1.0,-0.64,0.12,40.0,1070.0,False,251,0.0,-0.04500000000000004,0.0,0.04500000000000004,-90.0,90.0,0.6666666666666666,0.06750000000000006,1779.5047969722852,1779.5722969722854,-1.0,-0.6174999999999999,0.12,8.06750000000011,1605.0
8,HATCH,-1.0,-0.64,0.12,1.0,-0.64,0.12,30.0,1070.0,True,254,2.0,0.0,0.0,2.0,0.0,90.0,0.5,4.0,1779.5722969722854,1783.5722969722854,0.0,-0.64,0.12,0.06750000000010914,2140.0
8,OTHER,1.0,-0.64,0.12,1.0,-0.685,0.12,40.0,1070.0,False,257,0.0,-0.04500000000000004,0.0,0.04500000000000004,-90.0,90.0,0.6666666666666666,0.06750000000000006,1783.5722969722854,1783.6397969722855,1.0,-0.6625000000000001,0.12,8.06750000000011,1605.0
8,HATCH,1.0,-0.685,0.12,-1.0,-0.685,0.12,30.0,1070.0,True,260,-2.0,0.0,0.0,2.0,180.0,90.0,0.5,4.0,1783.6397969722855,1787.6397969722855,0.0,-0.685,0.12,0.06750000000010914,2140.0
8,OTHER,-1.0,-0.685,0.12,-1.0,-0.73,0.12,40.0,1070.0,False,263,0.0,-0.04499999999999993,0.0,0.04499999999999993,-90.0,90.0,0.6666666666666666,0.0674999999999999,1787.6397969722855,1787.7072969722856,-1.0,-0.7075,0.12,8.06750000000011,1605.0
8,HATCH,-1.0,-0.73,0.12,1.0,-0.73,0.12,30.0,1070.0,True,266,2.0,0.0,0.0,2.0,0.0,90.0,0.5,4.0,1787.7072969722856,1791.7072969722856,0.0,-0.73,0.12,0.06750000000010914,2140.0
8,OTHER,1.0,-0.73,0.12,1.0,-0.775,0.12,40.0,1070.0,False,269,0.0,-0.04500000000000004,0.0,0.04500000000000004,-90.0,90.0,0.6666666666666666,0.06750000000000006,1791.7072969722856,1791.7747969722857,1.0,-0.7525,0.12,8.06750000000011,1605.0
8,HATCH,1.0,-0.775,0.12,-1.0,-0.775,0.12,30.0,1070.0,True,272,-2.0,0.0,0.0,2.0,180.0,90.0,0.5,4.0,1791.7747969722857,1795.7747969722857,0.0,-0.775,0.12,0.06750000000010914,2140.0
8,OTHER,-1.0,-0.775,0.12,-1.0,-0.82,0.12,40.0,1070.0,False,275,0.0,-0.04499999999999993,0.0,0.04499999999999993,-90.0,90.0,0.6666666666666666,0.0674999999999999,1795.7747969722857,1795.8422969722858,-1.0,-0.7975,0.12,8.06750000000011,1605.0
8,HATCH,-1.0,-0.82,0.12,1.0,-0.82,0.12,30.0,1070.0,True,278,2.0,0.0,0.0,2.0,0.0,90.0,0.5,4.0,1795.8422969722858,1799.8422969722858,0.0,-0.82,0.12,0.06750000000010914,2140.0
8,OTHER,1.0,-0.82,0.12,1.0,-0.865,0.12,40.0,1070.0,False,281,0.0,-0.04500000000000004,0.0,0.04500000000000004,-90.0,90.0,0.6666666666666666,0.06750000000000006,1799.8422969722858,1799.909796972286,1.0,-0.8425,0.12,8.06750000000011,1605.0
8,HATCH,1.0,-0.865,0.12,-1.0,-0.865,0.12,30.0,1070.0,True,284,-2.0,0.0,0.0,2.0,180.0,90.0,0.5,4.0,1799.909796972286,1803.909796972286,0.0,-0.865,0.12,0.06750000000010914,2140.0
8,OTHER,-1.0,-0.865,0.12,-1.0,-0.91,0.12,40.0,1070.0,False,287,0.0,-0.04500000000000004,0.0,0.04500000000000004,-90.0,90.0,0.6666666666666666,0.06750000000000006,1803.909796972286,1803.977296972286,-1.0,-0.8875,0.12,8.06750000000011,1605.0
8,HATCH,-1.0,-0.91,0.12,1.0,-0.91,0.12,30.0,1070.0,True,290,2.0,0.0,0.0,2.0,0.0,90.0,0.5,4.0,1803.977296972286,1807.977296972286,0.0,-0.91,0.12,0.06750000000010914,2140.0
8,OTHER,1.0,-0.91,0.12,1.0,-0.955,0.12,40.0,1070.0,False,293,0.0,-0.04499999999999993,0.0,0.04499999999999993,-90.0,90.0,0.6666666666666666,0.0674999999999999,1807.977296972286,1808.0447969722861,1.0,-0.9325,0.12,8.06750000000011,1605.0
8,HATCH,1.0,-0.955,0.12,-1.0,-0.955,0.12,30.0,1070.0,True,296,-2.0,0.0,0.0,2.0,180.0,90.0,0.5,4.0,1808.0447969722861,1812.0447969722861,0.0,-0.955,0.12,0.06750000000010914,2140.0
8,OTHER,-1.0,-0.955,0.12,-1.0,-0.955,0.135,40.0,1070.0,False,299,0.0,0.0,0.015000000000000013,0.015000000000000013,0.0,,0.6666666666666666,0.02250000000000002,1812.0447969722861,1812.0672969722862,-1.0,-0.955,0.1275,8.06750000000011,1605.0
9,OTHER,-1.0,-0.955,0.135,-1.0,1.0,0.135,40.0,1070.0,False,20,0.0,1.955,0.0,1.955,90.0,,0.6666666666666666,2.9325,1812.0672969722862,1814.999796972286,-1.0,0.02250000000000002,0.135,89.44000000000233,1605.0
9,CONTOUR,-1.0,1.0,0.135,-1.0,0.02118,0.135,30.0,1070.0,False,23,0.0,-0.97882,0.0,0.97882,-90.0,180.0,0.5,1.95764,1814.999796972286,1816.9574369722861,-1.0,0.51059,0.135,133.0475000000033,2140.0
9,CONTOUR,-1.0,0.02118,0.135,-1.0,-1.0,0.135,30.0,1070.0,False,24,0.0,-1.02118,0.0,1.02118,-90.0,0.0,0.5,2.04236,1816.9574369722861,1818.999796972286,-1.0,-0.48941,0.135,45.52014000000099,2140.0
9,CONTOUR,-1.0,-1.0,0.135,-0.02118,-1.0,0.135,30.0,1070.0,False,25,0.97882,0.0,0.0,0.97882,0.0,90.0,0.5,1.95764,1818.999796972286,1820.9574369722861,-0.51059,-1.0,0.135,193.03483645975075,2140.0
9,CONTOUR,-0.02118,-1.0,0.135,1.0,-1.0,0.135,30.0,1070.0,False,26,1.02118,0.0,0.0,1.02118,0.0,0.0,0.5,2.04236,1820.9574369722861,1822.999796972286,0.48941,-1.0,0.135,197.17704445975073,2140.0
9,CONTOUR,1.0,-1.0,0.135,1.0,-0.02118,0.135,30.0,1070.0,False,27,0.0,0.97882,0.0,0.97882,90.0,90.0,0.5,1.95764,1822.999796972286,1824.9574369722861,1.0,-0.51059,0.135,47.4950000000008,2140.0
9,CONTOUR,1.0,-0.02118,0.135,1.0,1.0,0.135,30.0,1070.0,False,28,0.0,1.02118,0.0,1.02118,90.0,0.0,0.5,2.04236,1824.9574369722861,1826.999796972286,1.0,0.48941,0.135,138.93764000000328,2140.0
9,CONTOUR,1.0,1.0,0.135,0.02118,1.0,0.135,30.0,1070.0,False,29,-0.97882,0.0,0.0,0.97882,180.0,90.0,0.5,1.95764,1826.999796972286,1828.9574369722861,0.51059,1.0,0.135,209.03483645975075,2140.0
9,CONTOUR,0.02118,1.0,0.135,-1.0,1.0,0.135,30.0,1070.0,False,30,-1.02118,0.0,0.0,1.02118,180.0,0.0,0.5,2.04236,1828.9574369722861,1830.999796972286,-0.48941,1.0,0.135,195.8151400000047,2140.0
9,OTHER,-1.0,1.0,0.135,-1.0,0.972828,0.135,40.0,1070.0,False,35,0.0,-0.027171999999999974,0.0,0.027171999999999974,-90.0,90.0,0.6666666666666666,0.04075799999999996,1830.999796972286,1831.0405549722861,-1.0,0.986414,0.135,189.7225000000044,1605.0
9,HATCH,-1.0,0.972828,0.135,0.972828,-1.0,0.135,30.0,1070.0,False,38,1.972828,-1.972828,0.0,2.7900001138293886,-45.0,45.0,0.5,5.580000227658777,1831.0405549722861,1836.6205551999449,-0.013585999999999987,-0.013585999999999987,0.135,96.2782580000021,2140.0
9,OTHER,0.972828,-1.0,0.135,1.0,-0.963532,0.135,40.0,1070.0,False,41,0.027171999999999974,0.036467999999999945,0.0,0.045477825453730684,53.31051487614101,98.31051487614101,0.6666666666666666,0.06821673818059604,1836.6205551999449,1836.6887719381255,0.986414,-0.981766,0.135,28.575758227658753,1605.0
9,HATCH,1.0,-0.963532,0.135,-0.963532,1.0,0.135,30.0,1070.0,False,44,-1.963532,1.963532,0.0,2.7768535845535682,135.0,81.689485123859,0.5,5.5537071691071365,1836.6887719381255,1842.2424791072326,0.018233999999999972,0.018233999999999972,0.135,0.06821673818058116,2140.0
9,OTHER,-0.963532,1.0,0.135,-0.899893,1.0,0.135,40.0,1070.0,False,47,0.063639,0.0,0.0,0.063639,0.0,135.0,0.6666666666666666,0.0954585,1842.2424791072326,1842.3379376072326,-0.9317125,1.0,0.135,11.201924134946466,1605.0
9,HATCH,-0.899893,1.0,0.135,1.0,-0.899893,0.135,30.0,1070.0,False,50,1.899893,-1.899893,0.0,2.6868544476577068,-45.0,45.0,0.5,5.3737088953154135,1842.3379376072326,1847.7116465025479,0.05005349999999997,0.05005349999999997,0.135,0.09545849999994971,2140.0
9,OTHER,1.0,-0.899893,0.135,1.0,-0.836253,0.135,40.0,1070.0,False,53,0.0,0.06364000000000003,0.0,0.06364000000000003,90.0,135.0,0.6666666666666666,0.09546000000000004,1847.7116465025479,1847.8071065025479,1.0,-0.8680730000000001,0.135,39.66684953026174,1605.0
9,HATCH,1.0,-0.836253,0.135,-0.836253,1.0,0.135,30.0,1070.0,False,56,-1.8362530000000001,1.8362530000000001,0.0,2.596853896548283,135.0,45.00000000000001,0.5,5.193707793096566,1847.8071065025479,1853.0008142956444,0.08187349999999999,0.08187349999999999,0.135,0.09546000000000276,2140.0
9,OTHER,-0.836253,1.0,0.135,-0.772614,1.0,0.135,40.0,1070.0,False,59,0.063639,0.0,0.0,0.063639,0.0,135.0,0.6666666666666666,0.0954585,1853.0008142956444,1853.0962727956444,-0.8044335,1.0,0.135,330.5505651423789,1605.0
9,HATCH,-0.772614,1.0,0.135,1.0,-0.772614,0.135,30.0,1070.0,False,62,1.772614,-1.772614,0.0,2.5068547596524215,-45.0,45.00000000000001,0.5,5.013709519304843,1853.0962727956444,1858.1099823149493,0.11369299999999999,0.11369299999999999,0.135,0.09545849999994971,2140.0
9,OTHER,1.0,-0.772614,0.135,1.0,-0.708974,0.135,40.0,1070.0,False,65,0.0,0.06364000000000003,0.0,0.06364000000000003,90.0,135.0,0.6666666666666666,0.09546000000000004,1858.1099823149493,1858.2054423149493,1.0,-0.740794,0.135,66.33518534266364,1605.0
9,HATCH,1.0,-0.708974,0.135,-0.708974,1.0,0.135,30.0,1070.0,False,68,-1.708974,1.708974,0.0,2.416854208542998,135.0,45.00000000000001,0.5,4.833708417085996,1858.2054423149493,1863.0391507320353,0.145513,0.145513,0.135,0.09546000000000276,2140.0
9,OTHER,-0.708974,1.0,0.135,-0.645334,1.0,0.135,40.0,1070.0,False,71,0.06364000000000003,0.0,0.0,0.06364000000000003,0.0,135.0,0.6666666666666666,0.09546000000000004,1863.0391507320353,1863.1346107320353,-0.677154,1.0,0.135,341.9872360203442,1605.0
9,HATCH,-0.645334,1.0,0.135,1.0,-0.645334,0.135,30.0,1070.0,False,74,1.645334,-1.645334,0.0,2.326853657433574,-45.0,45.0,0.5,4.653707314867148,1863.1346107320353,1867.7883180469025,0.17733300000000002,0.17733300000000002,0.135,0.09546000000000276,2140.0
9,OTHER,1.0,-0.645334,0.135,1.0,-0.581695,0.135,40.0,1070.0,False,77,0.0,0.063639,0.0,0.063639,90.0,135.0,0.6666666666666666,0.0954585,1867.7883180469025,1867.8837765469025,1.0,-0.6135145,0.135,84.14852107461707,1605.0
9,HATCH,1.0,-0.581695,0.135,-0.581695,1.0,0.135,30.0,1070.0,False,80,-1.5816949999999999,1.5816949999999999,0.0,2.2368545205377126,135.0,45.00000000000001,0.5,4.473709041075425,1867.8837765469025,1872.3574855879779,0.20915250000000002,0.20915250000000002,0.135,0.09545849999994971,2140.0
9,OTHER,-0.581695,1.0,0.135,-0.518055,1.0,0.135,40.0,1070.0,False,83,0.06363999999999992,0.0,0.0,0.06363999999999992,0.0,135.0,0.6666666666666666,0.09545999999999988,1872.3574855879779,1872.4529455879779,-0.549875,1.0,0.135,41.35768861569181,1605.0
9,HATCH,-0.518055,1.0,0.135,1.0,-0.518055,0.135,30.0,1070.0,False,86,1.518055,-1.518055,0.0,2.146853969428289,-45.0,45.00000000000001,0.5,4.293707938856578,1872.4529455879779,1876.7466535268345,0.24097249999999998,0.24097249999999998,0.135,0.09546000000000276,2140.0
9,OTHER,1.0,-0.518055,0.135,1.0,-0.454416,0.135,40.0,1070.0,False,89,0.0,0.06363900000000006,0.0,0.06363900000000006,90.0,135.0,0.6666666666666666,0.09545850000000008,1876.7466535268345,1876.8421120268345,1.0,-0.48623550000000004,0.135,51.789216554548375,1605.0
9,HATCH,1.0,-0.454416,0.135,-0.454416,1.0,0.135,30.0,1070.0,False,92,-1.454416,1.454416,0.0,2.0568548325324274,135.0,45.0,0.5,4.113709665064855,1876.8421120268345,1880.9558216918992,0.27279200000000003,0.27279200000000003,0.135,0.09545849999994971,2140.0
9,OTHER,-0.454416,1.0,0.135,-0.390776,1.0,0.135,40.0,1070.0,False,95,0.06363999999999997,0.0,0.0,0.06363999999999997,0.0,135.0,0.6666666666666666,0.09545999999999996,1880.9558216918992,1881.0512816918992,-0.42259599999999997,1.0,0.135,49.9560247196132,1605.0
9,HATCH,-0.390776,1.0,0.135,1.0,-0.390776,0.135,30.0,1070.0,False,98,1.390776,-1.390776,0.0,1.9668542814230037,-45.0,45.00000000000001,0.5,3.9337085628460073,1881.0512816918992,1884.9849902547453,0.304612,0.304612,0.135,0.09546000000000276,2140.0
9,OTHER,1.0,-0.390776,0.135,1.0,-0.327136,0.135,40.0,1070.0,False,101,0.0,0.06364000000000003,0.0,0.06364000000000003,90.0,135.0,0.6666666666666666,0.09546000000000004,1884.9849902547453,1885.0804502547453,1.0,-0.358956,0.135,125.75019328246049,1605.0
9,HATCH,1.0,-0.327136,0.135,-0.327136,1.0,0.135,30.0,1070.0,False,104,-1.3271359999999999,1.3271359999999999,0.0,1.8768537303135797,135.0,45.00000000000001,0.5,3.7537074606271594,1885.0804502547453,1888.8341577153724,0.336432,0.336432,0.135,0.09546000000000276,2140.0
9,OTHER,-0.327136,1.0,0.135,-0.263497,1.0,0.135,40.0,1070.0,False,107,0.063639,0.0,0.0,0.063639,0.0,135.0,0.6666666666666666,0.0954585,1888.8341577153724,1888.9296162153723,-0.2953165,1.0,0.135,376.2972516542395,1605.0
9,HATCH,-0.263497,1.0,0.135,1.0,-0.263497,0.135,30.0,1070.0,False,110,1.263497,-1.263497,0.0,1.7868545934177187,-45.0,45.00000000000001,0.5,3.5737091868354374,1888.9296162153723,1892.5033254022078,0.3682515,0.3682515,0.135,0.09545849999994971,2140.0
9,OTHER,1.0,-0.263497,0.135,1.0,-0.199857,0.135,40.0,1070.0,False,113,0.0,0.06363999999999997,0.0,0.06363999999999997,90.0,135.0,0.6666666666666666,0.09545999999999996,1892.5033254022078,1892.5987854022078,1.0,-0.231677,0.135,141.4035284299232,1605.0
9,HATCH,1.0,-0.199857,0.135,-0.199857,1.0,0.135,30.0,1070.0,False,116,-1.199857,1.199857,0.0,1.6968540423082947,135.0,45.00000000000001,0.5,3.3937080846165895,1892.5987854022078,1895.9924934868243,0.4000715,0.4000715,0.135,0.09546000000000276,2140.0
9,OTHER,-0.199857,1.0,0.135,-0.136218,1.0,0.135,40.0,1070.0,False,119,0.063639,0.0,0.0,0.063639,0.0,135.0,0.6666666666666666,0.0954585,1895.9924934868243,1896.0879519868242,-0.1680375,1.0,0.135,387.7339225322046,1605.0
9,HATCH,-0.136218,1.0,0.135,1.0,-0.136218,0.135,30.0,1070.0,False,122,1.136218,-1.136218,0.0,1.6068549054124333,-45.0,45.00000000000001,0.5,3.2137098108248665,1896.0879519868242,1899.301661797649,0.431891,0.431891,0.135,0.09545849999994971,2140.0
9,OTHER,1.0,-0.136218,0.135,1.0,-0.072578,0.135,40.0,1070.0,False,125,0.0,0.06364,0.0,0.06364,90.0,135.0,0.6666666666666666,0.09546,1899.301661797649,1899.397121797649,1.0,-0.104398,0.135,164.47186482536495,1605.0
9,HATCH,1.0,-0.072578,0.135,-0.072578,1.0,0.135,30.0,1070.0,False,128,-1.072578,1.072578,0.0,1.5168543543030095,135.0,45.0,0.5,3.033708708606019,1899.397121797649,1902.4308305062552,0.463711,0.463711,0.135,0.09546000000000276,2140.0
9,OTHER,-0.072578,1.0,0.135,-0.008938,1.0,0.135,40.0,1070.0,False,131,0.06364,0.0,0.0,0.06364,0.0,135.0,0.6666666666666666,0.09546,1902.4308305062552,1902.5262905062552,-0.040758,1.0,0.135,261.2210335339737,1605.0
9,HATCH,-0.008938,1.0,0.135,1.0,-0.008938,0.135,30.0,1070.0,False,134,1.008938,-1.008938,0.0,1.4268538031935856,-45.0,45.0,0.5,2.853707606387171,1902.5262905062552,1905.3799981126424,0.495531,0.495531,0.135,0.09546000000000276,2140.0
9,OTHER,1.0,-0.008938,0.135,1.0,0.054701,0.135,40.0,1070.0,False,137,0.0,0.063639,0.0,0.063639,90.0,135.0,0.6666666666666666,0.0954585,1905.3799981126424,1905.4754566126423,1.0,0.0228815,0.135,178.68520114035846,1605.0
9,HATCH,1.0,0.054701,0.135,0.054701,1.0,0.135,30.0,1070.0,False,140,-0.945299,0.945299,0.0,1.3368546662977243,135.0,45.0,0.5,2.6737093325954486,1905.4754566126423,1908.1491659452379,0.5273505,0.5273505,0.135,0.09545849999994971,2140.0
9,OTHER,0.054701,1.0,0.135,0.118341,1.0,0.135,40.0,1070.0,False,143,0.06364,0.0,0.0,0.06364,0.0,135.0,0.6666666666666666,0.09546,1908.1491659452379,1908.2446259452379,0.086521,1.0,0.135,271.00686897295645,1605.0
9,HATCH,0.118341,1.0,0.135,1.0,0.118341,0.135,30.0,1070.0,False,146,0.881659,-0.881659,0.0,1.2468541151883006,-45.0,45.00000000000001,0.5,2.493708230376601,1908.2446259452379,1910.7383341756145,0.5591705,0.5591705,0.135,0.09546000000000276,2140.0
9,OTHER,1.0,0.118341,0.135,1.0,0.181981,0.135,40.0,1070.0,False,149,0.0,0.06364,0.0,0.06364,90.0,135.0,0.6666666666666666,0.09546,1910.7383341756145,1910.8337941756145,1.0,0.150161,0.135,192.17853720333073,1605.0
9,HATCH,1.0,0.181981,0.135,0.181981,1.0,0.135,30.0,1070.0,False,152,-0.818019,0.818019,0.0,1.1568535640788769,135.0,45.00000000000001,0.5,2.3137071281577537,1910.8337941756145,1913.1475013037723,0.5909905,0.5909905,0.135,0.09546000000000276,2140.0
9,OTHER,0.181981,1.0,0.135,0.24562,1.0,0.135,40.0,1070.0,False,155,0.063639,0.0,0.0,0.063639,0.0,135.0,0.6666666666666666,0.0954585,1913.1475013037723,1913.2429598037722,0.2138005,1.0,0.135,422.0439381661006,1605.0
9,HATCH,0.24562,1.0,0.135,1.0,0.24562,0.135,30.0,1070.0,False,158,0.75438,-0.75438,0.0,1.0668544271830156,-45.0,45.0,0.5,2.133708854366031,1913.2429598037722,1915.3766686581382,0.62281,0.62281,0.135,0.09545849999994971,2140.0
9,OTHER,1.0,0.24562,0.135,1.0,0.30926,0.135,40.0,1070.0,False,161,0.0,0.06363999999999997,0.0,0.06363999999999997,90.0,135.0,0.6666666666666666,0.09545999999999996,1915.3766686581382,1915.4721286581382,1.0,0.27744,0.135,213.08687168585493,1605.0
9,HATCH,1.0,0.30926,0.135,0.30926,1.0,0.135,30.0,1070.0,False,164,-0.69074,0.69074,0.0,0.9768538760735918,135.0,45.00000000000001,0.5,1.9537077521471835,1915.4721286581382,1917.4258364102855,0.65463,0.65463,0.135,0.09546000000000276,2140.0
9,OTHER,0.30926,1.0,0.135,0.372899,1.0,0.135,40.0,1070.0,False,167,0.063639,0.0,0.0,0.063639,0.0,135.0,0.6666666666666666,0.0954585,1917.4258364102855,1917.5212949102854,0.3410795,1.0,0.135,433.48060904406566,1605.0
9,HATCH,0.372899,1.0,0.135,1.0,0.372899,0.135,30.0,1070.0,False,170,0.627101,-0.627101,0.0,0.8868547391777303,-45.0,45.0,0.5,1.7737094783554606,1917.5212949102854,1919.2950043886408,0.6864494999999999,0.6864494999999999,0.135,0.09545849999994971,2140.0
9,OTHER,1.0,0.372899,0.135,1.0,0.436539,0.135,40.0,1070.0,False,173,0.0,0.06364000000000003,0.0,0.06364000000000003,90.0,135.0,0.6666666666666666,0.09546000000000004,1919.2950043886408,1919.3904643886408,1.0,0.404719,0.135,92.29520741635474,1605.0
9,HATCH,1.0,0.436539,0.135,0.436539,1.0,0.135,30.0,1070.0,False,176,-0.563461,0.563461,0.0,0.7968541880683064,135.0,44.999999999999986,0.5,1.5937083761366129,1919.3904643886408,1920.9841727647774,0.7182695,0.7182695,0.135,0.09546000000000276,2140.0
9,OTHER,0.436539,1.0,0.135,0.500179,1.0,0.135,40.0,1070.0,False,179,0.06364000000000003,0.0,0.0,0.06364000000000003,0.0,135.00000000000003,0.6666666666666666,0.09546000000000004,1920.9841727647774,1921.0796327647774,0.468359,1.0,0.135,92.02673579249131,1605.0
9,HATCH,0.500179,1.0,0.135,1.0,0.500179,0.135,30.0,1070.0,False,182,0.49982099999999996,-0.49982099999999996,0.0,0.7068536369588827,-45.0,45.00000000000001,0.5,1.4137072739177654,1921.0796327647774,1922.4933400386951,0.7500895000000001,0.7500895000000001,0.135,0.09546000000000276,2140.0
9,OTHER,1.0,0.500179,0.135,1.0,0.563818,0.135,40.0,1070.0,False,185,0.0,0.063639,0.0,0.063639,90.0,135.0,0.6666666666666666,0.0954585,1922.4933400386951,1922.588798538695,1.0,0.5319985,0.135,95.49354306640907,1605.0
9,HATCH,1.0,0.563818,0.135,0.563818,1.0,0.135,30.0,1070.0,False,188,-0.43618199999999996,0.43618199999999996,0.0,0.6168545000630212,135.0,45.0,0.5,1.2337090001260425,1922.588798538695,1923.8225075388211,0.781909,0.781909,0.135,0.09545849999994971,2140.0
9,OTHER,0.563818,1.0,0.135,0.627458,1.0,0.135,40.0,1070.0,False,191,0.06363999999999992,0.0,0.0,0.06363999999999992,0.0,135.00000000000003,0.6666666666666666,0.09545999999999988,1923.8225075388211,1923.9179675388211,0.595638,1.0,0.135,94.865070566535,1605.0
9,HATCH,0.627458,1.0,0.135,1.0,0.627458,0.135,30.0,1070.0,False,194,0.37254200000000004,-0.37254200000000004,0.0,0.5268539489535976,-45.0,45.0,0.5,1.0537078979071952,1923.9179675388211,1924.9716754367282,0.8137289999999999,0.8137289999999999,0.135,0.09546000000000276,2140.0
9,OTHER,1.0,0.627458,0.135,1.0,0.691097,0.135,40.0,1070.0,False,197,0.0,0.063639,0.0,0.063639,90.0,135.0,0.6666666666666666,0.0954585,1924.9716754367282,1925.0671339367282,1.0,0.6592775,0.135,255.2218784644458,1605.0
9,HATCH,1.0,0.691097,0.135,0.691097,1.0,0.135,30.0,1070.0,False,200,-0.30890300000000004,0.30890300000000004,0.0,0.43685481205773624,135.0,45.0,0.5,0.8737096241154725,1925.0671339367282,1925.9408435608436,0.8455485,0.8455485,0.135,0.09545849999994971,2140.0
9,OTHER,0.691097,1.0,0.135,0.754737,1.0,0.135,40.0,1070.0,False,203,0.06364000000000003,0.0,0.0,0.06364000000000003,0.0,135.0,0.6666666666666666,0.09546000000000004,1925.9408435608436,1926.0363035608436,0.722917,1.0,0.135,467.79062167796087,1605.0
9,HATCH,0.754737,1.0,0.135,1.0,0.754737,0.135,30.0,1070.0,False,206,0.245263,-0.245263,0.0,0.3468542609483124,-45.0,45.0,0.5,0.6937085218966248,1926.0363035608436,1926.7300120827404,0.8773685,0.8773685,0.135,0.09546000000000276,2140.0
9,OTHER,1.0,0.754737,0.135,1.0,0.818377,0.135,40.0,1070.0,False,209,0.0,0.06364000000000003,0.0,0.06364000000000003,90.0,135.0,0.6666666666666666,0.09546000000000004,1926.7300120827404,1926.8254720827404,1.0,0.786557,0.135,265.11521511045817,1605.0
9,HATCH,1.0,0.818377,0.135,0.818377,1.0,0.135,30.0,1070.0,False,212,-0.18162299999999998,0.18162299999999998,0.0,0.2568537098388886,135.0,45.0,0.5,0.5137074196777772,1926.8254720827404,1927.3391795024181,0.9091885,0.9091885,0.135,0.09546000000000276,2140.0
9,OTHER,0.818377,1.0,0.135,0.882016,1.0,0.135,40.0,1070.0,False,215,0.063639,0.0,0.0,0.063639,0.0,135.0,0.6666666666666666,0.0954585,1927.3391795024181,1927.434638002418,0.8501965,1.0,0.135,479.2272955559263,1605.0
9,HATCH,0.882016,1.0,0.135,1.0,0.882016,0.135,30.0,1070.0,False,218,0.11798399999999998,-0.11798399999999998,0.0,0.16685457294302722,-45.0,45.00000000000001,0.5,0.33370914588605444,1927.434638002418,1927.7683471483042,0.9410080000000001,0.9410080000000001,0.135,0.09545849999994971,2140.0
9,OTHER,1.0,0.882016,0.135,1.0,0.945656,0.135,40.0,1070.0,False,221,0.0,0.06364000000000003,0.0,0.06364000000000003,90.0,135.0,0.6666666666666666,0.09546000000000004,1927.7683471483042,1927.8638071483042,1.0,0.9138360000000001,0.135,0.0,1605.0
9,HATCH,1.0,0.945656,0.135,0.945656,1.0,0.135,30.0,1070.0,False,224,-0.05434399999999995,0.05434399999999995,0.0,0.0768540218336034,135.0,45.0,0.5,0.1537080436672068,1927.8638071483042,1928.0175151919714,0.972828,0.972828,0.135,0.0,2140.0
9,OTHER,0.945656,1.0,0.135,-1.0,0.909188,0.135,40.0,1070.0,False,227,-1.945656,-0.090812,0.0,1.9477741372346025,-177.32770287351252,47.67229712648749,0.6666666666666666,2.921661205851904,1928.0175151919714,1930.9391763978233,-0.027171999999999974,0.9545939999999999,0.135,25.491224685716134,1605.0
9,HATCH,-1.0,0.909188,0.135,0.909188,-1.0,0.135,30.0,1070.0,False,230,1.9091879999999999,-1.9091879999999999,0.0,2.6999995627199644,-45.0,132.32770287351252,0.5,5.399999125439929,1930.9391763978233,1936.3391755232633,-0.045406,-0.045406,0.135,88.69669729059069,2140.0
9,OTHER,0.909188,-1.0,0.135,0.845549,-1.0,0.135,40.0,1070.0,False,233,-0.063639,0.0,0.0,0.063639,180.0,135.0,0.6666666666666666,0.0954585,1936.3391755232633,1936.4346340232632,0.8773685,-1.0,0.135,323.9160682165659,1605.0
9,HATCH,0.845549,-1.0,0.135,-1.0,0.845549,0.135,30.0,1070.0,False,236,-1.845549,1.845549,0.0,2.6100004258241034,135.0,45.0,0.5,5.220000851648207,1936.4346340232632,1941.6546348749114,-0.0772255,-0.0772255,0.135,0.09545849999994971,2140.0
9,OTHER,-1.0,0.845549,0.135,-1.0,0.781909,0.135,40.0,1070.0,False,239,0.0,-0.06364000000000003,0.0,0.06364000000000003,-90.0,135.0,0.6666666666666666,0.09546000000000004,1941.6546348749114,1941.7500948749114,-1.0,0.8137289999999999,0.135,284.1073379026293,1605.0
9,HATCH,-1.0,0.781909,0.135,0.781909,-1.0,0.135,30.0,1070.0,False,242,1.781909,-1.781909,0.0,2.5199998747146792,-45.0,45.0,0.5,5.0399997494293585,1941.7500948749114,1946.7900946243408,-0.10904550000000002,-0.10904550000000002,0.135,0.09546000000000276,2140.0
9,OTHER,0.781909,-1.0,0.135,0.718269,-1.0,0.135,40.0,1070.0,False,245,-0.06363999999999992,0.0,0.0,0.06363999999999992,180.0,135.0,0.6666666666666666,0.09545999999999988,1946.7900946243408,1946.8855546243408,0.750089,-1.0,0.135,335.637906774102,1605.0
9,HATCH,0.718269,-1.0,0.135,-1.0,0.718269,0.135,30.0,1070.0,False,248,-1.718269,1.718269,0.0,2.429999323605256,135.0,45.00000000000001,0.5,4.859998647210512,1946.8855546243408,1951.7455532715512,-0.14086549999999998,-0.14086549999999998,0.135,0.09546000000000276,2140.0
9,OTHER,-1.0,0.718269,0.135,-1.0,0.65463,0.135,40.0,1070.0,False,251,0.0,-0.063639,0.0,0.063639,-90.0,135.0,0.6666666666666666,0.0954585,1951.7455532715512,1951.8410117715512,-1.0,0.6864495,0.135,286.0632562992689,1605.0
9,HATCH,-1.0,0.65463,0.135,0.65463,-1.0,0.135,30.0,1070.0,False,254,1.65463,-1.65463,0.0,2.3400001867093945,-45.0,45.0,0.5,4.680000373418789,1951.8410117715512,1956.52101214497,-0.17268499999999998,-0.17268499999999998,0.135,0.09545849999994971,2140.0
9,OTHER,0.65463,-1.0,0.135,0.59099,-1.0,0.135,40.0,1070.0,False,257,-0.06364000000000003,0.0,0.0,0.06364000000000003,180.0,135.0,0.6666666666666666,0.09546000000000004,1956.52101214497,1956.61647214497,0.6228100000000001,-1.0,0.135,332.7406196324346,1605.0
9,HATCH,0.59099,-1.0,0.135,-1.0,0.59099,0.135,30.0,1070.0,False,260,-1.5909900000000001,1.5909900000000001,0.0,2.2499996355999707,135.0,45.0,0.5,4.4999992711999415,1956.61647214497,1961.1164714161698,-0.204505,-0.204505,0.135,0.09546000000000276,2140.0
9,OTHER,-1.0,0.59099,0.135,-1.0,0.527351,0.135,40.0,1070.0,False,263,0.0,-0.063639,0.0,0.063639,-90.0,135.0,0.6666666666666666,0.0954585,1961.1164714161698,1961.2119299161698,-1.0,0.5591705,0.135,144.15903444388368,1605.0
9,HATCH,-1.0,0.527351,0.135,0.527351,-1.0,0.135,30.0,1070.0,False,266,1.527351,-1.527351,0.0,2.160000498704109,-45.0,45.00000000000001,0.5,4.320000997408218,1961.2119299161698,1965.531930913578,-0.2363245,-0.2363245,0.135,0.09545849999994971,2140.0
9,OTHER,0.527351,-1.0,0.135,0.463711,-1.0,0.135,40.0,1070.0,False,269,-0.06364000000000003,0.0,0.0,0.06364000000000003,180.0,135.0,0.6666666666666666,0.09546000000000004,1965.531930913578,1965.627390913578,0.495531,-1.0,0.135,142.53213394129193,1605.0
9,HATCH,0.463711,-1.0,0.135,-1.0,0.463711,0.135,30.0,1070.0,False,272,-1.463711,1.463711,0.0,2.069999947594685,135.0,45.0,0.5,4.13999989518937,1965.627390913578,1969.7673908087675,-0.2681445,-0.2681445,0.135,0.09546000000000276,2140.0
9,OTHER,-1.0,0.463711,0.135,-1.0,0.400071,0.135,40.0,1070.0,False,275,0.0,-0.06363999999999997,0.0,0.06363999999999997,-90.0,135.0,0.6666666666666666,0.09545999999999996,1969.7673908087675,1969.8628508087675,-1.0,0.431891,0.135,152.80995383648133,1605.0
9,HATCH,-1.0,0.400071,0.135,0.400071,-1.0,0.135,30.0,1070.0,False,278,1.400071,-1.400071,0.0,1.9799993964852616,-45.0,45.0,0.5,3.959998792970523,1969.8628508087675,1973.822849601738,-0.29996449999999997,-0.29996449999999997,0.135,0.09546000000000276,2140.0
9,OTHER,0.400071,-1.0,0.135,0.336432,-1.0,0.135,40.0,1070.0,False,281,-0.063639,0.0,0.0,0.063639,180.0,135.0,0.6666666666666666,0.0954585,1973.822849601738,1973.918308101738,0.3682515,-1.0,0.135,370.26341498320016,1605.0
9,HATCH,0.336432,-1.0,0.135,-1.0,0.336432,0.135,30.0,1070.0,False,284,-1.336432,1.336432,0.0,1.8900002595894003,135.0,45.00000000000001,0.5,3.7800005191788006,1973.918308101738,1977.6983086209168,-0.33178399999999997,-0.33178399999999997,0.135,0.09545849999994971,2140.0
9,OTHER,-1.0,0.336432,0.135,-1.0,0.272792,0.135,40.0,1070.0,False,287,0.0,-0.06364000000000003,0.0,0.06364000000000003,-90.0,135.0,0.6666666666666666,0.09546000000000004,1977.6983086209168,1977.7937686209168,-1.0,0.304612,0.135,279.47601164863363,1605.0
9,HATCH,-1.0,0.272792,0.135,0.272792,-1.0,0.135,30.0,1070.0,False,290,1.272792,-1.272792,0.0,1.7999997084799764,-45.0,45.00000000000001,0.5,3.5999994169599527,1977.7937686209168,1981.3937680378767,-0.36360400000000004,-0.36360400000000004,0.135,0.09546000000000276,2140.0
9,OTHER,0.272792,-1.0,0.135,0.209153,-1.0,0.135,40.0,1070.0,False,293,-0.06363899999999997,0.0,0.0,0.06363899999999997,180.0,135.0,0.6666666666666666,0.09545849999999996,1981.3937680378767,1981.4892265378767,0.24097249999999998,-1.0,0.135,381.8052539385178,1605.0
9,HATCH,0.209153,-1.0,0.135,-1.0,0.209153,0.135,30.0,1070.0,False,296,-1.209153,1.209153,0.0,1.710000571584115,135.0,45.0,0.5,3.42000114316823,1981.4892265378767,1984.909227681045,-0.3954235,-0.3954235,0.135,0.09545849999994971,2140.0
9,OTHER,-1.0,0.209153,0.135,-1.0,0.145513,0.135,40.0,1070.0,False,299,0.0,-0.06364,0.0,0.06364,-90.0,135.0,0.6666666666666666,0.09546,1984.909227681045,1985.004687681045,-1.0,0.17733300000000002,0.135,270.41693070876136,1605.0
9,HATCH,-1.0,0.145513,0.135,0.145513,-1.0,0.135,30.0,1070.0,False,302,1.145513,-1.145513,0.0,1.6200000204746912,-45.0,45.0,0.5,3.2400000409493823,1985.004687681045,1988.2446877219943,-0.4272435,-0.4272435,0.135,0.09546000000000276,2140.0
9,OTHER,0.145513,-1.0,0.135,0.081873,-1.0,0.135,40.0,1070.0,False,305,-0.06364,0.0,0.0,0.06364,180.0,135.0,0.6666666666666666,0.09546,1988.2446877219943,1988.3401477219943,0.113693,-1.0,0.135,393.34709139383517,1605.0
9,HATCH,0.081873,-1.0,0.135,-1.0,0.081873,0.135,30.0,1070.0,False,308,-1.081873,1.081873,0.0,1.5299994693652677,135.0,45.0,0.5,3.0599989387305353,1988.3401477219943,1991.4001466607249,-0.4590635,-0.4590635,0.135,0.09546000000000276,2140.0
9,OTHER,-1.0,0.081873,0.135,-1.0,0.018234,0.135,40.0,1070.0,False,311,0.0,-0.063639,0.0,0.063639,-90.0,135.0,0.6666666666666666,0.0954585,1991.4001466607249,1991.4956051607248,-1.0,0.0500535,0.135,176.40034968843884,1605.0
9,HATCH,-1.0,0.018234,0.135,0.018234,-1.0,0.135,30.0,1070.0,False,314,1.018234,-1.018234,0.0,1.4400003324694062,-45.0,45.00000000000001,0.5,2.8800006649388123,1991.4956051607248,1994.3756058256636,-0.490883,-0.490883,0.135,0.09545849999994971,2140.0
9,OTHER,0.018234,-1.0,0.135,-0.045406,-1.0,0.135,40.0,1070.0,False,317,-0.06364,0.0,0.0,0.06364,180.0,135.0,0.6666666666666666,0.09546,1994.3756058256636,1994.4710658256636,-0.013586,-1.0,0.135,182.33080885337745,1605.0
9,HATCH,-0.045406,-1.0,0.135,-1.0,-0.045406,0.135,30.0,1070.0,False,320,-0.9545939999999999,0.9545939999999999,0.0,1.3499997813599822,135.0,45.0,0.5,2.6999995627199644,1994.4710658256636,1997.1710653883836,-0.522703,-0.522703,0.135,0.09546000000000276,2140.0
9,OTHER,-1.0,-0.045406,0.135,-1.0,-0.109045,0.135,40.0,1070.0,False,323,0.0,-0.063639,0.0,0.063639,-90.0,135.0,0.6666666666666666,0.0954585,1997.1710653883836,1997.2665238883835,-1.0,-0.0772255,0.135,182.17126841609752,1605.0
9,HATCH,-1.0,-0.109045,0.135,-0.109045,-1.0,0.135,30.0,1070.0,False,326,0.8909549999999999,-0.8909549999999999,0.0,1.2600006444641207,-45.0,45.0,0.5,2.5200012889282415,1997.2665238883835,1999.7865251773117,-0.5545225,-0.5545225,0.135,0.09545849999994971,2140.0
9,OTHER,-0.109045,-1.0,0.135,-0.172685,-1.0,0.135,40.0,1070.0,False,329,-0.06364,0.0,0.0,0.06364,180.0,135.0,0.6666666666666666,0.09546,1999.7865251773117,1999.8819851773117,-0.14086500000000002,-1.0,0.135,416.4307663044699,1605.0
9,HATCH,-0.172685,-1.0,0.135,-1.0,-0.172685,0.135,30.0,1070.0,False,332,-0.827315,0.827315,0.0,1.1700000933546972,135.0,45.0,0.5,2.3400001867093945,1999.8819851773117,2002.221985364021,-0.5863425,-0.5863425,0.135,0.09546000000000276,2140.0
9,OTHER,-1.0,-0.172685,0.135,-1.0,-0.236325,0.135,40.0,1070.0,False,335,0.0,-0.06364,0.0,0.06364,-90.0,135.0,0.6666666666666666,0.09546,2002.221985364021,2002.317445364021,-1.0,-0.204505,0.135,255.18968839173658,1605.0
9,HATCH,-1.0,-0.236325,0.135,-0.236325,-1.0,0.135,30.0,1070.0,False,338,0.763675,-0.763675,0.0,1.0799995422452733,-45.0,44.999999999999986,0.5,2.1599990844905466,2002.317445364021,2004.4774444485115,-0.6181625,-0.6181625,0.135,0.09546000000000276,2140.0
9,OTHER,-0.236325,-1.0,0.135,-0.299964,-1.0,0.135,40.0,1070.0,False,341,-0.063639,0.0,0.0,0.063639,180.0,135.0,0.6666666666666666,0.0954585,2004.4774444485115,2004.5729029485115,-0.2681445,-1.0,0.135,427.97260675978737,1605.0
9,HATCH,-0.299964,-1.0,0.135,-1.0,-0.299964,0.135,30.0,1070.0,False,344,-0.700036,0.700036,0.0,0.9900004053494119,135.0,45.0,0.5,1.9800008106988238,2004.5729029485115,2006.5529037592103,-0.6499820000000001,-0.6499820000000001,0.135,0.09545849999994971,2140.0
9,OTHER,-1.0,-0.299964,0.135,-1.0,-0.363604,0.135,40.0,1070.0,False,347,0.0,-0.06363999999999997,0.0,0.06363999999999997,-90.0,135.0,0.6666666666666666,0.09545999999999996,2006.5529037592103,2006.6483637592103,-1.0,-0.33178399999999997,0.135,251.38560678692556,1605.0
9,HATCH,-1.0,-0.363604,0.135,-0.363604,-1.0,0.135,30.0,1070.0,False,350,0.636396,-0.636396,0.0,0.8999998542399882,-45.0,45.00000000000001,0.5,1.7999997084799764,2006.6483637592103,2008.4483634676903,-0.681802,-0.681802,0.135,0.09546000000000276,2140.0
9,OTHER,-0.363604,-1.0,0.135,-0.427244,-1.0,0.135,40.0,1070.0,False,353,-0.06364000000000003,0.0,0.0,0.06364000000000003,180.0,135.0,0.6666666666666666,0.09546000000000004,2008.4483634676903,2008.5438234676903,-0.395424,-1.0,0.135,382.48340295515504,1605.0
9,HATCH,-0.427244,-1.0,0.135,-1.0,-0.427244,0.135,30.0,1070.0,False,356,-0.572756,0.572756,0.0,0.8099993031305645,135.0,45.0,0.5,1.619998606261129,2008.5438234676903,2010.1638220739515,-0.713622,-0.713622,0.135,0.09546000000000276,2140.0
9,OTHER,-1.0,-0.427244,0.135,-1.0,-0.490883,0.135,40.0,1070.0,False,359,0.0,-0.063639,0.0,0.063639,-90.0,135.0,0.6666666666666666,0.0954585,2010.1638220739515,2010.2592805739514,-1.0,-0.4590635,0.135,191.1640251016654,1605.0
9,HATCH,-1.0,-0.490883,0.135,-0.490883,-1.0,0.135,30.0,1070.0,False,362,0.509117,-0.509117,0.0,0.7200001662347031,-45.0,45.00000000000001,0.5,1.4400003324694062,2010.2592805739514,2011.6992809064209,-0.7454415,-0.7454415,0.135,0.09545849999994971,2140.0
9,OTHER,-0.490883,-1.0,0.135,-0.554523,-1.0,0.135,40.0,1070.0,False,365,-0.06363999999999997,0.0,0.0,0.06363999999999997,180.0,135.0,0.6666666666666666,0.09545999999999996,2011.6992809064209,2011.7947409064209,-0.522703,-1.0,0.135,190.74184393413475,1605.0
9,HATCH,-0.554523,-1.0,0.135,-1.0,-0.554523,0.135,30.0,1070.0,False,368,-0.445477,0.445477,0.0,0.6299996151252792,135.0,45.0,0.5,1.2599992302505585,2011.7947409064209,2013.0547401366714,-0.7772615,-0.7772615,0.135,0.09546000000000276,2140.0
9,OTHER,-1.0,-0.554523,0.135,-1.0,-0.618162,0.135,40.0,1070.0,False,371,0.0,-0.063639,0.0,0.063639,-90.0,135.0,0.6666666666666666,0.0954585,2013.0547401366714,2013.1501986366713,-1.0,-0.5863425,0.135,194.05494316438535,1605.0
9,HATCH,-1.0,-0.618162,0.135,-0.618162,-1.0,0.135,30.0,1070.0,False,374,0.381838,-0.381838,0.0,0.5400004782294179,-45.0,45.00000000000001,0.5,1.0800009564588358,2013.1501986366713,2014.2301995931302,-0.8090809999999999,-0.8090809999999999,0.135,0.09545849999994971,2140.0
9,OTHER,-0.618162,-1.0,0.135,-0.681802,-1.0,0.135,40.0,1070.0,False,377,-0.06364000000000003,0.0,0.0,0.06364000000000003,180.0,135.0,0.6666666666666666,0.09546000000000004,2014.2301995931302,2014.3256595931302,-0.6499820000000001,-1.0,0.135,462.5981162973128,1605.0
9,HATCH,-0.681802,-1.0,0.135,-1.0,-0.681802,0.135,30.0,1070.0,False,380,-0.318198,0.318198,0.0,0.4499999271199941,135.0,45.00000000000001,0.5,0.8999998542399882,2014.3256595931302,2015.2256594473702,-0.840901,-0.840901,0.135,0.09546000000000276,2140.0
9,OTHER,-1.0,-0.681802,0.135,-1.0,-0.745442,0.135,40.0,1070.0,False,383,0.0,-0.06364000000000003,0.0,0.06364000000000003,-90.0,135.0,0.6666666666666666,0.09546000000000004,2015.2256594473702,2015.3211194473702,-1.0,-0.713622,0.135,219.38336247508437,1605.0
9,HATCH,-1.0,-0.745442,0.135,-0.745442,-1.0,0.135,30.0,1070.0,False,386,0.25455799999999995,-0.25455799999999995,0.0,0.35999937601057025,-45.0,45.0,0.5,0.7199987520211405,2015.3211194473702,2016.0411181993913,-0.8727210000000001,-0.8727210000000001,0.135,0.09546000000000276,2140.0
9,OTHER,-0.745442,-1.0,0.135,-0.809081,-1.0,0.135,40.0,1070.0,False,389,-0.063639,0.0,0.0,0.063639,180.0,135.0,0.6666666666666666,0.0954585,2016.0411181993913,2016.1365766993913,-0.7772615,-1.0,0.135,474.1399524242031,1605.0
9,HATCH,-0.809081,-1.0,0.135,-1.0,-0.809081,0.135,30.0,1070.0,False,392,-0.19091899999999995,0.19091899999999995,0.0,0.2700002391147089,135.0,45.00000000000001,0.5,0.5400004782294178,2016.1365766993913,2016.6765771776206,-0.9045405,-0.9045405,0.135,0.09545849999994971,2140.0
9,OTHER,-1.0,-0.809081,0.135,-1.0,-0.872721,0.135,40.0,1070.0,False,395,0.0,-0.06363999999999992,0.0,0.06363999999999992,-90.0,135.0,0.6666666666666666,0.09545999999999988,2016.6765771776206,2016.7720371776206,-1.0,-0.840901,0.135,212.69928020533462,1605.0
9,HATCH,-1.0,-0.872721,0.135,-0.872721,-1.0,0.135,30.0,1070.0,False,398,0.12727900000000003,-0.12727900000000003,0.0,0.1799996880052852,-45.0,45.00000000000001,0.5,0.3599993760105704,2016.7720371776206,2017.1320365536312,-0.9363604999999999,-0.9363604999999999,0.135,0.09546000000000276,2140.0
9,OTHER,-0.872721,-1.0,0.135,-0.93636,-1.0,0.135,40.0,1070.0,False,401,-0.063639,0.0,0.0,0.063639,180.0,135.0,0.6666666666666666,0.0954585,2017.1320365536312,2017.2274950536312,-0.9045405,-1.0,0.135,0.0,1605.0
9,HATCH,-0.93636,-1.0,0.135,-1.0,-0.93636,0.135,30.0,1070.0,False,404,-0.06364000000000003,0.06364000000000003,0.0,0.09000055110942382,135.0,45.0,0.5,0.18000110221884763,2017.2274950536312,2017.40749615585,-0.96818,-0.96818,0.135,0.0,2140.0
9,OTHER,-1.0,-0.93636,0.135,-1.0,-0.93636,0.15,40.0,1070.0,False,407,0.0,0.0,0.014999999999999986,0.014999999999999986,0.0,,0.6666666666666666,0.02249999999999998,2017.40749615585,2017.42999615585,-1.0,-0.93636,0.14250000000000002,0.0,1605.0
10,OTHER,-1.0,-0.93636,0.15,0.134644,1.0,0.15,40.0,1070.0,False,20,1.134644,1.93636,0.0,2.2443054730441667,59.63108408751561,,0.6666666666666666,3.3664582095662503,2017.42999615585,2020.7964543654161,-0.432678,0.031820000000000015,0.15,656.4010688155711,1605.0
10,CONTOUR,0.134644,1.0,0.15,1.0,1.0,0.15,30.0,1070.0,False,23,0.865356,0.0,0.0,0.865356,0.0,59.63108408751561,0.5,1.730712,2020.7964543654161,2022.5271663654162,0.567322,1.0,0.15,96.87848682659501,2140.0
10,CONTOUR,1.0,1.0,0.15,1.0,-0.134644,0.15,30.0,1070.0,False,24,0.0,-1.134644,0.0,1.134644,-90.0,90.0,0.5,2.269288,2022.5271663654162,2024.7964543654161,1.0,0.432678,0.15,99.9383678267211,2140.0
10,CONTOUR,1.0,-0.134644,0.15,1.0,-1.0,0.15,30.0,1070.0,False,25,0.0,-0.865356,0.0,0.865356,-90.0,0.0,0.5,1.730712,2024.7964543654161,2026.5271663654162,1.0,-0.567322,0.15,147.95434233858168,2140.0
10,CONTOUR,1.0,-1.0,0.15,-0.134644,-1.0,0.15,30.0,1070.0,False,26,-1.134644,0.0,0.0,1.134644,180.0,90.0,0.5,2.269288,2026.5271663654162,2028.7964543654161,0.432678,-1.0,0.15,52.60885826367826,2140.0
10,CONTOUR,-0.134644,-1.0,0.15,-1.0,-1.0,0.15,30.0,1070.0,False,27,-0.865356,0.0,0.0,0.865356,180.0,0.0,0.5,1.730712,2028.7964543654161,2030.5271663654162,-0.567322,-1.0,0.15,14.470794772285899,2140.0
10,CONTOUR,-1.0,-1.0,0.15,-1.0,0.134644,0.15,30.0,1070.0,False,28,0.0,1.134644,0.0,1.134644,90.0,90.0,0.5,2.269288,2030.5271663654162,2032.7964543654161,-1.0,-0.432678,0.15,20.267885791464778,2140.0
10,CONTOUR,-1.0,0.134644,0.15,-1.0,1.0,0.15,30.0,1070.0,False,29,0.0,0.865356,0.0,0.865356,90.0,0.0,0.5,1.730712,2032.7964543654161,2034.5271663654162,-1.0,0.567322,0.15,71.58452444924637,2140.0
10,CONTOUR,-1.0,1.0,0.15,0.134644,1.0,0.15,30.0,1070.0,False,30,1.134644,0.0,0.0,1.134644,0.0,90.0,0.5,2.269288,2034.5271663654162,2036.7964543654161,-0.432678,1.0,0.15,153.47588467351693,2140.0
10,OTHER,0.134644,1.0,0.15,0.125,1.0,0.15,40.0,1070.0,False,35,-0.009644000000000014,0.0,0.0,0.009644000000000014,180.0,180.0,0.6666666666666666,0.01446600000000002,2036.7964543654161,2036.8109203654162,0.129822,1.0,0.15,123.5534945616439,1605.0
10,HATCH,0.125,1.0,0.15,0.125,-1.0,0.15,30.0,1070.0,True,38,0.0,-2.0,0.0,2.0,-90.0,90.0,0.5,4.0,2036.8109203654162,2040.8109203654162,0.125,0.0,0.15,183.8101060697718,2140.0
10,OTHER,0.125,-1.0,0.15,0.08,-1.0,0.15,40.0,1070.0,False,41,-0.045,0.0,0.0,0.045,180.0,90.0,0.6666666666666666,0.0675,2040.8109203654162,2040.8784203654163,0.10250000000000001,-1.0,0.15,52.470772643421924,1605.0
10,HATCH,0.08,-1.0,0.15,0.08,1.0,0.15,30.0,1070.0,True,44,0.0,2.0,0.0,2.0,90.0,90.0,0.5,4.0,2040.8784203654163,2044.8784203654163,0.08,0.0,0.15,0.06750000000010914,2140.0
10,OTHER,0.08,1.0,0.15,0.035,1.0,0.15,40.0,1070.0,False,47,-0.045,0.0,0.0,0.045,180.0,90.0,0.6666666666666666,0.0675,2044.8784203654163,2044.9459203654164,0.0575,1.0,0.15,8.06750000000011,1605.0
10,HATCH,0.035,1.0,0.15,0.035,-1.0,0.15,30.0,1070.0,True,50,0.0,-2.0,0.0,2.0,-90.0,90.0,0.5,4.0,2044.9459203654164,2048.9459203654164,0.035,0.0,0.15,0.06750000000010914,2140.0
10,OTHER,0.035,-1.0,0.15,-0.01,-1.0,0.15,40.0,1070.0,False,53,-0.045000000000000005,0.0,0.0,0.045000000000000005,180.0,90.0,0.6666666666666666,0.06750000000000002,2048.9459203654164,2049.0134203654166,0.0125,-1.0,0.15,8.06750000000011,1605.0
10,HATCH,-0.01,-1.0,0.15,-0.01,1.0,0.15,30.0,1070.0,True,56,0.0,2.0,0.0,2.0,90.0,90.0,0.5,4.0,2049.0134203654166,2053.0134203654166,-0.01,0.0,0.15,0.06750000000010914,2140.0
10,OTHER,-0.01,1.0,0.15,-0.055,1.0,0.15,40.0,1070.0,False,59,-0.045,0.0,0.0,0.045,180.0,90.0,0.6666666666666666,0.0675,2053.0134203654166,2053.0809203654167,-0.0325,1.0,0.15,8.06750000000011,1605.0
10,HATCH,-0.055,1.0,0.15,-0.055,-1.0,0.15,30.0,1070.0,True,62,0.0,-2.0,0.0,2.0,-90.0,90.0,0.5,4.0,2053.0809203654167,2057.0809203654167,-0.055,0.0,0.15,0.06750000000010914,2140.0
10,OTHER,-0.055,-1.0,0.15,-0.1,-1.0,0.15,40.0,1070.0,False,65,-0.045000000000000005,0.0,0.0,0.045000000000000005,180.0,90.0,0.6666666666666666,0.06750000000000002,2057.0809203654167,2057.1484203654168,-0.0775,-1.0,0.15,8.06750000000011,1605.0
10,HATCH,-0.1,-1.0,0.15,-0.1,1.0,0.15,30.0,1070.0,True,68,0.0,2.0,0.0,2.0,90.0,90.0,0.5,4.0,2057.1484203654168,2061.1484203654168,-0.1,0.0,0.15,0.06750000000010914,2140.0
10,OTHER,-0.1,1.0,0.15,-0.145,1.0,0.15,40.0,1070.0,False,71,-0.044999999999999984,0.0,0.0,0.044999999999999984,180.0,90.0,0.6666666666666666,0.06749999999999998,2061.1484203654168,2061.215920365417,-0.1225,1.0,0.15,8.06750000000011,1605.0
10,HATCH,-0.145,1.0,0.15,-0.145,-1.0,0.15,30.0,1070.0,True,74,0.0,-2.0,0.0,2.0,-90.0,90.0,0.5,4.0,2061.215920365417,2065.215920365417,-0.145,0.0,0.15,0.06750000000010914,2140.0
10,OTHER,-0.145,-1.0,0.15,-0.19,-1.0,0.15,40.0,1070.0,False,77,-0.04500000000000001,0.0,0.0,0.04500000000000001,180.0,90.0,0.6666666666666666,0.06750000000000002,2065.215920365417,2065.283420365417,-0.16749999999999998,-1.0,0.15,8.06750000000011,1605.0
10,HATCH,-0.19,-1.0,0.15,-0.19,1.0,0.15,30.0,1070.0,True,80,0.0,2.0,0.0,2.0,90.0,90.0,0.5,4.0,2065.283420365417,2069.283420365417,-0.19,0.0,0.15,0.06750000000010914,2140.0
10,OTHER,-0.19,1.0,0.15,-0.235,1.0,0.15,40.0,1070.0,False,83,-0.044999999999999984,0.0,0.0,0.044999999999999984,180.0,90.0,0.6666666666666666,0.06749999999999998,2069.283420365417,2069.350920365417,-0.2125,1.0,0.15,8.06750000000011,1605.0
10,HATCH,-0.235,1.0,0.15,-0.235,-1.0,0.15,30.0,1070.0,True,86,0.0,-2.0,0.0,2.0,-90.0,90.0,0.5,4.0,2069.350920365417,2073.350920365417,-0.235,0.0,0.15,0.06750000000010914,2140.0
10,OTHER,-0.235,-1.0,0.15,-0.28,-1.0,0.15,40.0,1070.0,False,89,-0.04500000000000004,0.0,0.0,0.04500000000000004,180.0,90.0,0.6666666666666666,0.06750000000000006,2073.350920365417,2073.418420365417,-0.2575,-1.0,0.15,8.06750000000011,1605.0
10,HATCH,-0.28,-1.0,0.15,-0.28,1.0,0.15,30.0,1070.0,True,92,0.0,2.0,0.0,2.0,90.0,90.0,0.5,4.0,2073.418420365417,2077.418420365417,-0.28,0.0,0.15,0.06750000000010914,2140.0
10,OTHER,-0.28,1.0,0.15,-0.325,1.0,0.15,40.0,1070.0,False,95,-0.044999999999999984,0.0,0.0,0.044999999999999984,180.0,90.0,0.6666666666666666,0.06749999999999998,2077.418420365417,2077.4859203654173,-0.3025,1.0,0.15,8.06750000000011,1605.0
10,HATCH,-0.325,1.0,0.15,-0.325,-1.0,0.15,30.0,1070.0,True,98,0.0,-2.0,0.0,2.0,-90.0,90.0,0.5,4.0,2077.4859203654173,2081.4859203654173,-0.325,0.0,0.15,0.06750000000010914,2140.0
10,OTHER,-0.325,-1.0,0.15,-0.37,-1.0,0.15,40.0,1070.0,False,101,-0.044999999999999984,0.0,0.0,0.044999999999999984,180.0,90.0,0.6666666666666666,0.06749999999999998,2081.4859203654173,2081.5534203654174,-0.34750000000000003,-1.0,0.15,8.06750000000011,1605.0
10,HATCH,-0.37,-1.0,0.15,-0.37,1.0,0.15,30.0,1070.0,True,104,0.0,2.0,0.0,2.0,90.0,90.0,0.5,4.0,2081.5534203654174,2085.5534203654174,-0.37,0.0,0.15,0.06750000000010914,2140.0
10,OTHER,-0.37,1.0,0.15,-0.415,1.0,0.15,40.0,1070.0,False,107,-0.044999999999999984,0.0,0.0,0.044999999999999984,180.0,90.0,0.6666666666666666,0.06749999999999998,2085.5534203654174,2085.6209203654175,-0.39249999999999996,1.0,0.15,8.06750000000011,1605.0
10,HATCH,-0.415,1.0,0.15,-0.415,-1.0,0.15,30.0,1070.0,True,110,0.0,-2.0,0.0,2.0,-90.0,90.0,0.5,4.0,2085.6209203654175,2089.6209203654175,-0.415,0.0,0.15,0.06750000000010914,2140.0
10,OTHER,-0.415,-1.0,0.15,-0.46,-1.0,0.15,40.0,1070.0,False,113,-0.04500000000000004,0.0,0.0,0.04500000000000004,180.0,90.0,0.6666666666666666,0.06750000000000006,2089.6209203654175,2089.6884203654176,-0.4375,-1.0,0.15,8.06750000000011,1605.0
10,HATCH,-0.46,-1.0,0.15,-0.46,1.0,0.15,30.0,1070.0,True,116,0.0,2.0,0.0,2.0,90.0,90.0,0.5,4.0,2089.6884203654176,2093.6884203654176,-0.46,0.0,0.15,0.06750000000010914,2140.0
10,OTHER,-0.46,1.0,0.15,-0.505,1.0,0.15,40.0,1070.0,False,119,-0.044999999999999984,0.0,0.0,0.044999999999999984,180.0,90.0,0.6666666666666666,0.06749999999999998,2093.6884203654176,2093.7559203654178,-0.48250000000000004,1.0,0.15,8.06750000000011,1605.0
10,HATCH,-0.505,1.0,0.15,-0.505,-1.0,0.15,30.0,1070.0,True,122,0.0,-2.0,0.0,2.0,-90.0,90.0,0.5,4.0,2093.7559203654178,2097.7559203654178,-0.505,0.0,0.15,0.06750000000010914,2140.0
10,OTHER,-0.505,-1.0,0.15,-0.55,-1.0,0.15,40.0,1070.0,False,125,-0.04500000000000004,0.0,0.0,0.04500000000000004,180.0,90.0,0.6666666666666666,0.06750000000000006,2097.7559203654178,2097.823420365418,-0.5275000000000001,-1.0,0.15,8.06750000000011,1605.0
10,HATCH,-0.55,-1.0,0.15,-0.55,1.0,0.15,30.0,1070.0,True,128,0.0,2.0,0.0,2.0,90.0,90.0,0.5,4.0,2097.823420365418,2101.823420365418,-0.55,0.0,0.15,0.06750000000010914,2140.0
10,OTHER,-0.55,1.0,0.15,-0.595,1.0,0.15,40.0,1070.0,False,131,-0.04499999999999993,0.0,0.0,0.04499999999999993,180.0,90.0,0.6666666666666666,0.0674999999999999,2101.823420365418,2101.890920365418,-0.5725,1.0,0.15,8.06750000000011,1605.0
10,HATCH,-0.595,1.0,0.15,-0.595,-1.0,0.15,30.0,1070.0,True,134,0.0,-2.0,0.0,2.0,-90.0,90.0,0.5,4.0,2101.890920365418,2105.890920365418,-0.595,0.0,0.15,0.06750000000010914,2140.0
10,OTHER,-0.595,-1.0,0.15,-0.64,-1.0,0.15,40.0,1070.0,False,137,-0.04500000000000004,0.0,0.0,0.04500000000000004,180.0,90.0,0.6666666666666666,0.06750000000000006,2105.890920365418,2105.958420365418,-0.6174999999999999,-1.0,0.15,8.06750000000011,1605.0
10,HATCH,-0.64,-1.0,0.15,-0.64,1.0,0.15,30.0,1070.0,True,140,0.0,2.0,0.0,2.0,90.0,90.0,0.5,4.0,2105.958420365418,2109.958420365418,-0.64,0.0,0.15,0.06750000000010914,2140.0
10,OTHER,-0.64,1.0,0.15,-0.685,1.0,0.15,40.0,1070.0,False,143,-0.04500000000000004,0.0,0.0,0.04500000000000004,180.0,90.0,0.6666666666666666,0.06750000000000006,2109.958420365418,2110.025920365418,-0.6625000000000001,1.0,0.15,8.06750000000011,1605.0
10,HATCH,-0.685,1.0,0.15,-0.685,-1.0,0.15,30.0,1070.0,True,146,0.0,-2.0,0.0,2.0,-90.0,90.0,0.5,4.0,2110.025920365418,2114.025920365418,-0.685,0.0,0.15,0.06750000000010914,2140.0
10,OTHER,-0.685,-1.0,0.15,-0.73,-1.0,0.15,40.0,1070.0,False,149,-0.04499999999999993,0.0,0.0,0.04499999999999993,180.0,90.0,0.6666666666666666,0.0674999999999999,2114.025920365418,2114.0934203654183,-0.7075,-1.0,0.15,8.06750000000011,1605.0
10,HATCH,-0.73,-1.0,0.15,-0.73,1.0,0.15,30.0,1070.0,True,152,0.0,2.0,0.0,2.0,90.0,90.0,0.5,4.0,2114.0934203654183,2118.0934203654183,-0.73,0.0,0.15,0.06750000000010914,2140.0
10,OTHER,-0.73,1.0,0.15,-0.775,1.0,0.15,40.0,1070.0,False,155,-0.04500000000000004,0.0,0.0,0.04500000000000004,180.0,90.0,0.6666666666666666,0.06750000000000006,2118.0934203654183,2118.1609203654184,-0.7525,1.0,0.15,8.06750000000011,1605.0
10,HATCH,-0.775,1.0,0.15,-0.775,-1.0,0.15,30.0,1070.0,True,158,0.0,-2.0,0.0,2.0,-90.0,90.0,0.5,4.0,2118.1609203654184,2122.1609203654184,-0.775,0.0,0.15,0.06750000000010914,2140.0
10,OTHER,-0.775,-1.0,0.15,-0.82,-1.0,0.15,40.0,1070.0,False,161,-0.04499999999999993,0.0,0.0,0.04499999999999993,180.0,90.0,0.6666666666666666,0.0674999999999999,2122.1609203654184,2122.2284203654185,-0.7975,-1.0,0.15,8.06750000000011,1605.0
10,HATCH,-0.82,-1.0,0.15,-0.82,1.0,0.15,30.0,1070.0,True,164,0.0,2.0,0.0,2.0,90.0,90.0,0.5,4.0,2122.2284203654185,2126.2284203654185,-0.82,0.0,0.15,0.06750000000010914,2140.0
10,OTHER,-0.82,1.0,0.15,-0.865,1.0,0.15,40.0,1070.0,False,167,-0.04500000000000004,0.0,0.0,0.04500000000000004,180.0,90.0,0.6666666666666666,0.06750000000000006,2126.2284203654185,2126.2959203654186,-0.8425,1.0,0.15,8.06750000000011,1605.0
10,HATCH,-0.865,1.0,0.15,-0.865,-1.0,0.15,30.0,1070.0,True,170,0.0,-2.0,0.0,2.0,-90.0,90.0,0.5,4.0,2126.2959203654186,2130.2959203654186,-0.865,0.0,0.15,0.06750000000010914,2140.0
10,OTHER,-0.865,-1.0,0.15,-0.91,-1.0,0.15,40.0,1070.0,False,173,-0.04500000000000004,0.0,0.0,0.04500000000000004,180.0,90.0,0.6666666666666666,0.06750000000000006,2130.2959203654186,2130.3634203654187,-0.8875,-1.0,0.15,8.06750000000011,1605.0
10,HATCH,-0.91,-1.0,0.15,-0.91,1.0,0.15,30.0,1070.0,True,176,0.0,2.0,0.0,2.0,90.0,90.0,0.5,4.0,2130.3634203654187,2134.3634203654187,-0.91,0.0,0.15,0.06750000000010914,2140.0
10,OTHER,-0.91,1.0,0.15,-0.955,1.0,0.15,40.0,1070.0,False,179,-0.04499999999999993,0.0,0.0,0.04499999999999993,180.0,90.0,0.6666666666666666,0.0674999999999999,2134.3634203654187,2134.430920365419,-0.9325,1.0,0.15,8.06750000000011,1605.0
10,HATCH,-0.955,1.0,0.15,-0.955,-1.0,0.15,30.0,1070.0,True,182,0.0,-2.0,0.0,2.0,-90.0,90.0,0.5,4.0,2134.430920365419,2138.430920365419,-0.955,0.0,0.15,0.06750000000010914,2140.0
10,OTHER,-0.955,-1.0,0.15,0.17,-1.0,0.15,40.0,1070.0,False,185,1.125,0.0,0.0,1.125,0.0,90.0,0.6666666666666666,1.6875,2138.430920365419,2140.118420365419,-0.39249999999999996,-1.0,0.15,48.7425000000012,1605.0
10,HATCH,0.17,-1.0,0.15,0.17,1.0,0.15,30.0,1070.0,True,188,0.0,2.0,0.0,2.0,90.0,90.0,0.5,4.0,2140.118420365419,2144.118420365419,0.17,0.0,0.15,95.24000000000251,2140.0
10,OTHER,0.17,1.0,0.15,0.215,1.0,0.15,40.0,1070.0,False,191,0.044999999999999984,0.0,0.0,0.044999999999999984,0.0,90.0,0.6666666666666666,0.06749999999999998,2144.118420365419,2144.185920365419,0.1925,1.0,0.15,107.30750000000262,1605.0
10,HATCH,0.215,1.0,0.15,0.215,-1.0,0.15,30.0,1070.0,True,194,0.0,-2.0,0.0,2.0,-90.0,90.0,0.5,4.0,2144.185920365419,2148.185920365419,0.215,0.0,0.15,0.06750000000010914,2140.0
10,OTHER,0.215,-1.0,0.15,0.26,-1.0,0.15,40.0,1070.0,False,197,0.04500000000000001,0.0,0.0,0.04500000000000001,0.0,90.0,0.6666666666666666,0.06750000000000002,2148.185920365419,2148.253420365419,0.2375,-1.0,0.15,166.69669382754228,1605.0
10,HATCH,0.26,-1.0,0.15,0.26,1.0,0.15,30.0,1070.0,True,200,0.0,2.0,0.0,2.0,90.0,90.0,0.5,4.0,2148.253420365419,2152.253420365419,0.26,0.0,0.15,0.06750000000010914,2140.0
10,OTHER,0.26,1.0,0.15,0.305,1.0,0.15,40.0,1070.0,False,203,0.044999999999999984,0.0,0.0,0.044999999999999984,0.0,90.0,0.6666666666666666,0.06749999999999998,2152.253420365419,2152.320920365419,0.2825,1.0,0.15,8.06750000000011,1605.0
10,HATCH,0.305,1.0,0.15,0.305,-1.0,0.15,30.0,1070.0,True,206,0.0,-2.0,0.0,2.0,-90.0,90.0,0.5,4.0,2152.320920365419,2156.320920365419,0.305,0.0,0.15,0.06750000000010914,2140.0
10,OTHER,0.305,-1.0,0.15,0.35,-1.0,0.15,40.0,1070.0,False,209,0.044999999999999984,0.0,0.0,0.044999999999999984,0.0,90.0,0.6666666666666666,0.06749999999999998,2156.320920365419,2156.3884203654193,0.3275,-1.0,0.15,8.06750000000011,1605.0
10,HATCH,0.35,-1.0,0.15,0.35,1.0,0.15,30.0,1070.0,True,212,0.0,2.0,0.0,2.0,90.0,90.0,0.5,4.0,2156.3884203654193,2160.3884203654193,0.35,0.0,0.15,0.06750000000010914,2140.0
10,OTHER,0.35,1.0,0.15,0.395,1.0,0.15,40.0,1070.0,False,215,0.04500000000000004,0.0,0.0,0.04500000000000004,0.0,90.0,0.6666666666666666,0.06750000000000006,2160.3884203654193,2160.4559203654194,0.3725,1.0,0.15,8.06750000000011,1605.0
10,HATCH,0.395,1.0,0.15,0.395,-1.0,0.15,30.0,1070.0,True,218,0.0,-2.0,0.0,2.0,-90.0,90.0,0.5,4.0,2160.4559203654194,2164.4559203654194,0.395,0.0,0.15,0.06750000000010914,2140.0
10,OTHER,0.395,-1.0,0.15,0.44,-1.0,0.15,40.0,1070.0,False,221,0.044999999999999984,0.0,0.0,0.044999999999999984,0.0,90.0,0.6666666666666666,0.06749999999999998,2164.4559203654194,2164.5234203654195,0.4175,-1.0,0.15,8.06750000000011,1605.0
10,HATCH,0.44,-1.0,0.15,0.44,1.0,0.15,30.0,1070.0,True,224,0.0,2.0,0.0,2.0,90.0,90.0,0.5,4.0,2164.5234203654195,2168.5234203654195,0.44,0.0,0.15,0.06750000000010914,2140.0
10,OTHER,0.44,1.0,0.15,0.485,1.0,0.15,40.0,1070.0,False,227,0.044999999999999984,0.0,0.0,0.044999999999999984,0.0,90.0,0.6666666666666666,0.06749999999999998,2168.5234203654195,2168.5909203654196,0.4625,1.0,0.15,8.06750000000011,1605.0
10,HATCH,0.485,1.0,0.15,0.485,-1.0,0.15,30.0,1070.0,True,230,0.0,-2.0,0.0,2.0,-90.0,90.0,0.5,4.0,2168.5909203654196,2172.5909203654196,0.485,0.0,0.15,0.06750000000010914,2140.0
10,OTHER,0.485,-1.0,0.15,0.53,-1.0,0.15,40.0,1070.0,False,233,0.04500000000000004,0.0,0.0,0.04500000000000004,0.0,90.0,0.6666666666666666,0.06750000000000006,2172.5909203654196,2172.6584203654197,0.5075000000000001,-1.0,0.15,8.06750000000011,1605.0
10,HATCH,0.53,-1.0,0.15,0.53,1.0,0.15,30.0,1070.0,True,236,0.0,2.0,0.0,2.0,90.0,90.0,0.5,4.0,2172.6584203654197,2176.6584203654197,0.53,0.0,0.15,0.06750000000010914,2140.0
10,OTHER,0.53,1.0,0.15,0.575,1.0,0.15,40.0,1070.0,False,239,0.04499999999999993,0.0,0.0,0.04499999999999993,0.0,90.0,0.6666666666666666,0.0674999999999999,2176.6584203654197,2176.72592036542,0.5525,1.0,0.15,8.06750000000011,1605.0
10,HATCH,0.575,1.0,0.15,0.575,-1.0,0.15,30.0,1070.0,True,242,0.0,-2.0,0.0,2.0,-90.0,90.0,0.5,4.0,2176.72592036542,2180.72592036542,0.575,0.0,0.15,0.06750000000010914,2140.0
10,OTHER,0.575,-1.0,0.15,0.62,-1.0,0.15,40.0,1070.0,False,245,0.04500000000000004,0.0,0.0,0.04500000000000004,0.0,90.0,0.6666666666666666,0.06750000000000006,2180.72592036542,2180.79342036542,0.5974999999999999,-1.0,0.15,8.06750000000011,1605.0
10,HATCH,0.62,-1.0,0.15,0.62,1.0,0.15,30.0,1070.0,True,248,0.0,2.0,0.0,2.0,90.0,90.0,0.5,4.0,2180.79342036542,2184.79342036542,0.62,0.0,0.15,0.06750000000010914,2140.0
10,OTHER,0.62,1.0,0.15,0.665,1.0,0.15,40.0,1070.0,False,251,0.04500000000000004,0.0,0.0,0.04500000000000004,0.0,90.0,0.6666666666666666,0.06750000000000006,2184.79342036542,2184.86092036542,0.6425000000000001,1.0,0.15,8.06750000000011,1605.0
10,HATCH,0.665,1.0,0.15,0.665,-1.0,0.15,30.0,1070.0,True,254,0.0,-2.0,0.0,2.0,-90.0,90.0,0.5,4.0,2184.86092036542,2188.86092036542,0.665,0.0,0.15,0.06750000000010914,2140.0
10,OTHER,0.665,-1.0,0.15,0.71,-1.0,0.15,40.0,1070.0,False,257,0.04499999999999993,0.0,0.0,0.04499999999999993,0.0,90.0,0.6666666666666666,0.0674999999999999,2188.86092036542,2188.92842036542,0.6875,-1.0,0.15,8.06750000000011,1605.0
10,HATCH,0.71,-1.0,0.15,0.71,1.0,0.15,30.0,1070.0,True,260,0.0,2.0,0.0,2.0,90.0,90.0,0.5,4.0,2188.92842036542,2192.92842036542,0.71,0.0,0.15,0.06750000000010914,2140.0
10,OTHER,0.71,1.0,0.15,0.755,1.0,0.15,40.0,1070.0,False,263,0.04500000000000004,0.0,0.0,0.04500000000000004,0.0,90.0,0.6666666666666666,0.06750000000000006,2192.92842036542,2192.9959203654203,0.7324999999999999,1.0,0.15,8.06750000000011,1605.0
10,HATCH,0.755,1.0,0.15,0.755,-1.0,0.15,30.0,1070.0,True,266,0.0,-2.0,0.0,2.0,-90.0,90.0,0.5,4.0,2192.9959203654203,2196.9959203654203,0.755,0.0,0.15,0.06750000000010914,2140.0
10,OTHER,0.755,-1.0,0.15,0.8,-1.0,0.15,40.0,1070.0,False,269,0.04500000000000004,0.0,0.0,0.04500000000000004,0.0,90.0,0.6666666666666666,0.06750000000000006,2196.9959203654203,2197.0634203654204,0.7775000000000001,-1.0,0.15,8.06750000000011,1605.0
10,HATCH,0.8,-1.0,0.15,0.8,1.0,0.15,30.0,1070.0,True,272,0.0,2.0,0.0,2.0,90.0,90.0,0.5,4.0,2197.0634203654204,2201.0634203654204,0.8,0.0,0.15,0.06750000000010914,2140.0
10,OTHER,0.8,1.0,0.15,0.845,1.0,0.15,40.0,1070.0,False,275,0.04499999999999993,0.0,0.0,0.04499999999999993,0.0,90.0,0.6666666666666666,0.0674999999999999,2201.0634203654204,2201.1309203654205,0.8225,1.0,0.15,8.06750000000011,1605.0
10,HATCH,0.845,1.0,0.15,0.845,-1.0,0.15,30.0,1070.0,True,278,0.0,-2.0,0.0,2.0,-90.0,90.0,0.5,4.0,2201.1309203654205,2205.1309203654205,0.845,0.0,0.15,0.06750000000010914,2140.0
10,OTHER,0.845,-1.0,0.15,0.89,-1.0,0.15,40.0,1070.0,False,281,0.04500000000000004,0.0,0.0,0.04500000000000004,0.0,90.0,0.6666666666666666,0.06750000000000006,2205.1309203654205,2205.1984203654206,0.8674999999999999,-1.0,0.15,8.06750000000011,1605.0
10,HATCH,0.89,-1.0,0.15,0.89,1.0,0.15,30.0,1070.0,True,284,0.0,2.0,0.0,2.0,90.0,90.0,0.5,4.0,2205.1984203654206,2209.1984203654206,0.89,0.0,0.15,0.06750000000010914,2140.0
10,OTHER,0.89,1.0,0.15,0.935,1.0,0.15,40.0,1070.0,False,287,0.04500000000000004,0.0,0.0,0.04500000000000004,0.0,90.0,0.6666666666666666,0.06750000000000006,2209.1984203654206,2209.2659203654207,0.9125000000000001,1.0,0.15,8.06750000000011,1605.0
10,HATCH,0.935,1.0,0.15,0.935,-1.0,0.15,30.0,1070.0,True,290,0.0,-2.0,0.0,2.0,-90.0,90.0,0.5,4.0,2209.2659203654207,2213.2659203654207,0.935,0.0,0.15,0.06750000000010914,2140.0
10,OTHER,0.935,-1.0,0.15,0.98,-1.0,0.15,40.0,1070.0,False,293,0.04499999999999993,0.0,0.0,0.04499999999999993,0.0,90.0,0.6666666666666666,0.0674999999999999,2213.2659203654207,2213.333420365421,0.9575,-1.0,0.15,8.06750000000011,1605.0
10,HATCH,0.98,-1.0,0.15,0.98,1.0,0.15,30.0,1070.0,True,296,0.0,2.0,0.0,2.0,90.0,90.0,0.5,4.0,2213.333420365421,2217.333420365421,0.98,0.0,0.15,0.06750000000010914,2140.0
10,OTHER,0.98,1.0,0.15,0.98,1.0,0.165,40.0,1070.0,False,299,0.0,0.0,0.015000000000000013,0.015000000000000013,0.0,,0.6666666666666666,0.02250000000000002,2217.333420365421,2217.355920365421,0.98,1.0,0.1575,8.06750000000011,1605.0
11,OTHER,0.98,1.0,0.165,0.248109,1.0,0.165,40.0,1070.0,False,20,-0.731891,0.0,0.0,0.731891,180.0,,0.6666666666666666,1.0978365,2217.355920365421,2218.453756865421,0.6140545,1.0,0.165,32.4950000000008,1605.0
11,CONTOUR,0.248109,1.0,0.165,-1.0,1.0,0.165,30.0,1070.0,False,23,-1.248109,0.0,0.0,1.248109,180.0,0.0,0.5,2.496218,2218.453756865421,2220.949974865421,-0.3759455,1.0,0.165,132.8328365000034,2140.0
11,CONTOUR,-1.0,1.0,0.165,-1.0,0.248109,0.165,30.0,1070.0,False,24,0.0,-0.751891,0.0,0.751891,-90.0,90.0,0.5,1.503782,2220.949974865421,2222.453756865421,-1.0,0.6240545,0.165,186.42280850000498,2140.0
11,CONTOUR,-1.0,0.248109,0.165,-1.0,-1.0,0.165,30.0,1070.0,False,25,0.0,-1.248109,0.0,1.248109,-90.0,0.0,0.5,2.496218,2222.453756865421,2224.949974865421,-1.0,-0.3759455,0.165,189.6573025000048,2140.0
11,CONTOUR,-1.0,-1.0,0.165,-0.248109,-1.0,0.165,30.0,1070.0,False,26,0.751891,0.0,0.0,0.751891,0.0,90.0,0.5,1.503782,2224.949974865421,2226.453756865421,-0.6240545,-1.0,0.165,110.85655450000286,2140.0
11,CONTOUR,-0.248109,-1.0,0.165,1.0,-1.0,0.165,30.0,1070.0,False,27,1.248109,0.0,0.0,1.248109,0.0,0.0,0.5,2.496218,2226.453756865421,2228.949974865421,0.3759455,-1.0,0.165,61.93033650000143,2140.0
11,CONTOUR,1.0,-1.0,0.165,1.0,-0.248109,0.165,30.0,1070.0,False,28,0.0,0.751891,0.0,0.751891,90.0,90.0,0.5,1.503782,2228.949974865421,2230.453756865421,1.0,-0.6240545,0.165,202.42280850000498,2140.0
11,CONTOUR,1.0,-0.248109,0.165,1.0,1.0,0.165,30.0,1070.0,False,29,0.0,1.248109,0.0,1.248109,90.0,0.0,0.5,2.496218,2230.453756865421,2232.949974865421,1.0,0.3759455,0.165,205.6573025000048,2140.0
11,CONTOUR,1.0,1.0,0.165,0.248109,1.0,0.165,30.0,1070.0,False,30,-0.751891,0.0,0.0,0.751891,180.0,90.0,0.5,1.503782,2232.949974865421,2234.453756865421,0.6240545,1.0,0.165,14.496218000000226,2140.0
11,OTHER,0.248109,1.0,0.165,0.272792,1.0,0.165,40.0,1070.0,False,35,0.024682999999999983,0.0,0.0,0.024682999999999983,0.0,180.0,0.6666666666666666,0.037024499999999974,2234.453756865421,2234.490781365421,0.2604505,1.0,0.165,82.13283650000176,1605.0
11,HATCH,0.272792,1.0,0.165,-1.0,-0.272792,0.165,30.0,1070.0,False,38,-1.272792,-1.272792,0.0,1.7999997084799764,-135.0,135.0,0.5,3.5999994169599527,2234.490781365421,2238.090780782381,-0.36360400000000004,0.36360400000000004,0.165,740.1735084169243,2140.0
11,OTHER,-1.0,-0.272792,0.165,-1.0,-0.336432,0.165,40.0,1070.0,False,41,0.0,-0.06364000000000003,0.0,0.06364000000000003,-90.0,45.00000000000001,0.6666666666666666,0.09546000000000004,2238.090780782381,2238.186240782381,-1.0,-0.304612,0.165,13.140805916959835,1605.0
11,HATCH,-1.0,-0.336432,0.165,0.336432,1.0,0.165,30.0,1070.0,False,44,1.336432,1.336432,0.0,1.8900002595894003,45.0,135.0,0.5,3.7800005191788006,2238.186240782381,2241.96624130156,-0.33178399999999997,0.33178399999999997,0.165,0.09546000000000276,2140.0
11,OTHER,0.336432,1.0,0.165,0.400071,1.0,0.165,40.0,1070.0,False,47,0.063639,0.0,0.0,0.063639,0.0,45.00000000000001,0.6666666666666666,0.0954585,2241.96624130156,2242.06169980156,0.3682515,1.0,0.165,73.37532093614027,1605.0
11,HATCH,0.400071,1.0,0.165,-1.0,-0.400071,0.165,30.0,1070.0,False,50,-1.400071,-1.400071,0.0,1.9799993964852616,-135.0,135.0,0.5,3.959998792970523,2242.06169980156,2246.0216985945303,-0.29996449999999997,0.29996449999999997,0.165,0.09545849999994971,2140.0
11,OTHER,-1.0,-0.400071,0.165,-1.0,-0.463711,0.165,40.0,1070.0,False,53,0.0,-0.06363999999999997,0.0,0.06363999999999997,-90.0,45.0,0.6666666666666666,0.09545999999999996,2246.0216985945303,2246.1171585945303,-1.0,-0.431891,0.165,21.07172372910918,1605.0
11,HATCH,-1.0,-0.463711,0.165,0.463711,1.0,0.165,30.0,1070.0,False,56,1.463711,1.463711,0.0,2.069999947594685,45.0,135.0,0.5,4.13999989518937,2246.1171585945303,2250.2571584897196,-0.2681445,0.2681445,0.165,0.09546000000000276,2140.0
11,OTHER,0.463711,1.0,0.165,0.527351,1.0,0.165,40.0,1070.0,False,59,0.06364000000000003,0.0,0.0,0.06364000000000003,0.0,45.0,0.6666666666666666,0.09546000000000004,2250.2571584897196,2250.3526184897196,0.495531,1.0,0.165,73.53123812429976,1605.0
11,HATCH,0.527351,1.0,0.165,-1.0,-0.527351,0.165,30.0,1070.0,False,62,-1.527351,-1.527351,0.0,2.160000498704109,-135.0,135.0,0.5,4.320000997408218,2250.3526184897196,2254.672619487128,-0.2363245,0.2363245,0.165,0.09546000000000276,2140.0
11,OTHER,-1.0,-0.527351,0.165,-1.0,-0.59099,0.165,40.0,1070.0,False,65,0.0,-0.063639,0.0,0.063639,-90.0,45.00000000000001,0.6666666666666666,0.0954585,2254.672619487128,2254.768077987128,-1.0,-0.5591705,0.165,241.52242085045668,1605.0
11,HATCH,-1.0,-0.59099,0.165,0.59099,1.0,0.165,30.0,1070.0,False,68,1.5909900000000001,1.5909900000000001,0.0,2.2499996355999707,45.0,135.0,0.5,4.4999992711999415,2254.768077987128,2259.268077258328,-0.204505,0.204505,0.165,0.09545849999994971,2140.0
11,OTHER,0.59099,1.0,0.165,0.65463,1.0,0.165,40.0,1070.0,False,71,0.06364000000000003,0.0,0.0,0.06364000000000003,0.0,45.0,0.6666666666666666,0.09546000000000004,2259.268077258328,2259.363537258328,0.6228100000000001,1.0,0.165,24.81432039290712,1605.0
11,HATCH,0.65463,1.0,0.165,-1.0,-0.65463,0.165,30.0,1070.0,False,74,-1.65463,-1.65463,0.0,2.3400001867093945,-135.0,135.0,0.5,4.680000373418789,2259.363537258328,2264.043537631747,-0.17268499999999998,0.17268499999999998,0.165,0.09546000000000276,2140.0
11,OTHER,-1.0,-0.65463,0.165,-1.0,-0.718269,0.165,40.0,1070.0,False,77,0.0,-0.063639,0.0,0.063639,-90.0,45.0,0.6666666666666666,0.0954585,2264.043537631747,2264.138996131747,-1.0,-0.6864495,0.165,248.7224181843767,1605.0
11,HATCH,-1.0,-0.718269,0.165,0.718269,1.0,0.165,30.0,1070.0,False,80,1.718269,1.718269,0.0,2.429999323605256,45.0,135.0,0.5,4.859998647210512,2264.138996131747,2268.9989947789572,-0.14086549999999998,0.14086549999999998,0.165,0.09545849999994971,2140.0
11,OTHER,0.718269,1.0,0.165,0.781909,1.0,0.165,40.0,1070.0,False,83,0.06363999999999992,0.0,0.0,0.06363999999999992,0.0,45.00000000000001,0.6666666666666666,0.09545999999999988,2268.9989947789572,2269.0944547789572,0.750089,1.0,0.165,67.86807441353676,1605.0
11,HATCH,0.781909,1.0,0.165,-1.0,-0.781909,0.165,30.0,1070.0,False,86,-1.781909,-1.781909,0.0,2.5199998747146792,-135.0,135.0,0.5,5.0399997494293585,2269.0944547789572,2274.1344545283864,-0.10904550000000002,0.10904550000000002,0.165,0.09546000000000276,2140.0
11,OTHER,-1.0,-0.781909,0.165,-1.0,-0.845549,0.165,40.0,1070.0,False,89,0.0,-0.06364000000000003,0.0,0.06364000000000003,-90.0,45.0,0.6666666666666666,0.09546000000000004,2274.1344545283864,2274.2299145283864,-1.0,-0.8137289999999999,0.165,257.3624173507658,1605.0
11,HATCH,-1.0,-0.845549,0.165,0.845549,1.0,0.165,30.0,1070.0,False,92,1.845549,1.845549,0.0,2.6100004258241034,45.0,135.0,0.5,5.220000851648207,2274.2299145283864,2279.449915380035,-0.0772255,0.0772255,0.165,0.09546000000000276,2140.0
11,OTHER,0.845549,1.0,0.165,0.909188,1.0,0.165,40.0,1070.0,False,95,0.063639,0.0,0.0,0.063639,0.0,45.0,0.6666666666666666,0.0954585,2279.449915380035,2279.5453738800347,0.8773685,1.0,0.165,70.18399501461408,1605.0
11,HATCH,0.909188,1.0,0.165,-1.0,-0.909188,0.165,30.0,1070.0,False,98,-1.9091879999999999,-1.9091879999999999,0.0,2.6999995627199644,-135.0,135.0,0.5,5.399999125439929,2279.5453738800347,2284.9453730054747,-0.045406,0.045406,0.165,0.09545849999994971,2140.0
11,OTHER,-1.0,-0.909188,0.165,-1.0,-0.972828,0.165,40.0,1070.0,False,101,0.0,-0.06364000000000003,0.0,0.06364000000000003,-90.0,45.00000000000001,0.6666666666666666,0.09546000000000004,2284.9453730054747,2285.0408330054747,-1.0,-0.9410080000000001,0.165,267.5153768496248,1605.0
11,HATCH,-1.0,-0.972828,0.165,0.972828,1.0,0.165,30.0,1070.0,False,104,1.972828,1.972828,0.0,2.7900001138293886,45.0,135.0,0.5,5.580000227658777,2285.0408330054747,2290.6208332331335,-0.013585999999999987,0.013585999999999987,0.165,0.09546000000000276,2140.0
11,OTHER,0.972828,1.0,0.165,1.0,0.963532,0.165,40.0,1070.0,False,107,0.027171999999999974,-0.036467999999999945,0.0,0.045477825453730684,-53.31051487614101,98.31051487614101,0.6666666666666666,0.06821673818059604,2290.6208332331335,2290.689049971314,0.986414,0.981766,0.165,73.26491286771261,1605.0
11,HATCH,1.0,0.963532,0.165,-0.963532,-1.0,0.165,30.0,1070.0,False,110,-1.963532,-1.963532,0.0,2.7768535845535682,-135.0,81.689485123859,0.5,5.5537071691071365,2290.689049971314,2296.242757140421,0.018233999999999972,-0.018233999999999972,0.165,0.06821673818058116,2140.0
11,OTHER,-0.963532,-1.0,0.165,-0.899893,-1.0,0.165,40.0,1070.0,False,113,0.063639,0.0,0.0,0.063639,0.0,135.0,0.6666666666666666,0.0954585,2296.242757140421,2296.338215640421,-0.9317125,-1.0,0.165,11.201924134946239,1605.0
11,HATCH,-0.899893,-1.0,0.165,1.0,0.899893,0.165,30.0,1070.0,False,116,1.899893,1.899893,0.0,2.6868544476577068,45.0,45.0,0.5,5.3737088953154135,2296.338215640421,2301.711924535736,0.05005349999999997,-0.05005349999999997,0.165,0.09545849999994971,2140.0
11,OTHER,1.0,0.899893,0.165,1.0,0.836253,0.165,40.0,1070.0,False,119,0.0,-0.06364000000000003,0.0,0.06364000000000003,-90.0,135.0,0.6666666666666666,0.09546000000000004,2301.711924535736,2301.807384535736,1.0,0.8680730000000001,0.165,373.848117387432,1605.0
11,HATCH,1.0,0.836253,0.165,-0.836253,-1.0,0.165,30.0,1070.0,False,122,-1.8362530000000001,-1.8362530000000001,0.0,2.596853896548283,-135.0,45.00000000000001,0.5,5.193707793096566,2301.807384535736,2307.001092328833,0.08187349999999999,-0.08187349999999999,0.165,0.09546000000000276,2140.0
11,OTHER,-0.836253,-1.0,0.165,-0.772614,-1.0,0.165,40.0,1070.0,False,125,0.063639,0.0,0.0,0.063639,0.0,135.0,0.6666666666666666,0.0954585,2307.001092328833,2307.0965508288327,-0.8044335,-1.0,0.165,176.63767196341405,1605.0
11,HATCH,-0.772614,-1.0,0.165,1.0,0.772614,0.165,30.0,1070.0,False,128,1.772614,1.772614,0.0,2.5068547596524215,45.0,45.00000000000001,0.5,5.013709519304843,2307.0965508288327,2312.1102603481377,0.11369299999999999,-0.11369299999999999,0.165,0.09545849999994971,2140.0
11,OTHER,1.0,0.772614,0.165,1.0,0.708974,0.165,40.0,1070.0,False,131,0.0,-0.06364000000000003,0.0,0.06364000000000003,-90.0,135.0,0.6666666666666666,0.09546000000000004,2312.1102603481377,2312.2057203481377,1.0,0.740794,0.165,385.2847882653973,1605.0
11,HATCH,1.0,0.708974,0.165,-0.708974,-1.0,0.165,30.0,1070.0,False,134,-1.708974,-1.708974,0.0,2.416854208542998,-135.0,45.00000000000001,0.5,4.833708417085996,2312.2057203481377,2317.039428765224,0.145513,-0.145513,0.165,0.09546000000000276,2140.0
11,OTHER,-0.708974,-1.0,0.165,-0.645334,-1.0,0.165,40.0,1070.0,False,137,0.06364000000000003,0.0,0.0,0.06364000000000003,0.0,135.0,0.6666666666666666,0.09546000000000004,2317.039428765224,2317.134888765224,-0.677154,-1.0,0.165,90.58567189980295,1605.0
11,HATCH,-0.645334,-1.0,0.165,1.0,0.645334,0.165,30.0,1070.0,False,140,1.645334,1.645334,0.0,2.326853657433574,45.0,45.0,0.5,4.653707314867148,2317.134888765224,2321.788596080091,0.17733300000000002,-0.17733300000000002,0.165,0.09546000000000276,2140.0
11,OTHER,1.0,0.645334,0.165,1.0,0.581695,0.165,40.0,1070.0,False,143,0.0,-0.063639,0.0,0.063639,-90.0,135.0,0.6666666666666666,0.0954585,2321.788596080091,2321.884054580091,1.0,0.6135145,0.165,396.7214621433627,1605.0
11,HATCH,1.0,0.581695,0.165,-0.581695,-1.0,0.165,30.0,1070.0,False,146,-1.5816949999999999,-1.5816949999999999,0.0,2.2368545205377126,-135.0,45.00000000000001,0.5,4.473709041075425,2321.884054580091,2326.357763621166,0.20915250000000002,-0.20915250000000002,0.165,0.09545849999994971,2140.0
11,OTHER,-0.581695,-1.0,0.165,-0.518055,-1.0,0.165,40.0,1070.0,False,149,0.06363999999999992,0.0,0.0,0.06363999999999992,0.0,135.0,0.6666666666666666,0.09545999999999988,2326.357763621166,2326.453223621166,-0.549875,-1.0,0.165,99.90400675574529,1605.0
11,HATCH,-0.518055,-1.0,0.165,1.0,0.518055,0.165,30.0,1070.0,False,152,1.518055,1.518055,0.0,2.146853969428289,45.0,45.00000000000001,0.5,4.293707938856578,2326.453223621166,2330.746931560023,0.24097249999999998,-0.24097249999999998,0.165,0.09546000000000276,2140.0
11,OTHER,1.0,0.518055,0.165,1.0,0.454416,0.165,40.0,1070.0,False,155,0.0,-0.06363900000000006,0.0,0.06363900000000006,-90.0,135.0,0.6666666666666666,0.09545850000000008,2330.746931560023,2330.842390060023,1.0,0.48623550000000004,0.165,305.9504771946067,1605.0
11,HATCH,1.0,0.454416,0.165,-0.454416,-1.0,0.165,30.0,1070.0,False,158,-1.454416,-1.454416,0.0,2.0568548325324274,-135.0,45.0,0.5,4.113709665064855,2330.842390060023,2334.956099725088,0.27279200000000003,-0.27279200000000003,0.165,0.09545849999994971,2140.0
11,OTHER,-0.454416,-1.0,0.165,-0.390776,-1.0,0.165,40.0,1070.0,False,161,0.06363999999999997,0.0,0.0,0.06363999999999997,0.0,135.0,0.6666666666666666,0.09545999999999996,2334.956099725088,2335.051559725088,-0.42259599999999997,-1.0,0.165,194.83767935966898,1605.0
11,HATCH,-0.390776,-1.0,0.165,1.0,0.390776,0.165,30.0,1070.0,False,164,1.390776,1.390776,0.0,1.9668542814230037,45.0,45.00000000000001,0.5,3.9337085628460073,2335.051559725088,2338.9852682879336,0.304612,-0.304612,0.165,0.09546000000000276,2140.0
11,OTHER,1.0,0.390776,0.165,1.0,0.327136,0.165,40.0,1070.0,False,167,0.0,-0.06364000000000003,0.0,0.06364000000000003,-90.0,135.0,0.6666666666666666,0.09546000000000004,2338.9852682879336,2339.0807282879337,1.0,0.358956,0.165,106.0352934225125,1605.0
11,HATCH,1.0,0.327136,0.165,-0.327136,-1.0,0.165,30.0,1070.0,False,170,-1.3271359999999999,-1.3271359999999999,0.0,1.8768537303135797,-135.0,45.00000000000001,0.5,3.7537074606271594,2339.0807282879337,2342.8344357485607,0.336432,-0.336432,0.165,0.09546000000000276,2140.0
11,OTHER,-0.327136,-1.0,0.165,-0.263497,-1.0,0.165,40.0,1070.0,False,173,0.063639,0.0,0.0,0.063639,0.0,135.0,0.6666666666666666,0.0954585,2342.8344357485607,2342.9298942485607,-0.2953165,-1.0,0.165,202.7160153831419,1605.0
11,HATCH,-0.263497,-1.0,0.165,1.0,0.263497,0.165,30.0,1070.0,False,176,1.263497,1.263497,0.0,1.7868545934177187,45.0,45.00000000000001,0.5,3.5737091868354374,2342.9298942485607,2346.503603435396,0.3682515,-0.3682515,0.165,0.09545849999994971,2140.0
11,OTHER,1.0,0.263497,0.165,1.0,0.199857,0.165,40.0,1070.0,False,179,0.0,-0.06363999999999997,0.0,0.06363999999999997,-90.0,135.0,0.6666666666666666,0.09545999999999996,2346.503603435396,2346.599063435396,1.0,0.231677,0.165,431.0314747772579,1605.0
11,HATCH,1.0,0.199857,0.165,-0.199857,-1.0,0.165,30.0,1070.0,False,182,-1.199857,-1.199857,0.0,1.6968540423082947,-135.0,45.00000000000001,0.5,3.3937080846165895,2346.599063435396,2349.992771520013,0.4000715,-0.4000715,0.165,0.09546000000000276,2140.0
11,OTHER,-0.199857,-1.0,0.165,-0.136218,-1.0,0.165,40.0,1070.0,False,185,0.063639,0.0,0.0,0.063639,0.0,135.0,0.6666666666666666,0.0954585,2349.992771520013,2350.088230020013,-0.1680375,-1.0,0.165,276.57435115459566,1605.0
11,HATCH,-0.136218,-1.0,0.165,1.0,0.136218,0.165,30.0,1070.0,False,188,1.136218,1.136218,0.0,1.6068549054124333,45.0,45.00000000000001,0.5,3.2137098108248665,2350.088230020013,2353.301939830838,0.431891,-0.431891,0.165,0.09545849999994971,2140.0
11,OTHER,1.0,0.136218,0.165,1.0,0.072578,0.165,40.0,1070.0,False,191,0.0,-0.06364,0.0,0.06364,-90.0,135.0,0.6666666666666666,0.09546,2353.301939830838,2353.397399830838,1.0,0.104398,0.165,442.46814565522345,1605.0
11,HATCH,1.0,0.072578,0.165,-0.072578,-1.0,0.165,30.0,1070.0,False,194,-1.072578,-1.072578,0.0,1.5168543543030095,-135.0,45.0,0.5,3.033708708606019,2353.397399830838,2356.431108539444,0.463711,-0.463711,0.165,0.09546000000000276,2140.0
11,OTHER,-0.072578,-1.0,0.165,-0.008938,-1.0,0.165,40.0,1070.0,False,197,0.06364,0.0,0.0,0.06364,0.0,135.0,0.6666666666666666,0.09546,2356.431108539444,2356.526568539444,-0.040758,-1.0,0.165,299.28268817402704,1605.0
11,HATCH,-0.008938,-1.0,0.165,1.0,0.008938,0.165,30.0,1070.0,False,200,1.008938,1.008938,0.0,1.4268538031935856,45.0,45.0,0.5,2.853707606387171,2356.526568539444,2359.380276145831,0.495531,-0.495531,0.165,0.09546000000000276,2140.0
11,OTHER,1.0,0.008938,0.165,1.0,-0.054701,0.165,40.0,1070.0,False,203,0.0,-0.063639,0.0,0.063639,-90.0,135.0,0.6666666666666666,0.0954585,2359.380276145831,2359.475734645831,1.0,-0.0228815,0.165,142.04685578041017,1605.0
11,HATCH,1.0,-0.054701,0.165,0.054701,-1.0,0.165,30.0,1070.0,False,206,-0.945299,-0.945299,0.0,1.3368546662977243,-135.0,45.0,0.5,2.6737093325954486,2359.475734645831,2362.1494439784265,0.5273505,-0.5273505,0.165,0.09545849999994971,2140.0
11,OTHER,0.054701,-1.0,0.165,0.118341,-1.0,0.165,40.0,1070.0,False,209,0.06364,0.0,0.0,0.06364,0.0,135.0,0.6666666666666666,0.09546,2362.1494439784265,2362.2449039784265,0.086521,-1.0,0.165,313.1360236130099,1605.0
11,HATCH,0.118341,-1.0,0.165,1.0,-0.118341,0.165,30.0,1070.0,False,212,0.881659,0.881659,0.0,1.2468541151883006,45.0,45.00000000000001,0.5,2.493708230376601,2362.2449039784265,2364.7386122088033,0.5591705,-0.5591705,0.165,0.09546000000000276,2140.0
11,OTHER,1.0,-0.118341,0.165,1.0,-0.181981,0.165,40.0,1070.0,False,215,0.0,-0.06364,0.0,0.06364,-90.0,135.0,0.6666666666666666,0.09546,2364.7386122088033,2364.8340722088033,1.0,-0.150161,0.165,465.34149041115415,1605.0
11,HATCH,1.0,-0.181981,0.165,0.181981,-1.0,0.165,30.0,1070.0,False,218,-0.818019,-0.818019,0.0,1.1568535640788769,-135.0,45.00000000000001,0.5,2.3137071281577537,2364.8340722088033,2367.147779336961,0.5909905,-0.5909905,0.165,0.09546000000000276,2140.0
11,OTHER,0.181981,-1.0,0.165,0.24562,-1.0,0.165,40.0,1070.0,False,221,0.063639,0.0,0.0,0.063639,0.0,135.0,0.6666666666666666,0.0954585,2367.147779336961,2367.243237836961,0.2138005,-1.0,0.165,218.8943589715418,1605.0
11,HATCH,0.24562,-1.0,0.165,1.0,-0.24562,0.165,30.0,1070.0,False,224,0.75438,0.75438,0.0,1.0668544271830156,45.0,45.0,0.5,2.133708854366031,2367.243237836961,2369.376946691327,0.62281,-0.62281,0.165,0.09545849999994971,2140.0
11,OTHER,1.0,-0.24562,0.165,1.0,-0.30926,0.165,40.0,1070.0,False,227,0.0,-0.06363999999999997,0.0,0.06363999999999997,-90.0,135.0,0.6666666666666666,0.09545999999999996,2369.376946691327,2369.472406691327,1.0,-0.27744,0.165,476.778161289119,1605.0
11,HATCH,1.0,-0.30926,0.165,0.30926,-1.0,0.165,30.0,1070.0,False,230,-0.69074,-0.69074,0.0,0.9768538760735918,-135.0,45.00000000000001,0.5,1.9537077521471835,2369.472406691327,2371.426114443474,0.65463,-0.65463,0.165,0.09546000000000276,2140.0
11,OTHER,0.30926,-1.0,0.165,0.372899,-1.0,0.165,40.0,1070.0,False,233,0.063639,0.0,0.0,0.063639,0.0,135.0,0.6666666666666666,0.0954585,2371.426114443474,2371.521572943474,0.3410795,-1.0,0.165,142.47613957805288,1605.0
11,HATCH,0.372899,-1.0,0.165,1.0,-0.372899,0.165,30.0,1070.0,False,236,0.627101,0.627101,0.0,0.8868547391777303,45.0,45.0,0.5,1.7737094783554606,2371.521572943474,2373.2952824218296,0.6864494999999999,-0.6864494999999999,0.165,0.09545849999994971,2140.0
11,OTHER,1.0,-0.372899,0.165,1.0,-0.436539,0.165,40.0,1070.0,False,239,0.0,-0.06364000000000003,0.0,0.06364000000000003,-90.0,135.0,0.6666666666666666,0.09546000000000004,2373.2952824218296,2373.3907424218296,1.0,-0.404719,0.165,488.2148321670843,1605.0
11,HATCH,1.0,-0.436539,0.165,0.436539,-1.0,0.165,30.0,1070.0,False,242,-0.563461,-0.563461,0.0,0.7968541880683064,-135.0,44.999999999999986,0.5,1.5937083761366129,2373.3907424218296,2374.984450797966,0.7182695,-0.7182695,0.165,0.09546000000000276,2140.0
11,OTHER,0.436539,-1.0,0.165,0.500179,-1.0,0.165,40.0,1070.0,False,245,0.06364000000000003,0.0,0.0,0.06364000000000003,0.0,135.00000000000003,0.6666666666666666,0.09546000000000004,2374.984450797966,2375.079910797966,0.468359,-1.0,0.165,146.03447593254486,1605.0
11,HATCH,0.500179,-1.0,0.165,1.0,-0.500179,0.165,30.0,1070.0,False,248,0.49982099999999996,0.49982099999999996,0.0,0.7068536369588827,45.0,45.00000000000001,0.5,1.4137072739177654,2375.079910797966,2376.4936180718837,0.7500895000000001,-0.7500895000000001,0.165,0.09546000000000276,2140.0
11,OTHER,1.0,-0.500179,0.165,1.0,-0.563818,0.165,40.0,1070.0,False,251,0.0,-0.063639,0.0,0.063639,-90.0,135.0,0.6666666666666666,0.0954585,2376.4936180718837,2376.5890765718837,1.0,-0.5319985,0.165,146.03986120646277,1605.0
11,HATCH,1.0,-0.563818,0.165,0.563818,-1.0,0.165,30.0,1070.0,False,254,-0.43618199999999996,-0.43618199999999996,0.0,0.6168545000630212,-135.0,45.0,0.5,1.2337090001260425,2376.5890765718837,2377.8227855720097,0.781909,-0.781909,0.165,0.09545849999994971,2140.0
11,OTHER,0.563818,-1.0,0.165,0.627458,-1.0,0.165,40.0,1070.0,False,257,0.06363999999999992,0.0,0.0,0.06363999999999992,0.0,135.00000000000003,0.6666666666666666,0.09545999999999988,2377.8227855720097,2377.9182455720097,0.595638,-1.0,0.165,188.89436520658955,1605.0
11,HATCH,0.627458,-1.0,0.165,1.0,-0.627458,0.165,30.0,1070.0,False,260,0.37254200000000004,0.37254200000000004,0.0,0.5268539489535976,45.0,45.0,0.5,1.0537078979071952,2377.9182455720097,2378.971953469917,0.8137289999999999,-0.8137289999999999,0.165,0.09546000000000276,2140.0
11,OTHER,1.0,-0.627458,0.165,1.0,-0.691097,0.165,40.0,1070.0,False,263,0.0,-0.063639,0.0,0.063639,-90.0,135.0,0.6666666666666666,0.0954585,2378.971953469917,2379.067411969917,1.0,-0.6592775,0.165,148.5181966044961,1605.0
11,HATCH,1.0,-0.691097,0.165,0.691097,-1.0,0.165,30.0,1070.0,False,266,-0.30890300000000004,-0.30890300000000004,0.0,0.43685481205773624,-135.0,45.0,0.5,0.8737096241154725,2379.067411969917,2379.9411215940327,0.8455485,-0.8455485,0.165,0.09545849999994971,2140.0
11,OTHER,0.691097,-1.0,0.165,0.754737,-1.0,0.165,40.0,1070.0,False,269,0.06364000000000003,0.0,0.0,0.06364000000000003,0.0,135.0,0.6666666666666666,0.09546000000000004,2379.9411215940327,2380.0365815940327,0.722917,-1.0,0.165,182.8777012286123,1605.0
11,HATCH,0.754737,-1.0,0.165,1.0,-0.754737,0.165,30.0,1070.0,False,272,0.245263,0.245263,0.0,0.3468542609483124,45.0,45.0,0.5,0.6937085218966248,2380.0365815940327,2380.730290115929,0.8773685,-0.8773685,0.165,0.09546000000000276,2140.0
11,OTHER,1.0,-0.754737,0.165,1.0,-0.818377,0.165,40.0,1070.0,False,275,0.0,-0.06364000000000003,0.0,0.06364000000000003,-90.0,135.0,0.6666666666666666,0.09546000000000004,2380.730290115929,2380.825750115929,1.0,-0.786557,0.165,522.5248478009798,1605.0
11,HATCH,1.0,-0.818377,0.165,0.818377,-1.0,0.165,30.0,1070.0,False,278,-0.18162299999999998,-0.18162299999999998,0.0,0.2568537098388886,-135.0,45.0,0.5,0.5137074196777772,2380.825750115929,2381.339457535607,0.9091885,-0.9091885,0.165,0.09546000000000276,2140.0
11,OTHER,0.818377,-1.0,0.165,0.882016,-1.0,0.165,40.0,1070.0,False,281,0.063639,0.0,0.0,0.063639,0.0,135.0,0.6666666666666666,0.0954585,2381.339457535607,2381.434916035607,0.8501965,-1.0,0.165,176.14103717018634,1605.0
11,HATCH,0.882016,-1.0,0.165,1.0,-0.882016,0.165,30.0,1070.0,False,284,0.11798399999999998,0.11798399999999998,0.0,0.16685457294302722,45.0,45.00000000000001,0.5,0.33370914588605444,2381.434916035607,2381.768625181493,0.9410080000000001,-0.9410080000000001,0.165,0.09545849999994971,2140.0
11,OTHER,1.0,-0.882016,0.165,1.0,-0.945656,0.165,40.0,1070.0,False,287,0.0,-0.06364000000000003,0.0,0.06364000000000003,-90.0,135.0,0.6666666666666666,0.09546000000000004,2381.768625181493,2381.864085181493,1.0,-0.9138360000000001,0.165,0.0,1605.0
11,HATCH,1.0,-0.945656,0.165,0.945656,-1.0,0.165,30.0,1070.0,False,290,-0.05434399999999995,-0.05434399999999995,0.0,0.0768540218336034,-135.0,45.0,0.5,0.1537080436672068,2381.864085181493,2382.0177932251604,0.972828,-0.972828,0.165,0.0,2140.0
11,OTHER,0.945656,-1.0,0.165,-1.0,-0.209153,0.165,40.0,1070.0,False,293,-1.945656,0.790847,0.0,2.100241949810783,157.87982893752786,67.12017106247215,0.6666666666666666,3.1503629247161746,2382.0177932251604,2385.1681561498767,-0.027171999999999974,-0.6045765,0.165,594.3779962528749,1605.0
11,HATCH,-1.0,-0.209153,0.165,0.209153,1.0,0.165,30.0,1070.0,False,296,1.209153,1.209153,0.0,1.710000571584115,45.0,112.87982893752786,0.5,3.42000114316823,2385.1681561498767,2388.588157293045,-0.3954235,0.3954235,0.165,143.20191484831685,2140.0
11,OTHER,0.209153,1.0,0.165,0.145513,1.0,0.165,40.0,1070.0,False,299,-0.06364,0.0,0.0,0.06364,180.0,135.0,0.6666666666666666,0.09546,2388.588157293045,2388.683617293045,0.17733300000000002,1.0,0.165,154.09737592762394,1605.0
11,HATCH,0.145513,1.0,0.165,-1.0,-0.145513,0.165,30.0,1070.0,False,302,-1.145513,-1.145513,0.0,1.6200000204746912,-135.0,45.0,0.5,3.2400000409493823,2388.683617293045,2391.923617333994,-0.4272435,0.4272435,0.165,0.09546000000000276,2140.0
11,OTHER,-1.0,-0.145513,0.165,-1.0,-0.081873,0.165,40.0,1070.0,False,305,0.0,0.06364,0.0,0.06364,90.0,135.0,0.6666666666666666,0.09546,2391.923617333994,2392.019077333994,-1.0,-0.113693,0.165,389.60617196997305,1605.0
11,HATCH,-1.0,-0.081873,0.165,0.081873,1.0,0.165,30.0,1070.0,False,308,1.081873,1.081873,0.0,1.5299994693652677,45.0,45.0,0.5,3.0599989387305353,2392.019077333994,2395.0790762727247,-0.4590635,0.4590635,0.165,0.09546000000000276,2140.0
11,OTHER,0.081873,1.0,0.165,0.018234,1.0,0.165,40.0,1070.0,False,311,-0.063639,0.0,0.0,0.063639,180.0,135.0,0.6666666666666666,0.0954585,2395.0790762727247,2395.1745347727247,0.0500535,1.0,0.165,341.99815590730805,1605.0
11,HATCH,0.018234,1.0,0.165,-1.0,-0.018234,0.165,30.0,1070.0,False,314,-1.018234,-1.018234,0.0,1.4400003324694062,-135.0,45.00000000000001,0.5,2.8800006649388123,2395.1745347727247,2398.0545354376636,-0.490883,0.490883,0.165,0.09545849999994971,2140.0
11,OTHER,-1.0,-0.018234,0.165,-1.0,0.045406,0.165,40.0,1070.0,False,317,0.0,0.06364,0.0,0.06364,90.0,135.0,0.6666666666666666,0.09546,2398.0545354376636,2398.1499954376636,-1.0,0.013586,0.165,259.6236150722448,1605.0
11,HATCH,-1.0,0.045406,0.165,-0.045406,1.0,0.165,30.0,1070.0,False,320,0.9545939999999999,0.9545939999999999,0.0,1.3499997813599822,45.0,45.0,0.5,2.6999995627199644,2398.1499954376636,2400.8499950003834,-0.522703,0.522703,0.165,0.09546000000000276,2140.0
11,OTHER,-0.045406,1.0,0.165,-0.109045,1.0,0.165,40.0,1070.0,False,323,-0.063639,0.0,0.0,0.063639,180.0,135.0,0.6666666666666666,0.0954585,2400.8499950003834,2400.9454535003833,-0.0772255,1.0,0.165,339.6340746349665,1605.0
11,HATCH,-0.109045,1.0,0.165,-1.0,0.109045,0.165,30.0,1070.0,False,326,-0.8909549999999999,-0.8909549999999999,0.0,1.2600006444641207,-135.0,45.0,0.5,2.5200012889282415,2400.9454535003833,2403.4654547893115,-0.5545225,0.5545225,0.165,0.09545849999994971,2140.0
11,OTHER,-1.0,0.109045,0.165,-1.0,0.172685,0.165,40.0,1070.0,False,329,0.0,0.06364,0.0,0.06364,90.0,135.0,0.6666666666666666,0.09546,2403.4654547893115,2403.5609147893115,-1.0,0.14086500000000002,0.165,411.96984962858664,1605.0
11,HATCH,-1.0,0.172685,0.165,-0.172685,1.0,0.165,30.0,1070.0,False,332,0.827315,0.827315,0.0,1.1700000933546972,45.0,45.0,0.5,2.3400001867093945,2403.5609147893115,2405.900914976021,-0.5863425,0.5863425,0.165,0.09546000000000276,2140.0
11,OTHER,-0.172685,1.0,0.165,-0.236325,1.0,0.165,40.0,1070.0,False,335,-0.06364,0.0,0.0,0.06364,180.0,135.0,0.6666666666666666,0.09546,2405.900914976021,2405.996374976021,-0.204505,1.0,0.165,328.41499461060357,1605.0
11,HATCH,-0.236325,1.0,0.165,-1.0,0.236325,0.165,30.0,1070.0,False,338,-0.763675,-0.763675,0.0,1.0799995422452733,-135.0,44.999999999999986,0.5,2.1599990844905466,2405.996374976021,2408.1563740605116,-0.6181625,0.6181625,0.165,0.09546000000000276,2140.0
11,OTHER,-1.0,0.236325,0.165,-1.0,0.299964,0.165,40.0,1070.0,False,341,0.0,0.063639,0.0,0.063639,90.0,135.0,0.6666666666666666,0.0954585,2408.1563740605116,2408.2518325605115,-1.0,0.2681445,0.165,423.1516863794666,1605.0
11,HATCH,-1.0,0.299964,0.165,-0.299964,1.0,0.165,30.0,1070.0,False,344,0.700036,0.700036,0.0,0.9900004053494119,45.0,45.0,0.5,1.9800008106988238,2408.2518325605115,2410.2318333712105,-0.6499820000000001,0.6499820000000001,0.165,0.09545849999994971,2140.0
11,OTHER,-0.299964,1.0,0.165,-0.363604,1.0,0.165,40.0,1070.0,False,347,-0.06363999999999997,0.0,0.0,0.06363999999999997,180.0,135.0,0.6666666666666666,0.09545999999999996,2410.2318333712105,2410.3272933712105,-0.33178399999999997,1.0,0.165,189.2818585057894,1605.0
11,HATCH,-0.363604,1.0,0.165,-1.0,0.363604,0.165,30.0,1070.0,False,350,-0.636396,-0.636396,0.0,0.8999998542399882,-135.0,45.00000000000001,0.5,1.7999997084799764,2410.3272933712105,2412.1272930796904,-0.681802,0.681802,0.165,0.09546000000000276,2140.0
11,OTHER,-1.0,0.363604,0.165,-1.0,0.427244,0.165,40.0,1070.0,False,353,0.0,0.06364000000000003,0.0,0.06364000000000003,90.0,135.0,0.6666666666666666,0.09546000000000004,2412.1272930796904,2412.2227530796904,-1.0,0.395424,0.165,434.3335244587736,1605.0
11,HATCH,-1.0,0.427244,0.165,-0.427244,1.0,0.165,30.0,1070.0,False,356,0.572756,0.572756,0.0,0.8099993031305645,45.0,45.0,0.5,1.619998606261129,2412.2227530796904,2413.8427516859515,-0.713622,0.713622,0.165,0.09546000000000276,2140.0
11,OTHER,-0.427244,1.0,0.165,-0.490883,1.0,0.165,40.0,1070.0,False,359,-0.063639,0.0,0.0,0.063639,180.0,135.0,0.6666666666666666,0.0954585,2413.8427516859515,2413.9382101859514,-0.4590635,1.0,0.165,192.89277682053034,1605.0
11,HATCH,-0.490883,1.0,0.165,-1.0,0.490883,0.165,30.0,1070.0,False,362,-0.509117,-0.509117,0.0,0.7200001662347031,-135.0,45.00000000000001,0.5,1.4400003324694062,2413.9382101859514,2415.378210518421,-0.7454415,0.7454415,0.165,0.09545849999994971,2140.0
11,OTHER,-1.0,0.490883,0.165,-1.0,0.554523,0.165,40.0,1070.0,False,365,0.0,0.06363999999999997,0.0,0.06363999999999997,90.0,135.0,0.6666666666666666,0.09545999999999996,2415.378210518421,2415.473670518421,-1.0,0.522703,0.165,380.85104415300475,1605.0
11,HATCH,-1.0,0.554523,0.165,-0.554523,1.0,0.165,30.0,1070.0,False,368,0.445477,0.445477,0.0,0.6299996151252792,45.0,45.0,0.5,1.2599992302505585,2415.473670518421,2416.7336697486717,-0.7772615,0.7772615,0.165,0.09546000000000276,2140.0
11,OTHER,-0.554523,1.0,0.165,-0.618162,1.0,0.165,40.0,1070.0,False,371,-0.063639,0.0,0.0,0.063639,180.0,135.0,0.6666666666666666,0.0954585,2416.7336697486717,2416.8291282486716,-0.5863425,1.0,0.165,306.7077493832535,1605.0
11,HATCH,-0.618162,1.0,0.165,-1.0,0.618162,0.165,30.0,1070.0,False,374,-0.381838,-0.381838,0.0,0.5400004782294179,-135.0,45.00000000000001,0.5,1.0800009564588358,2416.8291282486716,2417.9091292051303,-0.8090809999999999,0.8090809999999999,0.165,0.09545849999994971,2140.0
11,OTHER,-1.0,0.618162,0.165,-1.0,0.681802,0.165,40.0,1070.0,False,377,0.0,0.06364000000000003,0.0,0.06364000000000003,90.0,135.0,0.6666666666666666,0.09546000000000004,2417.9091292051303,2418.0045892051303,-1.0,0.6499820000000001,0.165,195.45537233970936,1605.0
11,HATCH,-1.0,0.681802,0.165,-0.681802,1.0,0.165,30.0,1070.0,False,380,0.318198,0.318198,0.0,0.4499999271199941,45.0,45.00000000000001,0.5,0.8999998542399882,2418.0045892051303,2418.90458905937,-0.840901,0.840901,0.165,0.09546000000000276,2140.0
11,OTHER,-0.681802,1.0,0.165,-0.745442,1.0,0.165,40.0,1070.0,False,383,-0.06364000000000003,0.0,0.0,0.06364000000000003,180.0,135.0,0.6666666666666666,0.09546000000000004,2418.90458905937,2419.00004905937,-0.713622,1.0,0.165,300.7436686939518,1605.0
11,HATCH,-0.745442,1.0,0.165,-1.0,0.745442,0.165,30.0,1070.0,False,386,-0.25455799999999995,-0.25455799999999995,0.0,0.35999937601057025,-135.0,45.0,0.5,0.7199987520211405,2419.00004905937,2419.7200478113914,-0.8727210000000001,0.8727210000000001,0.165,0.09546000000000276,2140.0
11,OTHER,-1.0,0.745442,0.165,-1.0,0.809081,0.165,40.0,1070.0,False,389,0.0,0.063639,0.0,0.063639,90.0,135.0,0.6666666666666666,0.0954585,2419.7200478113914,2419.8155063113913,-1.0,0.7772615,0.165,467.87903603984023,1605.0
11,HATCH,-1.0,0.809081,0.165,-0.809081,1.0,0.165,30.0,1070.0,False,392,0.19091899999999995,0.19091899999999995,0.0,0.2700002391147089,45.0,45.00000000000001,0.5,0.5400004782294178,2419.8155063113913,2420.355506789621,-0.9045405,0.9045405,0.165,0.09545849999994971,2140.0
11,OTHER,-0.809081,1.0,0.165,-0.872721,1.0,0.165,40.0,1070.0,False,395,-0.06363999999999992,0.0,0.0,0.06363999999999992,180.0,135.0,0.6666666666666666,0.09545999999999988,2420.355506789621,2420.450966789621,-0.840901,1.0,0.165,285.92458642420206,1605.0
11,HATCH,-0.872721,1.0,0.165,-1.0,0.872721,0.165,30.0,1070.0,False,398,-0.12727900000000003,-0.12727900000000003,0.0,0.1799996880052852,-135.0,45.00000000000001,0.5,0.3599993760105704,2420.450966789621,2420.8109661656313,-0.9363604999999999,0.9363604999999999,0.165,0.09546000000000276,2140.0
11,OTHER,-1.0,0.872721,0.165,-1.0,0.93636,0.165,40.0,1070.0,False,401,0.0,0.063639,0.0,0.063639,90.0,135.0,0.6666666666666666,0.0954585,2420.8109661656313,2420.906424665631,-1.0,0.9045405,0.165,0.0,1605.0
11,HATCH,-1.0,0.93636,0.165,-0.93636,1.0,0.165,30.0,1070.0,False,404,0.06364000000000003,0.06364000000000003,0.0,0.09000055110942382,45.0,45.0,0.5,0.18000110221884763,2420.906424665631,2421.08642576785,-0.96818,0.96818,0.165,0.0,2140.0
11,OTHER,-0.93636,1.0,0.165,-0.93636,1.0,0.18,40.0,1070.0,False,407,0.0,0.0,0.014999999999999986,0.014999999999999986,0.0,,0.6666666666666666,0.02249999999999998,2421.08642576785,2421.10892576785,-0.93636,1.0,0.1725,0.0,1605.0
12,OTHER,-0.93636,1.0,0.18,-1.0,-1.0,0.18,40.0,1070.0,False,20,-0.06364000000000003,-2.0,0.0,2.001012256234329,-91.82253675641255,,0.6666666666666666,3.0015183843514937,2421.10892576785,2424.1104441522016,-0.96818,0.0,0.18,22.958930330186377,1605.0
12,CONTOUR,-1.0,-1.0,0.18,-1.0,0.361573,0.18,30.0,1070.0,False,23,0.0,1.361573,0.0,1.361573,90.0,178.17746324358734,0.5,2.723146,2424.1104441522016,2426.8335901522014,-1.0,-0.31921350000000004,0.18,185.9242033698206,2140.0
12,CONTOUR,-1.0,0.361573,0.18,-1.0,1.0,0.18,30.0,1070.0,False,24,0.0,0.6384270000000001,0.0,0.6384270000000001,90.0,0.0,0.5,1.2768540000000002,2426.8335901522014,2428.1104441522016,-1.0,0.6807865,0.18,7.01808384081005,2140.0
12,CONTOUR,-1.0,1.0,0.18,0.361573,1.0,0.18,30.0,1070.0,False,25,1.361573,0.0,0.0,1.361573,0.0,90.0,0.5,2.723146,2428.1104441522016,2430.8335901522014,-0.31921350000000004,1.0,0.18,17.783150780991036,2140.0
12,CONTOUR,0.361573,1.0,0.18,1.0,1.0,0.18,30.0,1070.0,False,26,0.6384270000000001,0.0,0.0,0.6384270000000001,0.0,0.0,0.5,1.2768540000000002,2430.8335901522014,2432.1104441522016,0.6807865,1.0,0.18,161.73913537324415,2140.0
12,CONTOUR,1.0,1.0,0.18,1.0,-0.361573,0.18,30.0,1070.0,False,27,0.0,-1.361573,0.0,1.361573,-90.0,90.0,0.5,2.723146,2432.1104441522016,2434.8335901522014,1.0,0.31921350000000004,0.18,85.51138071680543,2140.0
12,CONTOUR,1.0,-0.361573,0.18,1.0,-1.0,0.18,30.0,1070.0,False,28,0.0,-0.6384270000000001,0.0,0.6384270000000001,-90.0,0.0,0.5,1.2768540000000002,2434.8335901522014,2436.1104441522016,1.0,-0.6807865,0.18,55.76617818228442,2140.0
12,CONTOUR,1.0,-1.0,0.18,-0.361573,-1.0,0.18,30.0,1070.0,False,29,-1.361573,0.0,0.0,1.361573,180.0,90.0,0.5,2.723146,2436.1104441522016,2438.8335901522014,0.31921350000000004,-1.0,0.18,64.5888712087276,2140.0
12,CONTOUR,-0.361573,-1.0,0.18,-1.0,-1.0,0.18,30.0,1070.0,False,30,-0.6384270000000001,0.0,0.0,0.6384270000000001,180.0,0.0,0.5,1.2768540000000002,2438.8335901522014,2440.1104441522016,-0.6807865,-1.0,0.18,121.69870138697752,2140.0
12,OTHER,-1.0,-1.0,0.18,-1.0,-0.98,0.18,40.0,1070.0,False,35,0.0,0.020000000000000018,0.0,0.020000000000000018,90.0,90.0,0.6666666666666666,0.030000000000000027,2440.1104441522016,2440.140444152202,-1.0,-0.99,0.18,143.77222851178067,1605.0
12,HATCH,-1.0,-0.98,0.18,1.0,-0.98,0.18,30.0,1070.0,True,38,2.0,0.0,0.0,2.0,0.0,90.0,0.5,4.0,2440.140444152202,2444.140444152202,0.0,-0.98,0.18,77.89554017377532,2140.0
12,OTHER,1.0,-0.98,0.18,1.0,-0.935,0.18,40.0,1070.0,False,41,0.0,0.04499999999999993,0.0,0.04499999999999993,90.0,90.0,0.6666666666666666,0.0674999999999999,2444.140444152202,2444.207944152202,1.0,-0.9575,0.18,62.12265092704138,1605.0
12,HATCH,1.0,-0.935,0.18,-1.0,-0.935,0.18,30.0,1070.0,True,44,-2.0,0.0,0.0,2.0,180.0,90.0,0.5,4.0,2444.207944152202,2448.207944152202,0.0,-0.935,0.18,0.06750000000010914,2140.0
12,OTHER,-1.0,-0.935,0.18,-1.0,-0.89,0.18,40.0,1070.0,False,47,0.0,0.04500000000000004,0.0,0.04500000000000004,90.0,90.0,0.6666666666666666,0.06750000000000006,2448.207944152202,2448.275444152202,-1.0,-0.9125000000000001,0.18,8.06750000000011,1605.0
12,HATCH,-1.0,-0.89,0.18,1.0,-0.89,0.18,30.0,1070.0,True,50,2.0,0.0,0.0,2.0,0.0,90.0,0.5,4.0,2448.275444152202,2452.275444152202,0.0,-0.89,0.18,0.06750000000010914,2140.0
12,OTHER,1.0,-0.89,0.18,1.0,-0.845,0.18,40.0,1070.0,False,53,0.0,0.04500000000000004,0.0,0.04500000000000004,90.0,90.0,0.6666666666666666,0.06750000000000006,2452.275444152202,2452.342944152202,1.0,-0.8674999999999999,0.18,8.06750000000011,1605.0
12,HATCH,1.0,-0.845,0.18,-1.0,-0.845,0.18,30.0,1070.0,True,56,-2.0,0.0,0.0,2.0,180.0,90.0,0.5,4.0,2452.342944152202,2456.342944152202,0.0,-0.845,0.18,0.06750000000010914,2140.0
12,OTHER,-1.0,-0.845,0.18,-1.0,-0.8,0.18,40.0,1070.0,False,59,0.0,0.04499999999999993,0.0,0.04499999999999993,90.0,90.0,0.6666666666666666,0.0674999999999999,2456.342944152202,2456.410444152202,-1.0,-0.8225,0.18,8.06750000000011,1605.0
12,HATCH,-1.0,-0.8,0.18,1.0,-0.8,0.18,30.0,1070.0,True,62,2.0,0.0,0.0,2.0,0.0,90.0,0.5,4.0,2456.410444152202,2460.410444152202,0.0,-0.8,0.18,0.06750000000010914,2140.0
12,OTHER,1.0,-0.8,0.18,1.0,-0.755,0.18,40.0,1070.0,False,65,0.0,0.04500000000000004,0.0,0.04500000000000004,90.0,90.0,0.6666666666666666,0.06750000000000006,2460.410444152202,2460.4779441522023,1.0,-0.7775000000000001,0.18,8.06750000000011,1605.0
12,HATCH,1.0,-0.755,0.18,-1.0,-0.755,0.18,30.0,1070.0,True,68,-2.0,0.0,0.0,2.0,180.0,90.0,0.5,4.0,2460.4779441522023,2464.4779441522023,0.0,-0.755,0.18,0.06750000000010914,2140.0
12,OTHER,-1.0,-0.755,0.18,-1.0,-0.71,0.18,40.0,1070.0,False,71,0.0,0.04500000000000004,0.0,0.04500000000000004,90.0,90.0,0.6666666666666666,0.06750000000000006,2464.4779441522023,2464.5454441522024,-1.0,-0.7324999999999999,0.18,8.06750000000011,1605.0
12,HATCH,-1.0,-0.71,0.18,1.0,-0.71,0.18,30.0,1070.0,True,74,2.0,0.0,0.0,2.0,0.0,90.0,0.5,4.0,2464.5454441522024,2468.5454441522024,0.0,-0.71,0.18,0.06750000000010914,2140.0
12,OTHER,1.0,-0.71,0.18,1.0,-0.665,0.18,40.0,1070.0,False,77,0.0,0.04499999999999993,0.0,0.04499999999999993,90.0,90.0,0.6666666666666666,0.0674999999999999,2468.5454441522024,2468.6129441522025,1.0,-0.6875,0.18,8.06750000000011,1605.0
12,HATCH,1.0,-0.665,0.18,-1.0,-0.665,0.18,30.0,1070.0,True,80,-2.0,0.0,0.0,2.0,180.0,90.0,0.5,4.0,2468.6129441522025,2472.6129441522025,0.0,-0.665,0.18,0.06750000000010914,2140.0
12,OTHER,-1.0,-0.665,0.18,-1.0,-0.62,0.18,40.0,1070.0,False,83,0.0,0.04500000000000004,0.0,0.04500000000000004,90.0,90.0,0.6666666666666666,0.06750000000000006,2472.6129441522025,2472.6804441522027,-1.0,-0.6425000000000001,0.18,8.06750000000011,1605.0
12,HATCH,-1.0,-0.62,0.18,1.0,-0.62,0.18,30.0,1070.0,True,86,2.0,0.0,0.0,2.0,0.0,90.0,0.5,4.0,2472.6804441522027,2476.6804441522027,0.0,-0.62,0.18,0.06750000000010914,2140.0
12,OTHER,1.0,-0.62,0.18,1.0,-0.575,0.18,40.0,1070.0,False,89,0.0,0.04500000000000004,0.0,0.04500000000000004,90.0,90.0,0.6666666666666666,0.06750000000000006,2476.6804441522027,2476.7479441522028,1.0,-0.5974999999999999,0.18,8.06750000000011,1605.0
12,HATCH,1.0,-0.575,0.18,-1.0,-0.575,0.18,30.0,1070.0,True,92,-2.0,0.0,0.0,2.0,180.0,90.0,0.5,4.0,2476.7479441522028,2480.7479441522028,0.0,-0.575,0.18,0.06750000000010914,2140.0
12,OTHER,-1.0,-0.575,0.18,-1.0,-0.53,0.18,40.0,1070.0,False,95,0.0,0.04499999999999993,0.0,0.04499999999999993,90.0,90.0,0.6666666666666666,0.0674999999999999,2480.7479441522028,2480.815444152203,-1.0,-0.5525,0.18,8.06750000000011,1605.0
12,HATCH,-1.0,-0.53,0.18,1.0,-0.53,0.18,30.0,1070.0,True,98,2.0,0.0,0.0,2.0,0.0,90.0,0.5,4.0,2480.815444152203,2484.815444152203,0.0,-0.53,0.18,0.06750000000010914,2140.0
12,OTHER,1.0,-0.53,0.18,1.0,-0.485,0.18,40.0,1070.0,False,101,0.0,0.04500000000000004,0.0,0.04500000000000004,90.0,90.0,0.6666666666666666,0.06750000000000006,2484.815444152203,2484.882944152203,1.0,-0.5075000000000001,0.18,8.06750000000011,1605.0
12,HATCH,1.0,-0.485,0.18,-1.0,-0.485,0.18,30.0,1070.0,True,104,-2.0,0.0,0.0,2.0,180.0,90.0,0.5,4.0,2484.882944152203,2488.882944152203,0.0,-0.485,0.18,0.06750000000010914,2140.0
12,OTHER,-1.0,-0.485,0.18,-1.0,-0.44,0.18,40.0,1070.0,False,107,0.0,0.044999999999999984,0.0,0.044999999999999984,90.0,90.0,0.6666666666666666,0.06749999999999998,2488.882944152203,2488.950444152203,-1.0,-0.4625,0.18,8.06750000000011,1605.0
12,HATCH,-1.0,-0.44,0.18,1.0,-0.44,0.18,30.0,1070.0,True,110,2.0,0.0,0.0,2.0,0.0,90.0,0.5,4.0,2488.950444152203,2492.950444152203,0.0,-0.44,0.18,0.06750000000010914,2140.0
12,OTHER,1.0,-0.44,0.18,1.0,-0.395,0.18,40.0,1070.0,False,113,0.0,0.044999999999999984,0.0,0.044999999999999984,90.0,90.0,0.6666666666666666,0.06749999999999998,2492.950444152203,2493.017944152203,1.0,-0.4175,0.18,8.06750000000011,1605.0
12,HATCH,1.0,-0.395,0.18,-1.0,-0.395,0.18,30.0,1070.0,True,116,-2.0,0.0,0.0,2.0,180.0,90.0,0.5,4.0,2493.017944152203,2497.017944152203,0.0,-0.395,0.18,0.06750000000010914,2140.0
12,OTHER,-1.0,-0.395,0.18,-1.0,-0.35,0.18,40.0,1070.0,False,119,0.0,0.04500000000000004,0.0,0.04500000000000004,90.0,90.0,0.6666666666666666,0.06750000000000006,2497.017944152203,2497.0854441522033,-1.0,-0.3725,0.18,8.06750000000011,1605.0
12,HATCH,-1.0,-0.35,0.18,1.0,-0.35,0.18,30.0,1070.0,True,122,2.0,0.0,0.0,2.0,0.0,90.0,0.5,4.0,2497.0854441522033,2501.0854441522033,0.0,-0.35,0.18,0.06750000000010914,2140.0
12,OTHER,1.0,-0.35,0.18,1.0,-0.305,0.18,40.0,1070.0,False,125,0.0,0.044999999999999984,0.0,0.044999999999999984,90.0,90.0,0.6666666666666666,0.06749999999999998,2501.0854441522033,2501.1529441522034,1.0,-0.3275,0.18,8.06750000000011,1605.0
12,HATCH,1.0,-0.305,0.18,-1.0,-0.305,0.18,30.0,1070.0,True,128,-2.0,0.0,0.0,2.0,180.0,90.0,0.5,4.0,2501.1529441522034,2505.1529441522034,0.0,-0.305,0.18,0.06750000000010914,2140.0
12,OTHER,-1.0,-0.305,0.18,-1.0,-0.26,0.18,40.0,1070.0,False,131,0.0,0.044999999999999984,0.0,0.044999999999999984,90.0,90.0,0.6666666666666666,0.06749999999999998,2505.1529441522034,2505.2204441522035,-1.0,-0.2825,0.18,8.06750000000011,1605.0
12,HATCH,-1.0,-0.26,0.18,1.0,-0.26,0.18,30.0,1070.0,True,134,2.0,0.0,0.0,2.0,0.0,90.0,0.5,4.0,2505.2204441522035,2509.2204441522035,0.0,-0.26,0.18,0.06750000000010914,2140.0
12,OTHER,1.0,-0.26,0.18,1.0,-0.215,0.18,40.0,1070.0,False,137,0.0,0.04500000000000001,0.0,0.04500000000000001,90.0,90.0,0.6666666666666666,0.06750000000000002,2509.2204441522035,2509.2879441522036,1.0,-0.2375,0.18,8.06750000000011,1605.0
12,HATCH,1.0,-0.215,0.18,-1.0,-0.215,0.18,30.0,1070.0,True,140,-2.0,0.0,0.0,2.0,180.0,90.0,0.5,4.0,2509.2879441522036,2513.2879441522036,0.0,-0.215,0.18,0.06750000000010914,2140.0
12,OTHER,-1.0,-0.215,0.18,-1.0,-0.17,0.18,40.0,1070.0,False,143,0.0,0.044999999999999984,0.0,0.044999999999999984,90.0,90.0,0.6666666666666666,0.06749999999999998,2513.2879441522036,2513.3554441522037,-1.0,-0.1925,0.18,8.06750000000011,1605.0
12,HATCH,-1.0,-0.17,0.18,1.0,-0.17,0.18,30.0,1070.0,True,146,2.0,0.0,0.0,2.0,0.0,90.0,0.5,4.0,2513.3554441522037,2517.3554441522037,0.0,-0.17,0.18,0.06750000000010914,2140.0
12,OTHER,1.0,-0.17,0.18,1.0,-0.125,0.18,40.0,1070.0,False,149,0.0,0.04500000000000001,0.0,0.04500000000000001,90.0,90.0,0.6666666666666666,0.06750000000000002,2517.3554441522037,2517.422944152204,1.0,-0.14750000000000002,0.18,8.06750000000011,1605.0
12,HATCH,1.0,-0.125,0.18,-1.0,-0.125,0.18,30.0,1070.0,True,152,-2.0,0.0,0.0,2.0,180.0,90.0,0.5,4.0,2517.422944152204,2521.422944152204,0.0,-0.125,0.18,0.06750000000010914,2140.0
12,OTHER,-1.0,-0.125,0.18,-1.0,-0.08,0.18,40.0,1070.0,False,155,0.0,0.045,0.0,0.045,90.0,90.0,0.6666666666666666,0.0675,2521.422944152204,2521.490444152204,-1.0,-0.10250000000000001,0.18,8.06750000000011,1605.0
12,HATCH,-1.0,-0.08,0.18,1.0,-0.08,0.18,30.0,1070.0,True,158,2.0,0.0,0.0,2.0,0.0,90.0,0.5,4.0,2521.490444152204,2525.490444152204,0.0,-0.08,0.18,0.06750000000010914,2140.0
12,OTHER,1.0,-0.08,0.18,1.0,-0.035,0.18,40.0,1070.0,False,161,0.0,0.045,0.0,0.045,90.0,90.0,0.6666666666666666,0.0675,2525.490444152204,2525.557944152204,1.0,-0.0575,0.18,8.06750000000011,1605.0
12,HATCH,1.0,-0.035,0.18,-1.0,-0.035,0.18,30.0,1070.0,True,164,-2.0,0.0,0.0,2.0,180.0,90.0,0.5,4.0,2525.557944152204,2529.557944152204,0.0,-0.035,0.18,0.06750000000010914,2140.0
12,OTHER,-1.0,-0.035,0.18,-1.0,0.01,0.18,40.0,1070.0,False,167,0.0,0.045000000000000005,0.0,0.045000000000000005,90.0,90.0,0.6666666666666666,0.06750000000000002,2529.557944152204,2529.625444152204,-1.0,-0.0125,0.18,8.06750000000011,1605.0
12,HATCH,-1.0,0.01,0.18,1.0,0.01,0.18,30.0,1070.0,True,170,2.0,0.0,0.0,2.0,0.0,90.0,0.5,4.0,2529.625444152204,2533.625444152204,0.0,0.01,0.18,0.06750000000010914,2140.0
12,OTHER,1.0,0.01,0.18,1.0,0.055,0.18,40.0,1070.0,False,173,0.0,0.045,0.0,0.045,90.0,90.0,0.6666666666666666,0.0675,2533.625444152204,2533.6929441522043,1.0,0.0325,0.18,8.06750000000011,1605.0
12,HATCH,1.0,0.055,0.18,-1.0,0.055,0.18,30.0,1070.0,True,176,-2.0,0.0,0.0,2.0,180.0,90.0,0.5,4.0,2533.6929441522043,2537.6929441522043,0.0,0.055,0.18,0.06750000000010914,2140.0
12,OTHER,-1.0,0.055,0.18,-1.0,0.1,0.18,40.0,1070.0,False,179,0.0,0.045000000000000005,0.0,0.045000000000000005,90.0,90.0,0.6666666666666666,0.06750000000000002,2537.6929441522043,2537.7604441522044,-1.0,0.0775,0.18,8.06750000000011,1605.0
12,HATCH,-1.0,0.1,0.18,1.0,0.1,0.18,30.0,1070.0,True,182,2.0,0.0,0.0,2.0,0.0,90.0,0.5,4.0,2537.7604441522044,2541.7604441522044,0.0,0.1,0.18,0.06750000000010914,2140.0
12,OTHER,1.0,0.1,0.18,1.0,0.145,0.18,40.0,1070.0,False,185,0.0,0.044999999999999984,0.0,0.044999999999999984,90.0,90.0,0.6666666666666666,0.06749999999999998,2541.7604441522044,2541.8279441522045,1.0,0.1225,0.18,8.06750000000011,1605.0
12,HATCH,1.0,0.145,0.18,-1.0,0.145,0.18,30.0,1070.0,True,188,-2.0,0.0,0.0,2.0,180.0,90.0,0.5,4.0,2541.8279441522045,2545.8279441522045,0.0,0.145,0.18,0.06750000000010914,2140.0
12,OTHER,-1.0,0.145,0.18,-1.0,0.19,0.18,40.0,1070.0,False,191,0.0,0.04500000000000001,0.0,0.04500000000000001,90.0,90.0,0.6666666666666666,0.06750000000000002,2545.8279441522045,2545.8954441522046,-1.0,0.16749999999999998,0.18,8.06750000000011,1605.0
12,HATCH,-1.0,0.19,0.18,1.0,0.19,0.18,30.0,1070.0,True,194,2.0,0.0,0.0,2.0,0.0,90.0,0.5,4.0,2545.8954441522046,2549.8954441522046,0.0,0.19,0.18,0.06750000000010914,2140.0
12,OTHER,1.0,0.19,0.18,1.0,0.235,0.18,40.0,1070.0,False,197,0.0,0.044999999999999984,0.0,0.044999999999999984,90.0,90.0,0.6666666666666666,0.06749999999999998,2549.8954441522046,2549.9629441522047,1.0,0.2125,0.18,8.06750000000011,1605.0
12,HATCH,1.0,0.235,0.18,-1.0,0.235,0.18,30.0,1070.0,True,200,-2.0,0.0,0.0,2.0,180.0,90.0,0.5,4.0,2549.9629441522047,2553.9629441522047,0.0,0.235,0.18,0.06750000000010914,2140.0
12,OTHER,-1.0,0.235,0.18,-1.0,0.28,0.18,40.0,1070.0,False,203,0.0,0.04500000000000004,0.0,0.04500000000000004,90.0,90.0,0.6666666666666666,0.06750000000000006,2553.9629441522047,2554.030444152205,-1.0,0.2575,0.18,8.06750000000011,1605.0
12,HATCH,-1.0,0.28,0.18,1.0,0.28,0.18,30.0,1070.0,True,206,2.0,0.0,0.0,2.0,0.0,90.0,0.5,4.0,2554.030444152205,2558.030444152205,0.0,0.28,0.18,0.06750000000010914,2140.0
12,OTHER,1.0,0.28,0.18,1.0,0.325,0.18,40.0,1070.0,False,209,0.0,0.044999999999999984,0.0,0.044999999999999984,90.0,90.0,0.6666666666666666,0.06749999999999998,2558.030444152205,2558.097944152205,1.0,0.3025,0.18,8.06750000000011,1605.0
12,HATCH,1.0,0.325,0.18,-1.0,0.325,0.18,30.0,1070.0,True,212,-2.0,0.0,0.0,2.0,180.0,90.0,0.5,4.0,2558.097944152205,2562.097944152205,0.0,0.325,0.18,0.06750000000010914,2140.0
12,OTHER,-1.0,0.325,0.18,-1.0,0.37,0.18,40.0,1070.0,False,215,0.0,0.044999999999999984,0.0,0.044999999999999984,90.0,90.0,0.6666666666666666,0.06749999999999998,2562.097944152205,2562.165444152205,-1.0,0.34750000000000003,0.18,8.06750000000011,1605.0
12,HATCH,-1.0,0.37,0.18,1.0,0.37,0.18,30.0,1070.0,True,218,2.0,0.0,0.0,2.0,0.0,90.0,0.5,4.0,2562.165444152205,2566.165444152205,0.0,0.37,0.18,0.06750000000010914,2140.0
12,OTHER,1.0,0.37,0.18,1.0,0.415,0.18,40.0,1070.0,False,221,0.0,0.044999999999999984,0.0,0.044999999999999984,90.0,90.0,0.6666666666666666,0.06749999999999998,2566.165444152205,2566.232944152205,1.0,0.39249999999999996,0.18,8.06750000000011,1605.0
12,HATCH,1.0,0.415,0.18,-1.0,0.415,0.18,30.0,1070.0,True,224,-2.0,0.0,0.0,2.0,180.0,90.0,0.5,4.0,2566.232944152205,2570.232944152205,0.0,0.415,0.18,0.06750000000010914,2140.0
12,OTHER,-1.0,0.415,0.18,-1.0,0.46,0.18,40.0,1070.0,False,227,0.0,0.04500000000000004,0.0,0.04500000000000004,90.0,90.0,0.6666666666666666,0.06750000000000006,2570.232944152205,2570.3004441522053,-1.0,0.4375,0.18,8.06750000000011,1605.0
12,HATCH,-1.0,0.46,0.18,1.0,0.46,0.18,30.0,1070.0,True,230,2.0,0.0,0.0,2.0,0.0,90.0,0.5,4.0,2570.3004441522053,2574.3004441522053,0.0,0.46,0.18,0.06750000000010914,2140.0
12,OTHER,1.0,0.46,0.18,1.0,0.505,0.18,40.0,1070.0,False,233,0.0,0.044999999999999984,0.0,0.044999999999999984,90.0,90.0,0.6666666666666666,0.06749999999999998,2574.3004441522053,2574.3679441522054,1.0,0.48250000000000004,0.18,8.06750000000011,1605.0
12,HATCH,1.0,0.505,0.18,-1.0,0.505,0.18,30.0,1070.0,True,236,-2.0,0.0,0.0,2.0,180.0,90.0,0.5,4.0,2574.3679441522054,2578.3679441522054,0.0,0.505,0.18,0.06750000000010914,2140.0
12,OTHER,-1.0,0.505,0.18,-1.0,0.55,0.18,40.0,1070.0,False,239,0.0,0.04500000000000004,0.0,0.04500000000000004,90.0,90.0,0.6666666666666666,0.06750000000000006,2578.3679441522054,2578.4354441522055,-1.0,0.5275000000000001,0.18,8.06750000000011,1605.0
12,HATCH,-1.0,0.55,0.18,1.0,0.55,0.18,30.0,1070.0,True,242,2.0,0.0,0.0,2.0,0.0,90.0,0.5,4.0,2578.4354441522055,2582.4354441522055,0.0,0.55,0.18,0.06750000000010914,2140.0
12,OTHER,1.0,0.55,0.18,1.0,0.595,0.18,40.0,1070.0,False,245,0.0,0.04499999999999993,0.0,0.04499999999999993,90.0,90.0,0.6666666666666666,0.0674999999999999,2582.4354441522055,2582.5029441522056,1.0,0.5725,0.18,8.06750000000011,1605.0
12,HATCH,1.0,0.595,0.18,-1.0,0.595,0.18,30.0,1070.0,True,248,-2.0,0.0,0.0,2.0,180.0,90.0,0.5,4.0,2582.5029441522056,2586.5029441522056,0.0,0.595,0.18,0.06750000000010914,2140.0
12,OTHER,-1.0,0.595,0.18,-1.0,0.64,0.18,40.0,1070.0,False,251,0.0,0.04500000000000004,0.0,0.04500000000000004,90.0,90.0,0.6666666666666666,0.06750000000000006,2586.5029441522056,2586.5704441522057,-1.0,0.6174999999999999,0.18,8.06750000000011,1605.0
12,HATCH,-1.0,0.64,0.18,1.0,0.64,0.18,30.0,1070.0,True,254,2.0,0.0,0.0,2.0,0.0,90.0,0.5,4.0,2586.5704441522057,2590.5704441522057,0.0,0.64,0.18,0.06750000000010914,2140.0
12,OTHER,1.0,0.64,0.18,1.0,0.685,0.18,40.0,1070.0,False,257,0.0,0.04500000000000004,0.0,0.04500000000000004,90.0,90.0,0.6666666666666666,0.06750000000000006,2590.5704441522057,2590.637944152206,1.0,0.6625000000000001,0.18,8.06750000000011,1605.0
12,HATCH,1.0,0.685,0.18,-1.0,0.685,0.18,30.0,1070.0,True,260,-2.0,0.0,0.0,2.0,180.0,90.0,0.5,4.0,2590.637944152206,2594.637944152206,0.0,0.685,0.18,0.06750000000010914,2140.0
12,OTHER,-1.0,0.685,0.18,-1.0,0.73,0.18,40.0,1070.0,False,263,0.0,0.04499999999999993,0.0,0.04499999999999993,90.0,90.0,0.6666666666666666,0.0674999999999999,2594.637944152206,2594.705444152206,-1.0,0.7075,0.18,8.06750000000011,1605.0
12,HATCH,-1.0,0.73,0.18,1.0,0.73,0.18,30.0,1070.0,True,266,2.0,0.0,0.0,2.0,0.0,90.0,0.5,4.0,2594.705444152206,2598.705444152206,0.0,0.73,0.18,0.06750000000010914,2140.0
12,OTHER,1.0,0.73,0.18,1.0,0.775,0.18,40.0,1070.0,False,269,0.0,0.04500000000000004,0.0,0.04500000000000004,90.0,90.0,0.6666666666666666,0.06750000000000006,2598.705444152206,2598.772944152206,1.0,0.7525,0.18,8.06750000000011,1605.0
12,HATCH,1.0,0.775,0.18,-1.0,0.775,0.18,30.0,1070.0,True,272,-2.0,0.0,0.0,2.0,180.0,90.0,0.5,4.0,2598.772944152206,2602.772944152206,0.0,0.775,0.18,0.06750000000010914,2140.0
12,OTHER,-1.0,0.775,0.18,-1.0,0.82,0.18,40.0,1070.0,False,275,0.0,0.04499999999999993,0.0,0.04499999999999993,90.0,90.0,0.6666666666666666,0.0674999999999999,2602.772944152206,2602.840444152206,-1.0,0.7975,0.18,8.06750000000011,1605.0
12,HATCH,-1.0,0.82,0.18,1.0,0.82,0.18,30.0,1070.0,True,278,2.0,0.0,0.0,2.0,0.0,90.0,0.5,4.0,2602.840444152206,2606.840444152206,0.0,0.82,0.18,0.06750000000010914,2140.0
12,OTHER,1.0,0.82,0.18,1.0,0.865,0.18,40.0,1070.0,False,281,0.0,0.04500000000000004,0.0,0.04500000000000004,90.0,90.0,0.6666666666666666,0.06750000000000006,2606.840444152206,2606.9079441522063,1.0,0.8425,0.18,8.06750000000011,1605.0
12,HATCH,1.0,0.865,0.18,-1.0,0.865,0.18,30.0,1070.0,True,284,-2.0,0.0,0.0,2.0,180.0,90.0,0.5,4.0,2606.9079441522063,2610.9079441522063,0.0,0.865,0.18,0.06750000000010914,2140.0
12,OTHER,-1.0,0.865,0.18,-1.0,0.91,0.18,40.0,1070.0,False,287,0.0,0.04500000000000004,0.0,0.04500000000000004,90.0,90.0,0.6666666666666666,0.06750000000000006,2610.9079441522063,2610.9754441522064,-1.0,0.8875,0.18,8.06750000000011,1605.0
12,HATCH,-1.0,0.91,0.18,1.0,0.91,0.18,30.0,1070.0,True,290,2.0,0.0,0.0,2.0,0.0,90.0,0.5,4.0,2610.9754441522064,2614.9754441522064,0.0,0.91,0.18,0.06750000000010914,2140.0
12,OTHER,1.0,0.91,0.18,1.0,0.955,0.18,40.0,1070.0,False,293,0.0,0.04499999999999993,0.0,0.04499999999999993,90.0,90.0,0.6666666666666666,0.0674999999999999,2614.9754441522064,2615.0429441522065,1.0,0.9325,0.18,8.06750000000011,1605.0
12,HATCH,1.0,0.955,0.18,-1.0,0.955,0.18,30.0,1070.0,True,296,-2.0,0.0,0.0,2.0,180.0,90.0,0.5,4.0,2615.0429441522065,2619.0429441522065,0.0,0.955,0.18,0.06750000000010914,2140.0
12,OTHER,-1.0,0.955,0.18,-1.0,0.955,0.195,40.0,1070.0,False,299,0.0,0.0,0.015000000000000013,0.015000000000000013,0.0,,0.6666666666666666,0.02250000000000002,2619.0429441522065,2619.0654441522065,-1.0,0.955,0.1875,8.06750000000011,1605.0
13,OTHER,-1.0,0.955,0.195,0.475038,1.0,0.195,40.0,1070.0,False,20,1.475038,0.04500000000000004,0.0,1.4757242633513892,1.7474198158713379,,0.6666666666666666,2.2135863950270838,2619.0654441522065,2621.2790305472336,-0.26248099999999996,0.9775,0.195,188.23185400000511,1605.0
13,CONTOUR,0.475038,1.0,0.195,-1.0,1.0,0.195,30.0,1070.0,False,23,-1.475038,0.0,0.0,1.475038,180.0,178.2525801841285,0.5,2.950076,2621.2790305472336,2624.2291065472336,-0.26248099999999996,1.0,0.195,0.0,2140.0
13,CONTOUR,-1.0,1.0,0.195,-1.0,0.475038,0.195,30.0,1070.0,False,24,0.0,-0.5249619999999999,0.0,0.5249619999999999,-90.0,90.0,0.5,1.0499239999999999,2624.2291065472336,2625.2790305472336,-1.0,0.737519,0.195,21.388662395027495,2140.0
13,CONTOUR,-1.0,0.475038,0.195,-1.0,-1.0,0.195,30.0,1070.0,False,25,0.0,-1.475038,0.0,1.475038,-90.0,0.0,0.5,2.950076,2625.2790305472336,2628.2291065472336,-1.0,-0.26248099999999996,0.195,111.92358639502982,2140.0
13,CONTOUR,-1.0,-1.0,0.195,-0.475038,-1.0,0.195,30.0,1070.0,False,26,0.5249619999999999,0.0,0.0,0.5249619999999999,0.0,90.0,0.5,1.0499239999999999,2628.2291065472336,2629.2790305472336,-0.737519,-1.0,0.195,188.11866239503206,2140.0
13,CONTOUR,-0.475038,-1.0,0.195,1.0,-1.0,0.195,30.0,1070.0,False,27,1.475038,0.0,0.0,1.475038,0.0,0.0,0.5,2.950076,2629.2790305472336,2632.2291065472336,0.26248099999999996,-1.0,0.195,190.44544039503216,2140.0
13,CONTOUR,1.0,-1.0,0.195,1.0,-0.475038,0.195,30.0,1070.0,False,28,0.0,0.5249619999999999,0.0,0.5249619999999999,90.0,90.0,0.5,1.0499239999999999,2632.2291065472336,2633.2790305472336,1.0,-0.737519,0.195,163.6161623950311,2140.0
13,CONTOUR,1.0,-0.475038,0.195,1.0,1.0,0.195,30.0,1070.0,False,29,0.0,1.475038,0.0,1.475038,90.0,0.0,0.5,2.950076,2633.2790305472336,2636.2291065472336,1.0,0.26248099999999996,0.195,75.18108639502861,2140.0
13,CONTOUR,1.0,1.0,0.195,0.475038,1.0,0.195,30.0,1070.0,False,30,-0.5249619999999999,0.0,0.0,0.5249619999999999,180.0,90.0,0.5,1.0499239999999999,2636.2291065472336,2637.2790305472336,0.737519,1.0,0.195,204.11866239503206,2140.0
13,OTHER,0.475038,1.0,0.195,0.490883,1.0,0.195,40.0,1070.0,False,35,0.015844999999999998,0.0,0.0,0.015844999999999998,0.0,180.0,0.6666666666666666,0.023767499999999997,2637.2790305472336,2637.3027980472334,0.4829605,1.0,0.195,386.92641205751397,1605.0
13,HATCH,0.490883,1.0,0.195,1.0,0.490883,0.195,30.0,1070.0,False,38,0.509117,-0.509117,0.0,0.7200001662347031,-45.0,45.0,0.5,1.4400003324694062,2637.3027980472334,2638.742798379703,0.7454415,0.7454415,0.195,712.3311226105052,2140.0
13,OTHER,1.0,0.490883,0.195,1.0,0.554523,0.195,40.0,1070.0,False,41,0.0,0.06363999999999997,0.0,0.06363999999999997,90.0,135.0,0.6666666666666666,0.09545999999999996,2638.742798379703,2638.838258379703,1.0,0.522703,0.195,56.23985422749729,1605.0
13,HATCH,1.0,0.554523,0.195,0.554523,1.0,0.195,30.0,1070.0,False,44,-0.445477,0.445477,0.0,0.6299996151252792,135.0,45.0,0.5,1.2599992302505585,2638.838258379703,2640.0982576099536,0.7772615,0.7772615,0.195,0.09546000000000276,2140.0
13,OTHER,0.554523,1.0,0.195,0.618162,1.0,0.195,40.0,1070.0,False,47,0.063639,0.0,0.0,0.063639,0.0,135.0,0.6666666666666666,0.0954585,2640.0982576099536,2640.1937161099536,0.5863425,1.0,0.195,207.98781345775205,1605.0
13,HATCH,0.618162,1.0,0.195,1.0,0.618162,0.195,30.0,1070.0,False,50,0.381838,-0.381838,0.0,0.5400004782294179,-45.0,45.00000000000001,0.5,1.0800009564588358,2640.1937161099536,2641.2737170664122,0.8090809999999999,0.8090809999999999,0.195,0.09545849999994971,2140.0
13,OTHER,1.0,0.618162,0.195,1.0,0.681802,0.195,40.0,1070.0,False,53,0.0,0.06364000000000003,0.0,0.06364000000000003,90.0,135.0,0.6666666666666666,0.09546000000000004,2641.2737170664122,2641.3691770664122,1.0,0.6499820000000001,0.195,50.63577291420643,1605.0
13,HATCH,1.0,0.681802,0.195,0.681802,1.0,0.195,30.0,1070.0,False,56,-0.318198,0.318198,0.0,0.4499999271199941,135.0,45.00000000000001,0.5,0.8999998542399882,2641.3691770664122,2642.269176920652,0.840901,0.840901,0.195,0.09546000000000276,2140.0
13,OTHER,0.681802,1.0,0.195,0.745442,1.0,0.195,40.0,1070.0,False,59,0.06364000000000003,0.0,0.0,0.06364000000000003,0.0,135.0,0.6666666666666666,0.09546000000000004,2642.269176920652,2642.364636920652,0.713622,1.0,0.195,4.990146373418611,1605.0
13,HATCH,0.745442,1.0,0.195,1.0,0.745442,0.195,30.0,1070.0,False,62,0.25455799999999995,-0.25455799999999995,0.0,0.35999937601057025,-45.0,45.0,0.5,0.7199987520211405,2642.364636920652,2643.0846356726734,0.8727210000000001,0.8727210000000001,0.195,0.09546000000000276,2140.0
13,OTHER,1.0,0.745442,0.195,1.0,0.809081,0.195,40.0,1070.0,False,65,0.0,0.063639,0.0,0.063639,90.0,135.0,0.6666666666666666,0.0954585,2643.0846356726734,2643.1800941726733,1.0,0.7772615,0.195,36.1766915204671,1605.0
13,HATCH,1.0,0.809081,0.195,0.809081,1.0,0.195,30.0,1070.0,False,68,-0.19091899999999995,0.19091899999999995,0.0,0.2700002391147089,135.0,45.00000000000001,0.5,0.5400004782294178,2643.1800941726733,2643.720094650903,0.9045405,0.9045405,0.195,0.09545849999994971,2140.0
13,OTHER,0.809081,1.0,0.195,0.872721,1.0,0.195,40.0,1070.0,False,71,0.06363999999999992,0.0,0.0,0.06363999999999992,0.0,135.0,0.6666666666666666,0.09545999999999988,2643.720094650903,2643.815554650903,0.840901,1.0,0.195,364.17472077086813,1605.0
13,HATCH,0.872721,1.0,0.195,1.0,0.872721,0.195,30.0,1070.0,False,74,0.12727900000000003,-0.12727900000000003,0.0,0.1799996880052852,-45.0,45.00000000000001,0.5,0.3599993760105704,2643.815554650903,2644.1755540269132,0.9363604999999999,0.9363604999999999,0.195,0.09546000000000276,2140.0
13,OTHER,1.0,0.872721,0.195,1.0,0.93636,0.195,40.0,1070.0,False,77,0.0,0.063639,0.0,0.063639,90.0,135.0,0.6666666666666666,0.0954585,2644.1755540269132,2644.271012526913,1.0,0.9045405,0.195,0.0,1605.0
13,HATCH,1.0,0.93636,0.195,0.93636,1.0,0.195,30.0,1070.0,False,80,-0.06364000000000003,0.06364000000000003,0.0,0.09000055110942382,135.0,45.0,0.5,0.18000110221884763,2644.271012526913,2644.451013629132,0.96818,0.96818,0.195,0.0,2140.0
13,OTHER,0.93636,1.0,0.195,0.427244,1.0,0.195,40.0,1070.0,False,83,-0.5091159999999999,0.0,0.0,0.5091159999999999,180.0,45.00000000000001,0.6666666666666666,0.7636739999999999,2644.451013629132,2645.2146876291317,0.681802,1.0,0.195,2.0863767084797473,1605.0
13,HATCH,0.427244,1.0,0.195,1.0,0.427244,0.195,30.0,1070.0,False,86,0.572756,-0.572756,0.0,0.8099993031305645,-45.0,135.00000000000003,0.5,1.619998606261129,2645.2146876291317,2646.834686235393,0.713622,0.713622,0.195,5.116430019178097,2140.0
13,OTHER,1.0,0.427244,0.195,1.0,0.363604,0.195,40.0,1070.0,False,89,0.0,-0.06364000000000003,0.0,0.06364000000000003,-90.0,45.0,0.6666666666666666,0.09546000000000004,2646.834686235393,2646.930146235393,1.0,0.395424,0.195,72.46674208318746,1605.0
13,HATCH,1.0,0.363604,0.195,0.363604,1.0,0.195,30.0,1070.0,False,92,-0.636396,0.636396,0.0,0.8999998542399882,135.0,135.0,0.5,1.7999997084799764,2646.930146235393,2648.7301459438727,0.681802,0.681802,0.195,0.09546000000000276,2140.0
13,OTHER,0.363604,1.0,0.195,0.299964,1.0,0.195,40.0,1070.0,False,95,-0.06363999999999997,0.0,0.0,0.06363999999999997,180.0,45.00000000000001,0.6666666666666666,0.09545999999999996,2648.7301459438727,2648.8256059438727,0.33178399999999997,1.0,0.195,406.66844614231286,1605.0
13,HATCH,0.299964,1.0,0.195,1.0,0.299964,0.195,30.0,1070.0,False,98,0.700036,-0.700036,0.0,0.9900004053494119,-45.0,135.0,0.5,1.9800008106988238,2648.8256059438727,2650.8056067545717,0.6499820000000001,0.6499820000000001,0.195,0.09546000000000276,2140.0
13,OTHER,1.0,0.299964,0.195,1.0,0.236325,0.195,40.0,1070.0,False,101,0.0,-0.063639,0.0,0.063639,-90.0,45.0,0.6666666666666666,0.0954585,2650.8056067545717,2650.9010652545717,1.0,0.2681445,0.195,14.576500207338086,1605.0
13,HATCH,1.0,0.236325,0.195,0.236325,1.0,0.195,30.0,1070.0,False,104,-0.763675,0.763675,0.0,1.0799995422452733,135.0,135.0,0.5,2.1599990844905466,2650.9010652545717,2653.0610643390623,0.6181625,0.6181625,0.195,0.09545849999994971,2140.0
13,OTHER,0.236325,1.0,0.195,0.172685,1.0,0.195,40.0,1070.0,False,107,-0.06364,0.0,0.0,0.06364,180.0,44.999999999999986,0.6666666666666666,0.09546,2653.0610643390623,2653.1565243390623,0.204505,1.0,0.195,264.37744704601755,1605.0
13,HATCH,0.172685,1.0,0.195,1.0,0.172685,0.195,30.0,1070.0,False,110,0.827315,-0.827315,0.0,1.1700000933546972,-45.0,135.0,0.5,2.3400001867093945,2653.1565243390623,2655.4965245257717,0.5863425,0.5863425,0.195,0.09546000000000276,2140.0
13,OTHER,1.0,0.172685,0.195,1.0,0.109045,0.195,40.0,1070.0,False,113,0.0,-0.06364,0.0,0.06364,-90.0,45.0,0.6666666666666666,0.09546,2655.4965245257717,2655.5919845257717,1.0,0.14086500000000002,0.195,105.53358037356702,1605.0
13,HATCH,1.0,0.109045,0.195,0.109045,1.0,0.195,30.0,1070.0,False,116,-0.8909549999999999,0.8909549999999999,0.0,1.2600006444641207,135.0,135.0,0.5,2.5200012889282415,2655.5919845257717,2658.1119858147,0.5545225,0.5545225,0.195,0.09546000000000276,2140.0
13,OTHER,0.109045,1.0,0.195,0.045406,1.0,0.195,40.0,1070.0,False,119,-0.063639,0.0,0.0,0.063639,180.0,45.0,0.6666666666666666,0.0954585,2658.1119858147,2658.2074443147,0.0772255,1.0,0.195,39.06904166249342,1605.0
13,HATCH,0.045406,1.0,0.195,1.0,0.045406,0.195,30.0,1070.0,False,122,0.9545939999999999,-0.9545939999999999,0.0,1.3499997813599822,-45.0,135.0,0.5,2.6999995627199644,2658.2074443147,2660.9074438774196,0.522703,0.522703,0.195,0.09545849999994971,2140.0
13,OTHER,1.0,0.045406,0.195,1.0,-0.018234,0.195,40.0,1070.0,False,125,0.0,-0.06364,0.0,0.06364,-90.0,45.0,0.6666666666666666,0.09546,2660.9074438774196,2661.0029038774196,1.0,0.013586,0.195,127.21449972521532,1605.0
13,HATCH,1.0,-0.018234,0.195,-0.018234,1.0,0.195,30.0,1070.0,False,128,-1.018234,1.018234,0.0,1.4400003324694062,135.0,135.0,0.5,2.8800006649388123,2661.0029038774196,2663.8829045423586,0.490883,0.490883,0.195,0.09546000000000276,2140.0
13,OTHER,-0.018234,1.0,0.195,-0.081873,1.0,0.195,40.0,1070.0,False,131,-0.063639,0.0,0.0,0.063639,180.0,45.00000000000001,0.6666666666666666,0.0954585,2663.8829045423586,2663.9783630423585,-0.0500535,1.0,0.195,44.8399603901521,1605.0
13,HATCH,-0.081873,1.0,0.195,1.0,-0.081873,0.195,30.0,1070.0,False,134,1.081873,-1.081873,0.0,1.5299994693652677,-45.0,135.0,0.5,3.0599989387305353,2663.9783630423585,2667.038361981089,0.4590635,0.4590635,0.195,0.09545849999994971,2140.0
13,OTHER,1.0,-0.081873,0.195,1.0,-0.145513,0.195,40.0,1070.0,False,137,0.0,-0.06364,0.0,0.06364,-90.0,45.0,0.6666666666666666,0.09546,2667.038361981089,2667.133821981089,1.0,-0.113693,0.195,141.48041782888504,1605.0
13,HATCH,1.0,-0.145513,0.195,-0.145513,1.0,0.195,30.0,1070.0,False,140,-1.145513,1.145513,0.0,1.6200000204746912,135.0,135.0,0.5,3.2400000409493823,2667.133821981089,2670.3738220220384,0.4272435,0.4272435,0.195,0.09546000000000276,2140.0
13,OTHER,-0.145513,1.0,0.195,-0.209153,1.0,0.195,40.0,1070.0,False,143,-0.06364,0.0,0.0,0.06364,180.0,45.0,0.6666666666666666,0.09546,2670.3738220220384,2670.4692820220384,-0.17733300000000002,1.0,0.195,46.1447154748048,1605.0
13,HATCH,-0.209153,1.0,0.195,1.0,-0.209153,0.195,30.0,1070.0,False,146,1.209153,-1.209153,0.0,1.710000571584115,-45.0,135.0,0.5,3.42000114316823,2670.4692820220384,2673.8892831652065,0.3954235,0.3954235,0.195,0.09546000000000276,2140.0
13,OTHER,1.0,-0.209153,0.195,1.0,-0.272792,0.195,40.0,1070.0,False,149,0.0,-0.06363899999999997,0.0,0.06363899999999997,-90.0,45.0,0.6666666666666666,0.09545849999999996,2673.8892831652065,2673.9847416652065,1.0,-0.24097249999999998,0.195,156.46633901300265,1605.0
13,HATCH,1.0,-0.272792,0.195,-0.272792,1.0,0.195,30.0,1070.0,False,152,-1.272792,1.272792,0.0,1.7999997084799764,135.0,135.0,0.5,3.5999994169599527,2673.9847416652065,2677.5847410821666,0.36360400000000004,0.36360400000000004,0.195,0.09545849999994971,2140.0
13,OTHER,-0.272792,1.0,0.195,-0.336432,1.0,0.195,40.0,1070.0,False,155,-0.06364000000000003,0.0,0.0,0.06364000000000003,180.0,45.00000000000001,0.6666666666666666,0.09546000000000004,2677.5847410821666,2677.6802010821666,-0.304612,1.0,0.195,53.35563453493296,1605.0
13,HATCH,-0.336432,1.0,0.195,1.0,-0.336432,0.195,30.0,1070.0,False,158,1.336432,-1.336432,0.0,1.8900002595894003,-45.0,135.0,0.5,3.7800005191788006,2677.6802010821666,2681.4602016013455,0.33178399999999997,0.33178399999999997,0.195,0.09546000000000276,2140.0
13,OTHER,1.0,-0.336432,0.195,1.0,-0.400071,0.195,40.0,1070.0,False,161,0.0,-0.063639,0.0,0.063639,-90.0,45.00000000000001,0.6666666666666666,0.0954585,2681.4602016013455,2681.5556601013454,1.0,-0.3682515,0.195,180.30725744914207,1605.0
13,HATCH,1.0,-0.400071,0.195,-0.400071,1.0,0.195,30.0,1070.0,False,164,-1.400071,1.400071,0.0,1.9799993964852616,135.0,135.0,0.5,3.959998792970523,2681.5556601013454,2685.515658894316,0.29996449999999997,0.29996449999999997,0.195,0.09545849999994971,2140.0
13,OTHER,-0.400071,1.0,0.195,-0.463711,1.0,0.195,40.0,1070.0,False,167,-0.06363999999999997,0.0,0.0,0.06363999999999997,180.0,45.0,0.6666666666666666,0.09545999999999996,2685.515658894316,2685.611118894316,-0.431891,1.0,0.195,271.5774487083645,1605.0
13,HATCH,-0.463711,1.0,0.195,1.0,-0.463711,0.195,30.0,1070.0,False,170,1.463711,-1.463711,0.0,2.069999947594685,-45.0,135.0,0.5,4.13999989518937,2685.611118894316,2689.751118789505,0.2681445,0.2681445,0.195,0.09546000000000276,2140.0
13,OTHER,1.0,-0.463711,0.195,1.0,-0.527351,0.195,40.0,1070.0,False,173,0.0,-0.06364000000000003,0.0,0.06364000000000003,-90.0,45.0,0.6666666666666666,0.09546000000000004,2689.751118789505,2689.846578789505,1.0,-0.495531,0.195,196.733174637302,1605.0
13,HATCH,1.0,-0.527351,0.195,-0.527351,1.0,0.195,30.0,1070.0,False,176,-1.527351,1.527351,0.0,2.160000498704109,135.0,135.0,0.5,4.320000997408218,2689.846578789505,2694.1665797869136,0.2363245,0.2363245,0.195,0.09546000000000276,2140.0
13,OTHER,-0.527351,1.0,0.195,-0.59099,1.0,0.195,40.0,1070.0,False,179,-0.063639,0.0,0.0,0.063639,180.0,45.00000000000001,0.6666666666666666,0.0954585,2694.1665797869136,2694.2620382869136,-0.5591705,1.0,0.195,277.337451538242,1605.0
13,HATCH,-0.59099,1.0,0.195,1.0,-0.59099,0.195,30.0,1070.0,False,182,1.5909900000000001,-1.5909900000000001,0.0,2.2499996355999707,-45.0,135.0,0.5,4.4999992711999415,2694.2620382869136,2698.7620375581137,0.204505,0.204505,0.195,0.09545849999994971,2140.0
13,OTHER,1.0,-0.59099,0.195,1.0,-0.65463,0.195,40.0,1070.0,False,185,0.0,-0.06364000000000003,0.0,0.06364000000000003,-90.0,45.0,0.6666666666666666,0.09546000000000004,2698.7620375581137,2698.8574975581137,1.0,-0.6228100000000001,0.195,222.0140934059109,1605.0
13,HATCH,1.0,-0.65463,0.195,-0.65463,1.0,0.195,30.0,1070.0,False,188,-1.65463,1.65463,0.0,2.3400001867093945,135.0,135.0,0.5,4.680000373418789,2698.8574975581137,2703.5374979315325,0.17268499999999998,0.17268499999999998,0.195,0.09546000000000276,2140.0
13,OTHER,-0.65463,1.0,0.195,-0.718269,1.0,0.195,40.0,1070.0,False,191,-0.063639,0.0,0.0,0.063639,180.0,45.0,0.6666666666666666,0.0954585,2703.5374979315325,2703.6329564315324,-0.6864495,1.0,0.195,284.53744887216226,1605.0
13,HATCH,-0.718269,1.0,0.195,1.0,-0.718269,0.195,30.0,1070.0,False,194,1.718269,-1.718269,0.0,2.429999323605256,-45.0,135.0,0.5,4.859998647210512,2703.6329564315324,2708.492955078743,0.14086549999999998,0.14086549999999998,0.195,0.09545849999994971,2140.0
13,OTHER,1.0,-0.718269,0.195,1.0,-0.781909,0.195,40.0,1070.0,False,197,0.0,-0.06363999999999992,0.0,0.06363999999999992,-90.0,45.00000000000001,0.6666666666666666,0.09545999999999988,2708.492955078743,2708.588415078743,1.0,-0.750089,0.195,75.21392453150929,1605.0
13,HATCH,1.0,-0.781909,0.195,-0.781909,1.0,0.195,30.0,1070.0,False,200,-1.781909,1.781909,0.0,2.5199998747146792,135.0,135.0,0.5,5.0399997494293585,2708.588415078743,2713.628414828172,0.10904550000000002,0.10904550000000002,0.195,0.09546000000000276,2140.0
13,OTHER,-0.781909,1.0,0.195,-0.845549,1.0,0.195,40.0,1070.0,False,203,-0.06364000000000003,0.0,0.0,0.06364000000000003,180.0,45.0,0.6666666666666666,0.09546000000000004,2713.628414828172,2713.723874828172,-0.8137289999999999,1.0,0.195,293.1774480385511,1605.0
13,HATCH,-0.845549,1.0,0.195,1.0,-0.845549,0.195,30.0,1070.0,False,206,1.845549,-1.845549,0.0,2.6100004258241034,-45.0,135.0,0.5,5.220000851648207,2713.723874828172,2718.9438756798204,0.0772255,0.0772255,0.195,0.09546000000000276,2140.0
13,OTHER,1.0,-0.845549,0.195,1.0,-0.909188,0.195,40.0,1070.0,False,209,0.0,-0.063639,0.0,0.063639,-90.0,45.0,0.6666666666666666,0.0954585,2718.9438756798204,2719.0393341798203,1.0,-0.8773685,0.195,258.46593152761807,1605.0
13,HATCH,1.0,-0.909188,0.195,-0.909188,1.0,0.195,30.0,1070.0,False,212,-1.9091879999999999,1.9091879999999999,0.0,2.6999995627199644,135.0,135.0,0.5,5.399999125439929,2719.0393341798203,2724.4393333052603,0.045406,0.045406,0.195,0.09545849999994971,2140.0
13,OTHER,-0.909188,1.0,0.195,-0.972828,1.0,0.195,40.0,1070.0,False,215,-0.06364000000000003,0.0,0.0,0.06364000000000003,180.0,45.00000000000001,0.6666666666666666,0.09546000000000004,2724.4393333052603,2724.5347933052603,-0.9410080000000001,1.0,0.195,105.37388915305382,1605.0
13,HATCH,-0.972828,1.0,0.195,1.0,-0.972828,0.195,30.0,1070.0,False,218,1.972828,-1.972828,0.0,2.7900001138293886,-45.0,135.0,0.5,5.580000227658777,2724.5347933052603,2730.114793532919,0.013585999999999987,0.013585999999999987,0.195,0.09546000000000276,2140.0
13,OTHER,1.0,-0.972828,0.195,0.963532,-1.0,0.195,40.0,1070.0,False,221,-0.036467999999999945,-0.027171999999999974,0.0,0.045477825453730684,-143.310514876141,98.31051487614101,0.6666666666666666,0.06821673818059604,2730.114793532919,2730.1830102710996,0.981766,-0.986414,0.195,285.9068493807172,1605.0
13,HATCH,0.963532,-1.0,0.195,-1.0,0.963532,0.195,30.0,1070.0,False,224,-1.963532,1.963532,0.0,2.7768535845535682,135.0,81.689485123859,0.5,5.5537071691071365,2730.1830102710996,2735.7367174402066,-0.018233999999999972,-0.018233999999999972,0.195,0.06821673818058116,2140.0
13,OTHER,-1.0,0.963532,0.195,-1.0,0.899893,0.195,40.0,1070.0,False,227,0.0,-0.063639,0.0,0.063639,-90.0,135.0,0.6666666666666666,0.0954585,2735.7367174402066,2735.8321759402065,-1.0,0.9317125,0.195,11.201924134946239,1605.0
13,HATCH,-1.0,0.899893,0.195,0.899893,-1.0,0.195,30.0,1070.0,False,230,1.899893,-1.899893,0.0,2.6868544476577068,-45.0,45.0,0.5,5.3737088953154135,2735.8321759402065,2741.205884835522,-0.05005349999999997,-0.05005349999999997,0.195,0.09545849999994971,2140.0
13,OTHER,0.899893,-1.0,0.195,0.836253,-1.0,0.195,40.0,1070.0,False,233,-0.06364000000000003,0.0,0.0,0.06364000000000003,180.0,135.0,0.6666666666666666,0.09546000000000004,2741.205884835522,2741.301344835522,0.8680730000000001,-1.0,0.195,359.4372596540288,1605.0
13,HATCH,0.836253,-1.0,0.195,-1.0,0.836253,0.195,30.0,1070.0,False,236,-1.8362530000000001,1.8362530000000001,0.0,2.596853896548283,135.0,45.00000000000001,0.5,5.193707793096566,2741.301344835522,2746.4950526286184,-0.08187349999999999,-0.08187349999999999,0.195,0.09546000000000276,2140.0
13,OTHER,-1.0,0.836253,0.195,-1.0,0.772614,0.195,40.0,1070.0,False,239,0.0,-0.063639,0.0,0.063639,-90.0,135.0,0.6666666666666666,0.0954585,2746.4950526286184,2746.5905111286183,-1.0,0.8044335,0.195,121.21602208138484,1605.0
13,HATCH,-1.0,0.772614,0.195,0.772614,-1.0,0.195,30.0,1070.0,False,242,1.772614,-1.772614,0.0,2.5068547596524215,-45.0,45.00000000000001,0.5,5.013709519304843,2746.5905111286183,2751.6042206479233,-0.11369299999999999,-0.11369299999999999,0.195,0.09545849999994971,2140.0
13,OTHER,0.772614,-1.0,0.195,0.708974,-1.0,0.195,40.0,1070.0,False,245,-0.06364000000000003,0.0,0.0,0.06364000000000003,180.0,135.0,0.6666666666666666,0.09546000000000004,2751.6042206479233,2751.6996806479233,0.740794,-1.0,0.195,371.5676390538906,1605.0
13,HATCH,0.708974,-1.0,0.195,-1.0,0.708974,0.195,30.0,1070.0,False,248,-1.708974,1.708974,0.0,2.416854208542998,135.0,45.00000000000001,0.5,4.833708417085996,2751.6996806479233,2756.5333890650095,-0.145513,-0.145513,0.195,0.09546000000000276,2140.0
13,OTHER,-1.0,0.708974,0.195,-1.0,0.645334,0.195,40.0,1070.0,False,251,0.0,-0.06364000000000003,0.0,0.06364000000000003,-90.0,135.0,0.6666666666666666,0.09546000000000004,2756.5333890650095,2756.6288490650095,-1.0,0.677154,0.195,131.25435851777593,1605.0
13,HATCH,-1.0,0.645334,0.195,0.645334,-1.0,0.195,30.0,1070.0,False,254,1.645334,-1.645334,0.0,2.326853657433574,-45.0,45.0,0.5,4.653707314867148,2756.6288490650095,2761.2825563798765,-0.17733300000000002,-0.17733300000000002,0.195,0.09546000000000276,2140.0
13,OTHER,0.645334,-1.0,0.195,0.581695,-1.0,0.195,40.0,1070.0,False,257,-0.063639,0.0,0.0,0.063639,180.0,135.0,0.6666666666666666,0.0954585,2761.2825563798765,2761.3780148798764,0.6135145,-1.0,0.195,383.3643108078668,1605.0
13,HATCH,0.581695,-1.0,0.195,-1.0,0.581695,0.195,30.0,1070.0,False,260,-1.5816949999999999,1.5816949999999999,0.0,2.2368545205377126,135.0,45.00000000000001,0.5,4.473709041075425,2761.3780148798764,2765.851723920952,-0.20915250000000002,-0.20915250000000002,0.195,0.09545849999994971,2140.0
13,OTHER,-1.0,0.581695,0.195,-1.0,0.518055,0.195,40.0,1070.0,False,263,0.0,-0.06363999999999992,0.0,0.06363999999999992,-90.0,135.0,0.6666666666666666,0.09545999999999988,2765.851723920952,2765.947183920952,-1.0,0.549875,0.195,179.28127976874612,1605.0
13,HATCH,-1.0,0.518055,0.195,0.518055,-1.0,0.195,30.0,1070.0,False,266,1.518055,-1.518055,0.0,2.146853969428289,-45.0,45.00000000000001,0.5,4.293707938856578,2765.947183920952,2770.2408918598085,-0.24097249999999998,-0.24097249999999998,0.195,0.09546000000000276,2140.0
13,OTHER,0.518055,-1.0,0.195,0.454416,-1.0,0.195,40.0,1070.0,False,269,-0.06363900000000006,0.0,0.0,0.06363900000000006,180.0,135.0,0.6666666666666666,0.09545850000000008,2770.2408918598085,2770.3363503598084,0.48623550000000004,-1.0,0.195,395.16098106184245,1605.0
13,HATCH,0.454416,-1.0,0.195,-1.0,0.454416,0.195,30.0,1070.0,False,272,-1.454416,1.454416,0.0,2.0568548325324274,135.0,45.0,0.5,4.113709665064855,2770.3363503598084,2774.4500600248734,-0.27279200000000003,-0.27279200000000003,0.195,0.09545849999994971,2140.0
13,OTHER,-1.0,0.454416,0.195,-1.0,0.390776,0.195,40.0,1070.0,False,275,0.0,-0.06363999999999997,0.0,0.06363999999999997,-90.0,135.0,0.6666666666666666,0.09545999999999996,2774.4500600248734,2774.5455200248734,-1.0,0.42259599999999997,0.195,204.14961587266816,1605.0
13,HATCH,-1.0,0.390776,0.195,0.390776,-1.0,0.195,30.0,1070.0,False,278,1.390776,-1.390776,0.0,1.9668542814230037,-45.0,45.00000000000001,0.5,3.9337085628460073,2774.5455200248734,2778.4792285877193,-0.304612,-0.304612,0.195,0.09546000000000276,2140.0
13,OTHER,0.390776,-1.0,0.195,0.327136,-1.0,0.195,40.0,1070.0,False,281,-0.06364000000000003,0.0,0.0,0.06364000000000003,180.0,135.0,0.6666666666666666,0.09546000000000004,2778.4792285877193,2778.5746885877193,0.358956,-1.0,0.195,146.25012204048562,1605.0
13,HATCH,0.327136,-1.0,0.195,-1.0,0.327136,0.195,30.0,1070.0,False,284,-1.3271359999999999,1.3271359999999999,0.0,1.8768537303135797,135.0,45.00000000000001,0.5,3.7537074606271594,2778.5746885877193,2782.3283960483463,-0.336432,-0.336432,0.195,0.09546000000000276,2140.0
13,OTHER,-1.0,0.327136,0.195,-1.0,0.263497,0.195,40.0,1070.0,False,287,0.0,-0.063639,0.0,0.063639,-90.0,135.0,0.6666666666666666,0.0954585,2782.3283960483463,2782.4238545483463,-1.0,0.2953165,0.195,220.1629518961413,1605.0
13,HATCH,-1.0,0.263497,0.195,0.263497,-1.0,0.195,30.0,1070.0,False,290,1.263497,-1.263497,0.0,1.7868545934177187,-45.0,45.00000000000001,0.5,3.5737091868354374,2782.4238545483463,2785.9975637351818,-0.3682515,-0.3682515,0.195,0.09545849999994971,2140.0
13,OTHER,0.263497,-1.0,0.195,0.199857,-1.0,0.195,40.0,1070.0,False,293,-0.06363999999999997,0.0,0.0,0.06363999999999997,180.0,135.0,0.6666666666666666,0.09545999999999996,2785.9975637351818,2786.0930237351818,0.231677,-1.0,0.195,153.76845718794812,1605.0
13,HATCH,0.199857,-1.0,0.195,-1.0,0.199857,0.195,30.0,1070.0,False,296,-1.199857,1.199857,0.0,1.6968540423082947,135.0,45.00000000000001,0.5,3.3937080846165895,2786.0930237351818,2789.4867318197985,-0.4000715,-0.4000715,0.195,0.09546000000000276,2140.0
13,OTHER,-1.0,0.199857,0.195,-1.0,0.136218,0.195,40.0,1070.0,False,299,0.0,-0.063639,0.0,0.063639,-90.0,135.0,0.6666666666666666,0.0954585,2789.4867318197985,2789.5821903197984,-1.0,0.1680375,0.195,235.45628766759364,1605.0
13,HATCH,-1.0,0.136218,0.195,0.136218,-1.0,0.195,30.0,1070.0,False,302,1.136218,-1.136218,0.0,1.6068549054124333,-45.0,45.00000000000001,0.5,3.2137098108248665,2789.5821903197984,2792.7959001306235,-0.431891,-0.431891,0.195,0.09545849999994971,2140.0
13,OTHER,0.136218,-1.0,0.195,0.072578,-1.0,0.195,40.0,1070.0,False,305,-0.06364,0.0,0.0,0.06364,180.0,135.0,0.6666666666666666,0.09546,2792.7959001306235,2792.8913601306235,0.104398,-1.0,0.195,430.55099615219706,1605.0
13,HATCH,0.072578,-1.0,0.195,-1.0,0.072578,0.195,30.0,1070.0,False,308,-1.072578,1.072578,0.0,1.5168543543030095,135.0,45.0,0.5,3.033708708606019,2792.8913601306235,2795.9250688392294,-0.463711,-0.463711,0.195,0.09546000000000276,2140.0
13,OTHER,-1.0,0.072578,0.195,-1.0,0.008938,0.195,40.0,1070.0,False,311,0.0,-0.06364,0.0,0.06364,-90.0,135.0,0.6666666666666666,0.09546,2795.9250688392294,2796.0205288392294,-1.0,0.040758,0.195,258.164624687025,1605.0
13,HATCH,-1.0,0.008938,0.195,0.008938,-1.0,0.195,30.0,1070.0,False,314,1.008938,-1.008938,0.0,1.4268538031935856,-45.0,45.0,0.5,2.853707606387171,2796.0205288392294,2798.8742364456166,-0.495531,-0.495531,0.195,0.09546000000000276,2140.0
13,OTHER,0.008938,-1.0,0.195,-0.054701,-1.0,0.195,40.0,1070.0,False,317,-0.063639,0.0,0.0,0.063639,180.0,135.0,0.6666666666666666,0.0954585,2798.8742364456166,2798.9696949456165,-0.0228815,-1.0,0.195,350.6662922934147,1605.0
13,HATCH,-0.054701,-1.0,0.195,-1.0,-0.054701,0.195,30.0,1070.0,False,320,-0.945299,0.945299,0.0,1.3368546662977243,135.0,45.0,0.5,2.6737093325954486,2798.9696949456165,2801.643404278212,-0.5273505,-0.5273505,0.195,0.09545849999994971,2140.0
13,OTHER,-1.0,-0.054701,0.195,-1.0,-0.118341,0.195,40.0,1070.0,False,323,0.0,-0.06364,0.0,0.06364,-90.0,135.0,0.6666666666666666,0.09546,2801.643404278212,2801.738864278212,-1.0,-0.086521,0.195,272.0179601260079,1605.0
13,HATCH,-1.0,-0.118341,0.195,-0.118341,-1.0,0.195,30.0,1070.0,False,326,0.881659,-0.881659,0.0,1.2468541151883006,-45.0,45.00000000000001,0.5,2.493708230376601,2801.738864278212,2804.232572508589,-0.5591705,-0.5591705,0.195,0.09546000000000276,2140.0
13,OTHER,-0.118341,-1.0,0.195,-0.181981,-1.0,0.195,40.0,1070.0,False,329,-0.06364,0.0,0.0,0.06364,180.0,135.0,0.6666666666666666,0.09546,2804.232572508589,2804.328032508589,-0.150161,-1.0,0.195,454.14434248857606,1605.0
13,HATCH,-0.181981,-1.0,0.195,-1.0,-0.181981,0.195,30.0,1070.0,False,332,-0.818019,0.818019,0.0,1.1568535640788769,135.0,45.00000000000001,0.5,2.3137071281577537,2804.328032508589,2806.6417396367465,-0.5909905,-0.5909905,0.195,0.09546000000000276,2140.0
13,OTHER,-1.0,-0.181981,0.195,-1.0,-0.24562,0.195,40.0,1070.0,False,335,0.0,-0.063639,0.0,0.063639,-90.0,135.0,0.6666666666666666,0.0954585,2806.6417396367465,2806.7371981367464,-1.0,-0.2138005,0.195,178.41263308951284,1605.0
13,HATCH,-1.0,-0.24562,0.195,-0.24562,-1.0,0.195,30.0,1070.0,False,338,0.75438,-0.75438,0.0,1.0668544271830156,-45.0,45.0,0.5,2.133708854366031,2806.7371981367464,2808.8709069911124,-0.62281,-0.62281,0.195,0.09545849999994971,2140.0
13,OTHER,-0.24562,-1.0,0.195,-0.30926,-1.0,0.195,40.0,1070.0,False,341,-0.06363999999999997,0.0,0.0,0.06363999999999997,180.0,135.0,0.6666666666666666,0.09545999999999996,2808.8709069911124,2808.9663669911124,-0.27744,-1.0,0.195,465.9410127425517,1605.0
13,HATCH,-0.30926,-1.0,0.195,-1.0,-0.30926,0.195,30.0,1070.0,False,344,-0.69074,0.69074,0.0,0.9768538760735918,135.0,45.00000000000001,0.5,1.9537077521471835,2808.9663669911124,2810.9200747432596,-0.65463,-0.65463,0.195,0.09546000000000276,2140.0
13,OTHER,-1.0,-0.30926,0.195,-1.0,-0.372899,0.195,40.0,1070.0,False,347,0.0,-0.063639,0.0,0.063639,-90.0,135.0,0.6666666666666666,0.0954585,2810.9200747432596,2811.0155332432596,-1.0,-0.3410795,0.195,182.690968196026,1605.0
13,HATCH,-1.0,-0.372899,0.195,-0.372899,-1.0,0.195,30.0,1070.0,False,350,0.627101,-0.627101,0.0,0.8868547391777303,-45.0,45.0,0.5,1.7737094783554606,2811.0155332432596,2812.789242721615,-0.6864494999999999,-0.6864494999999999,0.195,0.09545849999994971,2140.0
13,OTHER,-0.372899,-1.0,0.195,-0.436539,-1.0,0.195,40.0,1070.0,False,353,-0.06364000000000003,0.0,0.0,0.06364000000000003,180.0,135.0,0.6666666666666666,0.09546000000000004,2812.789242721615,2812.884702721615,-0.404719,-1.0,0.195,477.7376829965274,1605.0
13,HATCH,-0.436539,-1.0,0.195,-1.0,-0.436539,0.195,30.0,1070.0,False,356,-0.563461,0.563461,0.0,0.7968541880683064,135.0,44.999999999999986,0.5,1.5937083761366129,2812.884702721615,2814.4784110977516,-0.7182695,-0.7182695,0.195,0.09546000000000276,2140.0
13,OTHER,-1.0,-0.436539,0.195,-1.0,-0.500179,0.195,40.0,1070.0,False,359,0.0,-0.06364000000000003,0.0,0.06364000000000003,-90.0,135.00000000000003,0.6666666666666666,0.09546000000000004,2814.4784110977516,2814.5738710977516,-1.0,-0.468359,0.195,317.3929669455483,1605.0
13,HATCH,-1.0,-0.500179,0.195,-0.500179,-1.0,0.195,30.0,1070.0,False,362,0.49982099999999996,-0.49982099999999996,0.0,0.7068536369588827,-45.0,45.00000000000001,0.5,1.4137072739177654,2814.5738710977516,2815.9875783716693,-0.7500895000000001,-0.7500895000000001,0.195,0.09546000000000276,2140.0
13,OTHER,-0.500179,-1.0,0.195,-0.563818,-1.0,0.195,40.0,1070.0,False,365,-0.063639,0.0,0.0,0.063639,180.0,135.0,0.6666666666666666,0.0954585,2815.9875783716693,2816.0830368716693,-0.5319985,-1.0,0.195,489.5343547505031,1605.0
13,HATCH,-0.563818,-1.0,0.195,-1.0,-0.563818,0.195,30.0,1070.0,False,368,-0.43618199999999996,0.43618199999999996,0.0,0.6168545000630212,135.0,45.0,0.5,1.2337090001260425,2816.0830368716693,2817.3167458717953,-0.781909,-0.781909,0.195,0.09545849999994971,2140.0
13,OTHER,-1.0,-0.563818,0.195,-1.0,-0.627458,0.195,40.0,1070.0,False,371,0.0,-0.06363999999999992,0.0,0.06363999999999992,-90.0,135.00000000000003,0.6666666666666666,0.09545999999999988,2817.3167458717953,2817.4122058717953,-1.0,-0.595638,0.195,336.50130171959245,1605.0
13,HATCH,-1.0,-0.627458,0.195,-0.627458,-1.0,0.195,30.0,1070.0,False,374,0.37254200000000004,-0.37254200000000004,0.0,0.5268539489535976,-45.0,45.0,0.5,1.0537078979071952,2817.4122058717953,2818.4659137697026,-0.8137289999999999,-0.8137289999999999,0.195,0.09546000000000276,2140.0
13,OTHER,-0.627458,-1.0,0.195,-0.691097,-1.0,0.195,40.0,1070.0,False,377,-0.063639,0.0,0.0,0.063639,180.0,135.0,0.6666666666666666,0.0954585,2818.4659137697026,2818.5613722697026,-0.6592775,-1.0,0.195,189.18688322246908,1605.0
13,HATCH,-0.691097,-1.0,0.195,-1.0,-0.691097,0.195,30.0,1070.0,False,380,-0.30890300000000004,0.30890300000000004,0.0,0.43685481205773624,135.0,45.0,0.5,0.8737096241154725,2818.5613722697026,2819.4350818938183,-0.8455485,-0.8455485,0.195,0.09545849999994971,2140.0
13,OTHER,-1.0,-0.691097,0.195,-1.0,-0.754737,0.195,40.0,1070.0,False,383,0.0,-0.06364000000000003,0.0,0.06364000000000003,-90.0,135.0,0.6666666666666666,0.09546000000000004,2819.4350818938183,2819.5305418938183,-1.0,-0.722917,0.195,346.7546377416156,1605.0
13,HATCH,-1.0,-0.754737,0.195,-0.754737,-1.0,0.195,30.0,1070.0,False,386,0.245263,-0.245263,0.0,0.3468542609483124,-45.0,45.0,0.5,0.6937085218966248,2819.5305418938183,2820.224250415715,-0.8773685,-0.8773685,0.195,0.09546000000000276,2140.0
13,OTHER,-0.754737,-1.0,0.195,-0.818377,-1.0,0.195,40.0,1070.0,False,389,-0.06364000000000003,0.0,0.0,0.06364000000000003,180.0,135.0,0.6666666666666666,0.09546000000000004,2820.224250415715,2820.319710415715,-0.786557,-1.0,0.195,190.94521986848122,1605.0
13,HATCH,-0.818377,-1.0,0.195,-1.0,-0.818377,0.195,30.0,1070.0,False,392,-0.18162299999999998,0.18162299999999998,0.0,0.2568537098388886,135.0,45.0,0.5,0.5137074196777772,2820.319710415715,2820.8334178353925,-0.9091885,-0.9091885,0.195,0.09546000000000276,2140.0
13,OTHER,-1.0,-0.818377,0.195,-1.0,-0.882016,0.195,40.0,1070.0,False,395,0.0,-0.063639,0.0,0.063639,-90.0,135.0,0.6666666666666666,0.0954585,2820.8334178353925,2820.9288763353925,-1.0,-0.8501965,0.195,364.4229736831903,1605.0
13,HATCH,-1.0,-0.882016,0.195,-0.882016,-1.0,0.195,30.0,1070.0,False,398,0.11798399999999998,-0.11798399999999998,0.0,0.16685457294302722,-45.0,45.00000000000001,0.5,0.33370914588605444,2820.9288763353925,2821.2625854812786,-0.9410080000000001,-0.9410080000000001,0.195,0.09545849999994971,2140.0
13,OTHER,-0.882016,-1.0,0.195,-0.945656,-1.0,0.195,40.0,1070.0,False,401,-0.06364000000000003,0.0,0.0,0.06364000000000003,180.0,135.0,0.6666666666666666,0.09546000000000004,2821.2625854812786,2821.3580454812786,-0.9138360000000001,-1.0,0.195,0.0,1605.0
13,HATCH,-0.945656,-1.0,0.195,-1.0,-0.945656,0.195,30.0,1070.0,False,404,-0.05434399999999995,0.05434399999999995,0.0,0.0768540218336034,135.0,45.0,0.5,0.1537080436672068,2821.3580454812786,2821.511753524946,-0.972828,-0.972828,0.195,0.0,2140.0
13,OTHER,-1.0,-0.945656,0.195,-1.0,-0.945656,0.21,40.0,1070.0,False,407,0.0,0.0,0.014999999999999986,0.014999999999999986,0.0,,0.6666666666666666,0.02249999999999998,2821.511753524946,2821.534253524946,-1.0,-0.945656,0.2025,0.0,1605.0
14,OTHER,-1.0,-0.945656,0.21,-1.0,1.0,0.21,40.0,1070.0,False,20,0.0,1.945656,0.0,1.945656,90.0,,0.6666666666666666,2.9184840000000003,2821.534253524946,2824.452737524946,-1.0,0.027171999999999974,0.21,25.513724685716625,1605.0
14,CONTOUR,-1.0,1.0,0.21,0.588502,1.0,0.21,30.0,1070.0,False,23,1.588502,0.0,0.0,1.588502,0.0,90.0,0.5,3.177004,2824.452737524946,2827.629741524946,-0.20574900000000002,1.0,0.21,146.77253644277926,2140.0
14,CONTOUR,0.588502,1.0,0.21,1.0,1.0,0.21,30.0,1070.0,False,24,0.41149800000000003,0.0,0.0,0.41149800000000003,0.0,0.0,0.5,0.8229960000000001,2827.629741524946,2828.452737524946,0.794251,1.0,0.21,183.81418687404312,2140.0
14,CONTOUR,1.0,1.0,0.21,1.0,-0.588502,0.21,30.0,1070.0,False,25,0.0,-1.588502,0.0,1.588502,-90.0,90.0,0.5,3.177004,2828.452737524946,2831.629741524946,1.0,0.20574900000000002,0.21,172.8607529991741,2140.0
14,CONTOUR,1.0,-0.588502,0.21,1.0,-1.0,0.21,30.0,1070.0,False,26,0.0,-0.41149800000000003,0.0,0.41149800000000003,-90.0,0.0,0.5,0.8229960000000001,2831.629741524946,2832.452737524946,1.0,-0.794251,0.21,112.59040734512564,2140.0
14,CONTOUR,1.0,-1.0,0.21,-0.588502,-1.0,0.21,30.0,1070.0,False,27,-1.588502,0.0,0.0,1.588502,180.0,90.0,0.5,3.177004,2832.452737524946,2835.629741524946,0.20574900000000002,-1.0,0.21,46.3597137897641,2140.0
14,CONTOUR,-0.588502,-1.0,0.21,-1.0,-1.0,0.21,30.0,1070.0,False,28,-0.41149800000000003,0.0,0.0,0.41149800000000003,180.0,0.0,0.5,0.8229960000000001,2835.629741524946,2836.452737524946,-0.794251,-1.0,0.21,15.310031109231204,2140.0
14,CONTOUR,-1.0,-1.0,0.21,-1.0,0.588502,0.21,30.0,1070.0,False,29,0.0,1.588502,0.0,1.588502,90.0,90.0,0.5,3.177004,2836.452737524946,2839.629741524946,-1.0,-0.20574900000000002,0.21,29.71553938819943,2140.0
14,CONTOUR,-1.0,0.588502,0.21,-1.0,1.0,0.21,30.0,1070.0,False,30,0.0,0.41149800000000003,0.0,0.41149800000000003,90.0,0.0,0.5,0.8229960000000001,2839.629741524946,2840.452737524946,-1.0,0.794251,0.21,93.03923039632764,2140.0
14,OTHER,-1.0,1.0,0.21,-0.98,1.0,0.21,40.0,1070.0,False,35,0.020000000000000018,0.0,0.0,0.020000000000000018,0.0,90.0,0.6666666666666666,0.030000000000000027,2840.452737524946,2840.482737524946,-0.99,1.0,0.21,104.62056158473933,1605.0
14,HATCH,-0.98,1.0,0.21,-0.98,-1.0,0.21,30.0,1070.0,True,38,0.0,-2.0,0.0,2.0,-90.0,90.0,0.5,4.0,2840.482737524946,2844.482737524946,-0.98,0.0,0.21,16.0300000000002,2140.0
14,OTHER,-0.98,-1.0,0.21,-0.935,-1.0,0.21,40.0,1070.0,False,41,0.04499999999999993,0.0,0.0,0.04499999999999993,0.0,90.0,0.6666666666666666,0.0674999999999999,2844.482737524946,2844.550237524946,-0.9575,-1.0,0.21,22.948484000000008,1605.0
14,HATCH,-0.935,-1.0,0.21,-0.935,1.0,0.21,30.0,1070.0,True,44,0.0,2.0,0.0,2.0,90.0,90.0,0.5,4.0,2844.550237524946,2848.550237524946,-0.935,0.0,0.21,0.06750000000010914,2140.0
14,OTHER,-0.935,1.0,0.21,-0.89,1.0,0.21,40.0,1070.0,False,47,0.04500000000000004,0.0,0.0,0.04500000000000004,0.0,90.0,0.6666666666666666,0.06750000000000006,2848.550237524946,2848.6177375249463,-0.9125000000000001,1.0,0.21,8.06750000000011,1605.0
14,HATCH,-0.89,1.0,0.21,-0.89,-1.0,0.21,30.0,1070.0,True,50,0.0,-2.0,0.0,2.0,-90.0,90.0,0.5,4.0,2848.6177375249463,2852.6177375249463,-0.89,0.0,0.21,0.06750000000010914,2140.0
14,OTHER,-0.89,-1.0,0.21,-0.845,-1.0,0.21,40.0,1070.0,False,53,0.04500000000000004,0.0,0.0,0.04500000000000004,0.0,90.0,0.6666666666666666,0.06750000000000006,2852.6177375249463,2852.6852375249464,-0.8674999999999999,-1.0,0.21,8.06750000000011,1605.0
14,HATCH,-0.845,-1.0,0.21,-0.845,1.0,0.21,30.0,1070.0,True,56,0.0,2.0,0.0,2.0,90.0,90.0,0.5,4.0,2852.6852375249464,2856.6852375249464,-0.845,0.0,0.21,0.06750000000010914,2140.0
14,OTHER,-0.845,1.0,0.21,-0.8,1.0,0.21,40.0,1070.0,False,59,0.04499999999999993,0.0,0.0,0.04499999999999993,0.0,90.0,0.6666666666666666,0.0674999999999999,2856.6852375249464,2856.7527375249465,-0.8225,1.0,0.21,8.06750000000011,1605.0
14,HATCH,-0.8,1.0,0.21,-0.8,-1.0,0.21,30.0,1070.0,True,62,0.0,-2.0,0.0,2.0,-90.0,90.0,0.5,4.0,2856.7527375249465,2860.7527375249465,-0.8,0.0,0.21,0.06750000000010914,2140.0
14,OTHER,-0.8,-1.0,0.21,-0.755,-1.0,0.21,40.0,1070.0,False,65,0.04500000000000004,0.0,0.0,0.04500000000000004,0.0,90.0,0.6666666666666666,0.06750000000000006,2860.7527375249465,2860.8202375249466,-0.7775000000000001,-1.0,0.21,8.06750000000011,1605.0
14,HATCH,-0.755,-1.0,0.21,-0.755,1.0,0.21,30.0,1070.0,True,68,0.0,2.0,0.0,2.0,90.0,90.0,0.5,4.0,2860.8202375249466,2864.8202375249466,-0.755,0.0,0.21,0.06750000000010914,2140.0
14,OTHER,-0.755,1.0,0.21,-0.71,1.0,0.21,40.0,1070.0,False,71,0.04500000000000004,0.0,0.0,0.04500000000000004,0.0,90.0,0.6666666666666666,0.06750000000000006,2864.8202375249466,2864.8877375249467,-0.7324999999999999,1.0,0.21,8.06750000000011,1605.0
14,HATCH,-0.71,1.0,0.21,-0.71,-1.0,0.21,30.0,1070.0,True,74,0.0,-2.0,0.0,2.0,-90.0,90.0,0.5,4.0,2864.8877375249467,2868.8877375249467,-0.71,0.0,0.21,0.06750000000010914,2140.0
14,OTHER,-0.71,-1.0,0.21,-0.665,-1.0,0.21,40.0,1070.0,False,77,0.04499999999999993,0.0,0.0,0.04499999999999993,0.0,90.0,0.6666666666666666,0.0674999999999999,2868.8877375249467,2868.955237524947,-0.6875,-1.0,0.21,8.06750000000011,1605.0
14,HATCH,-0.665,-1.0,0.21,-0.665,1.0,0.21,30.0,1070.0,True,80,0.0,2.0,0.0,2.0,90.0,90.0,0.5,4.0,2868.955237524947,2872.955237524947,-0.665,0.0,0.21,0.06750000000010914,2140.0
14,OTHER,-0.665,1.0,0.21,-0.62,1.0,0.21,40.0,1070.0,False,83,0.04500000000000004,0.0,0.0,0.04500000000000004,0.0,90.0,0.6666666666666666,0.06750000000000006,2872.955237524947,2873.022737524947,-0.6425000000000001,1.0,0.21,8.06750000000011,1605.0
14,HATCH,-0.62,1.0,0.21,-0.62,-1.0,0.21,30.0,1070.0,True,86,0.0,-2.0,0.0,2.0,-90.0,90.0,0.5,4.0,2873.022737524947,2877.022737524947,-0.62,0.0,0.21,0.06750000000010914,2140.0
14,OTHER,-0.62,-1.0,0.21,-0.575,-1.0,0.21,40.0,1070.0,False,89,0.04500000000000004,0.0,0.0,0.04500000000000004,0.0,90.0,0.6666666666666666,0.06750000000000006,2877.022737524947,2877.090237524947,-0.5974999999999999,-1.0,0.21,8.06750000000011,1605.0
14,HATCH,-0.575,-1.0,0.21,-0.575,1.0,0.21,30.0,1070.0,True,92,0.0,2.0,0.0,2.0,90.0,90.0,0.5,4.0,2877.090237524947,2881.090237524947,-0.575,0.0,0.21,0.06750000000010914,2140.0
14,OTHER,-0.575,1.0,0.21,-0.53,1.0,0.21,40.0,1070.0,False,95,0.04499999999999993,0.0,0.0,0.04499999999999993,0.0,90.0,0.6666666666666666,0.0674999999999999,2881.090237524947,2881.157737524947,-0.5525,1.0,0.21,8.06750000000011,1605.0
14,HATCH,-0.53,1.0,0.21,-0.53,-1.0,0.21,30.0,1070.0,True,98,0.0,-2.0,0.0,2.0,-90.0,90.0,0.5,4.0,2881.157737524947,2885.157737524947,-0.53,0.0,0.21,0.06750000000010914,2140.0
14,OTHER,-0.53,-1.0,0.21,-0.485,-1.0,0.21,40.0,1070.0,False,101,0.04500000000000004,0.0,0.0,0.04500000000000004,0.0,90.0,0.6666666666666666,0.06750000000000006,2885.157737524947,2885.2252375249473,-0.5075000000000001,-1.0,0.21,8.06750000000011,1605.0
14,HATCH,-0.485,-1.0,0.21,-0.485,1.0,0.21,30.0,1070.0,True,104,0.0,2.0,0.0,2.0,90.0,90.0,0.5,4.0,2885.2252375249473,2889.2252375249473,-0.485,0.0,0.21,0.06750000000010914,2140.0
14,OTHER,-0.485,1.0,0.21,-0.44,1.0,0.21,40.0,1070.0,False,107,0.044999999999999984,0.0,0.0,0.044999999999999984,0.0,90.0,0.6666666666666666,0.06749999999999998,2889.2252375249473,2889.2927375249474,-0.4625,1.0,0.21,8.06750000000011,1605.0
14,HATCH,-0.44,1.0,0.21,-0.44,-1.0,0.21,30.0,1070.0,True,110,0.0,-2.0,0.0,2.0,-90.0,90.0,0.5,4.0,2889.2927375249474,2893.2927375249474,-0.44,0.0,0.21,0.06750000000010914,2140.0
14,OTHER,-0.44,-1.0,0.21,-0.395,-1.0,0.21,40.0,1070.0,False,113,0.044999999999999984,0.0,0.0,0.044999999999999984,0.0,90.0,0.6666666666666666,0.06749999999999998,2893.2927375249474,2893.3602375249475,-0.4175,-1.0,0.21,8.06750000000011,1605.0
14,HATCH,-0.395,-1.0,0.21,-0.395,1.0,0.21,30.0,1070.0,True,116,0.0,2.0,0.0,2.0,90.0,90.0,0.5,4.0,2893.3602375249475,2897.3602375249475,-0.395,0.0,0.21,0.06750000000010914,2140.0
14,OTHER,-0.395,1.0,0.21,-0.35,1.0,0.21,40.0,1070.0,False,119,0.04500000000000004,0.0,0.0,0.04500000000000004,0.0,90.0,0.6666666666666666,0.06750000000000006,2897.3602375249475,2897.4277375249476,-0.3725,1.0,0.21,8.06750000000011,1605.0
14,HATCH,-0.35,1.0,0.21,-0.35,-1.0,0.21,30.0,1070.0,True,122,0.0,-2.0,0.0,2.0,-90.0,90.0,0.5,4.0,2897.4277375249476,2901.4277375249476,-0.35,0.0,0.21,0.06750000000010914,2140.0
14,OTHER,-0.35,-1.0,0.21,-0.305,-1.0,0.21,40.0,1070.0,False,125,0.044999999999999984,0.0,0.0,0.044999999999999984,0.0,90.0,0.6666666666666666,0.06749999999999998,2901.4277375249476,2901.4952375249477,-0.3275,-1.0,0.21,8.06750000000011,1605.0
14,HATCH,-0.305,-1.0,0.21,-0.305,1.0,0.21,30.0,1070.0,True,128,0.0,2.0,0.0,2.0,90.0,90.0,0.5,4.0,2901.4952375249477,2905.4952375249477,-0.305,0.0,0.21,0.06750000000010914,2140.0
14,OTHER,-0.305,1.0,0.21,-0.26,1.0,0.21,40.0,1070.0,False,131,0.044999999999999984,0.0,0.0,0.044999999999999984,0.0,90.0,0.6666666666666666,0.06749999999999998,2905.4952375249477,2905.562737524948,-0.2825,1.0,0.21,8.06750000000011,1605.0
14,HATCH,-0.26,1.0,0.21,-0.26,-1.0,0.21,30.0,1070.0,True,134,0.0,-2.0,0.0,2.0,-90.0,90.0,0.5,4.0,2905.562737524948,2909.562737524948,-0.26,0.0,0.21,0.06750000000010914,2140.0
14,OTHER,-0.26,-1.0,0.21,-0.215,-1.0,0.21,40.0,1070.0,False,137,0.04500000000000001,0.0,0.0,0.04500000000000001,0.0,90.0,0.6666666666666666,0.06750000000000002,2909.562737524948,2909.630237524948,-0.2375,-1.0,0.21,8.06750000000011,1605.0
14,HATCH,-0.215,-1.0,0.21,-0.215,1.0,0.21,30.0,1070.0,True,140,0.0,2.0,0.0,2.0,90.0,90.0,0.5,4.0,2909.630237524948,2913.630237524948,-0.215,0.0,0.21,0.06750000000010914,2140.0
14,OTHER,-0.215,1.0,0.21,-0.17,1.0,0.21,40.0,1070.0,False,143,0.044999999999999984,0.0,0.0,0.044999999999999984,0.0,90.0,0.6666666666666666,0.06749999999999998,2913.630237524948,2913.697737524948,-0.1925,1.0,0.21,8.06750000000011,1605.0
14,HATCH,-0.17,1.0,0.21,-0.17,-1.0,0.21,30.0,1070.0,True,146,0.0,-2.0,0.0,2.0,-90.0,90.0,0.5,4.0,2913.697737524948,2917.697737524948,-0.17,0.0,0.21,0.06750000000010914,2140.0
14,OTHER,-0.17,-1.0,0.21,-0.125,-1.0,0.21,40.0,1070.0,False,149,0.04500000000000001,0.0,0.0,0.04500000000000001,0.0,90.0,0.6666666666666666,0.06750000000000002,2917.697737524948,2917.765237524948,-0.14750000000000002,-1.0,0.21,8.06750000000011,1605.0
14,HATCH,-0.125,-1.0,0.21,-0.125,1.0,0.21,30.0,1070.0,True,152,0.0,2.0,0.0,2.0,90.0,90.0,0.5,4.0,2917.765237524948,2921.765237524948,-0.125,0.0,0.21,0.06750000000010914,2140.0
14,OTHER,-0.125,1.0,0.21,-0.08,1.0,0.21,40.0,1070.0,False,155,0.045,0.0,0.0,0.045,0.0,90.0,0.6666666666666666,0.0675,2921.765237524948,2921.8327375249482,-0.10250000000000001,1.0,0.21,8.06750000000011,1605.0
14,HATCH,-0.08,1.0,0.21,-0.08,-1.0,0.21,30.0,1070.0,True,158,0.0,-2.0,0.0,2.0,-90.0,90.0,0.5,4.0,2921.8327375249482,2925.8327375249482,-0.08,0.0,0.21,0.06750000000010914,2140.0
14,OTHER,-0.08,-1.0,0.21,-0.035,-1.0,0.21,40.0,1070.0,False,161,0.045,0.0,0.0,0.045,0.0,90.0,0.6666666666666666,0.0675,2925.8327375249482,2925.9002375249484,-0.0575,-1.0,0.21,8.06750000000011,1605.0
14,HATCH,-0.035,-1.0,0.21,-0.035,1.0,0.21,30.0,1070.0,True,164,0.0,2.0,0.0,2.0,90.0,90.0,0.5,4.0,2925.9002375249484,2929.9002375249484,-0.035,0.0,0.21,0.06750000000010914,2140.0
14,OTHER,-0.035,1.0,0.21,0.01,1.0,0.21,40.0,1070.0,False,167,0.045000000000000005,0.0,0.0,0.045000000000000005,0.0,90.0,0.6666666666666666,0.06750000000000002,2929.9002375249484,2929.9677375249485,-0.0125,1.0,0.21,8.06750000000011,1605.0
14,HATCH,0.01,1.0,0.21,0.01,-1.0,0.21,30.0,1070.0,True,170,0.0,-2.0,0.0,2.0,-90.0,90.0,0.5,4.0,2929.9677375249485,2933.9677375249485,0.01,0.0,0.21,0.06750000000010914,2140.0
14,OTHER,0.01,-1.0,0.21,0.055,-1.0,0.21,40.0,1070.0,False,173,0.045,0.0,0.0,0.045,0.0,90.0,0.6666666666666666,0.0675,2933.9677375249485,2934.0352375249486,0.0325,-1.0,0.21,8.06750000000011,1605.0
14,HATCH,0.055,-1.0,0.21,0.055,1.0,0.21,30.0,1070.0,True,176,0.0,2.0,0.0,2.0,90.0,90.0,0.5,4.0,2934.0352375249486,2938.0352375249486,0.055,0.0,0.21,0.06750000000010914,2140.0
14,OTHER,0.055,1.0,0.21,0.1,1.0,0.21,40.0,1070.0,False,179,0.045000000000000005,0.0,0.0,0.045000000000000005,0.0,90.0,0.6666666666666666,0.06750000000000002,2938.0352375249486,2938.1027375249487,0.0775,1.0,0.21,8.06750000000011,1605.0
14,HATCH,0.1,1.0,0.21,0.1,-1.0,0.21,30.0,1070.0,True,182,0.0,-2.0,0.0,2.0,-90.0,90.0,0.5,4.0,2938.1027375249487,2942.1027375249487,0.1,0.0,0.21,0.06750000000010914,2140.0
14,OTHER,0.1,-1.0,0.21,0.145,-1.0,0.21,40.0,1070.0,False,185,0.044999999999999984,0.0,0.0,0.044999999999999984,0.0,90.0,0.6666666666666666,0.06749999999999998,2942.1027375249487,2942.170237524949,0.1225,-1.0,0.21,8.06750000000011,1605.0
14,HATCH,0.145,-1.0,0.21,0.145,1.0,0.21,30.0,1070.0,True,188,0.0,2.0,0.0,2.0,90.0,90.0,0.5,4.0,2942.170237524949,2946.170237524949,0.145,0.0,0.21,0.06750000000010914,2140.0
14,OTHER,0.145,1.0,0.21,0.19,1.0,0.21,40.0,1070.0,False,191,0.04500000000000001,0.0,0.0,0.04500000000000001,0.0,90.0,0.6666666666666666,0.06750000000000002,2946.170237524949,2946.237737524949,0.16749999999999998,1.0,0.21,8.06750000000011,1605.0
14,HATCH,0.19,1.0,0.21,0.19,-1.0,0.21,30.0,1070.0,True,194,0.0,-2.0,0.0,2.0,-90.0,90.0,0.5,4.0,2946.237737524949,2950.237737524949,0.19,0.0,0.21,0.06750000000010914,2140.0
14,OTHER,0.19,-1.0,0.21,0.235,-1.0,0.21,40.0,1070.0,False,197,0.044999999999999984,0.0,0.0,0.044999999999999984,0.0,90.0,0.6666666666666666,0.06749999999999998,2950.237737524949,2950.305237524949,0.2125,-1.0,0.21,8.06750000000011,1605.0
14,HATCH,0.235,-1.0,0.21,0.235,1.0,0.21,30.0,1070.0,True,200,0.0,2.0,0.0,2.0,90.0,90.0,0.5,4.0,2950.305237524949,2954.305237524949,0.235,0.0,0.21,0.06750000000010914,2140.0
14,OTHER,0.235,1.0,0.21,0.28,1.0,0.21,40.0,1070.0,False,203,0.04500000000000004,0.0,0.0,0.04500000000000004,0.0,90.0,0.6666666666666666,0.06750000000000006,2954.305237524949,2954.372737524949,0.2575,1.0,0.21,8.06750000000011,1605.0
14,HATCH,0.28,1.0,0.21,0.28,-1.0,0.21,30.0,1070.0,True,206,0.0,-2.0,0.0,2.0,-90.0,90.0,0.5,4.0,2954.372737524949,2958.372737524949,0.28,0.0,0.21,0.06750000000010914,2140.0
14,OTHER,0.28,-1.0,0.21,0.325,-1.0,0.21,40.0,1070.0,False,209,0.044999999999999984,0.0,0.0,0.044999999999999984,0.0,90.0,0.6666666666666666,0.06749999999999998,2958.372737524949,2958.440237524949,0.3025,-1.0,0.21,8.06750000000011,1605.0
14,HATCH,0.325,-1.0,0.21,0.325,1.0,0.21,30.0,1070.0,True,212,0.0,2.0,0.0,2.0,90.0,90.0,0.5,4.0,2958.440237524949,2962.440237524949,0.325,0.0,0.21,0.06750000000010914,2140.0
14,OTHER,0.325,1.0,0.21,0.37,1.0,0.21,40.0,1070.0,False,215,0.044999999999999984,0.0,0.0,0.044999999999999984,0.0,90.0,0.6666666666666666,0.06749999999999998,2962.440237524949,2962.5077375249493,0.34750000000000003,1.0,0.21,8.06750000000011,1605.0
14,HATCH,0.37,1.0,0.21,0.37,-1.0,0.21,30.0,1070.0,True,218,0.0,-2.0,0.0,2.0,-90.0,90.0,0.5,4.0,2962.5077375249493,2966.5077375249493,0.37,0.0,0.21,0.06750000000010914,2140.0
14,OTHER,0.37,-1.0,0.21,0.415,-1.0,0.21,40.0,1070.0,False,221,0.044999999999999984,0.0,0.0,0.044999999999999984,0.0,90.0,0.6666666666666666,0.06749999999999998,2966.5077375249493,2966.5752375249494,0.39249999999999996,-1.0,0.21,8.06750000000011,1605.0
14,HATCH,0.415,-1.0,0.21,0.415,1.0,0.21,30.0,1070.0,True,224,0.0,2.0,0.0,2.0,90.0,90.0,0.5,4.0,2966.5752375249494,2970.5752375249494,0.415,0.0,0.21,0.06750000000010914,2140.0
14,OTHER,0.415,1.0,0.21,0.46,1.0,0.21,40.0,1070.0,False,227,0.04500000000000004,0.0,0.0,0.04500000000000004,0.0,90.0,0.6666666666666666,0.06750000000000006,2970.5752375249494,2970.6427375249496,0.4375,1.0,0.21,8.06750000000011,1605.0
14,HATCH,0.46,1.0,0.21,0.46,-1.0,0.21,30.0,1070.0,True,230,0.0,-2.0,0.0,2.0,-90.0,90.0,0.5,4.0,2970.6427375249496,2974.6427375249496,0.46,0.0,0.21,0.06750000000010914,2140.0
14,OTHER,0.46,-1.0,0.21,0.505,-1.0,0.21,40.0,1070.0,False,233,0.044999999999999984,0.0,0.0,0.044999999999999984,0.0,90.0,0.6666666666666666,0.06749999999999998,2974.6427375249496,2974.7102375249497,0.48250000000000004,-1.0,0.21,8.06750000000011,1605.0
14,HATCH,0.505,-1.0,0.21,0.505,1.0,0.21,30.0,1070.0,True,236,0.0,2.0,0.0,2.0,90.0,90.0,0.5,4.0,2974.7102375249497,2978.7102375249497,0.505,0.0,0.21,0.06750000000010914,2140.0
14,OTHER,0.505,1.0,0.21,0.55,1.0,0.21,40.0,1070.0,False,239,0.04500000000000004,0.0,0.0,0.04500000000000004,0.0,90.0,0.6666666666666666,0.06750000000000006,2978.7102375249497,2978.7777375249498,0.5275000000000001,1.0,0.21,8.06750000000011,1605.0
14,HATCH,0.55,1.0,0.21,0.55,-1.0,0.21,30.0,1070.0,True,242,0.0,-2.0,0.0,2.0,-90.0,90.0,0.5,4.0,2978.7777375249498,2982.7777375249498,0.55,0.0,0.21,0.06750000000010914,2140.0
14,OTHER,0.55,-1.0,0.21,0.595,-1.0,0.21,40.0,1070.0,False,245,0.04499999999999993,0.0,0.0,0.04499999999999993,0.0,90.0,0.6666666666666666,0.0674999999999999,2982.7777375249498,2982.84523752495,0.5725,-1.0,0.21,8.06750000000011,1605.0
14,HATCH,0.595,-1.0,0.21,0.595,1.0,0.21,30.0,1070.0,True,248,0.0,2.0,0.0,2.0,90.0,90.0,0.5,4.0,2982.84523752495,2986.84523752495,0.595,0.0,0.21,0.06750000000010914,2140.0
14,OTHER,0.595,1.0,0.21,0.64,1.0,0.21,40.0,1070.0,False,251,0.04500000000000004,0.0,0.0,0.04500000000000004,0.0,90.0,0.6666666666666666,0.06750000000000006,2986.84523752495,2986.91273752495,0.6174999999999999,1.0,0.21,8.06750000000011,1605.0
14,HATCH,0.64,1.0,0.21,0.64,-1.0,0.21,30.0,1070.0,True,254,0.0,-2.0,0.0,2.0,-90.0,90.0,0.5,4.0,2986.91273752495,2990.91273752495,0.64,0.0,0.21,0.06750000000010914,2140.0
14,OTHER,0.64,-1.0,0.21,0.685,-1.0,0.21,40.0,1070.0,False,257,0.04500000000000004,0.0,0.0,0.04500000000000004,0.0,90.0,0.6666666666666666,0.06750000000000006,2990.91273752495,2990.98023752495,0.6625000000000001,-1.0,0.21,8.06750000000011,1605.0
14,HATCH,0.685,-1.0,0.21,0.685,1.0,0.21,30.0,1070.0,True,260,0.0,2.0,0.0,2.0,90.0,90.0,0.5,4.0,2990.98023752495,2994.98023752495,0.685,0.0,0.21,0.06750000000010914,2140.0
14,OTHER,0.685,1.0,0.21,0.73,1.0,0.21,40.0,1070.0,False,263,0.04499999999999993,0.0,0.0,0.04499999999999993,0.0,90.0,0.6666666666666666,0.0674999999999999,2994.98023752495,2995.04773752495,0.7075,1.0,0.21,8.06750000000011,1605.0
14,HATCH,0.73,1.0,0.21,0.73,-1.0,0.21,30.0,1070.0,True,266,0.0,-2.0,0.0,2.0,-90.0,90.0,0.5,4.0,2995.04773752495,2999.04773752495,0.73,0.0,0.21,0.06750000000010914,2140.0
14,OTHER,0.73,-1.0,0.21,0.775,-1.0,0.21,40.0,1070.0,False,269,0.04500000000000004,0.0,0.0,0.04500000000000004,0.0,90.0,0.6666666666666666,0.06750000000000006,2999.04773752495,2999.1152375249503,0.7525,-1.0,0.21,8.06750000000011,1605.0
14,HATCH,0.775,-1.0,0.21,0.775,1.0,0.21,30.0,1070.0,True,272,0.0,2.0,0.0,2.0,90.0,90.0,0.5,4.0,2999.1152375249503,3003.1152375249503,0.775,0.0,0.21,0.06750000000010914,2140.0
14,OTHER,0.775,1.0,0.21,0.82,1.0,0.21,40.0,1070.0,False,275,0.04499999999999993,0.0,0.0,0.04499999999999993,0.0,90.0,0.6666666666666666,0.0674999999999999,3003.1152375249503,3003.1827375249504,0.7975,1.0,0.21,8.06750000000011,1605.0
14,HATCH,0.82,1.0,0.21,0.82,-1.0,0.21,30.0,1070.0,True,278,0.0,-2.0,0.0,2.0,-90.0,90.0,0.5,4.0,3003.1827375249504,3007.1827375249504,0.82,0.0,0.21,0.06750000000010914,2140.0
14,OTHER,0.82,-1.0,0.21,0.865,-1.0,0.21,40.0,1070.0,False,281,0.04500000000000004,0.0,0.0,0.04500000000000004,0.0,90.0,0.6666666666666666,0.06750000000000006,3007.1827375249504,3007.2502375249505,0.8425,-1.0,0.21,8.06750000000011,1605.0
14,HATCH,0.865,-1.0,0.21,0.865,1.0,0.21,30.0,1070.0,True,284,0.0,2.0,0.0,2.0,90.0,90.0,0.5,4.0,3007.2502375249505,3011.2502375249505,0.865,0.0,0.21,0.06750000000010914,2140.0
14,OTHER,0.865,1.0,0.21,0.91,1.0,0.21,40.0,1070.0,False,287,0.04500000000000004,0.0,0.0,0.04500000000000004,0.0,90.0,0.6666666666666666,0.06750000000000006,3011.2502375249505,3011.3177375249506,0.8875,1.0,0.21,8.06750000000011,1605.0
14,HATCH,0.91,1.0,0.21,0.91,-1.0,0.21,30.0,1070.0,True,290,0.0,-2.0,0.0,2.0,-90.0,90.0,0.5,4.0,3011.3177375249506,3015.3177375249506,0.91,0.0,0.21,0.06750000000010914,2140.0
14,OTHER,0.91,-1.0,0.21,0.955,-1.0,0.21,40.0,1070.0,False,293,0.04499999999999993,0.0,0.0,0.04499999999999993,0.0,90.0,0.6666666666666666,0.0674999999999999,3015.3177375249506,3015.3852375249508,0.9325,-1.0,0.21,8.06750000000011,1605.0
14,HATCH,0.955,-1.0,0.21,0.955,1.0,0.21,30.0,1070.0,True,296,0.0,2.0,0.0,2.0,90.0,90.0,0.5,4.0,3015.3852375249508,3019.3852375249508,0.955,0.0,0.21,0.06750000000010914,2140.0
14,OTHER,0.955,1.0,0.21,0.955,1.0,0.225,40.0,1070.0,False,299,0.0,0.0,0.015000000000000013,0.015000000000000013,0.0,,0.6666666666666666,0.02250000000000002,3019.3852375249508,3019.407737524951,0.955,1.0,0.2175,8.06750000000011,1605.0
15,OTHER,0.955,1.0,0.225,1.0,-0.701967,0.225,40.0,1070.0,False,20,0.04500000000000004,-1.701967,0.0,1.7025617959677704,-88.48545270227577,,0.6666666666666666,2.5538426939516556,3019.407737524951,3021.9615802189023,0.9775,0.1490165,0.225,187.7779960000048,1605.0
15,CONTOUR,1.0,-0.701967,0.225,1.0,1.0,0.225,30.0,1070.0,False,23,0.0,1.701967,0.0,1.701967,90.0,178.48545270227592,0.5,3.403934,3021.9615802189023,3025.3655142189023,1.0,0.1490165,0.225,0.0,2140.0
15,CONTOUR,1.0,1.0,0.225,0.701967,1.0,0.225,30.0,1070.0,False,24,-0.298033,0.0,0.0,0.298033,180.0,90.0,0.5,0.596066,3025.3655142189023,3025.9615802189023,0.8509835,1.0,0.225,14.047776693951619,2140.0
15,CONTOUR,0.701967,1.0,0.225,-1.0,1.0,0.225,30.0,1070.0,False,25,-1.701967,0.0,0.0,1.701967,180.0,0.0,0.5,3.403934,3025.9615802189023,3029.3655142189023,-0.1490165,1.0,0.225,104.12884269395408,2140.0
15,CONTOUR,-1.0,1.0,0.225,-1.0,0.701967,0.225,30.0,1070.0,False,26,0.0,-0.298033,0.0,0.298033,-90.0,90.0,0.5,0.596066,3029.3655142189023,3029.9615802189023,-1.0,0.8509835,0.225,188.9127766939564,2140.0
15,CONTOUR,-1.0,0.701967,0.225,-1.0,-1.0,0.225,30.0,1070.0,False,27,0.0,-1.701967,0.0,1.701967,-90.0,0.0,0.5,3.403934,3029.9615802189023,3033.3655142189023,-1.0,-0.1490165,0.225,190.33183869395634,2140.0
15,CONTOUR,-1.0,-1.0,0.225,-0.701967,-1.0,0.225,30.0,1070.0,False,28,0.298033,0.0,0.0,0.298033,0.0,90.0,0.5,0.596066,3033.3655142189023,3033.9615802189023,-0.8509835,-1.0,0.225,172.54527669395566,2140.0
15,CONTOUR,-0.701967,-1.0,0.225,1.0,-1.0,0.225,30.0,1070.0,False,29,1.701967,0.0,0.0,1.701967,0.0,0.0,0.5,3.403934,3033.9615802189023,3037.3655142189023,0.1490165,-1.0,0.225,83.65634269395332,2140.0
15,CONTOUR,1.0,-1.0,0.225,1.0,-0.701967,0.225,30.0,1070.0,False,30,0.0,0.298033,0.0,0.298033,90.0,90.0,0.5,0.596066,3037.3655142189023,3037.9615802189023,1.0,-0.8509835,0.225,204.9127766939564,2140.0
15,OTHER,1.0,-0.701967,0.225,1.0,-0.681802,0.225,40.0,1070.0,False,35,0.0,0.02016499999999999,0.0,0.02016499999999999,90.0,0.0,0.6666666666666666,0.030247499999999983,3037.9615802189023,3037.991827718902,1.0,-0.6918845,0.225,329.3731651401595,1605.0
15,HATCH,1.0,-0.681802,0.225,0.681802,-1.0,0.225,30.0,1070.0,False,38,-0.318198,-0.318198,0.0,0.4499999271199941,-135.0,135.0,0.5,0.8999998542399882,3037.991827718902,3038.891827573142,0.840901,-0.840901,0.225,656.6523701832953,2140.0
15,OTHER,0.681802,-1.0,0.225,0.618162,-1.0,0.225,40.0,1070.0,False,41,-0.06364000000000003,0.0,0.0,0.06364000000000003,180.0,45.00000000000001,0.6666666666666666,0.09546000000000004,3038.891827573142,3038.987287573142,0.6499820000000001,-1.0,0.225,47.91159004819201,1605.0
15,HATCH,0.618162,-1.0,0.225,1.0,-0.618162,0.225,30.0,1070.0,False,44,0.381838,0.381838,0.0,0.5400004782294179,45.0,135.0,0.5,1.0800009564588358,3038.987287573142,3040.067288529601,0.8090809999999999,-0.8090809999999999,0.225,0.09546000000000276,2140.0
15,OTHER,1.0,-0.618162,0.225,1.0,-0.554523,0.225,40.0,1070.0,False,47,0.0,0.063639,0.0,0.063639,90.0,45.00000000000001,0.6666666666666666,0.0954585,3040.067288529601,3040.1627470296007,1.0,-0.5863425,0.225,341.2097909714871,1605.0
15,HATCH,1.0,-0.554523,0.225,0.554523,-1.0,0.225,30.0,1070.0,False,50,-0.445477,-0.445477,0.0,0.6299996151252792,-135.0,135.0,0.5,1.2599992302505585,3040.1627470296007,3041.4227462598515,0.7772615,-0.7772615,0.225,0.09545849999994971,2140.0
15,OTHER,0.554523,-1.0,0.225,0.490883,-1.0,0.225,40.0,1070.0,False,53,-0.06363999999999997,0.0,0.0,0.06363999999999997,180.0,45.0,0.6666666666666666,0.09545999999999996,3041.4227462598515,3041.5182062598515,0.522703,-1.0,0.225,58.577508734901585,1605.0
15,HATCH,0.490883,-1.0,0.225,1.0,-0.490883,0.225,30.0,1070.0,False,56,0.509117,0.509117,0.0,0.7200001662347031,45.0,135.0,0.5,1.4400003324694062,3041.5182062598515,3042.958206592321,0.7454415,-0.7454415,0.225,0.09546000000000276,2140.0
15,OTHER,1.0,-0.490883,0.225,1.0,-0.427244,0.225,40.0,1070.0,False,59,0.0,0.063639,0.0,0.063639,90.0,45.00000000000001,0.6666666666666666,0.0954585,3042.958206592321,3043.053665092321,1.0,-0.4590635,0.225,353.11162780281575,1605.0
15,HATCH,1.0,-0.427244,0.225,0.427244,-1.0,0.225,30.0,1070.0,False,62,-0.572756,-0.572756,0.0,0.8099993031305645,-135.0,135.0,0.5,1.619998606261129,3043.053665092321,3044.673663698582,0.713622,-0.713622,0.225,0.09545849999994971,2140.0
15,OTHER,0.427244,-1.0,0.225,0.363604,-1.0,0.225,40.0,1070.0,False,65,-0.06364000000000003,0.0,0.0,0.06364000000000003,180.0,45.0,0.6666666666666666,0.09546000000000004,3044.673663698582,3044.769123698582,0.395424,-1.0,0.225,69.96342617363234,1605.0
15,HATCH,0.363604,-1.0,0.225,1.0,-0.363604,0.225,30.0,1070.0,False,68,0.636396,0.636396,0.0,0.8999998542399882,45.0,135.0,0.5,1.7999997084799764,3044.769123698582,3046.569123407062,0.681802,-0.681802,0.225,0.09546000000000276,2140.0
15,OTHER,1.0,-0.363604,0.225,1.0,-0.299964,0.225,40.0,1070.0,False,71,0.0,0.06363999999999997,0.0,0.06363999999999997,90.0,45.00000000000001,0.6666666666666666,0.09545999999999996,3046.569123407062,3046.664583407062,1.0,-0.33178399999999997,0.225,365.0134633057164,1605.0
15,HATCH,1.0,-0.299964,0.225,0.299964,-1.0,0.225,30.0,1070.0,False,74,-0.700036,-0.700036,0.0,0.9900004053494119,-135.0,135.0,0.5,1.9800008106988238,3046.664583407062,3048.644584217761,0.6499820000000001,-0.6499820000000001,0.225,0.09546000000000276,2140.0
15,OTHER,0.299964,-1.0,0.225,0.236325,-1.0,0.225,40.0,1070.0,False,77,-0.063639,0.0,0.0,0.063639,180.0,45.0,0.6666666666666666,0.0954585,3048.644584217761,3048.740042717761,0.2681445,-1.0,0.225,90.20434669281167,1605.0
15,HATCH,0.236325,-1.0,0.225,1.0,-0.236325,0.225,30.0,1070.0,False,80,0.763675,0.763675,0.0,1.0799995422452733,45.0,135.0,0.5,2.1599990844905466,3048.740042717761,3050.9000418022515,0.6181625,-0.6181625,0.225,0.09545849999994971,2140.0
15,OTHER,1.0,-0.236325,0.225,1.0,-0.172685,0.225,40.0,1070.0,False,83,0.0,0.06364,0.0,0.06364,90.0,44.999999999999986,0.6666666666666666,0.09546,3050.9000418022515,3050.9955018022515,1.0,-0.204505,0.225,376.91530013704505,1605.0
15,HATCH,1.0,-0.172685,0.225,0.172685,-1.0,0.225,30.0,1070.0,False,86,-0.827315,-0.827315,0.0,1.1700000933546972,-135.0,135.0,0.5,2.3400001867093945,3050.9955018022515,3053.335501988961,0.5863425,-0.5863425,0.225,0.09546000000000276,2140.0
15,OTHER,0.172685,-1.0,0.225,0.109045,-1.0,0.225,40.0,1070.0,False,89,-0.06364,0.0,0.0,0.06364,180.0,45.0,0.6666666666666666,0.09546,3053.335501988961,3053.430961988961,0.14086500000000002,-1.0,0.225,15.969987770058651,1605.0
15,HATCH,0.109045,-1.0,0.225,1.0,-0.109045,0.225,30.0,1070.0,False,92,0.8909549999999999,0.8909549999999999,0.0,1.2600006444641207,45.0,135.0,0.5,2.5200012889282415,3053.430961988961,3055.950963277889,0.5545225,-0.5545225,0.225,0.09546000000000276,2140.0
15,OTHER,1.0,-0.109045,0.225,1.0,-0.045406,0.225,40.0,1070.0,False,95,0.0,0.063639,0.0,0.063639,90.0,45.0,0.6666666666666666,0.0954585,3055.950963277889,3056.046421777889,1.0,-0.0772255,0.225,36.565725752938306,1605.0
15,HATCH,1.0,-0.045406,0.225,0.045406,-1.0,0.225,30.0,1070.0,False,98,-0.9545939999999999,-0.9545939999999999,0.0,1.3499997813599822,-135.0,135.0,0.5,2.6999995627199644,3056.046421777889,3058.746421340609,0.522703,-0.522703,0.225,0.09545849999994971,2140.0
15,OTHER,0.045406,-1.0,0.225,-0.018234,-1.0,0.225,40.0,1070.0,False,101,-0.06364,0.0,0.0,0.06364,180.0,45.0,0.6666666666666666,0.09546,3058.746421340609,3058.841881340609,0.013586,-1.0,0.225,124.7111838156602,1605.0
15,HATCH,-0.018234,-1.0,0.225,1.0,0.018234,0.225,30.0,1070.0,False,104,1.018234,1.018234,0.0,1.4400003324694062,45.0,135.0,0.5,2.8800006649388123,3058.841881340609,3061.7218820055477,0.490883,-0.490883,0.225,0.09546000000000276,2140.0
15,OTHER,1.0,0.018234,0.225,1.0,0.081873,0.225,40.0,1070.0,False,107,0.0,0.063639,0.0,0.063639,90.0,45.00000000000001,0.6666666666666666,0.0954585,3061.7218820055477,3061.8173405055477,1.0,0.0500535,0.225,36.35636778664548,1605.0
15,HATCH,1.0,0.081873,0.225,-0.081873,-1.0,0.225,30.0,1070.0,False,110,-1.081873,-1.081873,0.0,1.5299994693652677,-135.0,135.0,0.5,3.0599989387305353,3061.8173405055477,3064.8773394442783,0.4590635,-0.4590635,0.225,0.09545849999994971,2140.0
15,OTHER,-0.081873,-1.0,0.225,-0.145513,-1.0,0.225,40.0,1070.0,False,113,-0.06364,0.0,0.0,0.06364,180.0,45.0,0.6666666666666666,0.09546,3064.8773394442783,3064.9727994442783,-0.113693,-1.0,0.225,138.97710191932993,1605.0
15,HATCH,-0.145513,-1.0,0.225,1.0,0.145513,0.225,30.0,1070.0,False,116,1.145513,1.145513,0.0,1.6200000204746912,45.0,135.0,0.5,3.2400000409493823,3064.9727994442783,3068.2127994852276,0.4272435,-0.4272435,0.225,0.09546000000000276,2140.0
15,OTHER,1.0,0.145513,0.225,1.0,0.209153,0.225,40.0,1070.0,False,119,0.0,0.06364,0.0,0.06364,90.0,45.0,0.6666666666666666,0.09546,3068.2127994852276,3068.3082594852276,1.0,0.17733300000000002,0.225,42.84728526632534,1605.0
15,HATCH,1.0,0.209153,0.225,-0.209153,-1.0,0.225,30.0,1070.0,False,122,-1.209153,-1.209153,0.0,1.710000571584115,-135.0,135.0,0.5,3.42000114316823,3068.3082594852276,3071.7282606283957,0.3954235,-0.3954235,0.225,0.09546000000000276,2140.0
15,OTHER,-0.209153,-1.0,0.225,-0.272792,-1.0,0.225,40.0,1070.0,False,125,-0.06363899999999997,0.0,0.0,0.06363899999999997,180.0,45.0,0.6666666666666666,0.09545849999999996,3071.7282606283957,3071.8237191283956,-0.24097249999999998,-1.0,0.225,153.96302310344754,1605.0
15,HATCH,-0.272792,-1.0,0.225,1.0,0.272792,0.225,30.0,1070.0,False,128,1.272792,1.272792,0.0,1.7999997084799764,45.0,135.0,0.5,3.5999994169599527,3071.8237191283956,3075.4237185453558,0.36360400000000004,-0.36360400000000004,0.225,0.09545849999994971,2140.0
15,OTHER,1.0,0.272792,0.225,1.0,0.336432,0.225,40.0,1070.0,False,131,0.0,0.06364000000000003,0.0,0.06364000000000003,90.0,45.00000000000001,0.6666666666666666,0.09546000000000004,3075.4237185453558,3075.5191785453558,1.0,0.304612,0.225,243.79397702040978,1605.0
15,HATCH,1.0,0.336432,0.225,-0.336432,-1.0,0.225,30.0,1070.0,False,134,-1.336432,-1.336432,0.0,1.8900002595894003,-135.0,135.0,0.5,3.7800005191788006,3075.5191785453558,3079.2991790645347,0.33178399999999997,-0.33178399999999997,0.225,0.09546000000000276,2140.0
15,OTHER,-0.336432,-1.0,0.225,-0.400071,-1.0,0.225,40.0,1070.0,False,137,-0.063639,0.0,0.0,0.063639,180.0,45.00000000000001,0.6666666666666666,0.0954585,3079.2991790645347,3079.3946375645346,-0.3682515,-1.0,0.225,177.80394153958696,1605.0
15,HATCH,-0.400071,-1.0,0.225,1.0,0.400071,0.225,30.0,1070.0,False,140,1.400071,1.400071,0.0,1.9799993964852616,45.0,135.0,0.5,3.959998792970523,3079.3946375645346,3083.354636357505,0.29996449999999997,-0.29996449999999997,0.225,0.09545849999994971,2140.0
15,OTHER,1.0,0.400071,0.225,1.0,0.463711,0.225,40.0,1070.0,False,143,0.0,0.06363999999999997,0.0,0.06363999999999997,90.0,45.0,0.6666666666666666,0.09545999999999996,3083.354636357505,3083.450096357505,1.0,0.431891,0.225,436.4244901221123,1605.0
15,HATCH,1.0,0.463711,0.225,-0.463711,-1.0,0.225,30.0,1070.0,False,146,-1.463711,-1.463711,0.0,2.069999947594685,-135.0,135.0,0.5,4.13999989518937,3083.450096357505,3087.5900962526944,0.2681445,-0.2681445,0.225,0.09546000000000276,2140.0
15,OTHER,-0.463711,-1.0,0.225,-0.527351,-1.0,0.225,40.0,1070.0,False,149,-0.06364000000000003,0.0,0.0,0.06364000000000003,180.0,45.0,0.6666666666666666,0.09546000000000004,3087.5900962526944,3087.6855562526944,-0.495531,-1.0,0.225,194.2298587277469,1605.0
15,HATCH,-0.527351,-1.0,0.225,1.0,0.527351,0.225,30.0,1070.0,False,152,1.527351,1.527351,0.0,2.160000498704109,45.0,135.0,0.5,4.320000997408218,3087.6855562526944,3092.005557250103,0.2363245,-0.2363245,0.225,0.09546000000000276,2140.0
15,OTHER,1.0,0.527351,0.225,1.0,0.59099,0.225,40.0,1070.0,False,155,0.0,0.063639,0.0,0.063639,90.0,45.00000000000001,0.6666666666666666,0.0954585,3092.005557250103,3092.1010157501028,1.0,0.5591705,0.225,450.63638018369056,1605.0
15,HATCH,1.0,0.59099,0.225,-0.59099,-1.0,0.225,30.0,1070.0,False,158,-1.5909900000000001,-1.5909900000000001,0.0,2.2499996355999707,-135.0,135.0,0.5,4.4999992711999415,3092.1010157501028,3096.601015021303,0.204505,-0.204505,0.225,0.09545849999994971,2140.0
15,OTHER,-0.59099,-1.0,0.225,-0.65463,-1.0,0.225,40.0,1070.0,False,161,-0.06364000000000003,0.0,0.0,0.06364000000000003,180.0,45.0,0.6666666666666666,0.09546000000000004,3096.601015021303,3096.696475021303,-0.6228100000000001,-1.0,0.225,219.5107774963558,1605.0
15,HATCH,-0.65463,-1.0,0.225,1.0,0.65463,0.225,30.0,1070.0,False,164,1.65463,1.65463,0.0,2.3400001867093945,45.0,135.0,0.5,4.680000373418789,3096.696475021303,3101.3764753947216,0.17268499999999998,-0.17268499999999998,0.225,0.09546000000000276,2140.0
15,OTHER,1.0,0.65463,0.225,1.0,0.718269,0.225,40.0,1070.0,False,167,0.0,0.063639,0.0,0.063639,90.0,45.0,0.6666666666666666,0.0954585,3101.3764753947216,3101.4719338947216,1.0,0.6864495,0.225,458.19638122204833,1605.0
15,HATCH,1.0,0.718269,0.225,-0.718269,-1.0,0.225,30.0,1070.0,False,170,-1.718269,-1.718269,0.0,2.429999323605256,-135.0,135.0,0.5,4.859998647210512,3101.4719338947216,3106.331932541932,0.14086549999999998,-0.14086549999999998,0.225,0.09545849999994971,2140.0
15,OTHER,-0.718269,-1.0,0.225,-0.781909,-1.0,0.225,40.0,1070.0,False,173,-0.06363999999999992,0.0,0.0,0.06363999999999992,180.0,45.00000000000001,0.6666666666666666,0.09545999999999988,3106.331932541932,3106.427392541932,-0.750089,-1.0,0.225,237.3766950169852,1605.0
15,HATCH,-0.781909,-1.0,0.225,1.0,0.781909,0.225,30.0,1070.0,False,176,1.781909,1.781909,0.0,2.5199998747146792,45.0,135.0,0.5,5.0399997494293585,3106.427392541932,3111.467392291361,0.10904550000000002,-0.10904550000000002,0.225,0.09546000000000276,2140.0
15,OTHER,1.0,0.781909,0.225,1.0,0.845549,0.225,40.0,1070.0,False,179,0.0,0.06364000000000003,0.0,0.06364000000000003,90.0,45.0,0.6666666666666666,0.09546000000000004,3111.467392291361,3111.562852291361,1.0,0.8137289999999999,0.225,467.196379764448,1605.0
15,HATCH,1.0,0.845549,0.225,-0.845549,-1.0,0.225,30.0,1070.0,False,182,-1.845549,-1.845549,0.0,2.6100004258241034,-135.0,135.0,0.5,5.220000851648207,3111.562852291361,3116.7828531430096,0.0772255,-0.0772255,0.225,0.09546000000000276,2140.0
15,OTHER,-0.845549,-1.0,0.225,-0.909188,-1.0,0.225,40.0,1070.0,False,185,-0.063639,0.0,0.0,0.063639,180.0,45.0,0.6666666666666666,0.0954585,3116.7828531430096,3116.8783116430095,-0.8773685,-1.0,0.225,82.82127292410723,1605.0
15,HATCH,-0.909188,-1.0,0.225,1.0,0.909188,0.225,30.0,1070.0,False,188,1.9091879999999999,1.9091879999999999,0.0,2.6999995627199644,45.0,135.0,0.5,5.399999125439929,3116.8783116430095,3122.2783107684495,0.045406,-0.045406,0.225,0.09545849999994971,2140.0
15,OTHER,1.0,0.909188,0.225,1.0,0.972828,0.225,40.0,1070.0,False,191,0.0,0.06364000000000003,0.0,0.06364000000000003,90.0,45.00000000000001,0.6666666666666666,0.09546000000000004,3122.2783107684495,3122.3737707684495,1.0,0.9410080000000001,0.225,102.87057324349871,1605.0
15,HATCH,1.0,0.972828,0.225,-0.972828,-1.0,0.225,30.0,1070.0,False,194,-1.972828,-1.972828,0.0,2.7900001138293886,-135.0,135.0,0.5,5.580000227658777,3122.3737707684495,3127.9537709961082,0.013585999999999987,-0.013585999999999987,0.225,0.09546000000000276,2140.0
15,OTHER,-0.972828,-1.0,0.225,-1.0,-0.963532,0.225,40.0,1070.0,False,197,-0.027171999999999974,0.036467999999999945,0.0,0.045477825453730684,126.689485123859,98.31051487614101,0.6666666666666666,0.06821673818059604,3127.9537709961082,3128.021987734289,-0.986414,-0.981766,0.225,283.40353347116206,1605.0
15,HATCH,-1.0,-0.963532,0.225,0.963532,1.0,0.225,30.0,1070.0,False,200,1.963532,1.963532,0.0,2.7768535845535682,45.0,81.689485123859,0.5,5.5537071691071365,3128.021987734289,3133.5756949033957,-0.018233999999999972,0.018233999999999972,0.225,0.06821673818058116,2140.0
15,OTHER,0.963532,1.0,0.225,0.899893,1.0,0.225,40.0,1070.0,False,203,-0.063639,0.0,0.0,0.063639,180.0,135.0,0.6666666666666666,0.0954585,3133.5756949033957,3133.6711534033957,0.9317125,1.0,0.225,11.201924134946239,1605.0
15,HATCH,0.899893,1.0,0.225,-1.0,-0.899893,0.225,30.0,1070.0,False,206,-1.899893,-1.899893,0.0,2.6868544476577068,-135.0,45.0,0.5,5.3737088953154135,3133.6711534033957,3139.044862298711,-0.05005349999999997,0.05005349999999997,0.225,0.09545849999994971,2140.0
15,OTHER,-1.0,-0.899893,0.225,-1.0,-0.836253,0.225,40.0,1070.0,False,209,0.0,0.06364000000000003,0.0,0.06364000000000003,90.0,135.0,0.6666666666666666,0.09546000000000004,3139.044862298711,3139.140322298711,-1.0,-0.8680730000000001,0.225,317.51060877376494,1605.0
15,HATCH,-1.0,-0.836253,0.225,0.836253,1.0,0.225,30.0,1070.0,False,212,1.8362530000000001,1.8362530000000001,0.0,2.596853896548283,45.0,45.00000000000001,0.5,5.193707793096566,3139.140322298711,3144.3340300918076,-0.08187349999999999,0.08187349999999999,0.225,0.09546000000000276,2140.0
15,OTHER,0.836253,1.0,0.225,0.772614,1.0,0.225,40.0,1070.0,False,215,-0.063639,0.0,0.0,0.063639,180.0,135.0,0.6666666666666666,0.0954585,3144.3340300918076,3144.4294885918075,0.8044335,1.0,0.225,118.37244987290524,1605.0
15,HATCH,0.772614,1.0,0.225,-1.0,-0.772614,0.225,30.0,1070.0,False,218,-1.772614,-1.772614,0.0,2.5068547596524215,-135.0,45.00000000000001,0.5,5.013709519304843,3144.4294885918075,3149.4431981111125,-0.11369299999999999,0.11369299999999999,0.225,0.09545849999994971,2140.0
15,OTHER,-1.0,-0.772614,0.225,-1.0,-0.708974,0.225,40.0,1070.0,False,221,0.0,0.06364000000000003,0.0,0.06364000000000003,90.0,135.0,0.6666666666666666,0.09546000000000004,3149.4431981111125,3149.5386581111125,-1.0,-0.740794,0.225,329.91265621729417,1605.0
15,HATCH,-1.0,-0.708974,0.225,0.708974,1.0,0.225,30.0,1070.0,False,224,1.708974,1.708974,0.0,2.416854208542998,45.0,45.00000000000001,0.5,4.833708417085996,3149.5386581111125,3154.3723665281987,-0.145513,0.145513,0.225,0.09546000000000276,2140.0
15,OTHER,0.708974,1.0,0.225,0.645334,1.0,0.225,40.0,1070.0,False,227,-0.06364000000000003,0.0,0.0,0.06364000000000003,180.0,135.0,0.6666666666666666,0.09546000000000004,3154.3723665281987,3154.4678265281987,0.677154,1.0,0.225,159.32462900324845,1605.0
15,HATCH,0.645334,1.0,0.225,-1.0,-0.645334,0.225,30.0,1070.0,False,230,-1.645334,-1.645334,0.0,2.326853657433574,-135.0,45.0,0.5,4.653707314867148,3154.4678265281987,3159.1215338430657,-0.17733300000000002,0.17733300000000002,0.225,0.09546000000000276,2140.0
15,OTHER,-1.0,-0.645334,0.225,-1.0,-0.581695,0.225,40.0,1070.0,False,233,0.0,0.063639,0.0,0.063639,90.0,135.0,0.6666666666666666,0.0954585,3159.1215338430657,3159.2169923430656,-1.0,-0.6135145,0.225,341.70932797127034,1605.0
15,HATCH,-1.0,-0.581695,0.225,0.581695,1.0,0.225,30.0,1070.0,False,236,1.5816949999999999,1.5816949999999999,0.0,2.2368545205377126,45.0,45.00000000000001,0.5,4.473709041075425,3159.2169923430656,3163.690701384141,-0.20915250000000002,0.20915250000000002,0.225,0.09545849999994971,2140.0
15,OTHER,0.581695,1.0,0.225,0.518055,1.0,0.225,40.0,1070.0,False,239,-0.06363999999999992,0.0,0.0,0.06363999999999992,180.0,135.0,0.6666666666666666,0.09545999999999988,3163.690701384141,3163.786161384141,0.549875,1.0,0.225,176.777963859191,1605.0
15,HATCH,0.518055,1.0,0.225,-1.0,-0.518055,0.225,30.0,1070.0,False,242,-1.518055,-1.518055,0.0,2.146853969428289,-135.0,45.00000000000001,0.5,4.293707938856578,3163.786161384141,3168.0798693229976,-0.24097249999999998,0.24097249999999998,0.225,0.09546000000000276,2140.0
15,OTHER,-1.0,-0.518055,0.225,-1.0,-0.454416,0.225,40.0,1070.0,False,245,0.0,0.06363900000000006,0.0,0.06363900000000006,90.0,135.0,0.6666666666666666,0.09545850000000008,3168.0798693229976,3168.1753278229976,-1.0,-0.48623550000000004,0.225,353.505998225246,1605.0
15,HATCH,-1.0,-0.454416,0.225,0.454416,1.0,0.225,30.0,1070.0,False,248,1.454416,1.454416,0.0,2.0568548325324274,45.0,45.0,0.5,4.113709665064855,3168.1753278229976,3172.2890374880626,-0.27279200000000003,0.27279200000000003,0.225,0.09545849999994971,2140.0
15,OTHER,0.454416,1.0,0.225,0.390776,1.0,0.225,40.0,1070.0,False,251,-0.06363999999999997,0.0,0.0,0.06363999999999997,180.0,135.0,0.6666666666666666,0.09545999999999996,3172.2890374880626,3172.3844974880626,0.42259599999999997,1.0,0.225,201.64629996311305,1605.0
15,HATCH,0.390776,1.0,0.225,-1.0,-0.390776,0.225,30.0,1070.0,False,254,-1.390776,-1.390776,0.0,1.9668542814230037,-135.0,45.00000000000001,0.5,3.9337085628460073,3172.3844974880626,3176.3182060509084,-0.304612,0.304612,0.225,0.09546000000000276,2140.0
15,OTHER,-1.0,-0.390776,0.225,-1.0,-0.327136,0.225,40.0,1070.0,False,257,0.0,0.06364000000000003,0.0,0.06364000000000003,90.0,135.0,0.6666666666666666,0.09546000000000004,3176.3182060509084,3176.4136660509084,-1.0,-0.358956,0.225,365.30267280764883,1605.0
15,HATCH,-1.0,-0.327136,0.225,0.327136,1.0,0.225,30.0,1070.0,False,260,1.3271359999999999,1.3271359999999999,0.0,1.8768537303135797,45.0,45.00000000000001,0.5,3.7537074606271594,3176.4136660509084,3180.1673735115355,-0.336432,0.336432,0.225,0.09546000000000276,2140.0
15,OTHER,0.327136,1.0,0.225,0.263497,1.0,0.225,40.0,1070.0,False,263,-0.063639,0.0,0.0,0.063639,180.0,135.0,0.6666666666666666,0.0954585,3180.1673735115355,3180.2628320115355,0.2953165,1.0,0.225,217.65963598658618,1605.0
15,HATCH,0.263497,1.0,0.225,-1.0,-0.263497,0.225,30.0,1070.0,False,266,-1.263497,-1.263497,0.0,1.7868545934177187,-135.0,45.00000000000001,0.5,3.5737091868354374,3180.2628320115355,3183.836541198371,-0.3682515,0.3682515,0.225,0.09545849999994971,2140.0
15,OTHER,-1.0,-0.263497,0.225,-1.0,-0.199857,0.225,40.0,1070.0,False,269,0.0,0.06363999999999997,0.0,0.06363999999999997,90.0,135.0,0.6666666666666666,0.09545999999999996,3183.836541198371,3183.932001198371,-1.0,-0.231677,0.225,150.47102697946866,1605.0
15,HATCH,-1.0,-0.199857,0.225,0.199857,1.0,0.225,30.0,1070.0,False,272,1.199857,1.199857,0.0,1.6968540423082947,45.0,45.00000000000001,0.5,3.3937080846165895,3183.932001198371,3187.3257092829876,-0.4000715,0.4000715,0.225,0.09546000000000276,2140.0
15,OTHER,0.199857,1.0,0.225,0.136218,1.0,0.225,40.0,1070.0,False,275,-0.063639,0.0,0.0,0.063639,180.0,135.0,0.6666666666666666,0.0954585,3187.3257092829876,3187.4211677829876,0.1680375,1.0,0.225,232.95297175803853,1605.0
15,HATCH,0.136218,1.0,0.225,-1.0,-0.136218,0.225,30.0,1070.0,False,278,-1.136218,-1.136218,0.0,1.6068549054124333,-135.0,45.00000000000001,0.5,3.2137098108248665,3187.4211677829876,3190.6348775938122,-0.431891,0.431891,0.225,0.09545849999994971,2140.0
15,OTHER,-1.0,-0.136218,0.225,-1.0,-0.072578,0.225,40.0,1070.0,False,281,0.0,0.06364,0.0,0.06364,90.0,135.0,0.6666666666666666,0.09546,3190.6348775938122,3190.7303375938122,-1.0,-0.104398,0.225,157.26936337490997,1605.0
15,HATCH,-1.0,-0.072578,0.225,0.072578,1.0,0.225,30.0,1070.0,False,284,1.072578,1.072578,0.0,1.5168543543030095,45.0,45.0,0.5,3.033708708606019,3190.7303375938122,3193.764046302418,-0.463711,0.463711,0.225,0.09546000000000276,2140.0
15,OTHER,0.072578,1.0,0.225,0.008938,1.0,0.225,40.0,1070.0,False,287,-0.06364,0.0,0.0,0.06364,180.0,135.0,0.6666666666666666,0.09546,3193.764046302418,3193.859506302418,0.040758,1.0,0.225,255.66130877746946,1605.0
15,HATCH,0.008938,1.0,0.225,-1.0,-0.008938,0.225,30.0,1070.0,False,290,-1.008938,-1.008938,0.0,1.4268538031935856,-135.0,45.0,0.5,2.853707606387171,3193.859506302418,3196.7132139088053,-0.495531,0.495531,0.225,0.09546000000000276,2140.0
15,OTHER,-1.0,-0.008938,0.225,-1.0,0.054701,0.225,40.0,1070.0,False,293,0.0,0.063639,0.0,0.063639,90.0,135.0,0.6666666666666666,0.0954585,3196.7132139088053,3196.8086724088053,-1.0,0.0228815,0.225,348.16297638385913,1605.0
15,HATCH,-1.0,0.054701,0.225,-0.054701,1.0,0.225,30.0,1070.0,False,296,0.945299,0.945299,0.0,1.3368546662977243,45.0,45.0,0.5,2.6737093325954486,3196.8086724088053,3199.482381741401,-0.5273505,0.5273505,0.225,0.09545849999994971,2140.0
15,OTHER,-0.054701,1.0,0.225,-0.118341,1.0,0.225,40.0,1070.0,False,299,-0.06364,0.0,0.0,0.06364,180.0,135.0,0.6666666666666666,0.09546,3199.482381741401,3199.577841741401,-0.086521,1.0,0.225,170.11686752249852,1605.0
15,HATCH,-0.118341,1.0,0.225,-1.0,0.118341,0.225,30.0,1070.0,False,302,-0.881659,-0.881659,0.0,1.2468541151883006,-135.0,45.00000000000001,0.5,2.493708230376601,3199.577841741401,3202.0715499717776,-0.5591705,0.5591705,0.225,0.09546000000000276,2140.0
15,OTHER,-1.0,0.118341,0.225,-1.0,0.181981,0.225,40.0,1070.0,False,305,0.0,0.06364,0.0,0.06364,90.0,135.0,0.6666666666666666,0.09546,3202.0715499717776,3202.1670099717776,-1.0,0.150161,0.225,412.48935965197916,1605.0
15,HATCH,-1.0,0.181981,0.225,-0.181981,1.0,0.225,30.0,1070.0,False,308,0.818019,0.818019,0.0,1.1568535640788769,45.0,45.00000000000001,0.5,2.3137071281577537,3202.1670099717776,3204.480717099935,-0.5909905,0.5909905,0.225,0.09546000000000276,2140.0
15,OTHER,-0.181981,1.0,0.225,-0.24562,1.0,0.225,40.0,1070.0,False,311,-0.063639,0.0,0.0,0.063639,180.0,135.0,0.6666666666666666,0.0954585,3204.480717099935,3204.576175599935,-0.2138005,1.0,0.225,175.11520288103293,1605.0
15,HATCH,-0.24562,1.0,0.225,-1.0,0.24562,0.225,30.0,1070.0,False,314,-0.75438,-0.75438,0.0,1.0668544271830156,-135.0,45.0,0.5,2.133708854366031,3204.576175599935,3206.709884454301,-0.62281,0.62281,0.225,0.09545849999994971,2140.0
15,OTHER,-1.0,0.24562,0.225,-1.0,0.30926,0.225,40.0,1070.0,False,317,0.0,0.06363999999999997,0.0,0.06363999999999997,90.0,135.0,0.6666666666666666,0.09545999999999996,3206.709884454301,3206.805344454301,-1.0,0.27744,0.225,424.2860299059548,1605.0
15,HATCH,-1.0,0.30926,0.225,-0.30926,1.0,0.225,30.0,1070.0,False,320,0.69074,0.69074,0.0,0.9768538760735918,45.0,45.00000000000001,0.5,1.9537077521471835,3206.805344454301,3208.7590522064484,-0.65463,0.65463,0.225,0.09546000000000276,2140.0
15,OTHER,-0.30926,1.0,0.225,-0.372899,1.0,0.225,40.0,1070.0,False,323,-0.063639,0.0,0.0,0.063639,180.0,135.0,0.6666666666666666,0.0954585,3208.7590522064484,3208.8545107064483,-0.3410795,1.0,0.225,303.19631468150055,1605.0
15,HATCH,-0.372899,1.0,0.225,-1.0,0.372899,0.225,30.0,1070.0,False,326,-0.627101,-0.627101,0.0,0.8868547391777303,-135.0,45.0,0.5,1.7737094783554606,3208.8545107064483,3210.628220184804,-0.6864494999999999,0.6864494999999999,0.225,0.09545849999994971,2140.0
15,OTHER,-1.0,0.372899,0.225,-1.0,0.436539,0.225,40.0,1070.0,False,329,0.0,0.06364000000000003,0.0,0.06364000000000003,90.0,135.0,0.6666666666666666,0.09546000000000004,3210.628220184804,3210.723680184804,-1.0,0.404719,0.225,436.0827001599305,1605.0
15,HATCH,-1.0,0.436539,0.225,-0.436539,1.0,0.225,30.0,1070.0,False,332,0.563461,0.563461,0.0,0.7968541880683064,45.0,44.999999999999986,0.5,1.5937083761366129,3210.723680184804,3212.3173885609403,-0.7182695,0.7182695,0.225,0.09546000000000276,2140.0
15,OTHER,-0.436539,1.0,0.225,-0.500179,1.0,0.225,40.0,1070.0,False,335,-0.06364000000000003,0.0,0.0,0.06364000000000003,180.0,135.00000000000003,0.6666666666666666,0.09546000000000004,3212.3173885609403,3212.4128485609403,-0.468359,1.0,0.225,314.88965103599276,1605.0
15,HATCH,-0.500179,1.0,0.225,-1.0,0.500179,0.225,30.0,1070.0,False,338,-0.49982099999999996,-0.49982099999999996,0.0,0.7068536369588827,-135.0,45.00000000000001,0.5,1.4137072739177654,3212.4128485609403,3213.826555834858,-0.7500895000000001,0.7500895000000001,0.225,0.09546000000000276,2140.0
15,OTHER,-1.0,0.500179,0.225,-1.0,0.563818,0.225,40.0,1070.0,False,341,0.0,0.063639,0.0,0.063639,90.0,135.0,0.6666666666666666,0.0954585,3213.826555834858,3213.922014334858,-1.0,0.5319985,0.225,447.8793719139062,1605.0
15,HATCH,-1.0,0.563818,0.225,-0.563818,1.0,0.225,30.0,1070.0,False,344,0.43618199999999996,0.43618199999999996,0.0,0.6168545000630212,45.0,45.0,0.5,1.2337090001260425,3213.922014334858,3215.155723334984,-0.781909,0.781909,0.225,0.09545849999994971,2140.0
15,OTHER,-0.563818,1.0,0.225,-0.627458,1.0,0.225,40.0,1070.0,False,347,-0.06363999999999992,0.0,0.0,0.06363999999999992,180.0,135.00000000000003,0.6666666666666666,0.09545999999999988,3215.155723334984,3215.251183334984,-0.595638,1.0,0.225,333.9979858100369,1605.0
15,HATCH,-0.627458,1.0,0.225,-1.0,0.627458,0.225,30.0,1070.0,False,350,-0.37254200000000004,-0.37254200000000004,0.0,0.5268539489535976,-135.0,45.0,0.5,1.0537078979071952,3215.251183334984,3216.3048912328914,-0.8137289999999999,0.8137289999999999,0.225,0.09546000000000276,2140.0
15,OTHER,-1.0,0.627458,0.225,-1.0,0.691097,0.225,40.0,1070.0,False,353,0.0,0.063639,0.0,0.063639,90.0,135.0,0.6666666666666666,0.0954585,3216.3048912328914,3216.4003497328913,-1.0,0.6592775,0.225,459.67604216788186,1605.0
15,HATCH,-1.0,0.691097,0.225,-0.691097,1.0,0.225,30.0,1070.0,False,356,0.30890300000000004,0.30890300000000004,0.0,0.43685481205773624,45.0,45.0,0.5,0.8737096241154725,3216.4003497328913,3217.274059357007,-0.8455485,0.8455485,0.225,0.09545849999994971,2140.0
15,OTHER,-0.691097,1.0,0.225,-0.754737,1.0,0.225,40.0,1070.0,False,359,-0.06364000000000003,0.0,0.0,0.06364000000000003,180.0,135.0,0.6666666666666666,0.09546000000000004,3217.274059357007,3217.369519357007,-0.722917,1.0,0.225,344.25132183206006,1605.0
15,HATCH,-0.754737,1.0,0.225,-1.0,0.754737,0.225,30.0,1070.0,False,362,-0.245263,-0.245263,0.0,0.3468542609483124,-135.0,45.0,0.5,0.6937085218966248,3217.369519357007,3218.0632278789035,-0.8773685,0.8773685,0.225,0.09546000000000276,2140.0
15,OTHER,-1.0,0.754737,0.225,-1.0,0.818377,0.225,40.0,1070.0,False,365,0.0,0.06364000000000003,0.0,0.06364000000000003,90.0,135.0,0.6666666666666666,0.09546000000000004,3218.0632278789035,3218.1586878789035,-1.0,0.786557,0.225,188.10164766000116,1605.0
15,HATCH,-1.0,0.818377,0.225,-0.818377,1.0,0.225,30.0,1070.0,False,368,0.18162299999999998,0.18162299999999998,0.0,0.2568537098388886,45.0,45.0,0.5,0.5137074196777772,3218.1586878789035,3218.6723952985813,-0.9091885,0.9091885,0.225,0.09546000000000276,2140.0
15,OTHER,-0.818377,1.0,0.225,-0.882016,1.0,0.225,40.0,1070.0,False,371,-0.063639,0.0,0.0,0.063639,180.0,135.0,0.6666666666666666,0.0954585,3218.6723952985813,3218.767853798581,-0.8501965,1.0,0.225,361.91965777363475,1605.0
15,HATCH,-0.882016,1.0,0.225,-1.0,0.882016,0.225,30.0,1070.0,False,374,-0.11798399999999998,-0.11798399999999998,0.0,0.16685457294302722,-135.0,45.00000000000001,0.5,0.33370914588605444,3218.767853798581,3219.1015629444673,-0.9410080000000001,0.9410080000000001,0.225,0.09545849999994971,2140.0
15,OTHER,-1.0,0.882016,0.225,-1.0,0.945656,0.225,40.0,1070.0,False,377,0.0,0.06364000000000003,0.0,0.06364000000000003,90.0,135.0,0.6666666666666666,0.09546000000000004,3219.1015629444673,3219.1970229444673,-1.0,0.9138360000000001,0.225,0.0,1605.0
15,HATCH,-1.0,0.945656,0.225,-0.945656,1.0,0.225,30.0,1070.0,False,380,0.05434399999999995,0.05434399999999995,0.0,0.0768540218336034,45.0,45.0,0.5,0.1537080436672068,3219.1970229444673,3219.3507309881347,-0.972828,0.972828,0.225,0.0,2140.0
15,OTHER,-0.945656,1.0,0.225,1.0,-0.745442,0.225,40.0,1070.0,False,383,1.945656,-1.7454420000000002,0.0,2.613837226320721,-41.89518228070012,86.89518228070011,0.6666666666666666,3.9207558394810818,3219.3507309881347,3223.2714868276157,0.027171999999999974,0.12727899999999998,0.225,494.9113976828744,1605.0
15,HATCH,1.0,-0.745442,0.225,0.745442,-1.0,0.225,30.0,1070.0,False,386,-0.25455799999999995,-0.25455799999999995,0.0,0.35999937601057025,-135.0,93.1048177192999,0.5,0.7199987520211405,3223.2714868276157,3223.991485579637,0.8727210000000001,-0.8727210000000001,0.225,183.20419829801494,2140.0
15,OTHER,0.745442,-1.0,0.225,0.809081,-1.0,0.225,40.0,1070.0,False,389,0.063639,0.0,0.0,0.063639,0.0,135.0,0.6666666666666666,0.0954585,3223.991485579637,3224.086944079637,0.7772615,-1.0,0.225,216.74124805468637,1605.0
15,HATCH,0.809081,-1.0,0.225,1.0,-0.809081,0.225,30.0,1070.0,False,392,0.19091899999999995,0.19091899999999995,0.0,0.2700002391147089,45.0,45.00000000000001,0.5,0.5400004782294178,3224.086944079637,3224.6269445578664,0.9045405,-0.9045405,0.225,0.09545849999994971,2140.0
15,OTHER,1.0,-0.809081,0.225,1.0,-0.872721,0.225,40.0,1070.0,False,395,0.0,-0.06363999999999992,0.0,0.06363999999999992,-90.0,135.0,0.6666666666666666,0.09545999999999988,3224.6269445578664,3224.7224045578664,1.0,-0.840901,0.225,186.66536433896408,1605.0
15,HATCH,1.0,-0.872721,0.225,0.872721,-1.0,0.225,30.0,1070.0,False,398,-0.12727900000000003,-0.12727900000000003,0.0,0.1799996880052852,-135.0,45.00000000000001,0.5,0.3599993760105704,3224.7224045578664,3225.082403933877,0.9363604999999999,-0.9363604999999999,0.225,0.09546000000000276,2140.0
15,OTHER,0.872721,-1.0,0.225,0.93636,-1.0,0.225,40.0,1070.0,False,401,0.063639,0.0,0.0,0.063639,0.0,135.0,0.6666666666666666,0.0954585,3225.082403933877,3225.1778624338767,0.9045405,-1.0,0.225,0.0,1605.0
15,HATCH,0.93636,-1.0,0.225,1.0,-0.93636,0.225,30.0,1070.0,False,404,0.06364000000000003,0.06364000000000003,0.0,0.09000055110942382,45.0,45.0,0.5,0.18000110221884763,3225.1778624338767,3225.3578635360955,0.96818,-0.96818,0.225,0.0,2140.0
15,OTHER,1.0,-0.93636,0.225,1.0,-0.93636,0.24,40.0,1070.0,False,407,0.0,0.0,0.014999999999999986,0.014999999999999986,0.0,,0.6666666666666666,0.02249999999999998,3225.3578635360955,3225.3803635360955,1.0,-0.93636,0.23249999999999998,0.0,1605.0
16,OTHER,1.0,-0.93636,0.24,1.0,1.0,0.24,40.0,1070.0,False,20,0.0,1.93636,0.0,1.93636,90.0,,0.6666666666666666,2.9045400000000003,3225.3803635360955,3228.2849035360955,1.0,0.031820000000000015,0.24,163.5630230305478,1605.0
16,CONTOUR,1.0,1.0,0.24,1.0,-0.815431,0.24,30.0,1070.0,False,23,0.0,-1.815431,0.0,1.815431,-90.0,180.0,0.5,3.630862,3228.2849035360955,3231.9157655360955,1.0,0.09228449999999999,0.24,0.0,2140.0
16,CONTOUR,1.0,-0.815431,0.24,1.0,-1.0,0.24,30.0,1070.0,False,24,0.0,-0.18456899999999998,0.0,0.18456899999999998,-90.0,0.0,0.5,0.36913799999999997,3231.9157655360955,3232.2849035360955,1.0,-0.9077155,0.24,6.535401999999976,2140.0
16,CONTOUR,1.0,-1.0,0.24,-0.815431,-1.0,0.24,30.0,1070.0,False,25,-1.815431,0.0,0.0,1.815431,180.0,90.0,0.5,3.630862,3232.2849035360955,3235.9157655360955,0.09228449999999999,-1.0,0.24,173.44302219548672,2140.0
16,CONTOUR,-0.815431,-1.0,0.24,-1.0,-1.0,0.24,30.0,1070.0,False,26,-0.18456899999999998,0.0,0.0,0.18456899999999998,180.0,0.0,0.5,0.36913799999999997,3235.9157655360955,3236.2849035360955,-0.9077155,-1.0,0.24,107.89377780180666,2140.0
16,CONTOUR,-1.0,-1.0,0.24,-1.0,0.815431,0.24,30.0,1070.0,False,27,0.0,1.815431,0.0,1.815431,90.0,90.0,0.5,3.630862,3236.2849035360955,3239.9157655360955,-1.0,-0.09228449999999999,0.24,45.55456594228326,2140.0
16,CONTOUR,-1.0,0.815431,0.24,-1.0,1.0,0.24,30.0,1070.0,False,28,0.0,0.18456899999999998,0.0,0.18456899999999998,90.0,0.0,0.5,0.36913799999999997,3239.9157655360955,3240.2849035360955,-1.0,0.9077155,0.24,20.56503454796075,2140.0
16,CONTOUR,-1.0,1.0,0.24,0.815431,1.0,0.24,30.0,1070.0,False,29,1.815431,0.0,0.0,1.815431,0.0,90.0,0.5,3.630862,3240.2849035360955,3243.9157655360955,-0.09228449999999999,1.0,0.24,40.70706179469471,2140.0
16,CONTOUR,0.815431,1.0,0.24,1.0,1.0,0.24,30.0,1070.0,False,30,0.18456899999999998,0.0,0.0,0.18456899999999998,0.0,0.0,0.5,0.36913799999999997,3243.9157655360955,3244.2849035360955,0.9077155,1.0,0.24,110.24461213269979,2140.0
16,OTHER,1.0,1.0,0.24,1.0,0.98,0.24,40.0,1070.0,False,35,0.0,-0.020000000000000018,0.0,0.020000000000000018,-90.0,90.0,0.6666666666666666,0.030000000000000027,3244.2849035360955,3244.3149035360957,1.0,0.99,0.24,0.0,1605.0
16,HATCH,1.0,0.98,0.24,-1.0,0.98,0.24,30.0,1070.0,True,38,-2.0,0.0,0.0,2.0,180.0,90.0,0.5,4.0,3244.3149035360957,3248.3149035360957,0.0,0.98,0.24,0.3991380000002209,2140.0
16,OTHER,-1.0,0.98,0.24,-1.0,0.935,0.24,40.0,1070.0,False,41,0.0,-0.04499999999999993,0.0,0.04499999999999993,-90.0,90.0,0.6666666666666666,0.0674999999999999,3248.3149035360957,3248.382403536096,-1.0,0.9575,0.24,8.0300000000002,1605.0
16,HATCH,-1.0,0.935,0.24,1.0,0.935,0.24,30.0,1070.0,True,44,2.0,0.0,0.0,2.0,0.0,90.0,0.5,4.0,3248.382403536096,3252.382403536096,0.0,0.935,0.24,0.06750000000010914,2140.0
16,OTHER,1.0,0.935,0.24,1.0,0.89,0.24,40.0,1070.0,False,47,0.0,-0.04500000000000004,0.0,0.04500000000000004,-90.0,90.0,0.6666666666666666,0.06750000000000006,3252.382403536096,3252.449903536096,1.0,0.9125000000000001,0.24,8.06750000000011,1605.0
16,HATCH,1.0,0.89,0.24,-1.0,0.89,0.24,30.0,1070.0,True,50,-2.0,0.0,0.0,2.0,180.0,90.0,0.5,4.0,3252.449903536096,3256.449903536096,0.0,0.89,0.24,0.06750000000010914,2140.0
16,OTHER,-1.0,0.89,0.24,-1.0,0.845,0.24,40.0,1070.0,False,53,0.0,-0.04500000000000004,0.0,0.04500000000000004,-90.0,90.0,0.6666666666666666,0.06750000000000006,3256.449903536096,3256.517403536096,-1.0,0.8674999999999999,0.24,8.06750000000011,1605.0
16,HATCH,-1.0,0.845,0.24,1.0,0.845,0.24,30.0,1070.0,True,56,2.0,0.0,0.0,2.0,0.0,90.0,0.5,4.0,3256.517403536096,3260.517403536096,0.0,0.845,0.24,0.06750000000010914,2140.0
16,OTHER,1.0,0.845,0.24,1.0,0.8,0.24,40.0,1070.0,False,59,0.0,-0.04499999999999993,0.0,0.04499999999999993,-90.0,90.0,0.6666666666666666,0.0674999999999999,3260.517403536096,3260.584903536096,1.0,0.8225,0.24,8.06750000000011,1605.0
16,HATCH,1.0,0.8,0.24,-1.0,0.8,0.24,30.0,1070.0,True,62,-2.0,0.0,0.0,2.0,180.0,90.0,0.5,4.0,3260.584903536096,3264.584903536096,0.0,0.8,0.24,0.06750000000010914,2140.0
16,OTHER,-1.0,0.8,0.24,-1.0,0.755,0.24,40.0,1070.0,False,65,0.0,-0.04500000000000004,0.0,0.04500000000000004,-90.0,90.0,0.6666666666666666,0.06750000000000006,3264.584903536096,3264.6524035360962,-1.0,0.7775000000000001,0.24,8.06750000000011,1605.0
16,HATCH,-1.0,0.755,0.24,1.0,0.755,0.24,30.0,1070.0,True,68,2.0,0.0,0.0,2.0,0.0,90.0,0.5,4.0,3264.6524035360962,3268.6524035360962,0.0,0.755,0.24,0.06750000000010914,2140.0
16,OTHER,1.0,0.755,0.24,1.0,0.71,0.24,40.0,1070.0,False,71,0.0,-0.04500000000000004,0.0,0.04500000000000004,-90.0,90.0,0.6666666666666666,0.06750000000000006,3268.6524035360962,3268.7199035360964,1.0,0.7324999999999999,0.24,8.06750000000011,1605.0
16,HATCH,1.0,0.71,0.24,-1.0,0.71,0.24,30.0,1070.0,True,74,-2.0,0.0,0.0,2.0,180.0,90.0,0.5,4.0,3268.7199035360964,3272.7199035360964,0.0,0.71,0.24,0.06750000000010914,2140.0
16,OTHER,-1.0,0.71,0.24,-1.0,0.665,0.24,40.0,1070.0,False,77,0.0,-0.04499999999999993,0.0,0.04499999999999993,-90.0,90.0,0.6666666666666666,0.0674999999999999,3272.7199035360964,3272.7874035360965,-1.0,0.6875,0.24,8.06750000000011,1605.0
16,HATCH,-1.0,0.665,0.24,1.0,0.665,0.24,30.0,1070.0,True,80,2.0,0.0,0.0,2.0,0.0,90.0,0.5,4.0,3272.7874035360965,3276.7874035360965,0.0,0.665,0.24,0.06750000000010914,2140.0
16,OTHER,1.0,0.665,0.24,1.0,0.62,0.24,40.0,1070.0,False,83,0.0,-0.04500000000000004,0.0,0.04500000000000004,-90.0,90.0,0.6666666666666666,0.06750000000000006,3276.7874035360965,3276.8549035360966,1.0,0.6425000000000001,0.24,8.06750000000011,1605.0
16,HATCH,1.0,0.62,0.24,-1.0,0.62,0.24,30.0,1070.0,True,86,-2.0,0.0,0.0,2.0,180.0,90.0,0.5,4.0,3276.8549035360966,3280.8549035360966,0.0,0.62,0.24,0.06750000000010914,2140.0
16,OTHER,-1.0,0.62,0.24,-1.0,0.575,0.24,40.0,1070.0,False,89,0.0,-0.04500000000000004,0.0,0.04500000000000004,-90.0,90.0,0.6666666666666666,0.06750000000000006,3280.8549035360966,3280.9224035360967,-1.0,0.5974999999999999,0.24,8.06750000000011,1605.0
16,HATCH,-1.0,0.575,0.24,1.0,0.575,0.24,30.0,1070.0,True,92,2.0,0.0,0.0,2.0,0.0,90.0,0.5,4.0,3280.9224035360967,3284.9224035360967,0.0,0.575,0.24,0.06750000000010914,2140.0
16,OTHER,1.0,0.575,0.24,1.0,0.53,0.24,40.0,1070.0,False,95,0.0,-0.04499999999999993,0.0,0.04499999999999993,-90.0,90.0,0.6666666666666666,0.0674999999999999,3284.9224035360967,3284.989903536097,1.0,0.5525,0.24,8.06750000000011,1605.0
16,HATCH,1.0,0.53,0.24,-1.0,0.53,0.24,30.0,1070.0,True,98,-2.0,0.0,0.0,2.0,180.0,90.0,0.5,4.0,3284.989903536097,3288.989903536097,0.0,0.53,0.24,0.06750000000010914,2140.0
16,OTHER,-1.0,0.53,0.24,-1.0,0.485,0.24,40.0,1070.0,False,101,0.0,-0.04500000000000004,0.0,0.04500000000000004,-90.0,90.0,0.6666666666666666,0.06750000000000006,3288.989903536097,3289.057403536097,-1.0,0.5075000000000001,0.24,8.06750000000011,1605.0
16,HATCH,-1.0,0.485,0.24,1.0,0.485,0.24,30.0,1070.0,True,104,2.0,0.0,0.0,2.0,0.0,90.0,0.5,4.0,3289.057403536097,3293.057403536097,0.0,0.485,0.24,0.06750000000010914,2140.0
16,OTHER,1.0,0.485,0.24,1.0,0.44,0.24,40.0,1070.0,False,107,0.0,-0.044999999999999984,0.0,0.044999999999999984,-90.0,90.0,0.6666666666666666,0.06749999999999998,3293.057403536097,3293.124903536097,1.0,0.4625,0.24,8.06750000000011,1605.0
16,HATCH,1.0,0.44,0.24,-1.0,0.44,0.24,30.0,1070.0,True,110,-2.0,0.0,0.0,2.0,180.0,90.0,0.5,4.0,3293.124903536097,3297.124903536097,0.0,0.44,0.24,0.06750000000010914,2140.0
16,OTHER,-1.0,0.44,0.24,-1.0,0.395,0.24,40.0,1070.0,False,113,0.0,-0.044999999999999984,0.0,0.044999999999999984,-90.0,90.0,0.6666666666666666,0.06749999999999998,3297.124903536097,3297.192403536097,-1.0,0.4175,0.24,8.06750000000011,1605.0
16,HATCH,-1.0,0.395,0.24,1.0,0.395,0.24,30.0,1070.0,True,116,2.0,0.0,0.0,2.0,0.0,90.0,0.5,4.0,3297.192403536097,3301.192403536097,0.0,0.395,0.24,0.06750000000010914,2140.0
16,OTHER,1.0,0.395,0.24,1.0,0.35,0.24,40.0,1070.0,False,119,0.0,-0.04500000000000004,0.0,0.04500000000000004,-90.0,90.0,0.6666666666666666,0.06750000000000006,3301.192403536097,3301.259903536097,1.0,0.3725,0.24,8.06750000000011,1605.0
16,HATCH,1.0,0.35,0.24,-1.0,0.35,0.24,30.0,1070.0,True,122,-2.0,0.0,0.0,2.0,180.0,90.0,0.5,4.0,3301.259903536097,3305.259903536097,0.0,0.35,0.24,0.06750000000010914,2140.0
16,OTHER,-1.0,0.35,0.24,-1.0,0.305,0.24,40.0,1070.0,False,125,0.0,-0.044999999999999984,0.0,0.044999999999999984,-90.0,90.0,0.6666666666666666,0.06749999999999998,3305.259903536097,3305.3274035360973,-1.0,0.3275,0.24,8.06750000000011,1605.0
16,HATCH,-1.0,0.305,0.24,1.0,0.305,0.24,30.0,1070.0,True,128,2.0,0.0,0.0,2.0,0.0,90.0,0.5,4.0,3305.3274035360973,3309.3274035360973,0.0,0.305,0.24,0.06750000000010914,2140.0
16,OTHER,1.0,0.305,0.24,1.0,0.26,0.24,40.0,1070.0,False,131,0.0,-0.044999999999999984,0.0,0.044999999999999984,-90.0,90.0,0.6666666666666666,0.06749999999999998,3309.3274035360973,3309.3949035360974,1.0,0.2825,0.24,8.06750000000011,1605.0
16,HATCH,1.0,0.26,0.24,-1.0,0.26,0.24,30.0,1070.0,True,134,-2.0,0.0,0.0,2.0,180.0,90.0,0.5,4.0,3309.3949035360974,3313.3949035360974,0.0,0.26,0.24,0.06750000000010914,2140.0
16,OTHER,-1.0,0.26,0.24,-1.0,0.215,0.24,40.0,1070.0,False,137,0.0,-0.04500000000000001,0.0,0.04500000000000001,-90.0,90.0,0.6666666666666666,0.06750000000000002,3313.3949035360974,3313.4624035360976,-1.0,0.2375,0.24,8.06750000000011,1605.0
16,HATCH,-1.0,0.215,0.24,1.0,0.215,0.24,30.0,1070.0,True,140,2.0,0.0,0.0,2.0,0.0,90.0,0.5,4.0,3313.4624035360976,3317.4624035360976,0.0,0.215,0.24,0.06750000000010914,2140.0
16,OTHER,1.0,0.215,0.24,1.0,0.17,0.24,40.0,1070.0,False,143,0.0,-0.044999999999999984,0.0,0.044999999999999984,-90.0,90.0,0.6666666666666666,0.06749999999999998,3317.4624035360976,3317.5299035360977,1.0,0.1925,0.24,8.06750000000011,1605.0
16,HATCH,1.0,0.17,0.24,-1.0,0.17,0.24,30.0,1070.0,True,146,-2.0,0.0,0.0,2.0,180.0,90.0,0.5,4.0,3317.5299035360977,3321.5299035360977,0.0,0.17,0.24,0.06750000000010914,2140.0
16,OTHER,-1.0,0.17,0.24,-1.0,0.125,0.24,40.0,1070.0,False,149,0.0,-0.04500000000000001,0.0,0.04500000000000001,-90.0,90.0,0.6666666666666666,0.06750000000000002,3321.5299035360977,3321.5974035360978,-1.0,0.14750000000000002,0.24,8.06750000000011,1605.0
16,HATCH,-1.0,0.125,0.24,1.0,0.125,0.24,30.0,1070.0,True,152,2.0,0.0,0.0,2.0,0.0,90.0,0.5,4.0,3321.5974035360978,3325.5974035360978,0.0,0.125,0.24,0.06750000000010914,2140.0
16,OTHER,1.0,0.125,0.24,1.0,0.08,0.24,40.0,1070.0,False,155,0.0,-0.045,0.0,0.045,-90.0,90.0,0.6666666666666666,0.0675,3325.5974035360978,3325.664903536098,1.0,0.10250000000000001,0.24,8.06750000000011,1605.0
16,HATCH,1.0,0.08,0.24,-1.0,0.08,0.24,30.0,1070.0,True,158,-2.0,0.0,0.0,2.0,180.0,90.0,0.5,4.0,3325.664903536098,3329.664903536098,0.0,0.08,0.24,0.06750000000010914,2140.0
16,OTHER,-1.0,0.08,0.24,-1.0,0.035,0.24,40.0,1070.0,False,161,0.0,-0.045,0.0,0.045,-90.0,90.0,0.6666666666666666,0.0675,3329.664903536098,3329.732403536098,-1.0,0.0575,0.24,8.06750000000011,1605.0
16,HATCH,-1.0,0.035,0.24,1.0,0.035,0.24,30.0,1070.0,True,164,2.0,0.0,0.0,2.0,0.0,90.0,0.5,4.0,3329.732403536098,3333.732403536098,0.0,0.035,0.24,0.06750000000010914,2140.0
16,OTHER,1.0,0.035,0.24,1.0,-0.01,0.24,40.0,1070.0,False,167,0.0,-0.045000000000000005,0.0,0.045000000000000005,-90.0,90.0,0.6666666666666666,0.06750000000000002,3333.732403536098,3333.799903536098,1.0,0.0125,0.24,8.06750000000011,1605.0
16,HATCH,1.0,-0.01,0.24,-1.0,-0.01,0.24,30.0,1070.0,True,170,-2.0,0.0,0.0,2.0,180.0,90.0,0.5,4.0,3333.799903536098,3337.799903536098,0.0,-0.01,0.24,0.06750000000010914,2140.0
16,OTHER,-1.0,-0.01,0.24,-1.0,-0.055,0.24,40.0,1070.0,False,173,0.0,-0.045,0.0,0.045,-90.0,90.0,0.6666666666666666,0.0675,3337.799903536098,3337.867403536098,-1.0,-0.0325,0.24,8.06750000000011,1605.0
16,HATCH,-1.0,-0.055,0.24,1.0,-0.055,0.24,30.0,1070.0,True,176,2.0,0.0,0.0,2.0,0.0,90.0,0.5,4.0,3337.867403536098,3341.867403536098,0.0,-0.055,0.24,0.06750000000010914,2140.0
16,OTHER,1.0,-0.055,0.24,1.0,-0.1,0.24,40.0,1070.0,False,179,0.0,-0.045000000000000005,0.0,0.045000000000000005,-90.0,90.0,0.6666666666666666,0.06750000000000002,3341.867403536098,3341.9349035360983,1.0,-0.0775,0.24,8.06750000000011,1605.0
16,HATCH,1.0,-0.1,0.24,-1.0,-0.1,0.24,30.0,1070.0,True,182,-2.0,0.0,0.0,2.0,180.0,90.0,0.5,4.0,3341.9349035360983,3345.9349035360983,0.0,-0.1,0.24,0.06750000000010914,2140.0
16,OTHER,-1.0,-0.1,0.24,-1.0,-0.145,0.24,40.0,1070.0,False,185,0.0,-0.044999999999999984,0.0,0.044999999999999984,-90.0,90.0,0.6666666666666666,0.06749999999999998,3345.9349035360983,3346.0024035360984,-1.0,-0.1225,0.24,8.06750000000011,1605.0
16,HATCH,-1.0,-0.145,0.24,1.0,-0.145,0.24,30.0,1070.0,True,188,2.0,0.0,0.0,2.0,0.0,90.0,0.5,4.0,3346.0024035360984,3350.0024035360984,0.0,-0.145,0.24,0.06750000000010914,2140.0
16,OTHER,1.0,-0.145,0.24,1.0,-0.19,0.24,40.0,1070.0,False,191,0.0,-0.04500000000000001,0.0,0.04500000000000001,-90.0,90.0,0.6666666666666666,0.06750000000000002,3350.0024035360984,3350.0699035360985,1.0,-0.16749999999999998,0.24,8.06750000000011,1605.0
16,HATCH,1.0,-0.19,0.24,-1.0,-0.19,0.24,30.0,1070.0,True,194,-2.0,0.0,0.0,2.0,180.0,90.0,0.5,4.0,3350.0699035360985,3354.0699035360985,0.0,-0.19,0.24,0.06750000000010914,2140.0
16,OTHER,-1.0,-0.19,0.24,-1.0,-0.235,0.24,40.0,1070.0,False,197,0.0,-0.044999999999999984,0.0,0.044999999999999984,-90.0,90.0,0.6666666666666666,0.06749999999999998,3354.0699035360985,3354.1374035360986,-1.0,-0.2125,0.24,8.06750000000011,1605.0
16,HATCH,-1.0,-0.235,0.24,1.0,-0.235,0.24,30.0,1070.0,True,200,2.0,0.0,0.0,2.0,0.0,90.0,0.5,4.0,3354.1374035360986,3358.1374035360986,0.0,-0.235,0.24,0.06750000000010914,2140.0
16,OTHER,1.0,-0.235,0.24,1.0,-0.28,0.24,40.0,1070.0,False,203,0.0,-0.04500000000000004,0.0,0.04500000000000004,-90.0,90.0,0.6666666666666666,0.06750000000000006,3358.1374035360986,3358.2049035360988,1.0,-0.2575,0.24,8.06750000000011,1605.0
16,HATCH,1.0,-0.28,0.24,-1.0,-0.28,0.24,30.0,1070.0,True,206,-2.0,0.0,0.0,2.0,180.0,90.0,0.5,4.0,3358.2049035360988,3362.2049035360988,0.0,-0.28,0.24,0.06750000000010914,2140.0
16,OTHER,-1.0,-0.28,0.24,-1.0,-0.325,0.24,40.0,1070.0,False,209,0.0,-0.044999999999999984,0.0,0.044999999999999984,-90.0,90.0,0.6666666666666666,0.06749999999999998,3362.2049035360988,3362.272403536099,-1.0,-0.3025,0.24,8.06750000000011,1605.0
16,HATCH,-1.0,-0.325,0.24,1.0,-0.325,0.24,30.0,1070.0,True,212,2.0,0.0,0.0,2.0,0.0,90.0,0.5,4.0,3362.272403536099,3366.272403536099,0.0,-0.325,0.24,0.06750000000010914,2140.0
16,OTHER,1.0,-0.325,0.24,1.0,-0.37,0.24,40.0,1070.0,False,215,0.0,-0.044999999999999984,0.0,0.044999999999999984,-90.0,90.0,0.6666666666666666,0.06749999999999998,3366.272403536099,3366.339903536099,1.0,-0.34750000000000003,0.24,8.06750000000011,1605.0
16,HATCH,1.0,-0.37,0.24,-1.0,-0.37,0.24,30.0,1070.0,True,218,-2.0,0.0,0.0,2.0,180.0,90.0,0.5,4.0,3366.339903536099,3370.339903536099,0.0,-0.37,0.24,0.06750000000010914,2140.0
16,OTHER,-1.0,-0.37,0.24,-1.0,-0.415,0.24,40.0,1070.0,False,221,0.0,-0.044999999999999984,0.0,0.044999999999999984,-90.0,90.0,0.6666666666666666,0.06749999999999998,3370.339903536099,3370.407403536099,-1.0,-0.39249999999999996,0.24,8.06750000000011,1605.0
16,HATCH,-1.0,-0.415,0.24,1.0,-0.415,0.24,30.0,1070.0,True,224,2.0,0.0,0.0,2.0,0.0,90.0,0.5,4.0,3370.407403536099,3374.407403536099,0.0,-0.415,0.24,0.06750000000010914,2140.0
16,OTHER,1.0,-0.415,0.24,1.0,-0.46,0.24,40.0,1070.0,False,227,0.0,-0.04500000000000004,0.0,0.04500000000000004,-90.0,90.0,0.6666666666666666,0.06750000000000006,3374.407403536099,3374.474903536099,1.0,-0.4375,0.24,8.06750000000011,1605.0
16,HATCH,1.0,-0.46,0.24,-1.0,-0.46,0.24,30.0,1070.0,True,230,-2.0,0.0,0.0,2.0,180.0,90.0,0.5,4.0,3374.474903536099,3378.474903536099,0.0,-0.46,0.24,0.06750000000010914,2140.0
16,OTHER,-1.0,-0.46,0.24,-1.0,-0.505,0.24,40.0,1070.0,False,233,0.0,-0.044999999999999984,0.0,0.044999999999999984,-90.0,90.0,0.6666666666666666,0.06749999999999998,3378.474903536099,3378.5424035360993,-1.0,-0.48250000000000004,0.24,8.06750000000011,1605.0
16,HATCH,-1.0,-0.505,0.24,1.0,-0.505,0.24,30.0,1070.0,True,236,2.0,0.0,0.0,2.0,0.0,90.0,0.5,4.0,3378.5424035360993,3382.5424035360993,0.0,-0.505,0.24,0.06750000000010914,2140.0
16,OTHER,1.0,-0.505,0.24,1.0,-0.55,0.24,40.0,1070.0,False,239,0.0,-0.04500000000000004,0.0,0.04500000000000004,-90.0,90.0,0.6666666666666666,0.06750000000000006,3382.5424035360993,3382.6099035360994,1.0,-0.5275000000000001,0.24,8.06750000000011,1605.0
16,HATCH,1.0,-0.55,0.24,-1.0,-0.55,0.24,30.0,1070.0,True,242,-2.0,0.0,0.0,2.0,180.0,90.0,0.5,4.0,3382.6099035360994,3386.6099035360994,0.0,-0.55,0.24,0.06750000000010914,2140.0
16,OTHER,-1.0,-0.55,0.24,-1.0,-0.595,0.24,40.0,1070.0,False,245,0.0,-0.04499999999999993,0.0,0.04499999999999993,-90.0,90.0,0.6666666666666666,0.0674999999999999,3386.6099035360994,3386.6774035360995,-1.0,-0.5725,0.24,8.06750000000011,1605.0
16,HATCH,-1.0,-0.595,0.24,1.0,-0.595,0.24,30.0,1070.0,True,248,2.0,0.0,0.0,2.0,0.0,90.0,0.5,4.0,3386.6774035360995,3390.6774035360995,0.0,-0.595,0.24,0.06750000000010914,2140.0
16,OTHER,1.0,-0.595,0.24,1.0,-0.64,0.24,40.0,1070.0,False,251,0.0,-0.04500000000000004,0.0,0.04500000000000004,-90.0,90.0,0.6666666666666666,0.06750000000000006,3390.6774035360995,3390.7449035360996,1.0,-0.6174999999999999,0.24,8.06750000000011,1605.0
16,HATCH,1.0,-0.64,0.24,-1.0,-0.64,0.24,30.0,1070.0,True,254,-2.0,0.0,0.0,2.0,180.0,90.0,0.5,4.0,3390.7449035360996,3394.7449035360996,0.0,-0.64,0.24,0.06750000000010914,2140.0
16,OTHER,-1.0,-0.64,0.24,-1.0,-0.685,0.24,40.0,1070.0,False,257,0.0,-0.04500000000000004,0.0,0.04500000000000004,-90.0,90.0,0.6666666666666666,0.06750000000000006,3394.7449035360996,3394.8124035360997,-1.0,-0.6625000000000001,0.24,8.06750000000011,1605.0
16,HATCH,-1.0,-0.685,0.24,1.0,-0.685,0.24,30.0,1070.0,True,260,2.0,0.0,0.0,2.0,0.0,90.0,0.5,4.0,3394.8124035360997,3398.8124035360997,0.0,-0.685,0.24,0.06750000000010914,2140.0
16,OTHER,1.0,-0.685,0.24,1.0,-0.73,0.24,40.0,1070.0,False,263,0.0,-0.04499999999999993,0.0,0.04499999999999993,-90.0,90.0,0.6666666666666666,0.0674999999999999,3398.8124035360997,3398.8799035361,1.0,-0.7075,0.24,8.06750000000011,1605.0
16,HATCH,1.0,-0.73,0.24,-1.0,-0.73,0.24,30.0,1070.0,True,266,-2.0,0.0,0.0,2.0,180.0,90.0,0.5,4.0,3398.8799035361,3402.8799035361,0.0,-0.73,0.24,0.06750000000010914,2140.0
16,OTHER,-1.0,-0.73,0.24,-1.0,-0.775,0.24,40.0,1070.0,False,269,0.0,-0.04500000000000004,0.0,0.04500000000000004,-90.0,90.0,0.6666666666666666,0.06750000000000006,3402.8799035361,3402.9474035361,-1.0,-0.7525,0.24,8.06750000000011,1605.0
16,HATCH,-1.0,-0.775,0.24,1.0,-0.775,0.24,30.0,1070.0,True,272,2.0,0.0,0.0,2.0,0.0,90.0,0.5,4.0,3402.9474035361,3406.9474035361,0.0,-0.775,0.24,0.06750000000010914,2140.0
16,OTHER,1.0,-0.775,0.24,1.0,-0.82,0.24,40.0,1070.0,False,275,0.0,-0.04499999999999993,0.0,0.04499999999999993,-90.0,90.0,0.6666666666666666,0.0674999999999999,3406.9474035361,3407.0149035361,1.0,-0.7975,0.24,8.06750000000011,1605.0
16,HATCH,1.0,-0.82,0.24,-1.0,-0.82,0.24,30.0,1070.0,True,278,-2.0,0.0,0.0,2.0,180.0,90.0,0.5,4.0,3407.0149035361,3411.0149035361,0.0,-0.82,0.24,0.06750000000010914,2140.0
16,OTHER,-1.0,-0.82,0.24,-1.0,-0.865,0.24,40.0,1070.0,False,281,0.0,-0.04500000000000004,0.0,0.04500000000000004,-90.0,90.0,0.6666666666666666,0.06750000000000006,3411.0149035361,3411.0824035361,-1.0,-0.8425,0.24,8.06750000000011,1605.0
16,HATCH,-1.0,-0.865,0.24,1.0,-0.865,0.24,30.0,1070.0,True,284,2.0,0.0,0.0,2.0,0.0,90.0,0.5,4.0,3411.0824035361,3415.0824035361,0.0,-0.865,0.24,0.06750000000010914,2140.0
16,OTHER,1.0,-0.865,0.24,1.0,-0.91,0.24,40.0,1070.0,False,287,0.0,-0.04500000000000004,0.0,0.04500000000000004,-90.0,90.0,0.6666666666666666,0.06750000000000006,3415.0824035361,3415.1499035361003,1.0,-0.8875,0.24,8.06750000000011,1605.0
16,HATCH,1.0,-0.91,0.24,-1.0,-0.91,0.24,30.0,1070.0,True,290,-2.0,0.0,0.0,2.0,180.0,90.0,0.5,4.0,3415.1499035361003,3419.1499035361003,0.0,-0.91,0.24,0.06750000000010914,2140.0
16,OTHER,-1.0,-0.91,0.24,-1.0,-0.955,0.24,40.0,1070.0,False,293,0.0,-0.04499999999999993,0.0,0.04499999999999993,-90.0,90.0,0.6666666666666666,0.0674999999999999,3419.1499035361003,3419.2174035361004,-1.0,-0.9325,0.24,8.06750000000011,1605.0
16,HATCH,-1.0,-0.955,0.24,1.0,-0.955,0.24,30.0,1070.0,True,296,2.0,0.0,0.0,2.0,0.0,90.0,0.5,4.0,3419.2174035361004,3423.2174035361004,0.0,-0.955,0.24,0.06750000000010914,2140.0
16,OTHER,1.0,-0.955,0.24,1.0,-0.955,0.255,40.0,1070.0,False,299,0.0,0.0,0.015000000000000013,0.015000000000000013,0.0,,0.6666666666666666,0.02250000000000002,3423.2174035361004,3423.2399035361004,1.0,-0.955,0.2475,8.06750000000011,1605.0
17,OTHER,1.0,-0.955,0.255,1.0,1.0,0.255,40.0,1070.0,False,20,0.0,1.955,0.0,1.955,90.0,,0.6666666666666666,2.9325,3423.2399035361004,3426.1724035361003,1.0,0.02250000000000002,0.255,89.44000000000233,1605.0
17,CONTOUR,1.0,1.0,0.255,0.928896,1.0,0.255,30.0,1070.0,False,23,-0.07110399999999995,0.0,0.0,0.07110399999999995,180.0,90.0,0.5,0.1422079999999999,3426.1724035361003,3426.3146115361005,0.964448,1.0,0.255,173.7225000000044,2140.0
17,CONTOUR,0.928896,1.0,0.255,-1.0,1.0,0.255,30.0,1070.0,False,24,-1.928896,0.0,0.0,1.928896,180.0,0.0,0.5,3.857792,3426.3146115361005,3430.1724035361003,-0.03555199999999997,1.0,0.255,173.93220800000472,2140.0
17,CONTOUR,-1.0,1.0,0.255,-1.0,0.928896,0.255,30.0,1070.0,False,25,0.0,-0.07110399999999995,0.0,0.07110399999999995,-90.0,90.0,0.5,0.1422079999999999,3430.1724035361003,3430.3146115361005,-1.0,0.964448,0.255,173.6550000000043,2140.0
17,CONTOUR,-1.0,0.928896,0.255,-1.0,-1.0,0.255,30.0,1070.0,False,26,0.0,-1.928896,0.0,1.928896,-90.0,0.0,0.5,3.857792,3430.3146115361005,3434.1724035361003,-1.0,-0.03555199999999997,0.255,84.3122080000021,2140.0
17,CONTOUR,-1.0,-1.0,0.255,-0.928896,-1.0,0.255,30.0,1070.0,False,27,0.07110399999999995,0.0,0.0,0.07110399999999995,0.0,90.0,0.5,0.1422079999999999,3434.1724035361003,3434.3146115361005,-0.964448,-1.0,0.255,14.954999999999927,2140.0
17,CONTOUR,-0.928896,-1.0,0.255,1.0,-1.0,0.255,30.0,1070.0,False,28,1.928896,0.0,0.0,1.928896,0.0,0.0,0.5,3.857792,3434.3146115361005,3438.1724035361003,0.03555199999999997,-1.0,0.255,11.097208000000137,2140.0
17,CONTOUR,1.0,-1.0,0.255,1.0,-0.928896,0.255,30.0,1070.0,False,29,0.0,0.07110399999999995,0.0,0.07110399999999995,90.0,90.0,0.5,0.1422079999999999,3438.1724035361003,3438.3146115361005,1.0,-0.964448,0.255,14.93249999999989,2140.0
17,CONTOUR,1.0,-0.928896,0.255,1.0,1.0,0.255,30.0,1070.0,False,30,0.0,1.928896,0.0,1.928896,90.0,0.0,0.5,3.857792,3438.3146115361005,3442.1724035361003,1.0,0.03555199999999997,0.255,12.14220800000021,2140.0
17,OTHER,1.0,1.0,0.255,1.0,0.945656,0.255,40.0,1070.0,False,35,0.0,-0.05434399999999995,0.0,0.05434399999999995,-90.0,180.0,0.6666666666666666,0.08151599999999992,3442.1724035361003,3442.2539195361005,1.0,0.972828,0.255,15.85779199999979,1605.0
17,HATCH,1.0,0.945656,0.255,0.945656,1.0,0.255,30.0,1070.0,False,38,-0.05434399999999995,0.05434399999999995,0.0,0.0768540218336034,135.0,135.0,0.5,0.1537080436672068,3442.2539195361005,3442.407627579768,0.972828,0.972828,0.255,0.0,2140.0
17,OTHER,0.945656,1.0,0.255,0.882016,1.0,0.255,40.0,1070.0,False,41,-0.06364000000000003,0.0,0.0,0.06364000000000003,180.0,45.0,0.6666666666666666,0.09546000000000004,3442.407627579768,3442.503087579768,0.9138360000000001,1.0,0.255,0.0,1605.0
17,HATCH,0.882016,1.0,0.255,1.0,0.882016,0.255,30.0,1070.0,False,44,0.11798399999999998,-0.11798399999999998,0.0,0.16685457294302722,-45.0,135.0,0.5,0.33370914588605444,3442.503087579768,3442.836796725654,0.9410080000000001,0.9410080000000001,0.255,0.0,2140.0
17,OTHER,1.0,0.882016,0.255,1.0,0.818377,0.255,40.0,1070.0,False,47,0.0,-0.063639,0.0,0.063639,-90.0,45.00000000000001,0.6666666666666666,0.0954585,3442.836796725654,3442.932255225654,1.0,0.8501965,0.255,182.2518931895579,1605.0
17,HATCH,1.0,0.818377,0.255,0.818377,1.0,0.255,30.0,1070.0,False,50,-0.18162299999999998,0.18162299999999998,0.0,0.2568537098388886,135.0,135.0,0.5,0.5137074196777772,3442.932255225654,3443.4459626453317,0.9091885,0.9091885,0.255,0.09545849999994971,2140.0
17,OTHER,0.818377,1.0,0.255,0.754737,1.0,0.255,40.0,1070.0,False,53,-0.06364000000000003,0.0,0.0,0.06364000000000003,180.0,45.0,0.6666666666666666,0.09546000000000004,3443.4459626453317,3443.5414226453317,0.786557,1.0,0.255,299.01647405352423,1605.0
17,HATCH,0.754737,1.0,0.255,1.0,0.754737,0.255,30.0,1070.0,False,56,0.245263,-0.245263,0.0,0.3468542609483124,-45.0,135.0,0.5,0.6937085218966248,3443.5414226453317,3444.2351311672282,0.8773685,0.8773685,0.255,0.09546000000000276,2140.0
17,OTHER,1.0,0.754737,0.255,1.0,0.691097,0.255,40.0,1070.0,False,59,0.0,-0.06364000000000003,0.0,0.06364000000000003,-90.0,45.0,0.6666666666666666,0.09546000000000004,3444.2351311672282,3444.3305911672282,1.0,0.722917,0.255,167.38022763113167,1605.0
17,HATCH,1.0,0.691097,0.255,0.691097,1.0,0.255,30.0,1070.0,False,62,-0.30890300000000004,0.30890300000000004,0.0,0.43685481205773624,135.0,135.0,0.5,0.8737096241154725,3444.3305911672282,3445.204300791344,0.8455485,0.8455485,0.255,0.09546000000000276,2140.0
17,OTHER,0.691097,1.0,0.255,0.627458,1.0,0.255,40.0,1070.0,False,65,-0.063639,0.0,0.0,0.063639,180.0,45.0,0.6666666666666666,0.0954585,3445.204300791344,3445.299759291344,0.6592775,1.0,0.255,290.7364742631453,1605.0
17,HATCH,0.627458,1.0,0.255,1.0,0.627458,0.255,30.0,1070.0,False,68,0.37254200000000004,-0.37254200000000004,0.0,0.5268539489535976,-45.0,135.0,0.5,1.0537078979071952,3445.299759291344,3446.353467189251,0.8137289999999999,0.8137289999999999,0.255,0.09545849999994971,2140.0
17,OTHER,1.0,0.627458,0.255,1.0,0.563818,0.255,40.0,1070.0,False,71,0.0,-0.06363999999999992,0.0,0.06363999999999992,-90.0,45.0,0.6666666666666666,0.09545999999999988,3446.353467189251,3446.448927189251,1.0,0.595638,0.255,161.36356365315442,1605.0
17,HATCH,1.0,0.563818,0.255,0.563818,1.0,0.255,30.0,1070.0,False,74,-0.43618199999999996,0.43618199999999996,0.0,0.6168545000630212,135.0,135.00000000000003,0.5,1.2337090001260425,3446.448927189251,3447.6826361893773,0.781909,0.781909,0.255,0.09546000000000276,2140.0
17,OTHER,0.563818,1.0,0.255,0.500179,1.0,0.255,40.0,1070.0,False,77,-0.063639,0.0,0.0,0.063639,180.0,45.0,0.6666666666666666,0.0954585,3447.6826361893773,3447.778094689377,0.5319985,1.0,0.255,283.89647480523627,1605.0
17,HATCH,0.500179,1.0,0.255,1.0,0.500179,0.255,30.0,1070.0,False,80,0.49982099999999996,-0.49982099999999996,0.0,0.7068536369588827,-45.0,135.0,0.5,1.4137072739177654,3447.778094689377,3449.191801963295,0.7500895000000001,0.7500895000000001,0.255,0.09545849999994971,2140.0
17,OTHER,1.0,0.500179,0.255,1.0,0.436539,0.255,40.0,1070.0,False,83,0.0,-0.06364000000000003,0.0,0.06364000000000003,-90.0,45.00000000000001,0.6666666666666666,0.09546000000000004,3449.191801963295,3449.287261963295,1.0,0.468359,0.255,147.93189842719767,1605.0
17,HATCH,1.0,0.436539,0.255,0.436539,1.0,0.255,30.0,1070.0,False,86,-0.563461,0.563461,0.0,0.7968541880683064,135.0,135.00000000000003,0.5,1.5937083761366129,3449.287261963295,3450.8809703394313,0.7182695,0.7182695,0.255,0.09546000000000276,2140.0
17,OTHER,0.436539,1.0,0.255,0.372899,1.0,0.255,40.0,1070.0,False,89,-0.06364000000000003,0.0,0.0,0.06364000000000003,180.0,44.999999999999986,0.6666666666666666,0.09546000000000004,3450.8809703394313,3450.9764303394313,0.404719,1.0,0.255,278.4964728513687,1605.0
17,HATCH,0.372899,1.0,0.255,1.0,0.372899,0.255,30.0,1070.0,False,92,0.627101,-0.627101,0.0,0.8868547391777303,-45.0,135.0,0.5,1.7737094783554606,3450.9764303394313,3452.750139817787,0.6864494999999999,0.6864494999999999,0.255,0.09546000000000276,2140.0
17,OTHER,1.0,0.372899,0.255,1.0,0.30926,0.255,40.0,1070.0,False,95,0.0,-0.063639,0.0,0.063639,-90.0,45.0,0.6666666666666666,0.0954585,3452.750139817787,3452.845598317787,1.0,0.3410795,0.255,143.35523628168949,1605.0
17,HATCH,1.0,0.30926,0.255,0.30926,1.0,0.255,30.0,1070.0,False,98,-0.69074,0.69074,0.0,0.9768538760735918,135.0,135.0,0.5,1.9537077521471835,3452.845598317787,3454.799306069934,0.65463,0.65463,0.255,0.09545849999994971,2140.0
17,OTHER,0.30926,1.0,0.255,0.24562,1.0,0.255,40.0,1070.0,False,101,-0.06363999999999997,0.0,0.0,0.06363999999999997,180.0,45.00000000000001,0.6666666666666666,0.09545999999999996,3454.799306069934,3454.894766069934,0.27744,1.0,0.255,274.53647405839865,1605.0
17,HATCH,0.24562,1.0,0.255,1.0,0.24562,0.255,30.0,1070.0,False,104,0.75438,-0.75438,0.0,1.0668544271830156,-45.0,135.0,0.5,2.133708854366031,3454.894766069934,3457.0284749243,0.62281,0.62281,0.255,0.09546000000000276,2140.0
17,OTHER,1.0,0.24562,0.255,1.0,0.181981,0.255,40.0,1070.0,False,107,0.0,-0.063639,0.0,0.063639,-90.0,45.0,0.6666666666666666,0.0954585,3457.0284749243,3457.1239334243,1.0,0.2138005,0.255,139.49857138820244,1605.0
17,HATCH,1.0,0.181981,0.255,0.181981,1.0,0.255,30.0,1070.0,False,110,-0.818019,0.818019,0.0,1.1568535640788769,135.0,135.0,0.5,2.3137071281577537,3457.1239334243,3459.4376405524577,0.5909905,0.5909905,0.255,0.09545849999994971,2140.0
17,OTHER,0.181981,1.0,0.255,0.118341,1.0,0.255,40.0,1070.0,False,113,-0.06364,0.0,0.0,0.06364,180.0,45.00000000000001,0.6666666666666666,0.09546,3459.4376405524577,3459.5331005524577,0.150161,1.0,0.255,272.01647276947006,1605.0
17,HATCH,0.118341,1.0,0.255,1.0,0.118341,0.255,30.0,1070.0,False,116,0.881659,-0.881659,0.0,1.2468541151883006,-45.0,135.0,0.5,2.493708230376601,3459.5331005524577,3462.0268087828345,0.5591705,0.5591705,0.255,0.09546000000000276,2140.0
17,OTHER,1.0,0.118341,0.255,1.0,0.054701,0.255,40.0,1070.0,False,119,0.0,-0.06364,0.0,0.06364,-90.0,45.00000000000001,0.6666666666666666,0.09546,3462.0268087828345,3462.1222687828345,1.0,0.086521,0.255,19.85440524673413,1605.0
17,HATCH,1.0,0.054701,0.255,0.054701,1.0,0.255,30.0,1070.0,False,122,-0.945299,0.945299,0.0,1.3368546662977243,135.0,135.0,0.5,2.6737093325954486,3462.1222687828345,3464.79597811543,0.5273505,0.5273505,0.255,0.09546000000000276,2140.0
17,OTHER,0.054701,1.0,0.255,-0.008938,1.0,0.255,40.0,1070.0,False,125,-0.063639,0.0,0.0,0.063639,180.0,45.0,0.6666666666666666,0.0954585,3464.79597811543,3464.89143661543,0.0228815,1.0,0.255,34.62357457932967,1605.0
17,HATCH,-0.008938,1.0,0.255,1.0,-0.008938,0.255,30.0,1070.0,False,128,1.008938,-1.008938,0.0,1.4268538031935856,-45.0,135.0,0.5,2.853707606387171,3464.89143661543,3467.745144221817,0.495531,0.495531,0.255,0.09545849999994971,2140.0
17,OTHER,1.0,-0.008938,0.255,1.0,-0.072578,0.255,40.0,1070.0,False,131,0.0,-0.06364,0.0,0.06364,-90.0,45.0,0.6666666666666666,0.09546,3467.745144221817,3467.840604221817,1.0,-0.040758,0.255,25.57274068571678,1605.0
17,HATCH,1.0,-0.072578,0.255,-0.072578,1.0,0.255,30.0,1070.0,False,134,-1.072578,1.072578,0.0,1.5168543543030095,135.0,135.0,0.5,3.033708708606019,3467.840604221817,3470.874312930423,0.463711,0.463711,0.255,0.09546000000000276,2140.0
17,OTHER,-0.072578,1.0,0.255,-0.136218,1.0,0.255,40.0,1070.0,False,137,-0.06364,0.0,0.0,0.06364,180.0,45.0,0.6666666666666666,0.09546,3470.874312930423,3470.969772930423,-0.104398,1.0,0.255,40.70190939432268,1605.0
17,HATCH,-0.136218,1.0,0.255,1.0,-0.136218,0.255,30.0,1070.0,False,140,1.136218,-1.136218,0.0,1.6068549054124333,-45.0,135.0,0.5,3.2137098108248665,3470.969772930423,3474.1834827412476,0.431891,0.431891,0.255,0.09546000000000276,2140.0
17,OTHER,1.0,-0.136218,0.255,1.0,-0.199857,0.255,40.0,1070.0,False,143,0.0,-0.063639,0.0,0.063639,-90.0,45.00000000000001,0.6666666666666666,0.0954585,3474.1834827412476,3474.2789412412476,1.0,-0.1680375,0.255,115.97857920514889,1605.0
17,HATCH,1.0,-0.199857,0.255,-0.199857,1.0,0.255,30.0,1070.0,False,146,-1.199857,1.199857,0.0,1.6968540423082947,135.0,135.0,0.5,3.3937080846165895,3474.2789412412476,3477.6726493258643,0.4000715,0.4000715,0.255,0.09545849999994971,2140.0
17,OTHER,-0.199857,1.0,0.255,-0.263497,1.0,0.255,40.0,1070.0,False,149,-0.06363999999999997,0.0,0.0,0.06363999999999997,180.0,45.00000000000001,0.6666666666666666,0.09545999999999996,3477.6726493258643,3477.7681093258643,-0.231677,1.0,0.255,273.0964737259292,1605.0
17,HATCH,-0.263497,1.0,0.255,1.0,-0.263497,0.255,30.0,1070.0,False,152,1.263497,-1.263497,0.0,1.7868545934177187,-45.0,135.0,0.5,3.5737091868354374,3477.7681093258643,3481.3418185127,0.3682515,0.3682515,0.255,0.09546000000000276,2140.0
17,OTHER,1.0,-0.263497,0.255,1.0,-0.327136,0.255,40.0,1070.0,False,155,0.0,-0.063639,0.0,0.063639,-90.0,45.00000000000001,0.6666666666666666,0.0954585,3481.3418185127,3481.4372770126997,1.0,-0.2953165,0.255,115.0019149766008,1605.0
17,HATCH,1.0,-0.327136,0.255,-0.327136,1.0,0.255,30.0,1070.0,False,158,-1.3271359999999999,1.3271359999999999,0.0,1.8768537303135797,135.0,135.0,0.5,3.7537074606271594,3481.4372770126997,3485.190984473327,0.336432,0.336432,0.255,0.09545849999994971,2140.0
17,OTHER,-0.327136,1.0,0.255,-0.390776,1.0,0.255,40.0,1070.0,False,161,-0.06364000000000003,0.0,0.0,0.06364000000000003,180.0,45.00000000000001,0.6666666666666666,0.09546000000000004,3485.190984473327,3485.286444473327,-0.358956,1.0,0.255,276.3364737668785,1605.0
17,HATCH,-0.390776,1.0,0.255,1.0,-0.390776,0.255,30.0,1070.0,False,164,1.390776,-1.390776,0.0,1.9668542814230037,-45.0,135.0,0.5,3.9337085628460073,3485.286444473327,3489.2201530361726,0.304612,0.304612,0.255,0.09546000000000276,2140.0
17,OTHER,1.0,-0.390776,0.255,1.0,-0.454416,0.255,40.0,1070.0,False,167,0.0,-0.06363999999999997,0.0,0.06363999999999997,-90.0,45.00000000000001,0.6666666666666666,0.09545999999999996,3489.2201530361726,3489.3156130361726,1.0,-0.42259599999999997,0.255,114.74524950007344,1605.0
17,HATCH,1.0,-0.454416,0.255,-0.454416,1.0,0.255,30.0,1070.0,False,170,-1.454416,1.454416,0.0,2.0568548325324274,135.0,135.0,0.5,4.113709665064855,3489.3156130361726,3493.4293227012377,0.27279200000000003,0.27279200000000003,0.255,0.09546000000000276,2140.0
17,OTHER,-0.454416,1.0,0.255,-0.518055,1.0,0.255,40.0,1070.0,False,173,-0.06363900000000006,0.0,0.0,0.06363900000000006,180.0,45.0,0.6666666666666666,0.09545850000000008,3493.4293227012377,3493.5247812012376,-0.48623550000000004,1.0,0.255,281.0164741402973,1605.0
17,HATCH,-0.518055,1.0,0.255,1.0,-0.518055,0.255,30.0,1070.0,False,176,1.518055,-1.518055,0.0,2.146853969428289,-45.0,135.0,0.5,4.293707938856578,3493.5247812012376,3497.8184891400942,0.24097249999999998,0.24097249999999998,0.255,0.09545849999994971,2140.0
17,OTHER,1.0,-0.518055,0.255,1.0,-0.581695,0.255,40.0,1070.0,False,179,0.0,-0.06363999999999992,0.0,0.06363999999999992,-90.0,45.00000000000001,0.6666666666666666,0.09545999999999988,3497.8184891400942,3497.9139491400942,1.0,-0.549875,0.255,107.07358560399462,1605.0
17,HATCH,1.0,-0.581695,0.255,-0.581695,1.0,0.255,30.0,1070.0,False,182,-1.5816949999999999,1.5816949999999999,0.0,2.2368545205377126,135.0,135.0,0.5,4.473709041075425,3497.9139491400942,3502.3876581811696,0.20915250000000002,0.20915250000000002,0.255,0.09546000000000276,2140.0
17,OTHER,-0.581695,1.0,0.255,-0.645334,1.0,0.255,40.0,1070.0,False,185,-0.063639,0.0,0.0,0.063639,180.0,45.00000000000001,0.6666666666666666,0.0954585,3502.3876581811696,3502.4831166811696,-0.6135145,1.0,0.255,287.1364748461856,1605.0
17,HATCH,-0.645334,1.0,0.255,1.0,-0.645334,0.255,30.0,1070.0,False,188,1.645334,-1.645334,0.0,2.326853657433574,-45.0,135.0,0.5,4.653707314867148,3502.4831166811696,3507.1368239960366,0.17733300000000002,0.17733300000000002,0.255,0.09545849999994971,2140.0
17,OTHER,1.0,-0.645334,0.255,1.0,-0.708974,0.255,40.0,1070.0,False,191,0.0,-0.06364000000000003,0.0,0.06364000000000003,-90.0,45.0,0.6666666666666666,0.09546000000000004,3507.1368239960366,3507.2322839960366,1.0,-0.677154,0.255,108.25692045993674,1605.0
17,HATCH,1.0,-0.708974,0.255,-0.708974,1.0,0.255,30.0,1070.0,False,194,-1.708974,1.708974,0.0,2.416854208542998,135.0,135.0,0.5,4.833708417085996,3507.2322839960366,3512.065992413123,0.145513,0.145513,0.255,0.09546000000000276,2140.0
17,OTHER,-0.708974,1.0,0.255,-0.772614,1.0,0.255,40.0,1070.0,False,197,-0.06364000000000003,0.0,0.0,0.06364000000000003,180.0,45.00000000000001,0.6666666666666666,0.09546000000000004,3512.065992413123,3512.161452413123,-0.740794,1.0,0.255,294.6964730561158,1605.0
17,HATCH,-0.772614,1.0,0.255,1.0,-0.772614,0.255,30.0,1070.0,False,200,1.772614,-1.772614,0.0,2.5068547596524215,-45.0,135.0,0.5,5.013709519304843,3512.161452413123,3517.1751619324277,0.11369299999999999,0.11369299999999999,0.255,0.09546000000000276,2140.0
17,OTHER,1.0,-0.772614,0.255,1.0,-0.836253,0.255,40.0,1070.0,False,203,0.0,-0.063639,0.0,0.063639,-90.0,45.00000000000001,0.6666666666666666,0.0954585,3517.1751619324277,3517.2706204324277,1.0,-0.8044335,0.255,102.02525839632744,1605.0
17,HATCH,1.0,-0.836253,0.255,-0.836253,1.0,0.255,30.0,1070.0,False,206,-1.8362530000000001,1.8362530000000001,0.0,2.596853896548283,135.0,135.0,0.5,5.193707793096566,3517.2706204324277,3522.4643282255242,0.08187349999999999,0.08187349999999999,0.255,0.09545849999994971,2140.0
17,OTHER,-0.836253,1.0,0.255,-0.899893,1.0,0.255,40.0,1070.0,False,209,-0.06364000000000003,0.0,0.0,0.06364000000000003,180.0,45.00000000000001,0.6666666666666666,0.09546000000000004,3522.4643282255242,3522.5597882255242,-0.8680730000000001,1.0,0.255,303.3627652810569,1605.0
17,HATCH,-0.899893,1.0,0.255,1.0,-0.899893,0.255,30.0,1070.0,False,212,1.899893,-1.899893,0.0,2.6868544476577068,-45.0,135.0,0.5,5.3737088953154135,3522.5597882255242,3527.9334971208395,0.05005349999999997,0.05005349999999997,0.255,0.09546000000000276,2140.0
17,OTHER,1.0,-0.899893,0.255,1.0,-0.963532,0.255,40.0,1070.0,False,215,0.0,-0.063639,0.0,0.063639,-90.0,45.0,0.6666666666666666,0.0954585,3527.9334971208395,3528.0289556208395,1.0,-0.9317125,0.255,89.61888558473902,1605.0
17,HATCH,1.0,-0.963532,0.255,-0.963532,1.0,0.255,30.0,1070.0,False,218,-1.963532,1.963532,0.0,2.7768535845535682,135.0,135.0,0.5,5.5537071691071365,3528.0289556208395,3533.5826627899464,0.018233999999999972,0.018233999999999972,0.255,0.09545849999994971,2140.0
17,OTHER,-0.963532,1.0,0.255,-1.0,0.972828,0.255,40.0,1070.0,False,221,-0.036467999999999945,-0.027171999999999974,0.0,0.045477825453730684,-143.310514876141,81.689485123859,0.6666666666666666,0.06821673818059604,3533.5826627899464,3533.650879528127,-0.981766,0.986414,0.255,103.2680512538459,1605.0
17,HATCH,-1.0,0.972828,0.255,0.972828,-1.0,0.255,30.0,1070.0,False,224,1.972828,-1.972828,0.0,2.7900001138293886,-45.0,98.31051487614101,0.5,5.580000227658777,3533.650879528127,3539.2308797557857,-0.013585999999999987,-0.013585999999999987,0.255,0.06821673818058116,2140.0
17,OTHER,0.972828,-1.0,0.255,0.909188,-1.0,0.255,40.0,1070.0,False,227,-0.06364000000000003,0.0,0.0,0.06364000000000003,180.0,135.0,0.6666666666666666,0.09546000000000004,3539.2308797557857,3539.3263397557857,0.9410080000000001,-1.0,0.255,11.201924134946239,1605.0
17,HATCH,0.909188,-1.0,0.255,-1.0,0.909188,0.255,30.0,1070.0,False,230,-1.9091879999999999,1.9091879999999999,0.0,2.6999995627199644,135.0,45.00000000000001,0.5,5.399999125439929,3539.3263397557857,3544.7263388812257,-0.045406,-0.045406,0.255,0.09546000000000276,2140.0
17,OTHER,-1.0,0.909188,0.255,-1.0,0.845549,0.255,40.0,1070.0,False,233,0.0,-0.063639,0.0,0.063639,-90.0,135.0,0.6666666666666666,0.0954585,3544.7263388812257,3544.8217973812257,-1.0,0.8773685,0.255,114.4117273451252,1605.0
17,HATCH,-1.0,0.845549,0.255,0.845549,-1.0,0.255,30.0,1070.0,False,236,1.845549,-1.845549,0.0,2.6100004258241034,-45.0,45.0,0.5,5.220000851648207,3544.8217973812257,3550.041798232874,-0.0772255,-0.0772255,0.255,0.09545849999994971,2140.0
17,OTHER,0.845549,-1.0,0.255,0.781909,-1.0,0.255,40.0,1070.0,False,239,-0.06364000000000003,0.0,0.0,0.06364000000000003,180.0,135.0,0.6666666666666666,0.09546000000000004,3550.041798232874,3550.137258232874,0.8137289999999999,-1.0,0.255,324.8639357989973,1605.0
17,HATCH,0.781909,-1.0,0.255,-1.0,0.781909,0.255,30.0,1070.0,False,242,-1.781909,1.781909,0.0,2.5199998747146792,135.0,45.0,0.5,5.0399997494293585,3550.137258232874,3555.177257982303,-0.10904550000000002,-0.10904550000000002,0.255,0.09546000000000276,2140.0
17,OTHER,-1.0,0.781909,0.255,-1.0,0.718269,0.255,40.0,1070.0,False,245,0.0,-0.06363999999999992,0.0,0.06363999999999992,-90.0,135.0,0.6666666666666666,0.09545999999999988,3555.177257982303,3555.272717982303,-1.0,0.750089,0.255,282.38985444620675,1605.0
17,HATCH,-1.0,0.718269,0.255,0.718269,-1.0,0.255,30.0,1070.0,False,248,1.718269,-1.718269,0.0,2.429999323605256,-45.0,45.00000000000001,0.5,4.859998647210512,3555.272717982303,3560.1327166295137,-0.14086549999999998,-0.14086549999999998,0.255,0.09546000000000276,2140.0
17,OTHER,0.718269,-1.0,0.255,0.65463,-1.0,0.255,40.0,1070.0,False,251,-0.063639,0.0,0.0,0.063639,180.0,135.0,0.6666666666666666,0.0954585,3560.1327166295137,3560.2281751295136,0.6864495,-1.0,0.255,336.0457725498768,1605.0
17,HATCH,0.65463,-1.0,0.255,-1.0,0.65463,0.255,30.0,1070.0,False,254,-1.65463,1.65463,0.0,2.3400001867093945,135.0,45.0,0.5,4.680000373418789,3560.2281751295136,3564.9081755029324,-0.17268499999999998,-0.17268499999999998,0.255,0.09545849999994971,2140.0
17,OTHER,-1.0,0.65463,0.255,-1.0,0.59099,0.255,40.0,1070.0,False,257,0.0,-0.06364000000000003,0.0,0.06364000000000003,-90.0,135.0,0.6666666666666666,0.09546000000000004,3564.9081755029324,3565.0036355029324,-1.0,0.6228100000000001,0.255,283.9857719668357,1605.0
17,HATCH,-1.0,0.59099,0.255,0.59099,-1.0,0.255,30.0,1070.0,False,260,1.5909900000000001,-1.5909900000000001,0.0,2.2499996355999707,-45.0,45.0,0.5,4.4999992711999415,3565.0036355029324,3569.5036347741325,-0.204505,-0.204505,0.255,0.09546000000000276,2140.0
17,OTHER,0.59099,-1.0,0.255,0.527351,-1.0,0.255,40.0,1070.0,False,263,-0.063639,0.0,0.0,0.063639,180.0,135.0,0.6666666666666666,0.0954585,3569.5036347741325,3569.5990932741324,0.5591705,-1.0,0.255,527.985428514281,1605.0
17,HATCH,0.527351,-1.0,0.255,-1.0,0.527351,0.255,30.0,1070.0,False,266,-1.527351,1.527351,0.0,2.160000498704109,135.0,45.00000000000001,0.5,4.320000997408218,3569.5990932741324,3573.919094271541,-0.2363245,-0.2363245,0.255,0.09545849999994971,2140.0
17,OTHER,-1.0,0.527351,0.255,-1.0,0.463711,0.255,40.0,1070.0,False,269,0.0,-0.06364000000000003,0.0,0.06364000000000003,-90.0,135.0,0.6666666666666666,0.09546000000000004,3573.919094271541,3574.014554271541,-1.0,0.495531,0.255,276.72669073544375,1605.0
17,HATCH,-1.0,0.463711,0.255,0.463711,-1.0,0.255,30.0,1070.0,False,272,1.463711,-1.463711,0.0,2.069999947594685,-45.0,45.0,0.5,4.13999989518937,3574.014554271541,3578.15455416673,-0.2681445,-0.2681445,0.255,0.09546000000000276,2140.0
17,OTHER,0.463711,-1.0,0.255,0.400071,-1.0,0.255,40.0,1070.0,False,275,-0.06363999999999997,0.0,0.0,0.06363999999999997,180.0,135.0,0.6666666666666666,0.09545999999999996,3578.15455416673,3578.25001416673,0.431891,-1.0,0.255,533.3854304681481,1605.0
17,HATCH,0.400071,-1.0,0.255,-1.0,0.400071,0.255,30.0,1070.0,False,278,-1.400071,1.400071,0.0,1.9799993964852616,135.0,45.0,0.5,3.959998792970523,3578.25001416673,3582.2100129597006,-0.29996449999999997,-0.29996449999999997,0.255,0.09546000000000276,2140.0
17,OTHER,-1.0,0.400071,0.255,-1.0,0.336432,0.255,40.0,1070.0,False,281,0.0,-0.063639,0.0,0.063639,-90.0,135.0,0.6666666666666666,0.0954585,3582.2100129597006,3582.3054714597006,-1.0,0.3682515,0.255,276.8826094236033,1605.0
17,HATCH,-1.0,0.336432,0.255,0.336432,-1.0,0.255,30.0,1070.0,False,284,1.336432,-1.336432,0.0,1.8900002595894003,-45.0,45.00000000000001,0.5,3.7800005191788006,3582.3054714597006,3586.0854719788795,-0.33178399999999997,-0.33178399999999997,0.255,0.09545849999994971,2140.0
17,OTHER,0.336432,-1.0,0.255,0.272792,-1.0,0.255,40.0,1070.0,False,287,-0.06364000000000003,0.0,0.0,0.06364000000000003,180.0,135.0,0.6666666666666666,0.09546000000000004,3586.0854719788795,3586.1809319788795,0.304612,-1.0,0.255,537.3454292611186,1605.0
17,HATCH,0.272792,-1.0,0.255,-1.0,0.272792,0.255,30.0,1070.0,False,290,-1.272792,1.272792,0.0,1.7999997084799764,135.0,45.00000000000001,0.5,3.5999994169599527,3586.1809319788795,3589.7809313958396,-0.36360400000000004,-0.36360400000000004,0.255,0.09546000000000276,2140.0
17,OTHER,-1.0,0.272792,0.255,-1.0,0.209153,0.255,40.0,1070.0,False,293,0.0,-0.06363899999999997,0.0,0.06363899999999997,-90.0,135.0,0.6666666666666666,0.09545849999999996,3589.7809313958396,3589.8763898958396,-1.0,0.24097249999999998,0.255,268.18352785974184,1605.0
17,HATCH,-1.0,0.209153,0.255,0.209153,-1.0,0.255,30.0,1070.0,False,296,1.209153,-1.209153,0.0,1.710000571584115,-45.0,45.0,0.5,3.42000114316823,3589.8763898958396,3593.2963910390076,-0.3954235,-0.3954235,0.255,0.09545849999994971,2140.0
17,OTHER,0.209153,-1.0,0.255,0.145513,-1.0,0.255,40.0,1070.0,False,299,-0.06364,0.0,0.0,0.06364,180.0,135.0,0.6666666666666666,0.09546,3593.2963910390076,3593.3918510390076,0.17733300000000002,-1.0,0.255,357.38062550291215,1605.0
17,HATCH,0.145513,-1.0,0.255,-1.0,0.145513,0.255,30.0,1070.0,False,302,-1.145513,1.145513,0.0,1.6200000204746912,135.0,45.0,0.5,3.2400000409493823,3593.3918510390076,3596.631851079957,-0.4272435,-0.4272435,0.255,0.09546000000000276,2140.0
17,OTHER,-1.0,0.145513,0.255,-1.0,0.081873,0.255,40.0,1070.0,False,305,0.0,-0.06364,0.0,0.06364,-90.0,135.0,0.6666666666666666,0.09546,3596.631851079957,3596.727311079957,-1.0,0.113693,0.255,266.89944754385897,1605.0
17,HATCH,-1.0,0.081873,0.255,0.081873,-1.0,0.255,30.0,1070.0,False,308,1.081873,-1.081873,0.0,1.5299994693652677,-45.0,45.0,0.5,3.0599989387305353,3596.727311079957,3599.7873100186875,-0.4590635,-0.4590635,0.255,0.09546000000000276,2140.0
17,OTHER,0.081873,-1.0,0.255,0.018234,-1.0,0.255,40.0,1070.0,False,311,-0.063639,0.0,0.0,0.063639,180.0,135.0,0.6666666666666666,0.0954585,3599.7873100186875,3599.8827685186875,0.0500535,-1.0,0.255,161.61490648258723,1605.0
17,HATCH,0.018234,-1.0,0.255,-1.0,0.018234,0.255,30.0,1070.0,False,314,-1.018234,1.018234,0.0,1.4400003324694062,135.0,45.00000000000001,0.5,2.8800006649388123,3599.8827685186875,3602.7627691836265,-0.490883,-0.490883,0.255,0.09545849999994971,2140.0
17,OTHER,-1.0,0.018234,0.255,-1.0,-0.045406,0.255,40.0,1070.0,False,317,0.0,-0.06364,0.0,0.06364,-90.0,135.0,0.6666666666666666,0.09546,3602.7627691836265,3602.8582291836265,-1.0,-0.013586,0.255,168.59036564752614,1605.0
17,HATCH,-1.0,-0.045406,0.255,-0.045406,-1.0,0.255,30.0,1070.0,False,320,0.9545939999999999,-0.9545939999999999,0.0,1.3499997813599822,-45.0,45.0,0.5,2.6999995627199644,3602.8582291836265,3605.5582287463462,-0.522703,-0.522703,0.255,0.09546000000000276,2140.0
17,OTHER,-0.045406,-1.0,0.255,-0.109045,-1.0,0.255,40.0,1070.0,False,323,-0.063639,0.0,0.0,0.063639,180.0,135.0,0.6666666666666666,0.0954585,3605.5582287463462,3605.653687246346,-0.0772255,-1.0,0.255,182.34082521024584,1605.0
17,HATCH,-0.109045,-1.0,0.255,-1.0,-0.109045,0.255,30.0,1070.0,False,326,-0.8909549999999999,0.8909549999999999,0.0,1.2600006444641207,135.0,45.0,0.5,2.5200012889282415,3605.653687246346,3608.1736885352743,-0.5545225,-0.5545225,0.255,0.09545849999994971,2140.0
17,OTHER,-1.0,-0.109045,0.255,-1.0,-0.172685,0.255,40.0,1070.0,False,329,0.0,-0.06364,0.0,0.06364,-90.0,135.0,0.6666666666666666,0.09546,3608.1736885352743,3608.2691485352743,-1.0,-0.14086500000000002,0.255,254.03628499917568,1605.0
17,HATCH,-1.0,-0.172685,0.255,-0.172685,-1.0,0.255,30.0,1070.0,False,332,0.827315,-0.827315,0.0,1.1700000933546972,-45.0,45.0,0.5,2.3400001867093945,3608.2691485352743,3610.6091487219837,-0.5863425,-0.5863425,0.255,0.09546000000000276,2140.0
17,OTHER,-0.172685,-1.0,0.255,-0.236325,-1.0,0.255,40.0,1070.0,False,335,-0.06364,0.0,0.0,0.06364,180.0,135.0,0.6666666666666666,0.09546,3610.6091487219837,3610.7046087219837,-0.204505,-1.0,0.255,538.7854295935881,1605.0
17,HATCH,-0.236325,-1.0,0.255,-1.0,-0.236325,0.255,30.0,1070.0,False,338,-0.763675,0.763675,0.0,1.0799995422452733,135.0,44.999999999999986,0.5,2.1599990844905466,3610.7046087219837,3612.8646078064744,-0.6181625,-0.6181625,0.255,0.09546000000000276,2140.0
17,OTHER,-1.0,-0.236325,0.255,-1.0,-0.299964,0.255,40.0,1070.0,False,341,0.0,-0.063639,0.0,0.063639,-90.0,135.0,0.6666666666666666,0.0954585,3612.8646078064744,3612.9600663064743,-1.0,-0.2681445,0.255,250.59220427037553,1605.0
17,HATCH,-1.0,-0.299964,0.255,-0.299964,-1.0,0.255,30.0,1070.0,False,344,0.700036,-0.700036,0.0,0.9900004053494119,-45.0,45.0,0.5,1.9800008106988238,3612.9600663064743,3614.9400671171734,-0.6499820000000001,-0.6499820000000001,0.255,0.09545849999994971,2140.0
17,OTHER,-0.299964,-1.0,0.255,-0.363604,-1.0,0.255,40.0,1070.0,False,347,-0.06363999999999997,0.0,0.0,0.06363999999999997,180.0,135.0,0.6666666666666666,0.09545999999999996,3614.9400671171734,3615.0355271171734,-0.33178399999999997,-1.0,0.255,535.5454295526388,1605.0
17,HATCH,-0.363604,-1.0,0.255,-1.0,-0.363604,0.255,30.0,1070.0,False,350,-0.636396,0.636396,0.0,0.8999998542399882,135.0,45.00000000000001,0.5,1.7999997084799764,3615.0355271171734,3616.8355268256532,-0.681802,-0.681802,0.255,0.09546000000000276,2140.0
17,OTHER,-1.0,-0.363604,0.255,-1.0,-0.427244,0.255,40.0,1070.0,False,353,0.0,-0.06364000000000003,0.0,0.06364000000000003,-90.0,135.0,0.6666666666666666,0.09546000000000004,3616.8355268256532,3616.9309868256532,-1.0,-0.395424,0.255,238.29312328955393,1605.0
17,HATCH,-1.0,-0.427244,0.255,-0.427244,-1.0,0.255,30.0,1070.0,False,356,0.572756,-0.572756,0.0,0.8099993031305645,-45.0,45.0,0.5,1.619998606261129,3616.9309868256532,3618.5509854319143,-0.713622,-0.713622,0.255,0.09546000000000276,2140.0
17,OTHER,-0.427244,-1.0,0.255,-0.490883,-1.0,0.255,40.0,1070.0,False,359,-0.063639,0.0,0.0,0.063639,180.0,135.0,0.6666666666666666,0.0954585,3618.5509854319143,3618.6464439319143,-0.4590635,-1.0,0.255,530.86542917922,1605.0
17,HATCH,-0.490883,-1.0,0.255,-1.0,-0.490883,0.255,30.0,1070.0,False,362,-0.509117,0.509117,0.0,0.7200001662347031,135.0,45.00000000000001,0.5,1.4400003324694062,3618.6464439319143,3620.0864442643838,-0.7454415,-0.7454415,0.255,0.09545849999994971,2140.0
17,OTHER,-1.0,-0.490883,0.255,-1.0,-0.554523,0.255,40.0,1070.0,False,365,0.0,-0.06363999999999997,0.0,0.06363999999999997,-90.0,135.0,0.6666666666666666,0.09545999999999996,3620.0864442643838,3620.181904264384,-1.0,-0.522703,0.255,233.40904072828425,1605.0
17,HATCH,-1.0,-0.554523,0.255,-0.554523,-1.0,0.255,30.0,1070.0,False,368,0.445477,-0.445477,0.0,0.6299996151252792,-45.0,45.0,0.5,1.2599992302505585,3620.181904264384,3621.4419034946345,-0.7772615,-0.7772615,0.255,0.09546000000000276,2140.0
17,OTHER,-0.554523,-1.0,0.255,-0.618162,-1.0,0.255,40.0,1070.0,False,371,-0.063639,0.0,0.0,0.063639,180.0,135.0,0.6666666666666666,0.0954585,3621.4419034946345,3621.5373619946345,-0.5863425,-1.0,0.255,524.7454284733317,1605.0
17,HATCH,-0.618162,-1.0,0.255,-1.0,-0.618162,0.255,30.0,1070.0,False,374,-0.381838,0.381838,0.0,0.5400004782294179,135.0,45.00000000000001,0.5,1.0800009564588358,3621.5373619946345,3622.617362951093,-0.8090809999999999,-0.8090809999999999,0.255,0.09545849999994971,2140.0
17,OTHER,-1.0,-0.618162,0.255,-1.0,-0.681802,0.255,40.0,1070.0,False,377,0.0,-0.06364000000000003,0.0,0.06364000000000003,-90.0,135.0,0.6666666666666666,0.09546000000000004,3622.617362951093,3622.712822951093,-1.0,-0.6499820000000001,0.255,227.8049594149934,1605.0
17,HATCH,-1.0,-0.681802,0.255,-0.681802,-1.0,0.255,30.0,1070.0,False,380,0.318198,-0.318198,0.0,0.4499999271199941,-45.0,45.00000000000001,0.5,0.8999998542399882,3622.712822951093,3623.612822805333,-0.840901,-0.840901,0.255,0.09546000000000276,2140.0
17,OTHER,-0.681802,-1.0,0.255,-0.745442,-1.0,0.255,40.0,1070.0,False,383,-0.06364000000000003,0.0,0.0,0.06364000000000003,180.0,135.0,0.6666666666666666,0.09546000000000004,3623.612822805333,3623.708282805333,-0.713622,-1.0,0.255,517.185430263401,1605.0
17,HATCH,-0.745442,-1.0,0.255,-1.0,-0.745442,0.255,30.0,1070.0,False,386,-0.25455799999999995,0.25455799999999995,0.0,0.35999937601057025,135.0,45.0,0.5,0.7199987520211405,3623.708282805333,3624.4282815573542,-0.8727210000000001,-0.8727210000000001,0.255,0.09546000000000276,2140.0
17,OTHER,-1.0,-0.745442,0.255,-1.0,-0.809081,0.255,40.0,1070.0,False,389,0.0,-0.063639,0.0,0.063639,-90.0,135.0,0.6666666666666666,0.0954585,3624.4282815573542,3624.523740057354,-1.0,-0.7772615,0.255,213.34587802125407,1605.0
17,HATCH,-1.0,-0.809081,0.255,-0.809081,-1.0,0.255,30.0,1070.0,False,392,0.19091899999999995,-0.19091899999999995,0.0,0.2700002391147089,-45.0,45.00000000000001,0.5,0.5400004782294178,3624.523740057354,3625.0637405355837,-0.9045405,-0.9045405,0.255,0.09545849999994971,2140.0
17,OTHER,-0.809081,-1.0,0.255,-0.872721,-1.0,0.255,40.0,1070.0,False,395,-0.06363999999999992,0.0,0.0,0.06363999999999992,180.0,135.0,0.6666666666666666,0.09545999999999988,3625.0637405355837,3625.1592005355838,-0.840901,-1.0,0.255,388.77883699948825,1605.0
17,HATCH,-0.872721,-1.0,0.255,-1.0,-0.872721,0.255,30.0,1070.0,False,398,-0.12727900000000003,0.12727900000000003,0.0,0.1799996880052852,135.0,45.00000000000001,0.5,0.3599993760105704,3625.1592005355838,3625.519199911594,-0.9363604999999999,-0.9363604999999999,0.255,0.09546000000000276,2140.0
17,OTHER,-1.0,-0.872721,0.255,-1.0,-0.93636,0.255,40.0,1070.0,False,401,0.0,-0.063639,0.0,0.063639,-90.0,135.0,0.6666666666666666,0.0954585,3625.519199911594,3625.614658411594,-1.0,-0.9045405,0.255,0.0,1605.0
17,HATCH,-1.0,-0.93636,0.255,-0.93636,-1.0,0.255,30.0,1070.0,False,404,0.06364000000000003,-0.06364000000000003,0.0,0.09000055110942382,-45.0,45.0,0.5,0.18000110221884763,3625.614658411594,3625.794659513813,-0.96818,-0.96818,0.255,0.0,2140.0
17,OTHER,-0.93636,-1.0,0.255,-0.93636,-1.0,0.27,40.0,1070.0,False,407,0.0,0.0,0.015000000000000013,0.015000000000000013,0.0,,0.6666666666666666,0.02250000000000002,3625.794659513813,3625.817159513813,-0.93636,-1.0,0.2625,0.0,1605.0
18,OTHER,-0.93636,-1.0,0.27,-0.251642,-0.939142,0.27,40.0,1070.0,False,20,0.6847179999999999,0.06085799999999997,0.0,0.6874172209713689,5.079124487431421,,0.6666666666666666,1.0311258314570535,3625.817159513813,3626.8482853452697,-0.594001,-0.969571,0.27,4.2797975191783735,1605.0
18,CONTOUR,-0.251642,-0.939142,0.27,-0.295318,-0.863494,0.27,30.0,1070.0,False,23,-0.04367600000000005,0.07564800000000005,0.0,0.0873510897470662,120.00034471209301,114.92122022466158,0.5,0.1747021794941324,3626.8482853452697,3627.0229875247637,-0.27348,-0.9013180000000001,0.27,817.8819183541573,2140.0
18,CONTOUR,-0.295318,-0.863494,0.27,-0.939142,0.251642,0.27,30.0,1070.0,False,24,-0.643824,1.115136,0.0,1.2876481046745651,119.99999731090607,0.00034740195493368676,0.5,2.5752962093491303,3627.0229875247637,3629.598283734113,-0.6172300000000001,-0.30592600000000003,0.27,,2140.0
18,CONTOUR,-0.939142,0.251642,0.27,-0.863494,0.295318,0.27,30.0,1070.0,False,25,0.07564800000000005,0.04367600000000005,0.0,0.0873510897470662,30.000344712093003,89.99965259881307,0.5,0.1747021794941324,3629.598283734113,3629.772985913607,-0.9013180000000001,0.27348,0.27,422.7929392798119,2140.0
18,CONTOUR,-0.863494,0.295318,0.27,0.251642,0.939142,0.27,30.0,1070.0,False,26,1.115136,0.643824,0.0,1.2876481046745651,29.999997310906075,0.00034740195493368676,0.5,2.5752962093491303,3629.772985913607,3632.3482821229563,-0.30592600000000003,0.6172300000000001,0.27,,2140.0
18,CONTOUR,0.251642,0.939142,0.27,0.295318,0.863494,0.27,30.0,1070.0,False,27,0.04367600000000005,-0.07564800000000005,0.0,0.0873510897470662,-59.99965528790701,89.99965259881307,0.5,0.1747021794941324,3632.3482821229563,3632.5229843024504,0.27348,0.9013180000000001,0.27,177.4535160530222,2140.0
18,CONTOUR,0.295318,0.863494,0.27,0.939142,-0.251642,0.27,30.0,1070.0,False,28,0.643824,-1.115136,0.0,1.2876481046745651,-60.00000268909393,0.00034740195493368676,0.5,2.5752962093491303,3632.5229843024504,3635.0982805117997,0.6172300000000001,0.30592600000000003,0.27,,2140.0
18,CONTOUR,0.939142,-0.251642,0.27,0.863494,-0.295318,0.27,30.0,1070.0,False,29,-0.07564800000000005,-0.04367600000000005,0.0,0.0873510897470662,-149.99965528790702,89.99965259881307,0.5,0.1747021794941324,3635.0982805117997,3635.2729826912937,0.9013180000000001,-0.27348,0.27,276.8933769757009,2140.0
18,CONTOUR,0.863494,-0.295318,0.27,-0.251642,-0.939142,0.27,30.0,1070.0,False,30,-1.115136,-0.643824,0.0,1.2876481046745651,-150.00000268909392,0.00034740195493368676,0.5,2.5752962093491303,3635.2729826912937,3637.848278900643,0.30592600000000003,-0.6172300000000001,0.27,,2140.0
18,OTHER,-0.251642,-0.939142,0.27,-0.264142,-0.917492,0.27,40.0,1070.0,False,35,-0.012500000000000011,0.021650000000000058,0.0,0.024999449993949922,120.00072778082733,89.99926953007875,0.6666666666666666,0.03749917499092489,3637.848278900643,3637.885778075634,-0.257892,-0.9283170000000001,0.27,10.82529137587926,1605.0
18,HATCH,-0.264142,-0.917492,0.27,-0.264142,0.641354,0.27,30.0,1070.0,False,38,0.0,1.558846,0.0,1.558846,90.0,30.000727780827336,0.5,3.117692,3637.885778075634,3641.0034700756337,-0.264142,-0.138069,0.27,68.3821433015014,2140.0
18,OTHER,-0.264142,0.641354,0.27,-0.309142,0.615373,0.27,40.0,1070.0,False,41,-0.044999999999999984,-0.025981000000000032,0.0,0.051961643170708144,-149.99977283567742,120.0002271643226,0.6666666666666666,0.07794246475606222,3641.0034700756337,3641.08141254039,-0.28664199999999995,0.6283635,0.27,8.655187952677352,1605.0
18,HATCH,-0.309142,0.615373,0.27,-0.309142,-0.83955,0.27,30.0,1070.0,False,44,0.0,-1.454923,0.0,1.454923,-90.0,59.999772835677405,0.5,2.909846,3641.08141254039,3643.99125854039,-0.309142,-0.11208850000000004,0.27,0.07794246475623368,2140.0
18,OTHER,-0.309142,-0.83955,0.27,-0.354142,-0.761607,0.27,40.0,1070.0,False,47,-0.04500000000000004,0.07794299999999998,0.0,0.09000061804787787,119.99977283671745,150.0002271632826,0.6666666666666666,0.13500092707181682,3643.99125854039,3644.1262594674618,-0.331642,-0.8005785000000001,0.27,,1605.0
18,HATCH,-0.354142,-0.761607,0.27,-0.354142,0.589392,0.27,30.0,1070.0,False,50,0.0,1.350999,0.0,1.350999,90.0,29.999772836717437,0.5,2.701998,3644.1262594674618,3646.8282574674618,-0.354142,-0.0861075,0.27,0.13500092707181466,2140.0
18,OTHER,-0.354142,0.589392,0.27,-0.399142,0.563412,0.27,40.0,1070.0,False,53,-0.044999999999999984,-0.025980000000000003,0.0,0.05196114317449144,-150.000727770153,119.999272229847,0.6666666666666666,0.07794171476173717,3646.8282574674618,3646.9061991822236,-0.37664200000000003,0.5764020000000001,0.27,14.47997534450542,1605.0
18,HATCH,-0.399142,0.563412,0.27,-0.399142,-0.683665,0.27,30.0,1070.0,False,56,0.0,-1.247077,0.0,1.247077,-90.0,60.000727770153006,0.5,2.494154,3646.9061991822236,3649.4003531822236,-0.399142,-0.06012649999999997,0.27,0.07794171476189149,2140.0
18,OTHER,-0.399142,-0.683665,0.27,-0.444142,-0.605723,0.27,40.0,1070.0,False,59,-0.044999999999999984,0.07794199999999996,0.0,0.08999975202188056,120.00009114529477,149.9999088547052,0.6666666666666666,0.13499962803282084,3649.4003531822236,3649.5353528102564,-0.42164199999999996,-0.644694,0.27,,1605.0
18,HATCH,-0.444142,-0.605723,0.27,-0.444142,0.537431,0.27,30.0,1070.0,False,62,0.0,1.143154,0.0,1.143154,90.0,30.000091145294775,0.5,2.286308,3649.5353528102564,3651.8216608102566,-0.444142,-0.03414600000000001,0.27,0.1349996280328014,2140.0
18,OTHER,-0.444142,0.537431,0.27,-0.489142,0.51145,0.27,40.0,1070.0,False,65,-0.04500000000000004,-0.025981000000000032,0.0,0.05196164317070819,-149.99977283567742,120.00022716432257,0.6666666666666666,0.0779424647560623,3651.8216608102566,3651.899603275013,-0.466642,0.5244405,0.27,449.75011083847903,1605.0
18,HATCH,-0.489142,0.51145,0.27,-0.489142,-0.52778,0.27,30.0,1070.0,False,68,0.0,-1.0392299999999999,0.0,1.0392299999999999,-90.0,59.99977283567743,0.5,2.0784599999999998,3651.899603275013,3653.978063275013,-0.489142,-0.008165000000000033,0.27,0.07794246475623368,2140.0
18,OTHER,-0.489142,-0.52778,0.27,-0.534142,-0.449838,0.27,40.0,1070.0,False,71,-0.044999999999999984,0.07794200000000001,0.0,0.0899997520218806,120.00009114529476,149.99990885470524,0.6666666666666666,0.1349996280328209,3653.978063275013,3654.113062903046,-0.511642,-0.48880900000000005,0.27,45.804374739738705,1605.0
18,HATCH,-0.534142,-0.449838,0.27,-0.534142,0.485469,0.27,30.0,1070.0,False,74,0.0,0.935307,0.0,0.935307,90.0,30.00009114529475,0.5,1.870614,3654.113062903046,3655.9836769030458,-0.534142,0.017815499999999984,0.27,0.1349996280328014,2140.0
18,OTHER,-0.534142,0.485469,0.27,-0.579142,0.459489,0.27,40.0,1070.0,False,77,-0.04500000000000004,-0.025980000000000003,0.0,0.05196114317449149,-150.00072777015305,119.99927222984697,0.6666666666666666,0.07794171476173724,3655.9836769030458,3656.0616186178077,-0.5566420000000001,0.472479,0.27,453.9121269312682,1605.0
18,HATCH,-0.579142,0.459489,0.27,-0.579142,-0.371896,0.27,30.0,1070.0,False,80,0.0,-0.831385,0.0,0.831385,-90.0,60.00072777015303,0.5,1.66277,3656.0616186178077,3657.7243886178076,-0.579142,0.04379649999999999,0.27,0.07794171476189149,2140.0
18,OTHER,-0.579142,-0.371896,0.27,-0.624142,-0.293954,0.27,40.0,1070.0,False,83,-0.04499999999999993,0.07794200000000001,0.0,0.08999975202188057,120.00009114529473,149.9999088547053,0.6666666666666666,0.13499962803282087,3657.7243886178076,3657.8593882458404,-0.601642,-0.332925,0.27,28.126104883694552,1605.0
18,HATCH,-0.624142,-0.293954,0.27,-0.624142,0.433508,0.27,30.0,1070.0,False,86,0.0,0.727462,0.0,0.727462,90.0,30.000091145294736,0.5,1.454924,3657.8593882458404,3659.3143122458405,-0.624142,0.069777,0.27,0.1349996280328014,2140.0
18,OTHER,-0.624142,0.433508,0.27,-0.669142,0.407527,0.27,40.0,1070.0,False,89,-0.04500000000000004,-0.025981000000000032,0.0,0.05196164317070819,-149.99977283567742,120.00022716432257,0.6666666666666666,0.0779424647560623,3659.3143122458405,3659.3922547105967,-0.6466419999999999,0.4205175,0.27,,1605.0
18,HATCH,-0.669142,0.407527,0.27,-0.669142,-0.216011,0.27,30.0,1070.0,False,92,0.0,-0.6235379999999999,0.0,0.6235379999999999,-90.0,59.99977283567743,0.5,1.2470759999999999,3659.3922547105967,3660.639330710597,-0.669142,0.09575799999999998,0.27,0.07794246475623368,2140.0
18,OTHER,-0.669142,-0.216011,0.27,-0.714142,-0.138069,0.27,40.0,1070.0,False,95,-0.04500000000000004,0.07794200000000001,0.0,0.08999975202188062,120.00009114529477,149.9999088547052,0.6666666666666666,0.13499962803282095,3660.639330710597,3660.7743303386296,-0.6916420000000001,-0.17704,0.27,,1605.0
18,HATCH,-0.714142,-0.138069,0.27,-0.714142,0.381546,0.27,30.0,1070.0,False,98,0.0,0.5196149999999999,0.0,0.5196149999999999,90.0,30.00009114529479,0.5,1.0392299999999999,3660.7743303386296,3661.8135603386295,-0.714142,0.1217385,0.27,0.1349996280328014,2140.0
18,OTHER,-0.714142,0.381546,0.27,-0.759142,0.355566,0.27,40.0,1070.0,False,101,-0.04499999999999993,-0.025980000000000003,0.0,0.051961143174491395,-150.000727770153,119.99927222984702,0.6666666666666666,0.0779417147617371,3661.8135603386295,3661.8915020533914,-0.736642,0.368556,0.27,,1605.0
18,HATCH,-0.759142,0.355566,0.27,-0.759142,-0.060127,0.27,30.0,1070.0,False,104,0.0,-0.415693,0.0,0.415693,-90.0,60.00072777015298,0.5,0.831386,3661.8915020533914,3662.722888053391,-0.759142,0.1477195,0.27,0.07794171476189149,2140.0
18,OTHER,-0.759142,-0.060127,0.27,-0.804142,0.017816,0.27,40.0,1070.0,False,107,-0.04500000000000004,0.077943,0.0,0.09000061804787789,119.99977283671745,150.00022716328257,0.6666666666666666,0.13500092707181685,3662.722888053391,3662.857888980463,-0.781642,-0.0211555,0.27,793.8351505284445,1605.0
18,HATCH,-0.804142,0.017816,0.27,-0.804142,0.329585,0.27,30.0,1070.0,False,110,0.0,0.311769,0.0,0.311769,90.0,29.99977283671745,0.5,0.623538,3662.857888980463,3663.481426980463,-0.804142,0.1737005,0.27,0.13500092707181466,2140.0
18,OTHER,-0.804142,0.329585,0.27,-0.849142,0.303604,0.27,40.0,1070.0,False,113,-0.04499999999999993,-0.025981000000000032,0.0,0.051961643170708095,-149.9997728356774,120.00022716432264,0.6666666666666666,0.07794246475606215,3663.481426980463,3663.559369445219,-0.826642,0.3165945,0.27,33.70844106685581,1605.0
18,HATCH,-0.849142,0.303604,0.27,-0.849142,0.095758,0.27,30.0,1070.0,False,116,0.0,-0.20784599999999998,0.0,0.20784599999999998,-90.0,59.99977283567737,0.5,0.41569199999999995,3663.559369445219,3663.975061445219,-0.849142,0.199681,0.27,0.07794246475623368,2140.0
18,OTHER,-0.849142,0.095758,0.27,-0.894142,0.1737,0.27,40.0,1070.0,False,119,-0.04500000000000004,0.077942,0.0,0.08999975202188061,120.00009114529477,149.9999088547052,0.6666666666666666,0.13499962803282092,3663.975061445219,3664.110061073252,-0.871642,0.134729,0.27,0.0,1605.0
18,HATCH,-0.894142,0.1737,0.27,-0.894142,0.277623,0.27,30.0,1070.0,False,122,0.0,0.10392300000000002,0.0,0.10392300000000002,90.0,30.00009114529479,0.5,0.20784600000000003,3664.110061073252,3664.3179070732517,-0.894142,0.22566150000000001,0.27,0.0,2140.0
18,OTHER,-0.894142,0.277623,0.27,-0.219142,0.667335,0.27,40.0,1070.0,False,125,0.675,0.389712,0.0,0.7794231475546515,30.000036178897652,59.99996382110234,0.6666666666666666,1.1691347213319774,3664.3179070732517,3665.4870417945835,-0.556642,0.472479,0.27,8.256288455444064,1605.0
18,HATCH,-0.219142,0.667335,0.27,-0.219142,-0.920379,0.27,30.0,1070.0,False,128,0.0,-1.587714,0.0,1.587714,-90.0,120.00003617889766,0.5,3.175428,3665.4870417945835,3668.6624697945836,-0.219142,-0.12652199999999997,0.27,21.49578325419361,2140.0
18,OTHER,-0.219142,-0.920379,0.27,-0.174142,-0.894398,0.27,40.0,1070.0,False,131,0.04500000000000001,0.02598099999999992,0.0,0.051961643170708116,30.000227164322478,120.0002271643225,0.6666666666666666,0.07794246475606217,3668.6624697945836,3668.74041225934,-0.19664199999999998,-0.9073884999999999,0.27,30.776691718949678,1605.0
18,HATCH,-0.174142,-0.894398,0.27,-0.174142,0.693315,0.27,30.0,1070.0,False,134,0.0,1.587713,0.0,1.587713,90.0,59.99977283567752,0.5,3.175426,3668.74041225934,3671.9158382593396,-0.174142,-0.1005415,0.27,0.07794246475623368,2140.0
18,OTHER,-0.174142,0.693315,0.27,-0.129142,0.719296,0.27,40.0,1070.0,False,137,0.044999999999999984,0.025981000000000032,0.0,0.051961643170708144,30.0002271643226,59.999772835677405,0.6666666666666666,0.07794246475606222,3671.9158382593396,3671.993780724096,-0.151642,0.7063055,0.27,,1605.0
18,HATCH,-0.129142,0.719296,0.27,-0.129142,-0.868417,0.27,30.0,1070.0,False,140,0.0,-1.587713,0.0,1.587713,-90.0,120.0002271643226,0.5,3.175426,3671.993780724096,3675.1692067240956,-0.129142,-0.07456049999999997,0.27,0.07794246475623368,2140.0
18,OTHER,-0.129142,-0.868417,0.27,-0.084142,-0.842436,0.27,40.0,1070.0,False,143,0.04500000000000001,0.025981000000000032,0.0,0.051961643170708165,30.000227164322585,120.0002271643226,0.6666666666666666,0.07794246475606226,3675.1692067240956,3675.247149188852,-0.106642,-0.8554265,0.27,,1605.0
18,HATCH,-0.084142,-0.842436,0.27,-0.084142,0.745277,0.27,30.0,1070.0,False,146,0.0,1.587713,0.0,1.587713,90.0,59.99977283567742,0.5,3.175426,3675.247149188852,3678.4225751888516,-0.084142,-0.0485795,0.27,0.07794246475623368,2140.0
18,OTHER,-0.084142,0.745277,0.27,-0.039142,0.771258,0.27,40.0,1070.0,False,149,0.04499999999999999,0.025981000000000032,0.0,0.051961643170708144,30.00022716432259,59.999772835677405,0.6666666666666666,0.07794246475606222,3678.4225751888516,3678.500517653608,-0.061642,0.7582675,0.27,405.70267165275527,1605.0
18,HATCH,-0.039142,0.771258,0.27,-0.039142,-0.816456,0.27,30.0,1070.0,False,152,0.0,-1.587714,0.0,1.587714,-90.0,120.0002271643226,0.5,3.175428,3678.500517653608,3681.675945653608,-0.039142,-0.02259899999999998,0.27,0.07794246475623368,2140.0
18,OTHER,-0.039142,-0.816456,0.27,0.005858,-0.790475,0.27,40.0,1070.0,False,155,0.045000000000000005,0.02598099999999992,0.0,0.0519616431707081,30.000227164322485,120.0002271643225,0.6666666666666666,0.07794246475606216,3681.675945653608,3681.753888118364,-0.016642,-0.8034654999999999,0.27,266.5935421175077,1605.0
18,HATCH,0.005858,-0.790475,0.27,0.005858,0.797238,0.27,30.0,1070.0,False,158,0.0,1.587713,0.0,1.587713,90.0,59.99977283567752,0.5,3.175426,3681.753888118364,3684.929314118364,0.005858,0.0033814999999999817,0.27,0.07794246475623368,2140.0
18,OTHER,0.005858,0.797238,0.27,0.050858,0.823219,0.27,40.0,1070.0,False,161,0.045,0.025981000000000032,0.0,0.05196164317070816,30.00022716432259,59.99977283567742,0.6666666666666666,0.07794246475606224,3684.929314118364,3685.00725658312,0.028358,0.8102285,0.27,416.27691058226765,1605.0
18,HATCH,0.050858,0.823219,0.27,0.050858,-0.764494,0.27,30.0,1070.0,False,164,0.0,-1.587713,0.0,1.587713,-90.0,120.0002271643226,0.5,3.175426,3685.00725658312,3688.18268258312,0.050858,0.029362500000000014,0.27,0.07794246475623368,2140.0
18,OTHER,0.050858,-0.764494,0.27,0.095858,-0.738513,0.27,40.0,1070.0,False,167,0.045,0.025981000000000032,0.0,0.05196164317070816,30.00022716432259,120.0002271643226,0.6666666666666666,0.07794246475606224,3688.18268258312,3688.260625047876,0.073358,-0.7515035,0.27,281.23527904701996,1605.0
18,HATCH,0.095858,-0.738513,0.27,0.095858,0.8492,0.27,30.0,1070.0,False,170,0.0,1.587713,0.0,1.587713,90.0,59.99977283567742,0.5,3.175426,3688.260625047876,3691.436051047876,0.095858,0.05534349999999999,0.27,0.07794246475623368,2140.0
18,OTHER,0.095858,0.8492,0.27,0.140858,0.875181,0.27,40.0,1070.0,False,173,0.04500000000000001,0.025981000000000032,0.0,0.051961643170708165,30.000227164322585,59.99977283567742,0.6666666666666666,0.07794246475606226,3691.436051047876,3691.513993512632,0.118358,0.8621905,0.27,,1605.0
18,HATCH,0.140858,0.875181,0.27,0.140858,-0.712532,0.27,30.0,1070.0,False,176,0.0,-1.587713,0.0,1.587713,-90.0,120.0002271643226,0.5,3.175426,3691.513993512632,3694.689419512632,0.140858,0.08132449999999997,0.27,0.07794246475623368,2140.0
18,OTHER,0.140858,-0.712532,0.27,0.185858,-0.686552,0.27,40.0,1070.0,False,179,0.044999999999999984,0.025980000000000003,0.0,0.05196114317449144,29.999272229846994,119.999272229847,0.6666666666666666,0.07794171476173717,3694.689419512632,3694.767361227394,0.163358,-0.6995420000000001,0.27,,1605.0
18,HATCH,0.185858,-0.686552,0.27,0.185858,0.901161,0.27,30.0,1070.0,False,182,0.0,1.587713,0.0,1.587713,90.0,60.000727770153006,0.5,3.175426,3694.767361227394,3697.9427872273936,0.185858,0.10730449999999997,0.27,0.07794171476189149,2140.0
18,OTHER,0.185858,0.901161,0.27,0.230858,0.927142,0.27,40.0,1070.0,False,185,0.04500000000000001,0.025981000000000032,0.0,0.051961643170708165,30.000227164322585,59.99977283567742,0.6666666666666666,0.07794246475606226,3697.9427872273936,3698.02072969215,0.208358,0.9141515,0.27,65.41980292494327,1605.0
18,HATCH,0.230858,0.927142,0.27,0.230858,-0.660571,0.27,30.0,1070.0,False,188,0.0,-1.587713,0.0,1.587713,-90.0,120.0002271643226,0.5,3.175426,3698.02072969215,3701.1961556921497,0.230858,0.1332855,0.27,0.07794246475623368,2140.0
18,OTHER,0.230858,-0.660571,0.27,0.275858,-0.63459,0.27,40.0,1070.0,False,191,0.044999999999999984,0.025981000000000032,0.0,0.051961643170708144,30.0002271643226,120.0002271643226,0.6666666666666666,0.07794246475606222,3701.1961556921497,3701.274098156906,0.25335799999999997,-0.6475805,0.27,63.34787679150668,1605.0
18,HATCH,0.275858,-0.63459,0.27,0.275858,0.897201,0.27,30.0,1070.0,False,194,0.0,1.5317910000000001,0.0,1.5317910000000001,90.0,59.999772835677405,0.5,3.0635820000000002,3701.274098156906,3704.337680156906,0.275858,0.13130550000000002,0.27,0.07794246475623368,2140.0
18,OTHER,0.275858,0.897201,0.27,0.320858,0.819258,0.27,40.0,1070.0,False,197,0.044999999999999984,-0.07794299999999998,0.0,0.09000061804787785,-60.00022716328258,150.0002271632826,0.6666666666666666,0.13500092707181677,3704.337680156906,3704.472681083978,0.298358,0.8582295,0.27,71.81469585445575,1605.0
18,HATCH,0.320858,0.819258,0.27,0.320858,-0.608609,0.27,30.0,1070.0,False,200,0.0,-1.427867,0.0,1.427867,-90.0,29.999772836717412,0.5,2.855734,3704.472681083978,3707.328415083978,0.320858,0.10532450000000004,0.27,0.13500092707181466,2140.0
18,OTHER,0.320858,-0.608609,0.27,0.365858,-0.582629,0.27,40.0,1070.0,False,203,0.04500000000000004,0.025980000000000003,0.0,0.05196114317449149,29.999272229846966,119.99927222984697,0.6666666666666666,0.07794171476173724,3707.328415083978,3707.40635679874,0.343358,-0.5956189999999999,0.27,69.48013618333516,1605.0
18,HATCH,0.365858,-0.582629,0.27,0.365858,0.741316,0.27,30.0,1070.0,False,206,0.0,1.323945,0.0,1.323945,90.0,60.00072777015303,0.5,2.64789,3707.40635679874,3710.05424679874,0.365858,0.07934350000000001,0.27,0.07794171476189149,2140.0
18,OTHER,0.365858,0.741316,0.27,0.410858,0.663374,0.27,40.0,1070.0,False,209,0.044999999999999984,-0.07794199999999996,0.0,0.08999975202188056,-59.99990885470523,149.99990885470524,0.6666666666666666,0.13499962803282084,3710.05424679874,3710.189246426773,0.388358,0.702345,0.27,,1605.0
18,HATCH,0.410858,0.663374,0.27,0.410858,-0.556648,0.27,30.0,1070.0,False,212,0.0,-1.2200220000000002,0.0,1.2200220000000002,-90.0,30.000091145294775,0.5,2.4400440000000003,3710.189246426773,3712.629290426773,0.410858,0.053362999999999994,0.27,0.1349996280328014,2140.0
18,OTHER,0.410858,-0.556648,0.27,0.455858,-0.530667,0.27,40.0,1070.0,False,215,0.044999999999999984,0.025981000000000032,0.0,0.051961643170708144,30.0002271643226,120.0002271643226,0.6666666666666666,0.07794246475606222,3712.629290426773,3712.707232891529,0.433358,-0.5436575,0.27,647.7519509824947,1605.0
18,HATCH,0.455858,-0.530667,0.27,0.455858,0.585432,0.27,30.0,1070.0,False,218,0.0,1.116099,0.0,1.116099,90.0,59.999772835677405,0.5,2.232198,3712.707232891529,3714.9394308915294,0.455858,0.027382499999999976,0.27,0.07794246475623368,2140.0
18,OTHER,0.455858,0.585432,0.27,0.500858,0.507489,0.27,40.0,1070.0,False,221,0.04500000000000004,-0.07794299999999998,0.0,0.09000061804787787,-60.00022716328255,150.00022716328257,0.6666666666666666,0.13500092707181682,3714.9394308915294,3715.074431818601,0.478358,0.5464605,0.27,244.06511796110635,1605.0
18,HATCH,0.500858,0.507489,0.27,0.500858,-0.504686,0.27,30.0,1070.0,False,224,0.0,-1.012175,0.0,1.012175,-90.0,29.999772836717437,0.5,2.02435,3715.074431818601,3717.0987818186013,0.500858,0.0014015,0.27,0.13500092707181466,2140.0
18,OTHER,0.500858,-0.504686,0.27,0.545858,-0.478706,0.27,40.0,1070.0,False,227,0.04499999999999993,0.025979999999999948,0.0,0.05196114317449137,29.99927222984697,119.99927222984697,0.6666666666666666,0.07794171476173706,3717.0987818186013,3717.176723533363,0.523358,-0.491696,0.27,652.221442374323,1605.0
18,HATCH,0.545858,-0.478706,0.27,0.545858,0.429547,0.27,30.0,1070.0,False,230,0.0,0.908253,0.0,0.908253,90.0,60.00072777015303,0.5,1.816506,3717.176723533363,3718.9932295333633,0.545858,-0.024579500000000004,0.27,0.07794171476189149,2140.0
18,OTHER,0.545858,0.429547,0.27,0.590858,0.351605,0.27,40.0,1070.0,False,233,0.04500000000000004,-0.07794200000000001,0.0,0.08999975202188062,-59.99990885470522,149.9999088547052,0.6666666666666666,0.13499962803282095,3718.9932295333633,3719.128229161396,0.5683579999999999,0.39057600000000003,0.27,83.89494902156366,1605.0
18,HATCH,0.590858,0.351605,0.27,0.590858,-0.452725,0.27,30.0,1070.0,False,236,0.0,-0.80433,0.0,0.80433,-90.0,30.00009114529479,0.5,1.60866,3719.128229161396,3720.736889161396,0.590858,-0.050559999999999994,0.27,0.1349996280328014,2140.0
18,OTHER,0.590858,-0.452725,0.27,0.635858,-0.426744,0.27,40.0,1070.0,False,239,0.04500000000000004,0.025980999999999976,0.0,0.051961643170708165,30.000227164322517,120.00022716432251,0.6666666666666666,0.07794246475606226,3720.736889161396,3720.814831626152,0.6133580000000001,-0.43973450000000003,0.27,,1605.0
18,HATCH,0.635858,-0.426744,0.27,0.635858,0.273662,0.27,30.0,1070.0,False,242,0.0,0.7004060000000001,0.0,0.7004060000000001,90.0,59.99977283567748,0.5,1.4008120000000002,3720.814831626152,3722.215643626152,0.635858,-0.076541,0.27,0.07794246475623368,2140.0
18,OTHER,0.635858,0.273662,0.27,0.680858,0.19572,0.27,40.0,1070.0,False,245,0.04499999999999993,-0.07794200000000001,0.0,0.08999975202188057,-59.99990885470528,149.9999088547053,0.6666666666666666,0.13499962803282087,3722.215643626152,3722.350643254185,0.658358,0.234691,0.27,87.11736311435243,1605.0
18,HATCH,0.680858,0.19572,0.27,0.680858,-0.400763,0.27,30.0,1070.0,False,248,0.0,-0.596483,0.0,0.596483,-90.0,30.000091145294736,0.5,1.192966,3722.350643254185,3723.543609254185,0.680858,-0.10252149999999999,0.27,0.1349996280328014,2140.0
18,OTHER,0.680858,-0.400763,0.27,0.725858,-0.374783,0.27,40.0,1070.0,False,251,0.04500000000000004,0.025980000000000003,0.0,0.05196114317449149,29.999272229846966,119.99927222984697,0.6666666666666666,0.07794171476173724,3723.543609254185,3723.621550968947,0.7033579999999999,-0.387773,0.27,,1605.0
18,HATCH,0.725858,-0.374783,0.27,0.725858,0.117778,0.27,30.0,1070.0,False,254,0.0,0.49256099999999997,0.0,0.49256099999999997,90.0,60.00072777015303,0.5,0.9851219999999999,3723.621550968947,3724.606672968947,0.725858,-0.1285025,0.27,0.07794171476189149,2140.0
18,OTHER,0.725858,0.117778,0.27,0.770858,0.039836,0.27,40.0,1070.0,False,257,0.04500000000000004,-0.07794199999999998,0.0,0.0899997520218806,-59.999908854705204,149.9999088547052,0.6666666666666666,0.1349996280328209,3724.606672968947,3724.7416725969797,0.7483580000000001,0.078807,0.27,721.4914354439966,1605.0
18,HATCH,0.770858,0.039836,0.27,0.770858,-0.348802,0.27,30.0,1070.0,False,260,0.0,-0.388638,0.0,0.388638,-90.0,30.00009114529479,0.5,0.777276,3724.7416725969797,3725.5189485969795,0.770858,-0.154483,0.27,0.1349996280328014,2140.0
18,OTHER,0.770858,-0.348802,0.27,0.815858,-0.322821,0.27,40.0,1070.0,False,263,0.04499999999999993,0.025980999999999976,0.0,0.051961643170708074,30.00022716432258,120.0002271643226,0.6666666666666666,0.07794246475606212,3725.5189485969795,3725.5968910617357,0.793358,-0.33581150000000004,0.27,,1605.0
18,HATCH,0.815858,-0.322821,0.27,0.815858,-0.038107,0.27,30.0,1070.0,False,266,0.0,0.284714,0.0,0.284714,90.0,59.99977283567743,0.5,0.569428,3725.5968910617357,3726.1663190617355,0.815858,-0.180464,0.27,0.07794246475623368,2140.0
18,OTHER,0.815858,-0.038107,0.27,0.860858,-0.116049,0.27,40.0,1070.0,False,269,0.04500000000000004,-0.077942,0.0,0.08999975202188061,-59.99990885470522,149.9999088547052,0.6666666666666666,0.13499962803282092,3726.1663190617355,3726.3013186897683,0.8383579999999999,-0.07707800000000001,0.27,714.916081536785,1605.0
18,HATCH,0.860858,-0.116049,0.27,0.860858,-0.29684,0.27,30.0,1070.0,False,272,0.0,-0.18079099999999998,0.0,0.18079099999999998,-90.0,30.00009114529479,0.5,0.36158199999999996,3726.3013186897683,3726.6629006897683,0.860858,-0.2064445,0.27,0.1349996280328014,2140.0
18,OTHER,0.860858,-0.29684,0.27,0.905858,-0.27086,0.27,40.0,1070.0,False,275,0.04500000000000004,0.025980000000000003,0.0,0.05196114317449149,29.999272229846966,119.99927222984697,0.6666666666666666,0.07794171476173724,3726.6629006897683,3726.74084240453,0.8833580000000001,-0.28385,0.27,0.0,1605.0
18,HATCH,0.905858,-0.27086,0.27,0.905858,-0.193991,0.27,30.0,1070.0,False,278,0.0,0.07686899999999999,0.0,0.07686899999999999,90.0,60.00072777015303,0.5,0.15373799999999999,3726.74084240453,3726.89458040453,0.905858,-0.2324255,0.27,0.0,2140.0
18,OTHER,0.905858,-0.193991,0.27,0.905858,-0.193991,0.285,40.0,1070.0,False,281,0.0,0.0,0.014999999999999958,0.014999999999999958,0.0,,0.6666666666666666,0.022499999999999937,3726.89458040453,3726.91708040453,0.905858,-0.193991,0.27749999999999997,0.0,1605.0
19,OTHER,0.905858,-0.193991,0.285,-0.412306,-0.660865,0.285,40.0,1070.0,False,20,-1.3181640000000001,-0.466874,0.0,1.3984018245025285,-160.49661491874437,,0.6666666666666666,2.097602736753793,3726.91708040453,3729.014683141284,0.24677600000000002,-0.42742800000000003,0.285,,1605.0
19,CONTOUR,-0.412306,-0.660865,0.285,-0.251642,-0.939142,0.285,30.0,1070.0,False,23,0.16066400000000003,-0.278277,0.0,0.3213269512894927,-59.99989203805324,100.49672288069114,0.5,0.6426539025789854,3729.014683141284,3729.6573370438628,-0.331974,-0.8000035000000001,0.285,84.88842367382222,2140.0
19,CONTOUR,-0.251642,-0.939142,0.285,0.660865,-0.412306,0.285,30.0,1070.0,False,24,0.912507,0.5268360000000001,0.0,1.053672243131136,29.999992366968968,89.99988440502221,0.5,2.107344486262272,3729.6573370438628,3731.764681530125,0.20461150000000003,-0.675724,0.285,28.38323888695686,2140.0
19,CONTOUR,0.660865,-0.412306,0.285,0.939142,-0.251642,0.285,30.0,1070.0,False,25,0.278277,0.16066400000000003,0.0,0.3213269512894927,30.000107961946767,0.00011559098847874352,0.5,0.6426539025789854,3731.764681530125,3732.407335432704,0.8000035000000001,-0.331974,0.285,5.0238391255948045,2140.0
19,CONTOUR,0.939142,-0.251642,0.285,0.412306,0.660865,0.285,30.0,1070.0,False,26,-0.5268360000000001,0.912507,0.0,1.053672243131136,119.99999236696897,89.99988440502221,0.5,2.107344486262272,3732.407335432704,3734.514679918966,0.675724,0.20461150000000003,0.285,10.056692178518915,2140.0
19,CONTOUR,0.412306,0.660865,0.285,0.251642,0.939142,0.285,30.0,1070.0,False,27,-0.16066400000000003,0.278277,0.0,0.3213269512894927,120.00010796194677,0.00011559098847874352,0.5,0.6426539025789854,3734.514679918966,3735.157333821545,0.331974,0.8000035000000001,0.285,30.041998834988135,2140.0
19,CONTOUR,0.251642,0.939142,0.285,-0.660865,0.412306,0.285,30.0,1070.0,False,28,-0.912507,-0.5268360000000001,0.0,1.053672243131136,-150.00000763303103,89.99988440502221,0.5,2.107344486262272,3735.157333821545,3737.264678307807,-0.20461150000000003,0.675724,0.285,63.16355309744904,2140.0
19,CONTOUR,-0.660865,0.412306,0.285,-0.939142,0.251642,0.285,30.0,1070.0,False,29,-0.278277,-0.16066400000000003,0.0,0.3213269512894927,-149.99989203805325,0.00011559098847874352,0.5,0.6426539025789854,3737.264678307807,3737.907332210386,-0.8000035000000001,0.331974,0.285,73.70530886258803,2140.0
19,CONTOUR,-0.939142,0.251642,0.285,-0.412306,-0.660865,0.285,30.0,1070.0,False,30,0.5268360000000001,-0.912507,0.0,1.053672243131136,-60.00000763303104,89.99988440502221,0.5,2.107344486262272,3737.907332210386,3740.014676696648,-0.675724,-0.20461150000000003,0.285,77.13300187175628,2140.0
19,OTHER,-0.412306,-0.660865,0.285,-0.403387,-0.676313,0.285,40.0,1070.0,False,35,0.00891900000000001,-0.015448000000000017,0.0,0.017837860437844015,-59.999741186170006,0.0002664471480703429,0.6666666666666666,0.026756790656766023,3740.014676696648,3740.041433487305,-0.4078465,-0.6685890000000001,0.285,90.47932388639174,1605.0
19,HATCH,-0.403387,-0.676313,0.285,0.603183,0.330257,0.285,30.0,1070.0,False,38,1.00657,1.00657,0.0,1.423504945477886,45.0,104.99974118617,0.5,2.847009890955772,3740.041433487305,3742.8884433782605,0.09989800000000001,-0.17302800000000002,0.285,623.2585803442953,2140.0
19,OTHER,0.603183,0.330257,0.285,0.579889,0.370603,0.285,40.0,1070.0,False,41,-0.023294000000000037,0.04034599999999999,0.0,0.04658766094149825,120.00024074998262,75.00024074998262,0.6666666666666666,0.06988149141224738,3742.8884433782605,3742.9583248696727,0.5915360000000001,0.35043,0.285,23.76021421686437,1605.0
19,HATCH,0.579889,0.370603,0.285,-0.426681,-0.635967,0.285,30.0,1070.0,False,44,-1.00657,-1.00657,0.0,1.423504945477886,-135.0,104.99975925001738,0.5,2.847009890955772,3742.9583248696727,3745.8053347606283,0.076604,-0.13268199999999997,0.285,0.06988149141216127,2140.0
19,OTHER,-0.426681,-0.635967,0.285,-0.449974,-0.595621,0.285,40.0,1070.0,False,47,-0.023293000000000008,0.04034599999999999,0.0,0.04658716094590869,119.99917566082053,105.00082433917947,0.6666666666666666,0.06988074141886304,3745.8053347606283,3745.875215502047,-0.4383275,-0.615794,0.285,5.763901273323427,1605.0
19,HATCH,-0.449974,-0.595621,0.285,0.556595,0.410949,0.285,30.0,1070.0,False,50,1.0065689999999998,1.00657,0.0,1.4235042383712806,45.00002846091578,74.99914719990474,0.5,2.847008476742561,3745.875215502047,3748.7222239787898,0.05331049999999998,-0.09233599999999997,0.285,0.06988074141872858,2140.0
19,OTHER,0.556595,0.410949,0.285,0.533302,0.451294,0.285,40.0,1070.0,False,53,-0.023292999999999897,0.040344999999999964,0.0,0.04658629491599426,119.9997905879338,74.99976212701803,0.6666666666666666,0.0698794423739914,3748.7222239787898,3748.7921034211636,0.5449485000000001,0.4311215,0.285,5.763899109117119,1605.0
19,HATCH,0.533302,0.451294,0.285,-0.473268,-0.555275,0.285,30.0,1070.0,False,56,-1.00657,-1.0065689999999998,0.0,1.4235042383712806,-135.0000284609158,105.00018095115043,0.5,2.847008476742561,3748.7921034211636,3751.6391118979063,0.030017000000000016,-0.051990499999999995,0.285,0.06987944237380361,2140.0
19,OTHER,-0.473268,-0.555275,0.285,-0.496562,-0.51493,0.285,40.0,1070.0,False,59,-0.02329399999999998,0.040344999999999964,0.0,0.04658679492087856,120.00085569029564,104.99911584878859,0.6666666666666666,0.06988019238131785,3751.6391118979063,3751.7089920902877,-0.484915,-0.5351025,0.285,5.7638963958593195,1605.0
19,HATCH,-0.496562,-0.51493,0.285,0.510008,0.49164,0.285,30.0,1070.0,False,62,1.00657,1.00657,0.0,1.423504945477886,45.0,75.00085569029564,0.5,2.847009890955772,3751.7089920902877,3754.5560019812433,0.006723000000000007,-0.011644999999999989,0.285,0.06988019238133347,2140.0
19,OTHER,0.510008,0.49164,0.285,0.486714,0.531986,0.285,40.0,1070.0,False,65,-0.023294000000000037,0.04034599999999994,0.0,0.0465876609414982,120.00024074998268,75.00024074998267,0.6666666666666666,0.06988149141224731,3754.5560019812433,3754.6258834726555,0.498361,0.511813,0.285,5.763898560079724,1605.0
19,HATCH,0.486714,0.531986,0.285,-0.519856,-0.474584,0.285,30.0,1070.0,False,68,-1.00657,-1.00657,0.0,1.423504945477886,-135.0,104.99975925001733,0.5,2.847009890955772,3754.6258834726555,3757.472893363611,-0.016571000000000002,0.028700999999999977,0.285,0.06988149141216127,2140.0
19,OTHER,-0.519856,-0.474584,0.285,-0.543149,-0.434238,0.285,40.0,1070.0,False,71,-0.023293000000000008,0.04034599999999999,0.0,0.04658716094590869,119.99917566082053,105.00082433917947,0.6666666666666666,0.06988074141886304,3757.472893363611,3757.54277410503,-0.5315025,-0.454411,0.285,5.763901273323427,1605.0
19,HATCH,-0.543149,-0.434238,0.285,0.463421,0.572332,0.285,30.0,1070.0,False,74,1.00657,1.00657,0.0,1.423504945477886,45.0,74.99917566082053,0.5,2.847009890955772,3757.54277410503,3760.3897839959855,-0.03986399999999998,0.06904699999999997,0.285,0.06988074141872858,2140.0
19,OTHER,0.463421,0.572332,0.285,0.440127,0.612678,0.285,40.0,1070.0,False,77,-0.023294000000000037,0.04034599999999999,0.0,0.04658766094149825,120.00024074998262,75.00024074998262,0.6666666666666666,0.06988149141224738,3760.3897839959855,3760.4596654873976,0.451774,0.592505,0.285,5.763900523329994,1605.0
19,HATCH,0.440127,0.612678,0.285,-0.566443,-0.393892,0.285,30.0,1070.0,False,80,-1.00657,-1.00657,0.0,1.423504945477886,-135.0,104.99975925001738,0.5,2.847009890955772,3760.4596654873976,3763.3066753783532,-0.06315800000000002,0.10939299999999996,0.285,0.06988149141216127,2140.0
19,OTHER,-0.566443,-0.393892,0.285,-0.589737,-0.353546,0.285,40.0,1070.0,False,83,-0.023293999999999926,0.04034599999999999,0.0,0.04658766094149819,120.00024074998252,104.99975925001749,0.6666666666666666,0.06988149141224728,3763.3066753783532,3763.3765568697654,-0.57809,-0.373719,0.285,5.763901273323427,1605.0
19,HATCH,-0.589737,-0.353546,0.285,0.416833,0.653024,0.285,30.0,1070.0,False,86,1.00657,1.00657,0.0,1.423504945477886,45.0,75.00024074998251,0.5,2.847009890955772,3763.3765568697654,3766.223566760721,-0.08645199999999997,0.149739,0.285,0.06988149141216127,2140.0
19,OTHER,0.416833,0.653024,0.285,0.393539,0.69337,0.285,40.0,1070.0,False,89,-0.02329399999999998,0.04034599999999999,0.0,0.04658766094149822,120.00024074998258,75.00024074998258,0.6666666666666666,0.06988149141224734,3766.223566760721,3766.293448252133,0.40518600000000005,0.673197,0.285,5.763901273323427,1605.0
19,HATCH,0.393539,0.69337,0.285,-0.61303,-0.3132,0.285,30.0,1070.0,False,92,-1.006569,-1.00657,0.0,1.4235042383712806,-134.99997153908424,104.99978771093319,0.5,2.847008476742561,3766.293448252133,3769.140456728876,-0.10974549999999997,0.19008500000000003,0.285,0.06988149141216127,2140.0
19,OTHER,-0.61303,-0.3132,0.285,-0.636324,-0.272854,0.285,40.0,1070.0,False,95,-0.023294000000000037,0.04034599999999999,0.0,0.04658766094149825,120.00024074998262,104.99978771093313,0.6666666666666666,0.06988149141224738,3769.140456728876,3769.210338220288,-0.6246769999999999,-0.293027,0.285,5.763899859110552,1605.0
19,HATCH,-0.636324,-0.272854,0.285,0.370246,0.733716,0.285,30.0,1070.0,False,98,1.00657,1.00657,0.0,1.423504945477886,45.0,75.00024074998262,0.5,2.847009890955772,3769.210338220288,3772.0573481112438,-0.133039,0.23043100000000002,0.285,0.06988149141216127,2140.0
19,OTHER,0.370246,0.733716,0.285,0.346952,0.774062,0.285,40.0,1070.0,False,101,-0.023294000000000037,0.04034599999999999,0.0,0.04658766094149825,120.00024074998262,75.00024074998262,0.6666666666666666,0.06988149141224738,3772.0573481112438,3772.127229602656,0.358599,0.753889,0.285,5.763899859110552,1605.0
19,HATCH,0.346952,0.774062,0.285,-0.659618,-0.232508,0.285,30.0,1070.0,False,104,-1.00657,-1.00657,0.0,1.423504945477886,-135.0,104.99975925001738,0.5,2.847009890955772,3772.127229602656,3774.9742394936115,-0.15633300000000003,0.27077700000000005,0.285,0.06988149141216127,2140.0
19,OTHER,-0.659618,-0.232508,0.285,-0.682912,-0.192162,0.285,40.0,1070.0,False,107,-0.023293999999999926,0.04034599999999999,0.0,0.04658766094149819,120.00024074998252,104.99975925001749,0.6666666666666666,0.06988149141224728,3774.9742394936115,3775.0441209850237,-0.671265,-0.212335,0.285,5.763901273323427,1605.0
19,HATCH,-0.682912,-0.192162,0.285,0.323658,0.814407,0.285,30.0,1070.0,False,110,1.00657,1.006569,0.0,1.4235042383712806,44.999971539084235,75.00026921089828,0.5,2.847008476742561,3775.0441209850237,3777.8911294617665,-0.17962699999999998,0.31112249999999997,0.285,0.06988149141216127,2140.0
19,OTHER,0.323658,0.814407,0.285,0.300365,0.854753,0.285,40.0,1070.0,False,113,-0.023293000000000008,0.04034599999999999,0.0,0.04658716094590869,119.99917566082053,74.99920412173628,0.6666666666666666,0.06988074141886304,3777.8911294617665,3777.961010203185,0.3120115,0.83458,0.285,5.763899859110552,1605.0
19,HATCH,0.300365,0.854753,0.285,-0.706205,-0.151817,0.285,30.0,1070.0,False,116,-1.00657,-1.00657,0.0,1.423504945477886,-135.0,105.00082433917947,0.5,2.847009890955772,3777.961010203185,3780.808020094141,-0.20292,0.351468,0.285,0.06988074141872858,2140.0
19,OTHER,-0.706205,-0.151817,0.285,-0.729499,-0.111471,0.285,40.0,1070.0,False,119,-0.023294000000000037,0.04034600000000001,0.0,0.04658766094149826,120.00024074998262,104.99975925001738,0.6666666666666666,0.06988149141224739,3780.808020094141,3780.877901585553,-0.7178519999999999,-0.131644,0.285,5.763899109117119,1605.0
19,HATCH,-0.729499,-0.111471,0.285,0.277071,0.895099,0.285,30.0,1070.0,False,122,1.00657,1.00657,0.0,1.423504945477886,45.0,75.00024074998262,0.5,2.847009890955772,3780.877901585553,3783.7249114765086,-0.226214,0.391814,0.285,0.06988149141216127,2140.0
19,OTHER,0.277071,0.895099,0.285,0.253777,0.935445,0.285,40.0,1070.0,False,125,-0.023294000000000037,0.04034599999999999,0.0,0.04658766094149825,120.00024074998262,75.00024074998262,0.6666666666666666,0.06988149141224738,3783.7249114765086,3783.794792967921,0.265424,0.915272,0.285,5.763901273323427,1605.0
19,HATCH,0.253777,0.935445,0.285,-0.752793,-0.071125,0.285,30.0,1070.0,False,128,-1.00657,-1.00657,0.0,1.423504945477886,-135.0,104.99975925001738,0.5,2.847009890955772,3783.794792967921,3786.6418028588764,-0.24950800000000004,0.43216,0.285,0.06988149141216127,2140.0
19,OTHER,-0.752793,-0.071125,0.285,-0.776086,-0.030779,0.285,40.0,1070.0,False,131,-0.023293000000000008,0.04034599999999999,0.0,0.04658716094590869,119.99917566082053,105.00082433917947,0.6666666666666666,0.06988074141886304,3786.6418028588764,3786.711683600295,-0.7644395,-0.050952,0.285,5.763901273323427,1605.0
19,HATCH,-0.776086,-0.030779,0.285,0.114868,0.860176,0.285,30.0,1070.0,False,134,0.890954,0.890955,0.0,1.2599999373575381,45.00003215415575,74.99914350666478,0.5,2.5199998747150762,3786.711683600295,3789.2316834750104,-0.33060900000000004,0.4146985,0.285,0.06988074141872858,2140.0
19,OTHER,0.114868,0.860176,0.285,-0.035705,0.773242,0.285,40.0,1070.0,False,137,-0.150573,-0.08693400000000007,0.0,0.17386704312491202,-149.99981794593393,165.0001498999103,0.6666666666666666,0.26080056468736806,3789.2316834750104,3789.492484039698,0.0395815,0.816709,0.285,97.71768996237824,1605.0
19,HATCH,-0.035705,0.773242,0.285,-0.79938,0.009567,0.285,30.0,1070.0,False,140,-0.763675,-0.763675,0.0,1.0799995422452733,-135.0,14.999817945933911,0.5,2.1599990844905466,3789.492484039698,3791.6524831241886,-0.4175425,0.3914045,0.285,0.26080056468754265,2140.0
19,OTHER,-0.79938,0.009567,0.285,-0.822674,0.049913,0.285,40.0,1070.0,False,143,-0.023294000000000037,0.040346,0.0,0.04658766094149825,120.00024074998262,104.99975925001738,0.6666666666666666,0.06988149141224738,3791.6524831241886,3791.722364615601,-0.8110269999999999,0.02974,0.285,4.9407995238934745,1605.0
19,HATCH,-0.822674,0.049913,0.285,-0.186278,0.686309,0.285,30.0,1070.0,False,146,0.636396,0.636396,0.0,0.8999998542399882,45.0,75.00024074998262,0.5,1.7999997084799764,3791.722364615601,3793.5223643240806,-0.504476,0.36811099999999997,0.285,0.06988149141216127,2140.0
19,OTHER,-0.186278,0.686309,0.285,-0.336851,0.599376,0.285,40.0,1070.0,False,149,-0.150573,-0.08693299999999993,0.0,0.173866543124317,-150.00010333442026,164.99989666557974,0.6666666666666666,0.26079981468647556,3793.5223643240806,3793.783164138767,-0.2615645,0.6428425,0.285,56.25768601627351,1605.0
19,HATCH,-0.336851,0.599376,0.285,-0.845968,0.090259,0.285,30.0,1070.0,False,152,-0.509117,-0.509117,0.0,0.7200001662347031,-135.0,15.000103334420254,0.5,1.4400003324694062,3793.783164138767,3795.2231644712365,-0.5914095,0.3448175,0.285,0.26079981468637925,2140.0
19,OTHER,-0.845968,0.090259,0.285,-0.869261,0.130605,0.285,40.0,1070.0,False,155,-0.023292999999999897,0.04034599999999999,0.0,0.04658716094590863,119.99917566082043,105.0008243391796,0.6666666666666666,0.06988074141886295,3795.2231644712365,3795.293045212655,-0.8576145,0.110432,0.285,3.500799855635705,1605.0
19,HATCH,-0.869261,0.130605,0.285,-0.487424,0.512442,0.285,30.0,1070.0,False,158,0.3818369999999999,0.381837,0.0,0.5399990640158554,45.00000000000001,74.99917566082041,0.5,1.0799981280317108,3795.293045212655,3796.3730433406868,-0.6783425,0.32152349999999996,0.285,0.06988074141872858,2140.0
19,OTHER,-0.487424,0.512442,0.285,-0.637997,0.425509,0.285,40.0,1070.0,False,161,-0.150573,-0.08693299999999993,0.0,0.173866543124317,-150.00010333442026,164.99989666557974,0.6666666666666666,0.26079981468647556,3796.3730433406868,3796.633843155373,-0.5627105,0.4689755,0.285,130.88600154610322,1605.0
19,HATCH,-0.637997,0.425509,0.285,-0.892555,0.170951,0.285,30.0,1070.0,False,164,-0.25455799999999995,-0.25455800000000006,0.0,0.3599993760105703,-135.0,15.000103334420231,0.5,0.7199987520211406,3796.633843155373,3797.3538419073943,-0.7652760000000001,0.29823,0.285,0.26079981468637925,2140.0
19,OTHER,-0.892555,0.170951,0.285,-0.915849,0.211297,0.285,40.0,1070.0,False,167,-0.023294000000000037,0.04034600000000002,0.0,0.04658766094149827,120.00024074998262,104.99975925001739,0.6666666666666666,0.0698814914122474,3797.3538419073943,3797.4237233988065,-0.904202,0.19112400000000002,0.285,2.0607966947391105,1605.0
19,HATCH,-0.915849,0.211297,0.285,-0.78857,0.338576,0.285,30.0,1070.0,False,170,0.12727900000000003,0.12727899999999998,0.0,0.17999968800528515,44.999999999999986,75.00024074998262,0.5,0.3599993760105703,3797.4237233988065,3797.783722774817,-0.8522095000000001,0.27493650000000003,0.285,0.0,2140.0
19,OTHER,-0.78857,0.338576,0.285,-0.380093,-0.716659,0.285,40.0,1070.0,False,173,0.408477,-1.0552350000000001,0.0,1.1315362852131612,-68.83879045063256,113.83879045063254,0.6666666666666666,1.6973044278197418,3797.783722774817,3799.4810272026366,-0.5843315,-0.18904150000000003,0.285,22.73960178979314,1605.0
19,HATCH,-0.380093,-0.716659,0.285,0.626477,0.289911,0.285,30.0,1070.0,False,176,1.00657,1.00657,0.0,1.423504945477886,45.0,113.83879045063256,0.5,2.847009890955772,3799.4810272026366,3802.3280370935922,0.12319199999999997,-0.21337400000000004,0.285,53.67569244200831,2140.0
19,OTHER,0.626477,0.289911,0.285,0.64977,0.249565,0.285,40.0,1070.0,False,179,0.023293000000000008,-0.040345999999999965,0.0,0.046587160945908666,-60.00082433917946,105.00082433917946,0.6666666666666666,0.06988074141886301,3802.3280370935922,3802.397917835011,0.6381235,0.269738,0.285,59.36971222391958,1605.0
19,HATCH,0.64977,0.249565,0.285,-0.3568,-0.757005,0.285,30.0,1070.0,False,182,-1.00657,-1.00657,0.0,1.423504945477886,-135.0,74.99917566082055,0.5,2.847009890955772,3802.397917835011,3805.2449277259666,0.14648499999999998,-0.25372,0.285,0.06988074141872858,2140.0
19,OTHER,-0.3568,-0.757005,0.285,-0.333506,-0.797351,0.285,40.0,1070.0,False,185,0.02329399999999998,-0.04034599999999999,0.0,0.04658766094149822,-59.99975925001743,75.00024074998258,0.6666666666666666,0.06988149141224734,3805.2449277259666,3805.3148092173788,-0.34515300000000004,-0.777178,0.285,75.58759068210384,1605.0
19,HATCH,-0.333506,-0.797351,0.285,0.673064,0.209219,0.285,30.0,1070.0,False,188,1.00657,1.00657,0.0,1.423504945477886,45.0,104.99975925001743,0.5,2.847009890955772,3805.3148092173788,3808.1618191083344,0.16977899999999999,-0.29406600000000005,0.285,0.06988149141216127,2140.0
19,OTHER,0.673064,0.209219,0.285,0.696358,0.168873,0.285,40.0,1070.0,False,191,0.023294000000000037,-0.04034599999999999,0.0,0.04658766094149825,-59.99975925001737,104.99975925001738,0.6666666666666666,0.06988149141224738,3808.1618191083344,3808.2317005997465,0.6847110000000001,0.189046,0.285,5.763901273323427,1605.0
19,HATCH,0.696358,0.168873,0.285,-0.310212,-0.837697,0.285,30.0,1070.0,False,194,-1.00657,-1.00657,0.0,1.423504945477886,-135.0,75.00024074998262,0.5,2.847009890955772,3808.2317005997465,3811.078710490702,0.19307300000000002,-0.33441200000000004,0.285,0.06988149141216127,2140.0
19,OTHER,-0.310212,-0.837697,0.285,-0.286918,-0.878043,0.285,40.0,1070.0,False,197,0.02329399999999998,-0.04034599999999999,0.0,0.04658766094149822,-59.99975925001743,75.00024074998258,0.6666666666666666,0.06988149141224734,3811.078710490702,3811.1485919821143,-0.29856499999999997,-0.85787,0.285,5.763901273323427,1605.0
19,HATCH,-0.286918,-0.878043,0.285,0.719651,0.128527,0.285,30.0,1070.0,False,200,1.006569,1.00657,0.0,1.4235042383712806,45.00002846091577,104.99978771093319,0.5,2.847008476742561,3811.1485919821143,3813.995600458857,0.21636650000000002,-0.37475800000000004,0.285,0.06988149141216127,2140.0
19,OTHER,0.719651,0.128527,0.285,0.742945,0.088181,0.285,40.0,1070.0,False,203,0.023293999999999926,-0.04034600000000001,0.0,0.0465876609414982,-59.9997592500175,104.99978771093328,0.6666666666666666,0.06988149141224731,3813.995600458857,3814.0654819502693,0.731298,0.108354,0.285,5.763899859110552,1605.0
19,HATCH,0.742945,0.088181,0.285,-0.263625,-0.918389,0.285,30.0,1070.0,False,206,-1.00657,-1.00657,0.0,1.423504945477886,-135.0,75.0002407499825,0.5,2.847009890955772,3814.0654819502693,3816.912491841225,0.23965999999999998,-0.41510400000000003,0.285,0.06988149141216127,2140.0
19,OTHER,-0.263625,-0.918389,0.285,-0.178524,-0.896928,0.285,40.0,1070.0,False,209,0.08510100000000001,0.021461000000000063,0.0,0.08776533895564925,14.153885970944163,149.15388597094417,0.6666666666666666,0.13164800843347388,3816.912491841225,3817.044139849658,-0.2210745,-0.9076584999999999,0.285,5.763899859110552,1605.0
19,HATCH,-0.178524,-0.896928,0.285,0.766239,0.047835,0.285,30.0,1070.0,False,212,0.944763,0.9447629999999999,0.0,1.3360966478282923,45.0,30.84611402905584,0.5,2.6721932956565846,3817.044139849658,3819.716333145315,0.2938575,-0.4245465,0.285,0.1316480084333307,2140.0
19,OTHER,0.766239,0.047835,0.285,0.789533,0.00749,0.285,40.0,1070.0,False,215,0.023294000000000037,-0.040345000000000006,0.0,0.046586794920878624,-59.999144309704334,104.99914430970433,0.6666666666666666,0.06988019238131794,3819.716333145315,3819.786213337696,0.7778860000000001,0.0276625,0.285,5.650851195045561,1605.0
19,HATCH,0.789533,0.00749,0.285,-0.027951,-0.809994,0.285,30.0,1070.0,False,218,-0.817484,-0.817484,0.0,1.1560969598230073,-135.0,75.00085569029568,0.5,2.3121939196460146,3819.786213337696,3822.0984072573424,0.38079100000000005,-0.401252,0.285,0.06988019238133347,2140.0
19,OTHER,-0.027951,-0.809994,0.285,0.122622,-0.723061,0.285,40.0,1070.0,False,221,0.15057299999999998,0.08693300000000004,0.0,0.17386654312431707,29.99989666557977,164.9998966655797,0.6666666666666666,0.2607998146864756,3822.0984072573424,3822.3592070720288,0.047335499999999996,-0.7665275,0.285,133.83778220946624,1605.0
19,HATCH,0.122622,-0.723061,0.285,0.812826,-0.032856,0.285,30.0,1070.0,False,224,0.690204,0.690205,0.0,0.976096564711197,45.000041506379276,15.000144840799523,0.5,1.952193129422394,3822.3592070720288,3824.3114002014513,0.46772400000000003,-0.3779585,0.285,0.26079981468637925,2140.0
19,OTHER,0.812826,-0.032856,0.285,0.83612,-0.073202,0.285,40.0,1070.0,False,227,0.023293999999999926,-0.040346,0.0,0.046587660941498195,-59.9997592500175,104.99980075639677,0.6666666666666666,0.0698814914122473,3824.3114002014513,3824.3812816928635,0.824473,-0.05302900000000001,0.285,4.5251868637551524,1605.0
19,HATCH,0.83612,-0.073202,0.285,0.273195,-0.636128,0.285,30.0,1070.0,False,230,-0.5629249999999999,-0.562926,0.0,0.7960968767059696,-134.99994910891448,75.00018985889699,0.5,1.5921937534119392,3824.3812816928635,3825.973475446275,0.5546575,-0.354665,0.285,0.06988149141216127,2140.0
19,OTHER,0.273195,-0.636128,0.285,0.423767,-0.549194,0.285,40.0,1070.0,False,233,0.15057199999999998,0.08693400000000007,0.0,0.17386617710181587,30.00034682474142,165.00029593365593,0.6666666666666666,0.2607992656527238,3825.973475446275,3826.234274711928,0.34848100000000004,-0.592661,0.285,113.26624255474599,1605.0
19,HATCH,0.423767,-0.549194,0.285,0.859414,-0.113548,0.285,30.0,1070.0,False,236,0.435647,0.435646,0.0,0.6160971887007763,44.99993424051437,14.999587415772961,0.5,1.2321943774015527,3826.234274711928,3827.466469089329,0.6415905,-0.33137099999999997,0.285,0.2607992656526221,2140.0
19,OTHER,0.859414,-0.113548,0.285,0.882707,-0.153894,0.285,40.0,1070.0,False,239,0.023293000000000008,-0.04034600000000001,0.0,0.0465871609459087,-60.00082433917949,105.00075857969385,0.6666666666666666,0.06988074141886305,3827.466469089329,3827.536349830748,0.8710605,-0.133721,0.285,3.085187396465699,1605.0
19,HATCH,0.882707,-0.153894,0.285,0.57434,-0.462261,0.285,30.0,1070.0,False,242,-0.30836700000000006,-0.30836699999999995,0.0,0.4360967935883042,-135.00000000000003,74.99917566082053,0.5,0.8721935871766084,3827.536349830748,3828.4085434179246,0.7285235,-0.3080775,0.285,0.06988074141872858,2140.0
19,OTHER,0.57434,-0.462261,0.285,0.724913,-0.375328,0.285,40.0,1070.0,False,245,0.15057300000000007,0.08693299999999998,0.0,0.1738665431243171,29.999896665579744,164.99989666557977,0.6666666666666666,0.2607998146864757,3828.4085434179246,3828.669343232611,0.6496265,-0.41879449999999996,0.285,0.9420743285954813,1605.0
19,HATCH,0.724913,-0.375328,0.285,0.906001,-0.19424,0.285,30.0,1070.0,False,248,0.18108799999999992,0.181088,0.0,0.25609710558301896,45.000000000000014,15.000103334420254,0.5,0.5121942111660379,3828.669343232611,3829.181537443777,0.815457,-0.284784,0.285,0.26079981468637925,2140.0
19,OTHER,0.906001,-0.19424,0.285,0.929295,-0.234586,0.285,40.0,1070.0,False,251,0.023294000000000037,-0.04034599999999999,0.0,0.04658766094149825,-59.99975925001737,104.99975925001738,0.6666666666666666,0.06988149141224738,3829.181537443777,3829.251418935189,0.917648,-0.214413,0.285,1.6451876130290657,1605.0
19,HATCH,0.929295,-0.234586,0.285,0.875486,-0.288394,0.285,30.0,1070.0,False,254,-0.053808999999999996,-0.053807999999999995,0.0,0.07609671047423797,-135.00053240454122,75.00077315452384,0.5,0.15219342094847593,3829.251418935189,3829.4036123561377,0.9023905,-0.26149,0.285,0.0,2140.0
19,OTHER,0.875486,-0.288394,0.285,0.875486,-0.288394,0.3,40.0,1070.0,False,257,0.0,0.0,0.015000000000000013,0.015000000000000013,0.0,,0.6666666666666666,0.02250000000000002,3829.4036123561377,3829.4261123561378,0.875486,-0.288394,0.2925,0.0,1605.0
20,OTHER,0.875486,-0.288394,0.3,0.458236,-0.529294,0.3,40.0,1070.0,False,20,-0.41725,-0.24090000000000006,0.0,0.48179909972933743,-149.9999381885041,,0.6666666666666666,0.7226986495940062,3829.4261123561378,3830.1488110057317,0.6668609999999999,-0.408844,0.3,0.7567691235267375,1605.0
20,CONTOUR,0.458236,-0.529294,0.3,-0.251642,-0.939142,0.3,30.0,1070.0,False,23,-0.709878,-0.409848,0.0,0.8196963815877194,-150.00001539938378,7.721815078915649e-05,0.5,1.6393927631754388,3830.1488110057317,3831.788203768907,0.103297,-0.734218,0.3,7.789603933702892,2140.0
20,CONTOUR,-0.251642,-0.939142,0.3,-0.529294,-0.458236,0.3,30.0,1070.0,False,24,-0.27765200000000007,0.48090600000000006,0.0,0.5553028128327824,120.00007072031428,89.99991388030193,0.5,1.1106056256655648,3831.788203768907,3832.8988093945723,-0.39046800000000004,-0.698689,0.3,26.473394551528145,2140.0
20,CONTOUR,-0.529294,-0.458236,0.3,-0.939142,0.251642,0.3,30.0,1070.0,False,25,-0.409848,0.709878,0.0,0.8196963815877194,119.9999846006162,8.612540839734087e-05,0.5,1.6393927631754388,3832.8988093945723,3834.5382021577475,-0.734218,-0.103297,0.3,46.18712579427711,2140.0
20,CONTOUR,-0.939142,0.251642,0.3,-0.458236,0.529294,0.3,30.0,1070.0,False,26,0.48090600000000006,0.27765200000000007,0.0,0.5553028128327824,30.000070720314284,89.99991388030193,0.5,1.1106056256655648,3834.5382021577475,3835.648807783413,-0.698689,0.39046800000000004,0.3,38.16515881706073,2140.0
20,CONTOUR,-0.458236,0.529294,0.3,0.251642,0.939142,0.3,30.0,1070.0,False,27,0.709878,0.409848,0.0,0.8196963815877194,29.999984600616212,8.612540839734087e-05,0.5,1.6393927631754388,3835.648807783413,3837.288200546588,-0.103297,0.734218,0.3,157.148290129805,2140.0
20,CONTOUR,0.251642,0.939142,0.3,0.529294,0.458236,0.3,30.0,1070.0,False,28,0.27765200000000007,-0.48090600000000006,0.0,0.5553028128327824,-59.99992927968572,89.99991388030193,0.5,1.1106056256655648,3837.288200546588,3838.3988061722534,0.39046800000000004,0.698689,0.3,65.16097094393217,2140.0
20,CONTOUR,0.529294,0.458236,0.3,0.939142,-0.251642,0.3,30.0,1070.0,False,29,0.409848,-0.709878,0.0,0.8196963815877194,-60.00001539938379,8.612540839734087e-05,0.5,1.6393927631754388,3838.3988061722534,3840.0381989354287,0.734218,0.103297,0.3,18.61259283455729,2140.0
20,CONTOUR,0.939142,-0.251642,0.3,0.458236,-0.529294,0.3,30.0,1070.0,False,30,-0.48090600000000006,-0.27765200000000007,0.0,0.5553028128327824,-149.99992927968572,89.99991388030193,0.5,1.1106056256655648,3840.0381989354287,3841.148804561094,0.698689,-0.39046800000000004,0.3,9.889387929697023,2140.0
20,OTHER,0.458236,-0.529294,0.3,0.429547,-0.545858,0.3,40.0,1070.0,False,35,-0.028688999999999965,-0.016563999999999912,0.0,0.033127402810965954,-149.99940366850697,0.0005256112376210022,0.6666666666666666,0.049691104216448935,3841.148804561094,3841.1984956653105,0.4438915,-0.537576,0.3,123.97208102773084,1605.0
20,HATCH,0.429547,-0.545858,0.3,-0.478706,-0.545858,0.3,30.0,1070.0,False,38,-0.908253,0.0,0.0,0.908253,180.0,30.000596331493025,0.5,1.816506,3841.1984956653105,3843.0150016653106,-0.024579500000000004,-0.545858,0.3,446.45359212921085,2140.0
20,OTHER,-0.478706,-0.545858,0.3,-0.452725,-0.590858,0.3,40.0,1070.0,False,41,0.025981000000000032,-0.04500000000000004,0.0,0.05196164317070819,-59.99977283567743,120.00022716432257,0.6666666666666666,0.0779424647560623,3843.0150016653106,3843.092944130067,-0.4657155,-0.5683579999999999,0.3,91.30600957502293,1605.0
20,HATCH,-0.452725,-0.590858,0.3,0.351605,-0.590858,0.3,30.0,1070.0,False,44,0.80433,0.0,0.0,0.80433,0.0,59.99977283567743,0.5,1.60866,3843.092944130067,3844.7016041300667,-0.050559999999999994,-0.590858,0.3,0.07794246475623368,2140.0
20,OTHER,0.351605,-0.590858,0.3,0.273662,-0.635858,0.3,40.0,1070.0,False,47,-0.07794299999999998,-0.04500000000000004,0.0,0.09000061804787787,-150.00022716328257,150.00022716328257,0.6666666666666666,0.13500092707181682,3844.7016041300667,3844.8366050571385,0.3126335,-0.6133580000000001,0.3,18.46732941813889,1605.0
20,HATCH,0.273662,-0.635858,0.3,-0.426744,-0.635858,0.3,30.0,1070.0,False,50,-0.7004060000000001,0.0,0.0,0.7004060000000001,180.0,29.99977283671745,0.5,1.4008120000000002,3844.8366050571385,3846.2374170571384,-0.076541,-0.635858,0.3,0.13500092707181466,2140.0
20,OTHER,-0.426744,-0.635858,0.3,-0.400763,-0.680858,0.3,40.0,1070.0,False,53,0.025981000000000032,-0.04499999999999993,0.0,0.051961643170708095,-59.99977283567737,120.00022716432264,0.6666666666666666,0.07794246475606215,3846.2374170571384,3846.3153595218946,-0.4137535,-0.658358,0.3,13.338607662566119,1605.0
20,HATCH,-0.400763,-0.680858,0.3,0.19572,-0.680858,0.3,30.0,1070.0,False,56,0.596483,0.0,0.0,0.596483,0.0,59.99977283567737,0.5,1.192966,3846.3153595218946,3847.5083255218947,-0.10252149999999999,-0.680858,0.3,0.07794246475623368,2140.0
20,OTHER,0.19572,-0.680858,0.3,0.117778,-0.725858,0.3,40.0,1070.0,False,59,-0.07794200000000001,-0.04500000000000004,0.0,0.08999975202188062,-149.9999088547052,149.9999088547052,0.6666666666666666,0.13499962803282095,3847.5083255218947,3847.6433251499275,0.156749,-0.7033579999999999,0.3,15.72012175298778,1605.0
20,HATCH,0.117778,-0.725858,0.3,-0.374783,-0.725858,0.3,30.0,1070.0,False,62,-0.49256099999999997,0.0,0.0,0.49256099999999997,180.0,30.0000911452948,0.5,0.9851219999999999,3847.6433251499275,3848.6284471499275,-0.1285025,-0.725858,0.3,0.1349996280328014,2140.0
20,OTHER,-0.374783,-0.725858,0.3,-0.348802,-0.770858,0.3,40.0,1070.0,False,65,0.025980999999999976,-0.04500000000000004,0.0,0.051961643170708165,-59.99977283567748,120.00022716432251,0.6666666666666666,0.07794246475606226,3848.6284471499275,3848.7063896146838,-0.36179249999999996,-0.7483580000000001,0.3,15.72963775535527,1605.0
20,HATCH,-0.348802,-0.770858,0.3,0.039836,-0.770858,0.3,30.0,1070.0,False,68,0.388638,0.0,0.0,0.388638,0.0,59.99977283567748,0.5,0.777276,3848.7063896146838,3849.4836656146836,-0.154483,-0.770858,0.3,0.07794246475623368,2140.0
20,OTHER,0.039836,-0.770858,0.3,-0.038107,-0.815858,0.3,40.0,1070.0,False,71,-0.07794300000000001,-0.04499999999999993,0.0,0.09000061804787785,-150.00022716328263,150.00022716328263,0.6666666666666666,0.13500092707181677,3849.4836656146836,3849.6186665417554,0.0008645000000000007,-0.793358,0.3,27.124458542654793,1605.0
20,HATCH,-0.038107,-0.815858,0.3,-0.322821,-0.815858,0.3,30.0,1070.0,False,74,-0.284714,0.0,0.0,0.284714,180.0,29.999772836717373,0.5,0.569428,3849.6186665417554,3850.188094541755,-0.180464,-0.815858,0.3,0.13500092707181466,2140.0
20,OTHER,-0.322821,-0.815858,0.3,-0.29684,-0.860858,0.3,40.0,1070.0,False,77,0.025981000000000032,-0.04500000000000004,0.0,0.05196164317070819,-59.99977283567743,120.00022716432257,0.6666666666666666,0.0779424647560623,3850.188094541755,3850.2660370065114,-0.3098305,-0.8383579999999999,0.3,39.03950255964082,1605.0
20,HATCH,-0.29684,-0.860858,0.3,-0.116049,-0.860858,0.3,30.0,1070.0,False,80,0.18079099999999998,0.0,0.0,0.18079099999999998,0.0,59.99977283567743,0.5,0.36158199999999996,3850.2660370065114,3850.6276190065114,-0.2064445,-0.860858,0.3,0.07794246475623368,2140.0
20,OTHER,-0.116049,-0.860858,0.3,-0.193991,-0.905858,0.3,40.0,1070.0,False,83,-0.077942,-0.04500000000000004,0.0,0.08999975202188061,-149.9999088547052,149.9999088547052,0.6666666666666666,0.13499962803282092,3850.6276190065114,3850.762618634544,-0.15502,-0.8833580000000001,0.3,0.0,1605.0
20,HATCH,-0.193991,-0.905858,0.3,-0.27086,-0.905858,0.3,30.0,1070.0,False,86,-0.07686899999999999,0.0,0.0,0.07686899999999999,180.0,30.0000911452948,0.5,0.15373799999999999,3850.762618634544,3850.916356634544,-0.2324255,-0.905858,0.3,0.0,2140.0
20,OTHER,-0.27086,-0.905858,0.3,-0.504686,-0.500858,0.3,40.0,1070.0,False,89,-0.23382599999999998,0.405,0.0,0.4676532885332894,119.99990885487266,60.00009114512735,0.6666666666666666,0.7014799327999341,3850.916356634544,3851.617836567344,-0.387773,-0.703358,0.3,2.2099670198604144,1605.0
20,HATCH,-0.504686,-0.500858,0.3,0.507489,-0.500858,0.3,30.0,1070.0,False,92,1.012175,0.0,0.0,1.012175,0.0,119.99990885487266,0.5,2.02435,3851.617836567344,3853.642186567344,0.0014015,-0.500858,0.3,8.602834902033464,2140.0
20,OTHER,0.507489,-0.500858,0.3,0.585432,-0.455858,0.3,40.0,1070.0,False,95,0.07794299999999998,0.04500000000000004,0.0,0.09000061804787787,29.99977283671745,29.999772836717437,0.6666666666666666,0.13500092707181682,3853.642186567344,3853.777187494416,0.5464605,-0.478358,0.3,132.82735494119197,1605.0
20,HATCH,0.585432,-0.455858,0.3,-0.530667,-0.455858,0.3,30.0,1070.0,False,98,-1.116099,0.0,0.0,1.116099,180.0,150.00022716328257,0.5,2.232198,3853.777187494416,3856.009385494416,0.027382499999999976,-0.455858,0.3,0.13500092707181466,2140.0
20,OTHER,-0.530667,-0.455858,0.3,-0.556648,-0.410858,0.3,40.0,1070.0,False,101,-0.025981000000000032,0.044999999999999984,0.0,0.051961643170708144,120.0002271643226,59.999772835677405,0.6666666666666666,0.07794246475606222,3856.009385494416,3856.0873279591724,-0.5436575,-0.433358,0.3,92.63282862465076,1605.0
20,HATCH,-0.556648,-0.410858,0.3,0.663374,-0.410858,0.3,30.0,1070.0,False,104,1.2200220000000002,0.0,0.0,1.2200220000000002,0.0,120.0002271643226,0.5,2.4400440000000003,3856.0873279591724,3858.5273719591723,0.053362999999999994,-0.410858,0.3,0.07794246475623368,2140.0
20,OTHER,0.663374,-0.410858,0.3,0.741316,-0.365858,0.3,40.0,1070.0,False,107,0.07794199999999996,0.044999999999999984,0.0,0.08999975202188056,30.000091145294768,30.000091145294775,0.6666666666666666,0.13499962803282084,3858.5273719591723,3858.662371587205,0.702345,-0.388358,0.3,17.378567398078303,1605.0
20,HATCH,0.741316,-0.365858,0.3,-0.582629,-0.365858,0.3,30.0,1070.0,False,110,-1.323945,0.0,0.0,1.323945,180.0,149.99990885470524,0.5,2.64789,3858.662371587205,3861.3102615872053,0.07934350000000001,-0.365858,0.3,0.1349996280328014,2140.0
20,OTHER,-0.582629,-0.365858,0.3,-0.608609,-0.320858,0.3,40.0,1070.0,False,113,-0.025980000000000003,0.04500000000000004,0.0,0.05196114317449149,119.99927222984697,60.00072777015303,0.6666666666666666,0.07794171476173724,3861.3102615872053,3861.388203301967,-0.5956189999999999,-0.343358,0.3,92.09992336691721,1605.0
20,HATCH,-0.608609,-0.320858,0.3,0.819258,-0.320858,0.3,30.0,1070.0,False,116,1.427867,0.0,0.0,1.427867,0.0,119.99927222984697,0.5,2.855734,3861.388203301967,3864.2439373019674,0.10532450000000004,-0.320858,0.3,0.07794171476189149,2140.0
20,OTHER,0.819258,-0.320858,0.3,0.897201,-0.275858,0.3,40.0,1070.0,False,119,0.07794299999999998,0.044999999999999984,0.0,0.09000061804787785,29.99977283671742,29.999772836717412,0.6666666666666666,0.13500092707181677,3864.2439373019674,3864.3789382290392,0.8582295,-0.298358,0.3,34.81782494582967,1605.0
20,HATCH,0.897201,-0.275858,0.3,-0.63459,-0.275858,0.3,30.0,1070.0,False,122,-1.5317910000000001,0.0,0.0,1.5317910000000001,180.0,150.0002271632826,0.5,3.0635820000000002,3864.3789382290392,3867.4425202290395,0.13130550000000002,-0.275858,0.3,0.13500092707181466,2140.0
20,OTHER,-0.63459,-0.275858,0.3,-0.660571,-0.230858,0.3,40.0,1070.0,False,125,-0.025981000000000032,0.044999999999999984,0.0,0.051961643170708144,120.0002271643226,59.999772835677405,0.6666666666666666,0.07794246475606222,3867.4425202290395,3867.5204626937957,-0.6475805,-0.25335799999999997,0.3,67.96149302640288,1605.0
20,HATCH,-0.660571,-0.230858,0.3,0.927142,-0.230858,0.3,30.0,1070.0,False,128,1.587713,0.0,0.0,1.587713,0.0,120.0002271643226,0.5,3.175426,3867.5204626937957,3870.6958886937955,0.1332855,-0.230858,0.3,0.07794246475623368,2140.0
20,OTHER,0.927142,-0.230858,0.3,0.901161,-0.185858,0.3,40.0,1070.0,False,131,-0.025981000000000032,0.04500000000000001,0.0,0.051961643170708165,120.0002271643226,120.0002271643226,0.6666666666666666,0.07794246475606226,3870.6958886937955,3870.7738311585517,0.9141515,-0.208358,0.3,41.26977633765773,1605.0
20,HATCH,0.901161,-0.185858,0.3,-0.686552,-0.185858,0.3,30.0,1070.0,False,134,-1.587713,0.0,0.0,1.587713,180.0,59.99977283567742,0.5,3.175426,3870.7738311585517,3873.9492571585515,0.10730449999999997,-0.185858,0.3,0.07794246475623368,2140.0
20,OTHER,-0.686552,-0.185858,0.3,-0.712532,-0.140858,0.3,40.0,1070.0,False,137,-0.025980000000000003,0.044999999999999984,0.0,0.05196114317449144,119.999272229847,60.000727770153006,0.6666666666666666,0.07794171476173717,3873.9492571585515,3874.0271988733134,-0.6995420000000001,-0.163358,0.3,39.411055000804026,1605.0
20,HATCH,-0.712532,-0.140858,0.3,0.875181,-0.140858,0.3,30.0,1070.0,False,140,1.587713,0.0,0.0,1.587713,0.0,119.999272229847,0.5,3.175426,3874.0271988733134,3877.202624873313,0.08132449999999997,-0.140858,0.3,0.07794171476189149,2140.0
20,OTHER,0.875181,-0.140858,0.3,0.8492,-0.095858,0.3,40.0,1070.0,False,143,-0.025981000000000032,0.04500000000000001,0.0,0.051961643170708165,120.0002271643226,120.0002271643226,0.6666666666666666,0.07794246475606226,3877.202624873313,3877.2805673380694,0.8621905,-0.118358,0.3,49.6662750425653,1605.0
20,HATCH,0.8492,-0.095858,0.3,-0.738513,-0.095858,0.3,30.0,1070.0,False,146,-1.587713,0.0,0.0,1.587713,180.0,59.99977283567742,0.5,3.175426,3877.2805673380694,3880.455993338069,0.05534349999999999,-0.095858,0.3,0.07794246475623368,2140.0
20,OTHER,-0.738513,-0.095858,0.3,-0.764494,-0.050858,0.3,40.0,1070.0,False,149,-0.025981000000000032,0.045,0.0,0.05196164317070816,120.0002271643226,59.99977283567742,0.6666666666666666,0.07794246475606224,3880.455993338069,3880.5339358028255,-0.7515035,-0.073358,0.3,45.91779118032173,1605.0
20,HATCH,-0.764494,-0.050858,0.3,0.823219,-0.050858,0.3,30.0,1070.0,False,152,1.587713,0.0,0.0,1.587713,0.0,120.0002271643226,0.5,3.175426,3880.5339358028255,3883.7093618028252,0.029362500000000014,-0.050858,0.3,0.07794246475623368,2140.0
20,OTHER,0.823219,-0.050858,0.3,0.797238,-0.005858,0.3,40.0,1070.0,False,155,-0.025981000000000032,0.045,0.0,0.05196164317070816,120.0002271643226,120.0002271643226,0.6666666666666666,0.07794246475606224,3883.7093618028252,3883.7873042675815,0.8102285,-0.028358,0.3,59.328080109961775,1605.0
20,HATCH,0.797238,-0.005858,0.3,-0.790475,-0.005858,0.3,30.0,1070.0,False,158,-1.587713,0.0,0.0,1.587713,180.0,59.99977283567742,0.5,3.175426,3883.7873042675815,3886.9627302675813,0.0033814999999999817,-0.005858,0.3,0.07794246475623368,2140.0
20,OTHER,-0.790475,-0.005858,0.3,-0.816456,0.039142,0.3,40.0,1070.0,False,161,-0.02598099999999992,0.045000000000000005,0.0,0.0519616431707081,120.0002271643225,59.99977283567752,0.6666666666666666,0.07794246475606216,3886.9627302675813,3887.0406727323375,-0.8034654999999999,0.016642,0.3,95.24036565198048,1605.0
20,HATCH,-0.816456,0.039142,0.3,0.771258,0.039142,0.3,30.0,1070.0,False,164,1.587714,0.0,0.0,1.587714,0.0,120.0002271643225,0.5,3.175428,3887.0406727323375,3890.2161007323375,-0.02259899999999998,0.039142,0.3,0.07794246475623368,2140.0
20,OTHER,0.771258,0.039142,0.3,0.745277,0.084142,0.3,40.0,1070.0,False,167,-0.025981000000000032,0.04499999999999999,0.0,0.051961643170708144,120.0002271643226,120.0002271643226,0.6666666666666666,0.07794246475606222,3890.2161007323375,3890.2940431970937,0.7582675,0.061642,0.3,50.17790179690883,1605.0
20,HATCH,0.745277,0.084142,0.3,-0.842436,0.084142,0.3,30.0,1070.0,False,170,-1.587713,0.0,0.0,1.587713,180.0,59.999772835677405,0.5,3.175426,3890.2940431970937,3893.4694691970935,-0.0485795,0.084142,0.3,0.07794246475623368,2140.0
20,OTHER,-0.842436,0.084142,0.3,-0.868417,0.129142,0.3,40.0,1070.0,False,173,-0.025981000000000032,0.04500000000000001,0.0,0.051961643170708165,120.0002271643226,59.99977283567742,0.6666666666666666,0.07794246475606226,3893.4694691970935,3893.5474116618498,-0.8554265,0.106642,0.3,96.04574579828704,1605.0
20,HATCH,-0.868417,0.129142,0.3,0.719296,0.129142,0.3,30.0,1070.0,False,176,1.587713,0.0,0.0,1.587713,0.0,120.0002271643226,0.5,3.175426,3893.5474116618498,3896.7228376618496,-0.07456049999999997,0.129142,0.3,0.07794246475623368,2140.0
20,OTHER,0.719296,0.129142,0.3,0.693315,0.174142,0.3,40.0,1070.0,False,179,-0.025981000000000032,0.044999999999999984,0.0,0.051961643170708144,120.0002271643226,120.0002271643226,0.6666666666666666,0.07794246475606222,3896.7228376618496,3896.800780126606,0.7063055,0.151642,0.3,56.68463872642087,1605.0
20,HATCH,0.693315,0.174142,0.3,-0.894398,0.174142,0.3,30.0,1070.0,False,182,-1.587713,0.0,0.0,1.587713,180.0,59.999772835677405,0.5,3.175426,3896.800780126606,3899.9762061266056,-0.1005415,0.174142,0.3,0.07794246475623368,2140.0
20,OTHER,-0.894398,0.174142,0.3,-0.920379,0.219142,0.3,40.0,1070.0,False,185,-0.02598099999999992,0.04500000000000001,0.0,0.051961643170708116,120.0002271643225,59.99977283567752,0.6666666666666666,0.07794246475606217,3899.9762061266056,3900.054148591362,-0.9073884999999999,0.19664199999999998,0.3,102.19248335178872,1605.0
20,HATCH,-0.920379,0.219142,0.3,0.667335,0.219142,0.3,30.0,1070.0,False,188,1.587714,0.0,0.0,1.587714,0.0,120.0002271643225,0.5,3.175428,3900.054148591362,3903.229576591362,-0.12652199999999997,0.219142,0.3,0.07794246475623368,2140.0
20,OTHER,0.667335,0.219142,0.3,0.641354,0.264142,0.3,40.0,1070.0,False,191,-0.025981000000000032,0.044999999999999984,0.0,0.051961643170708144,120.0002271643226,120.0002271643226,0.6666666666666666,0.07794246475606222,3903.229576591362,3903.307519056118,0.6543445,0.241642,0.3,94.99787599161527,1605.0
20,HATCH,0.641354,0.264142,0.3,-0.917492,0.264142,0.3,30.0,1070.0,False,194,-1.558846,0.0,0.0,1.558846,180.0,59.9997728356774,0.5,3.117692,3903.307519056118,3906.425211056118,-0.138069,0.264142,0.3,0.07794246475623368,2140.0
20,OTHER,-0.917492,0.264142,0.3,-0.83955,0.309142,0.3,40.0,1070.0,False,197,0.07794199999999996,0.044999999999999984,0.0,0.08999975202188056,30.000091145294768,149.99990885470524,0.6666666666666666,0.13499962803282084,3906.425211056118,3906.5602106841507,-0.878521,0.28664199999999995,0.3,6.371062464756051,1605.0
20,HATCH,-0.83955,0.309142,0.3,0.615373,0.309142,0.3,30.0,1070.0,False,200,1.454923,0.0,0.0,1.454923,0.0,30.000091145294775,0.5,2.909846,3906.5602106841507,3909.4700566841507,-0.11208850000000004,0.309142,0.3,0.1349996280328014,2140.0
20,OTHER,0.615373,0.309142,0.3,0.589392,0.354142,0.3,40.0,1070.0,False,203,-0.02598099999999992,0.04500000000000004,0.0,0.05196164317070814,120.00022716432247,120.00022716432247,0.6666666666666666,0.07794246475606222,3909.4700566841507,3909.547999148907,0.6023825,0.331642,0.3,107.07213884913972,1605.0
20,HATCH,0.589392,0.354142,0.3,-0.761607,0.354142,0.3,30.0,1070.0,False,206,-1.350999,0.0,0.0,1.350999,180.0,59.99977283567753,0.5,2.701998,3909.547999148907,3912.249997148907,-0.0861075,0.354142,0.3,0.07794246475623368,2140.0
20,OTHER,-0.761607,0.354142,0.3,-0.683665,0.399142,0.3,40.0,1070.0,False,209,0.07794200000000007,0.044999999999999984,0.0,0.08999975202188065,30.000091145294736,149.99990885470524,0.6666666666666666,0.13499962803282098,3912.249997148907,3912.3849967769397,-0.7226360000000001,0.37664200000000003,0.3,76.60118936549406,1605.0
20,HATCH,-0.683665,0.399142,0.3,0.563412,0.399142,0.3,30.0,1070.0,False,212,1.247077,0.0,0.0,1.247077,0.0,30.00009114529475,0.5,2.494154,3912.3849967769397,3914.8791507769397,-0.06012649999999997,0.399142,0.3,0.1349996280328014,2140.0
20,OTHER,0.563412,0.399142,0.3,0.537431,0.444142,0.3,40.0,1070.0,False,215,-0.025981000000000032,0.044999999999999984,0.0,0.051961643170708144,120.0002271643226,120.0002271643226,0.6666666666666666,0.07794246475606222,3914.8791507769397,3914.957093241696,0.5504215,0.42164199999999996,0.3,166.08704735577612,1605.0
20,HATCH,0.537431,0.444142,0.3,-0.605723,0.444142,0.3,30.0,1070.0,False,218,-1.143154,0.0,0.0,1.143154,180.0,59.999772835677405,0.5,2.286308,3914.957093241696,3917.243401241696,-0.03414600000000001,0.444142,0.3,0.07794246475623368,2140.0
20,OTHER,-0.605723,0.444142,0.3,-0.52778,0.489142,0.3,40.0,1070.0,False,221,0.07794299999999998,0.04500000000000004,0.0,0.09000061804787787,29.99977283671745,150.00022716328257,0.6666666666666666,0.13500092707181682,3917.243401241696,3917.378402168768,-0.5667515000000001,0.466642,0.3,120.60955808632298,1605.0
20,HATCH,-0.52778,0.489142,0.3,0.51145,0.489142,0.3,30.0,1070.0,False,224,1.0392299999999999,0.0,0.0,1.0392299999999999,0.0,29.999772836717437,0.5,2.0784599999999998,3917.378402168768,3919.456862168768,-0.008165000000000033,0.489142,0.3,0.13500092707181466,2140.0
20,OTHER,0.51145,0.489142,0.3,0.485469,0.534142,0.3,40.0,1070.0,False,227,-0.025980999999999976,0.044999999999999984,0.0,0.051961643170708116,120.00022716432254,120.00022716432254,0.6666666666666666,0.07794246475606217,3919.456862168768,3919.5348046335243,0.49845949999999994,0.511642,0.3,158.9971966813705,1605.0
20,HATCH,0.485469,0.534142,0.3,-0.449838,0.534142,0.3,30.0,1070.0,False,230,-0.935307,0.0,0.0,0.935307,180.0,59.999772835677454,0.5,1.870614,3919.5348046335243,3921.4054186335243,0.017815499999999984,0.534142,0.3,0.07794246475623368,2140.0
20,OTHER,-0.449838,0.534142,0.3,-0.371896,0.579142,0.3,40.0,1070.0,False,233,0.07794200000000001,0.04500000000000004,0.0,0.08999975202188062,30.000091145294782,149.9999088547052,0.6666666666666666,0.13499962803282095,3921.4054186335243,3921.540418261557,-0.410867,0.5566420000000001,0.3,269.5058153585114,1605.0
20,HATCH,-0.371896,0.579142,0.3,0.459489,0.579142,0.3,30.0,1070.0,False,236,0.831385,0.0,0.0,0.831385,0.0,30.000091145294775,0.5,1.66277,3921.540418261557,3923.203188261557,0.04379649999999999,0.579142,0.3,0.1349996280328014,2140.0
20,OTHER,0.459489,0.579142,0.3,0.433508,0.624142,0.3,40.0,1070.0,False,239,-0.025980999999999976,0.04499999999999993,0.0,0.051961643170708074,120.0002271643226,120.0002271643226,0.6666666666666666,0.07794246475606212,3923.203188261557,3923.281130726313,0.4464985,0.601642,0.3,156.90974000942379,1605.0
20,HATCH,0.433508,0.624142,0.3,-0.293954,0.624142,0.3,30.0,1070.0,False,242,-0.727462,0.0,0.0,0.727462,180.0,59.99977283567743,0.5,1.454924,3923.281130726313,3924.7360547263133,0.069777,0.624142,0.3,0.07794246475623368,2140.0
20,OTHER,-0.293954,0.624142,0.3,-0.216011,0.669142,0.3,40.0,1070.0,False,245,0.07794299999999998,0.04500000000000004,0.0,0.09000061804787787,29.99977283671745,150.00022716328255,0.6666666666666666,0.13500092707181682,3924.7360547263133,3924.871055653385,-0.2549825,0.6466419999999999,0.3,130.95289058754634,1605.0
20,HATCH,-0.216011,0.669142,0.3,0.407527,0.669142,0.3,30.0,1070.0,False,248,0.6235379999999999,0.0,0.0,0.6235379999999999,0.0,29.999772836717437,0.5,1.2470759999999999,3924.871055653385,3926.1181316533853,0.09575799999999998,0.669142,0.3,0.13500092707181466,2140.0
20,OTHER,0.407527,0.669142,0.3,0.381546,0.714142,0.3,40.0,1070.0,False,251,-0.025980999999999976,0.04500000000000004,0.0,0.051961643170708165,120.00022716432251,120.0002271643225,0.6666666666666666,0.07794246475606226,3926.1181316533853,3926.1960741181415,0.39453649999999996,0.6916420000000001,0.3,87.71932548113182,1605.0
20,HATCH,0.381546,0.714142,0.3,-0.138069,0.714142,0.3,30.0,1070.0,False,254,-0.5196149999999999,0.0,0.0,0.5196149999999999,180.0,59.99977283567748,0.5,1.0392299999999999,3926.1960741181415,3927.2353041181414,0.1217385,0.714142,0.3,0.07794246475623368,2140.0
20,OTHER,-0.138069,0.714142,0.3,-0.060127,0.759142,0.3,40.0,1070.0,False,257,0.077942,0.04499999999999993,0.0,0.08999975202188056,30.000091145294725,149.99990885470527,0.6666666666666666,0.13499962803282084,3927.2353041181414,3927.370303746174,-0.09909799999999999,0.736642,0.3,89.94710357155327,1605.0
20,HATCH,-0.060127,0.759142,0.3,0.355566,0.759142,0.3,30.0,1070.0,False,260,0.415693,0.0,0.0,0.415693,0.0,30.000091145294725,0.5,0.831386,3927.370303746174,3928.201689746174,0.1477195,0.759142,0.3,0.1349996280328014,2140.0
20,OTHER,0.355566,0.759142,0.3,0.329585,0.804142,0.3,40.0,1070.0,False,263,-0.025980999999999976,0.04500000000000004,0.0,0.051961643170708165,120.00022716432251,120.0002271643225,0.6666666666666666,0.07794246475606226,3928.201689746174,3928.2796322109302,0.34257550000000003,0.781642,0.3,89.80288357392055,1605.0
20,HATCH,0.329585,0.804142,0.3,0.017816,0.804142,0.3,30.0,1070.0,False,266,-0.311769,0.0,0.0,0.311769,180.0,59.9997728356775,0.5,0.623538,3928.2796322109302,3928.90317021093,0.1737005,0.804142,0.3,0.07794246475623368,2140.0
20,OTHER,0.017816,0.804142,0.3,0.095758,0.849142,0.3,40.0,1070.0,False,269,0.077942,0.04499999999999993,0.0,0.08999975202188056,30.000091145294725,149.9999088547053,0.6666666666666666,0.13499962803282084,3928.90317021093,3929.038169838963,0.056787,0.826642,0.3,139.4106861712321,1605.0
20,HATCH,0.095758,0.849142,0.3,0.303604,0.849142,0.3,30.0,1070.0,False,272,0.20784599999999998,0.0,0.0,0.20784599999999998,0.0,30.000091145294736,0.5,0.41569199999999995,3929.038169838963,3929.453861838963,0.199681,0.849142,0.3,0.1349996280328014,2140.0
20,OTHER,0.303604,0.849142,0.3,0.277623,0.894142,0.3,40.0,1070.0,False,275,-0.025980999999999976,0.04500000000000004,0.0,0.051961643170708165,120.00022716432251,120.0002271643225,0.6666666666666666,0.07794246475606226,3929.453861838963,3929.531804303719,0.29061349999999997,0.871642,0.3,0.0,1605.0
20,HATCH,0.277623,0.894142,0.3,0.1737,0.894142,0.3,30.0,1070.0,False,278,-0.10392300000000002,0.0,0.0,0.10392300000000002,180.0,59.99977283567748,0.5,0.20784600000000003,3929.531804303719,3929.739650303719,0.22566150000000001,0.894142,0.3,0.0,2140.0
20,OTHER,0.1737,0.894142,0.3,0.1737,0.894142,0.315,40.0,1070.0,False,281,0.0,0.0,0.015000000000000013,0.015000000000000013,0.0,,0.6666666666666666,0.02250000000000002,3929.739650303719,3929.762150303719,0.1737,0.894142,0.3075,0.0,1605.0
21,OTHER,0.1737,0.894142,0.315,-0.939142,0.251642,0.315,40.0,1070.0,False,20,-1.112842,-0.6425000000000001,0.0,1.2849994423983226,-149.99998564566198,,0.6666666666666666,1.927499163597484,3929.762150303719,3931.6896494673165,-0.38272100000000003,0.572892,0.315,8.221732042161875,1605.0
21,CONTOUR,-0.939142,0.251642,0.315,-0.646282,-0.255606,0.315,30.0,1070.0,False,23,0.29286,-0.5072479999999999,0.0,0.5857196540188829,-59.999980459996046,90.00000518566594,0.5,1.1714393080377659,3931.6896494673165,3932.8610887753543,-0.7927120000000001,-0.0019820000000000115,0.315,44.64897673497899,2140.0
21,CONTOUR,-0.646282,-0.255606,0.315,-0.251642,-0.939142,0.315,30.0,1070.0,False,24,0.39464000000000005,-0.683536,0.0,0.7892795404012447,-59.99998073761559,0.0,0.5,1.5785590808024894,3932.8610887753543,3934.4396478561566,-0.44896199999999997,-0.5973740000000001,0.315,86.54572925345974,2140.0
21,CONTOUR,-0.251642,-0.939142,0.315,0.255606,-0.646282,0.315,30.0,1070.0,False,25,0.5072479999999999,0.29286,0.0,0.5857196540188829,30.000019540003954,90.00000027761953,0.5,1.1714393080377659,3934.4396478561566,3935.6110871641945,0.0019820000000000115,-0.7927120000000001,0.315,84.82098131440125,2140.0
21,CONTOUR,0.255606,-0.646282,0.315,0.939142,-0.251642,0.315,30.0,1070.0,False,26,0.683536,0.39464000000000005,0.0,0.7892795404012447,30.000019262384424,0.0,0.5,1.5785590808024894,3935.6110871641945,3937.1896462449968,0.5973740000000001,-0.44896199999999997,0.315,81.83389966977848,2140.0
21,CONTOUR,0.939142,-0.251642,0.315,0.646282,0.255606,0.315,30.0,1070.0,False,27,-0.29286,0.5072479999999999,0.0,0.5857196540188829,120.00001954000395,90.00000027761953,0.5,1.1714393080377659,3937.1896462449968,3938.3610855530346,0.7927120000000001,0.0019820000000000115,0.315,46.89560304790302,2140.0
21,CONTOUR,0.646282,0.255606,0.315,0.251642,0.939142,0.315,30.0,1070.0,False,28,-0.39464000000000005,0.683536,0.0,0.7892795404012447,120.00001926238443,0.0,0.5,1.5785590808024894,3938.3610855530346,3939.939644633837,0.44896199999999997,0.5973740000000001,0.315,15.079954826721405,2140.0
21,CONTOUR,0.251642,0.939142,0.315,-0.255606,0.646282,0.315,30.0,1070.0,False,29,-0.5072479999999999,-0.29286,0.0,0.5857196540188829,-149.99998045999604,90.00000027761953,0.5,1.1714393080377659,3939.939644633837,3941.1110839418748,-0.0019820000000000115,0.7927120000000001,0.315,10.901474794874048,2140.0
21,CONTOUR,-0.255606,0.646282,0.315,-0.939142,0.251642,0.315,30.0,1070.0,False,30,-0.683536,-0.39464000000000005,0.0,0.7892795404012447,-149.99998073761557,0.0,0.5,1.5785590808024894,3941.1110839418748,3942.689643022677,-0.5973740000000001,0.44896199999999997,0.315,23.732681773106833,2140.0
21,OTHER,-0.939142,0.251642,0.315,-0.918389,0.263625,0.315,40.0,1070.0,False,35,0.02075300000000002,0.011983000000000021,0.0,0.023964125229183758,30.00258794040967,179.99743132170371,0.6666666666666666,0.03594618784377564,3942.689643022677,3942.725589210521,-0.9287655,0.25763349999999996,0.315,36.129432338526385,1605.0
21,HATCH,-0.918389,0.263625,0.315,0.088181,-0.742945,0.315,30.0,1070.0,False,38,1.00657,-1.00657,0.0,1.423504945477886,-45.0,75.00258794040967,0.5,2.847009890955772,3942.725589210521,3945.5725991014765,-0.41510400000000003,-0.23965999999999998,0.315,,2140.0
21,OTHER,0.088181,-0.742945,0.315,0.128527,-0.719651,0.315,40.0,1070.0,False,41,0.04034600000000001,0.023293999999999926,0.0,0.0465876609414982,30.00024074998251,75.0002407499825,0.6666666666666666,0.06988149141224731,3945.5725991014765,3945.6424805928887,0.108354,-0.731298,0.315,97.92927395154902,1605.0
21,HATCH,0.128527,-0.719651,0.315,-0.878043,0.286918,0.315,30.0,1070.0,False,44,-1.00657,1.006569,0.0,1.4235042383712806,135.00002846091576,104.99978771093328,0.5,2.847008476742561,3945.6424805928887,3948.4894890696314,-0.37475800000000004,-0.21636650000000002,0.315,0.06988149141216127,2140.0
21,OTHER,-0.878043,0.286918,0.315,-0.837697,0.310212,0.315,40.0,1070.0,False,47,0.04034599999999999,0.02329399999999998,0.0,0.04658766094149822,30.000240749982574,104.99978771093319,0.6666666666666666,0.06988149141224734,3948.4894890696314,3948.5593705610436,-0.85787,0.29856499999999997,0.315,5.763899859110552,1605.0
21,HATCH,-0.837697,0.310212,0.315,0.168873,-0.696358,0.315,30.0,1070.0,False,50,1.00657,-1.00657,0.0,1.423504945477886,-45.0,75.00024074998258,0.5,2.847009890955772,3948.5593705610436,3951.406380451999,-0.33441200000000004,-0.19307300000000002,0.315,0.06988149141216127,2140.0
21,OTHER,0.168873,-0.696358,0.315,0.209219,-0.673064,0.315,40.0,1070.0,False,53,0.04034599999999999,0.023294000000000037,0.0,0.04658766094149825,30.000240749982638,75.00024074998262,0.6666666666666666,0.06988149141224738,3951.406380451999,3951.4762619434114,0.189046,-0.6847110000000001,0.315,5.763899859110552,1605.0
21,HATCH,0.209219,-0.673064,0.315,-0.797351,0.333506,0.315,30.0,1070.0,False,56,-1.00657,1.00657,0.0,1.423504945477886,135.0,104.99975925001738,0.5,2.847009890955772,3951.4762619434114,3954.323271834367,-0.29406600000000005,-0.16977899999999999,0.315,0.06988149141216127,2140.0
21,OTHER,-0.797351,0.333506,0.315,-0.757005,0.3568,0.315,40.0,1070.0,False,59,0.04034599999999999,0.02329399999999998,0.0,0.04658766094149822,30.000240749982574,104.99975925001743,0.6666666666666666,0.06988149141224734,3954.323271834367,3954.393153325779,-0.777178,0.34515300000000004,0.315,5.763901273323427,1605.0
21,HATCH,-0.757005,0.3568,0.315,0.249565,-0.64977,0.315,30.0,1070.0,False,62,1.00657,-1.00657,0.0,1.423504945477886,-45.0,75.00024074998258,0.5,2.847009890955772,3954.393153325779,3957.240163216735,-0.25372,-0.14648499999999998,0.315,0.06988149141216127,2140.0
21,OTHER,0.249565,-0.64977,0.315,0.289911,-0.626477,0.315,40.0,1070.0,False,65,0.040345999999999965,0.023293000000000008,0.0,0.046587160945908666,29.999175660820544,74.99917566082055,0.6666666666666666,0.06988074141886301,3957.240163216735,3957.3100439581535,0.269738,-0.6381235,0.315,5.763901273323427,1605.0
21,HATCH,0.289911,-0.626477,0.315,-0.716659,0.380093,0.315,30.0,1070.0,False,68,-1.00657,1.00657,0.0,1.423504945477886,135.0,105.00082433917946,0.5,2.847009890955772,3957.3100439581535,3960.157053849109,-0.21337400000000004,-0.12319199999999997,0.315,0.06988074141872858,2140.0
21,OTHER,-0.716659,0.380093,0.315,-0.676313,0.403387,0.315,40.0,1070.0,False,71,0.04034599999999999,0.02329399999999998,0.0,0.04658766094149822,30.000240749982574,104.99975925001743,0.6666666666666666,0.06988149141224734,3960.157053849109,3960.2269353405213,-0.696486,0.39174,0.315,5.763900523329994,1605.0
21,HATCH,-0.676313,0.403387,0.315,0.330257,-0.603183,0.315,30.0,1070.0,False,74,1.00657,-1.00657,0.0,1.423504945477886,-45.0,75.00024074998258,0.5,2.847009890955772,3960.2269353405213,3963.073945231477,-0.17302800000000002,-0.09989800000000001,0.315,0.06988149141216127,2140.0
21,OTHER,0.330257,-0.603183,0.315,0.370603,-0.579889,0.315,40.0,1070.0,False,77,0.04034599999999999,0.023294000000000037,0.0,0.04658766094149825,30.000240749982638,75.00024074998262,0.6666666666666666,0.06988149141224738,3963.073945231477,3963.143826722889,0.35043,-0.5915360000000001,0.315,5.763901273323427,1605.0
21,HATCH,0.370603,-0.579889,0.315,-0.635967,0.426681,0.315,30.0,1070.0,False,80,-1.00657,1.00657,0.0,1.423504945477886,135.0,104.99975925001738,0.5,2.847009890955772,3963.143826722889,3965.9908366138447,-0.13268199999999997,-0.076604,0.315,0.06988149141216127,2140.0
21,OTHER,-0.635967,0.426681,0.315,-0.595621,0.449974,0.315,40.0,1070.0,False,83,0.04034599999999999,0.023293000000000008,0.0,0.04658716094590869,29.999175660820523,105.00082433917947,0.6666666666666666,0.06988074141886304,3965.9908366138447,3966.0607173552635,-0.615794,0.4383275,0.315,5.763901273323427,1605.0
21,HATCH,-0.595621,0.449974,0.315,0.410949,-0.556595,0.315,30.0,1070.0,False,86,1.00657,-1.0065689999999998,0.0,1.4235042383712806,-44.99997153908423,74.99914719990474,0.5,2.847008476742561,3966.0607173552635,3968.9077258320062,-0.09233599999999997,-0.05331049999999998,0.315,0.06988074141872858,2140.0
21,OTHER,0.410949,-0.556595,0.315,0.451294,-0.533302,0.315,40.0,1070.0,False,89,0.040344999999999964,0.023292999999999897,0.0,0.04658629491599426,29.999790587933795,74.99976212701803,0.6666666666666666,0.0698794423739914,3968.9077258320062,3968.97760527438,0.4311215,-0.5449485000000001,0.315,5.763899109117119,1605.0
21,HATCH,0.451294,-0.533302,0.315,-0.555275,0.473268,0.315,30.0,1070.0,False,92,-1.0065689999999998,1.00657,0.0,1.4235042383712806,134.99997153908424,105.00018095115043,0.5,2.847008476742561,3968.97760527438,3971.824613751123,-0.051990499999999995,-0.030017000000000016,0.315,0.06987944237380361,2140.0
21,OTHER,-0.555275,0.473268,0.315,-0.51493,0.496562,0.315,40.0,1070.0,False,95,0.040344999999999964,0.02329399999999998,0.0,0.04658679492087856,30.000855690295637,104.99911584878859,0.6666666666666666,0.06988019238131785,3971.824613751123,3971.894493943504,-0.5351025,0.484915,0.315,5.7638963958593195,1605.0
21,HATCH,-0.51493,0.496562,0.315,0.49164,-0.510008,0.315,30.0,1070.0,False,98,1.00657,-1.00657,0.0,1.423504945477886,-45.0,75.00085569029564,0.5,2.847009890955772,3971.894493943504,3974.7415038344598,-0.011644999999999989,-0.006723000000000007,0.315,0.06988019238133347,2140.0
21,OTHER,0.49164,-0.510008,0.315,0.531986,-0.486714,0.315,40.0,1070.0,False,101,0.04034599999999994,0.023294000000000037,0.0,0.0465876609414982,30.00024074998267,75.00024074998267,0.6666666666666666,0.06988149141224731,3974.7415038344598,3974.811385325872,0.511813,-0.498361,0.315,5.763898560079724,1605.0
21,HATCH,0.531986,-0.486714,0.315,-0.474584,0.519856,0.315,30.0,1070.0,False,104,-1.00657,1.00657,0.0,1.423504945477886,135.0,104.99975925001733,0.5,2.847009890955772,3974.811385325872,3977.6583952168276,0.028700999999999977,0.016571000000000002,0.315,0.06988149141216127,2140.0
21,OTHER,-0.474584,0.519856,0.315,-0.434238,0.543149,0.315,40.0,1070.0,False,107,0.04034599999999999,0.023293000000000008,0.0,0.04658716094590869,29.999175660820523,105.00082433917947,0.6666666666666666,0.06988074141886304,3977.6583952168276,3977.7282759582463,-0.454411,0.5315025,0.315,5.763901273323427,1605.0
21,HATCH,-0.434238,0.543149,0.315,0.572332,-0.463421,0.315,30.0,1070.0,False,110,1.00657,-1.00657,0.0,1.423504945477886,-45.0,74.99917566082053,0.5,2.847009890955772,3977.7282759582463,3980.575285849202,0.06904699999999997,0.03986399999999998,0.315,0.06988074141872858,2140.0
21,OTHER,0.572332,-0.463421,0.315,0.612678,-0.440127,0.315,40.0,1070.0,False,113,0.04034599999999999,0.023294000000000037,0.0,0.04658766094149825,30.000240749982638,75.00024074998262,0.6666666666666666,0.06988149141224738,3980.575285849202,3980.645167340614,0.592505,-0.451774,0.315,5.763900523329994,1605.0
21,HATCH,0.612678,-0.440127,0.315,-0.393892,0.566443,0.315,30.0,1070.0,False,116,-1.00657,1.00657,0.0,1.423504945477886,135.0,104.99975925001738,0.5,2.847009890955772,3980.645167340614,3983.4921772315697,0.10939299999999996,0.06315800000000002,0.315,0.06988149141216127,2140.0
21,OTHER,-0.393892,0.566443,0.315,-0.353546,0.589737,0.315,40.0,1070.0,False,119,0.04034599999999999,0.023293999999999926,0.0,0.04658766094149819,30.000240749982517,104.99975925001749,0.6666666666666666,0.06988149141224728,3983.4921772315697,3983.562058722982,-0.373719,0.57809,0.315,5.763901273323427,1605.0
21,HATCH,-0.353546,0.589737,0.315,0.653024,-0.416833,0.315,30.0,1070.0,False,122,1.00657,-1.00657,0.0,1.423504945477886,-45.0,75.00024074998251,0.5,2.847009890955772,3983.562058722982,3986.4090686139375,0.149739,0.08645199999999997,0.315,0.06988149141216127,2140.0
21,OTHER,0.653024,-0.416833,0.315,0.69337,-0.393539,0.315,40.0,1070.0,False,125,0.04034599999999999,0.02329399999999998,0.0,0.04658766094149822,30.000240749982574,75.00024074998258,0.6666666666666666,0.06988149141224734,3986.4090686139375,3986.4789501053497,0.673197,-0.40518600000000005,0.315,5.763901273323427,1605.0
21,HATCH,0.69337,-0.393539,0.315,-0.3132,0.61303,0.315,30.0,1070.0,False,128,-1.00657,1.006569,0.0,1.4235042383712806,135.00002846091576,104.99978771093319,0.5,2.847008476742561,3986.4789501053497,3989.3259585820924,0.19008500000000003,0.10974549999999997,0.315,0.06988149141216127,2140.0
21,OTHER,-0.3132,0.61303,0.315,-0.272854,0.636324,0.315,40.0,1070.0,False,131,0.04034599999999999,0.023294000000000037,0.0,0.04658766094149825,30.000240749982638,104.99978771093313,0.6666666666666666,0.06988149141224738,3989.3259585820924,3989.3958400735046,-0.293027,0.6246769999999999,0.315,5.763899859110552,1605.0
21,HATCH,-0.272854,0.636324,0.315,0.733716,-0.370246,0.315,30.0,1070.0,False,134,1.00657,-1.00657,0.0,1.423504945477886,-45.0,75.00024074998262,0.5,2.847009890955772,3989.3958400735046,3992.24284996446,0.23043100000000002,0.133039,0.315,0.06988149141216127,2140.0
21,OTHER,0.733716,-0.370246,0.315,0.774062,-0.346952,0.315,40.0,1070.0,False,137,0.04034599999999999,0.023294000000000037,0.0,0.04658766094149825,30.000240749982638,75.00024074998262,0.6666666666666666,0.06988149141224738,3992.24284996446,3992.3127314558724,0.753889,-0.358599,0.315,5.763899859110552,1605.0
21,HATCH,0.774062,-0.346952,0.315,-0.232508,0.659618,0.315,30.0,1070.0,False,140,-1.00657,1.00657,0.0,1.423504945477886,135.0,104.99975925001738,0.5,2.847009890955772,3992.3127314558724,3995.159741346828,0.27077700000000005,0.15633300000000003,0.315,0.06988149141216127,2140.0
21,OTHER,-0.232508,0.659618,0.315,-0.192162,0.682912,0.315,40.0,1070.0,False,143,0.04034599999999999,0.023293999999999926,0.0,0.04658766094149819,30.000240749982517,104.99975925001749,0.6666666666666666,0.06988149141224728,3995.159741346828,3995.22962283824,-0.212335,0.671265,0.315,5.763901273323427,1605.0
21,HATCH,-0.192162,0.682912,0.315,0.814407,-0.323658,0.315,30.0,1070.0,False,146,1.006569,-1.00657,0.0,1.4235042383712806,-45.00002846091577,75.00026921089828,0.5,2.847008476742561,3995.22962283824,3998.076631314983,0.31112249999999997,0.17962699999999998,0.315,0.06988149141216127,2140.0
21,OTHER,0.814407,-0.323658,0.315,0.854753,-0.300365,0.315,40.0,1070.0,False,149,0.04034599999999999,0.023293000000000008,0.0,0.04658716094590869,29.999175660820523,74.99920412173628,0.6666666666666666,0.06988074141886304,3998.076631314983,3998.1465120564017,0.83458,-0.3120115,0.315,5.763899859110552,1605.0
21,HATCH,0.854753,-0.300365,0.315,-0.151817,0.706205,0.315,30.0,1070.0,False,152,-1.00657,1.00657,0.0,1.423504945477886,135.0,105.00082433917947,0.5,2.847009890955772,3998.1465120564017,4000.9935219473573,0.351468,0.20292,0.315,0.06988074141872858,2140.0
21,OTHER,-0.151817,0.706205,0.315,-0.111471,0.729499,0.315,40.0,1070.0,False,155,0.04034600000000001,0.023294000000000037,0.0,0.04658766094149826,30.000240749982623,104.99975925001738,0.6666666666666666,0.06988149141224739,4000.9935219473573,4001.0634034387695,-0.131644,0.7178519999999999,0.315,5.763899109117119,1605.0
21,HATCH,-0.111471,0.729499,0.315,0.895099,-0.277071,0.315,30.0,1070.0,False,158,1.00657,-1.00657,0.0,1.423504945477886,-45.0,75.00024074998262,0.5,2.847009890955772,4001.0634034387695,4003.910413329725,0.391814,0.226214,0.315,0.06988149141216127,2140.0
21,OTHER,0.895099,-0.277071,0.315,0.935445,-0.253777,0.315,40.0,1070.0,False,161,0.04034599999999999,0.023294000000000037,0.0,0.04658766094149825,30.000240749982638,75.00024074998262,0.6666666666666666,0.06988149141224738,4003.910413329725,4003.9802948211372,0.915272,-0.265424,0.315,5.763901273323427,1605.0
21,HATCH,0.935445,-0.253777,0.315,-0.071125,0.752793,0.315,30.0,1070.0,False,164,-1.00657,1.00657,0.0,1.423504945477886,135.0,104.99975925001738,0.5,2.847009890955772,4003.9802948211372,4006.827304712093,0.43216,0.24950800000000004,0.315,0.06988149141216127,2140.0
21,OTHER,-0.071125,0.752793,0.315,-0.030779,0.776086,0.315,40.0,1070.0,False,167,0.04034599999999999,0.023293000000000008,0.0,0.04658716094590869,29.999175660820523,105.00082433917947,0.6666666666666666,0.06988074141886304,4006.827304712093,4006.8971854535116,-0.050952,0.7644395,0.315,5.763901273323427,1605.0
21,HATCH,-0.030779,0.776086,0.315,0.860176,-0.114868,0.315,30.0,1070.0,False,170,0.890955,-0.890954,0.0,1.2599999373575381,-44.99996784584425,74.99914350666478,0.5,2.5199998747150762,4006.8971854535116,4009.417185328227,0.4146985,0.33060900000000004,0.315,0.06988074141872858,2140.0
21,OTHER,0.860176,-0.114868,0.315,0.773242,0.035705,0.315,40.0,1070.0,False,173,-0.08693400000000007,0.150573,0.0,0.17386704312491202,120.00018205406607,165.0001498999103,0.6666666666666666,0.26080056468736806,4009.417185328227,4009.6779858929144,0.816709,-0.0395815,0.315,71.05609977519225,1605.0
21,HATCH,0.773242,0.035705,0.315,0.009567,0.79938,0.315,30.0,1070.0,False,176,-0.763675,0.763675,0.0,1.0799995422452733,135.0,14.999817945933911,0.5,2.1599990844905466,4009.6779858929144,4011.837984977405,0.3914045,0.4175425,0.315,0.26080056468754265,2140.0
21,OTHER,0.009567,0.79938,0.315,0.049913,0.822674,0.315,40.0,1070.0,False,179,0.040346,0.023294000000000037,0.0,0.04658766094149825,30.00024074998263,104.99975925001738,0.6666666666666666,0.06988149141224738,4011.837984977405,4011.9078664688172,0.02974,0.8110269999999999,0.315,4.9407995238934745,1605.0
21,HATCH,0.049913,0.822674,0.315,0.686309,0.186278,0.315,30.0,1070.0,False,182,0.636396,-0.636396,0.0,0.8999998542399882,-45.0,75.00024074998262,0.5,1.7999997084799764,4011.9078664688172,4013.707866177297,0.36811099999999997,0.504476,0.315,0.06988149141216127,2140.0
21,OTHER,0.686309,0.186278,0.315,0.599376,0.336851,0.315,40.0,1070.0,False,185,-0.08693299999999993,0.150573,0.0,0.173866543124317,119.99989666557973,164.99989666557974,0.6666666666666666,0.26079981468647556,4013.707866177297,4013.9686659919835,0.6428425,0.2615645,0.315,104.15986702839018,1605.0
21,HATCH,0.599376,0.336851,0.315,0.090259,0.845968,0.315,30.0,1070.0,False,188,-0.509117,0.509117,0.0,0.7200001662347031,135.0,15.000103334420254,0.5,1.4400003324694062,4013.9686659919835,4015.408666324453,0.3448175,0.5914095,0.315,0.26079981468637925,2140.0
21,OTHER,0.090259,0.845968,0.315,0.130605,0.869261,0.315,40.0,1070.0,False,191,0.04034599999999999,0.023292999999999897,0.0,0.04658716094590863,29.99917566082041,105.0008243391796,0.6666666666666666,0.06988074141886295,4015.408666324453,4015.4785470658717,0.110432,0.8576145,0.315,3.500799855635705,1605.0
21,HATCH,0.130605,0.869261,0.315,0.512442,0.487424,0.315,30.0,1070.0,False,194,0.381837,-0.3818369999999999,0.0,0.5399990640158554,-45.0,74.99917566082041,0.5,1.0799981280317108,4015.4785470658717,4016.5585451939032,0.32152349999999996,0.6783425,0.315,0.06988074141872858,2140.0
21,OTHER,0.512442,0.487424,0.315,0.425509,0.637997,0.315,40.0,1070.0,False,197,-0.08693299999999993,0.150573,0.0,0.173866543124317,119.99989666557973,164.99989666557974,0.6666666666666666,0.26079981468647556,4016.5585451939032,4016.8193450085896,0.4689755,0.5627105,0.315,76.61890056006632,1605.0
21,HATCH,0.425509,0.637997,0.315,0.170951,0.892555,0.315,30.0,1070.0,False,200,-0.25455800000000006,0.25455799999999995,0.0,0.3599993760105703,135.00000000000003,15.000103334420231,0.5,0.7199987520211406,4016.8193450085896,4017.539343760611,0.29823,0.7652760000000001,0.315,0.26079981468637925,2140.0
21,OTHER,0.170951,0.892555,0.315,0.211297,0.915849,0.315,40.0,1070.0,False,203,0.04034600000000002,0.023294000000000037,0.0,0.04658766094149827,30.000240749982616,104.99975925001739,0.6666666666666666,0.0698814914122474,4017.539343760611,4017.609225252023,0.19112400000000002,0.904202,0.315,2.0607966947391105,1605.0
21,HATCH,0.211297,0.915849,0.315,0.338576,0.78857,0.315,30.0,1070.0,False,206,0.12727899999999998,-0.12727900000000003,0.0,0.17999968800528515,-45.000000000000014,75.00024074998262,0.5,0.3599993760105703,4017.609225252023,4017.9692246280333,0.27493650000000003,0.8522095000000001,0.315,0.0,2140.0
21,OTHER,0.338576,0.78857,0.315,-0.809994,0.027951,0.315,40.0,1070.0,False,209,-1.1485699999999999,-0.760619,0.0,1.3775900362811135,-146.48622758218062,101.48622758218063,0.6666666666666666,2.0663850544216706,4017.9692246280333,4020.035609682455,-0.235709,0.40826049999999997,0.315,228.7375411530229,1605.0
21,HATCH,-0.809994,0.027951,0.315,0.00749,-0.789533,0.315,30.0,1070.0,False,212,0.817484,-0.817484,0.0,1.1560969598230073,-45.0,101.48622758218063,0.5,2.3121939196460146,4020.035609682455,4022.347803602101,-0.401252,-0.38079100000000005,0.315,420.2482996637673,2140.0
21,OTHER,0.00749,-0.789533,0.315,0.047835,-0.766239,0.315,40.0,1070.0,False,215,0.040345000000000006,0.023294000000000037,0.0,0.046586794920878624,30.000855690295673,75.00085569029568,0.6666666666666666,0.06988019238131794,4022.347803602101,4022.4176837944824,0.0276625,-0.7778860000000001,0.315,76.7053230092124,1605.0
21,HATCH,0.047835,-0.766239,0.315,-0.896928,0.178524,0.315,30.0,1070.0,False,218,-0.9447629999999999,0.944763,0.0,1.3360966478282923,135.0,104.99914430970433,0.5,2.6721932956565846,4022.4176837944824,4025.089877090139,-0.4245465,-0.2938575,0.315,0.06988019238133347,2140.0
21,OTHER,-0.896928,0.178524,0.315,-0.723061,-0.122622,0.315,40.0,1070.0,False,221,0.173867,-0.30114599999999997,0.0,0.3477335862481506,-59.99996063997192,165.00003936002813,0.6666666666666666,0.5216003793722259,4025.089877090139,4025.611477469511,-0.8099945,0.027950999999999997,0.315,92.22878831478465,1605.0
21,HATCH,-0.723061,-0.122622,0.315,-0.032856,-0.812826,0.315,30.0,1070.0,False,224,0.690205,-0.690204,0.0,0.976096564711197,-44.999958493620724,15.000002146351205,0.5,1.952193129422394,4025.611477469511,4027.5636705989336,-0.3779585,-0.46772400000000003,0.315,3.2636738674100343,2140.0
21,OTHER,-0.032856,-0.812826,0.315,-0.073202,-0.83612,0.315,40.0,1070.0,False,227,-0.040346,-0.023293999999999926,0.0,0.046587660941498195,-149.9997592500175,104.99980075639677,0.6666666666666666,0.0698814914122473,4027.5636705989336,4027.633552090346,-0.05302900000000001,-0.824473,0.315,5.1459868044512405,1605.0
21,HATCH,-0.073202,-0.83612,0.315,-0.636128,-0.273195,0.315,30.0,1070.0,False,230,-0.562926,0.5629249999999999,0.0,0.7960968767059696,135.00005089108552,75.00018985889699,0.5,1.5921937534119392,4027.633552090346,4029.2257458437575,-0.354665,-0.5546575,0.315,0.06988149141216127,2140.0
21,OTHER,-0.636128,-0.273195,0.315,-0.549194,-0.423767,0.315,40.0,1070.0,False,233,0.08693400000000007,-0.15057199999999998,0.0,0.17386617710181587,-59.99965317525859,165.00029593365593,0.6666666666666666,0.2607992656527238,4029.2257458437575,4029.48654510941,-0.592661,-0.34848100000000004,0.315,167.8375425417903,1605.0
21,HATCH,-0.549194,-0.423767,0.315,-0.113548,-0.859414,0.315,30.0,1070.0,False,236,0.435646,-0.435647,0.0,0.6160971887007763,-45.000065759485636,14.999587415772961,0.5,1.2321943774015527,4029.48654510941,4030.7187394868115,-0.33137099999999997,-0.6415905,0.315,0.2607992656526221,2140.0
21,OTHER,-0.113548,-0.859414,0.315,-0.153894,-0.882707,0.315,40.0,1070.0,False,239,-0.04034600000000001,-0.023293000000000008,0.0,0.0465871609459087,-150.0008243391795,105.00075857969385,0.6666666666666666,0.06988074141886305,4030.7187394868115,4030.7886202282302,-0.133721,-0.8710605,0.315,3.085187396465699,1605.0
21,HATCH,-0.153894,-0.882707,0.315,-0.462261,-0.57434,0.315,30.0,1070.0,False,242,-0.30836699999999995,0.30836700000000006,0.0,0.4360967935883042,135.0,74.99917566082053,0.5,0.8721935871766084,4030.7886202282302,4031.660813815407,-0.3080775,-0.7285235,0.315,0.06988074141872858,2140.0
21,OTHER,-0.462261,-0.57434,0.315,-0.375328,-0.724913,0.315,40.0,1070.0,False,245,0.08693299999999998,-0.15057300000000007,0.0,0.1738665431243171,-60.00010333442026,164.99989666557977,0.6666666666666666,0.2607998146864757,4031.660813815407,4031.9216136300934,-0.41879449999999996,-0.6496265,0.315,0.9420743285954813,1605.0
21,HATCH,-0.375328,-0.724913,0.315,-0.19424,-0.906001,0.315,30.0,1070.0,False,248,0.181088,-0.18108799999999992,0.0,0.25609710558301896,-44.999999999999986,15.000103334420254,0.5,0.5121942111660379,4031.9216136300934,4032.4338078412593,-0.284784,-0.815457,0.315,0.26079981468637925,2140.0
21,OTHER,-0.19424,-0.906001,0.315,-0.234586,-0.929295,0.315,40.0,1070.0,False,251,-0.04034599999999999,-0.023294000000000037,0.0,0.04658766094149825,-149.99975925001738,104.99975925001738,0.6666666666666666,0.06988149141224738,4032.4338078412593,4032.5036893326715,-0.214413,-0.917648,0.315,1.6451876130290657,1605.0
21,HATCH,-0.234586,-0.929295,0.315,-0.288394,-0.875486,0.315,30.0,1070.0,False,254,-0.053807999999999995,0.053808999999999996,0.0,0.07609671047423797,134.99946759545878,75.00077315452384,0.5,0.15219342094847593,4032.5036893326715,4032.65588275362,-0.26149,-0.9023905,0.315,0.0,2140.0
21,OTHER,-0.288394,-0.875486,0.315,-0.288394,-0.875486,0.33,40.0,1070.0,False,257,0.0,0.0,0.015000000000000013,0.015000000000000013,0.0,,0.6666666666666666,0.02250000000000002,4032.65588275362,4032.67838275362,-0.288394,-0.875486,0.3225,0.0,1605.0
22,OTHER,-0.288394,-0.875486,0.33,0.052977,-0.76327,0.33,40.0,1070.0,False,20,0.341371,0.11221599999999998,0.0,0.35934188497446273,18.196807925021027,,0.6666666666666666,0.5390128274616941,4032.67838275362,4033.2173955810817,-0.1177085,-0.8193779999999999,0.33,1.8897625253898696,1605.0
22,CONTOUR,0.052977,-0.76327,0.33,-0.251642,-0.939142,0.33,30.0,1070.0,False,23,-0.304619,-0.17587200000000003,0.0,0.3517437924754323,-149.99998048335675,168.19678840837776,0.5,0.7034875849508646,4033.2173955810817,4033.9208831660326,-0.09933249999999999,-0.851206,0.33,0.0,2140.0
22,CONTOUR,-0.251642,-0.939142,0.33,-0.76327,-0.052977,0.33,30.0,1070.0,False,24,-0.511628,0.886165,0.0,1.0232554019446953,120.00001933389467,90.0000001827486,0.5,2.0465108038893907,4033.9208831660326,4035.967393969922,-0.507456,-0.49605950000000004,0.33,177.83355520686018,2140.0
22,CONTOUR,-0.76327,-0.052977,0.33,-0.939142,0.251642,0.33,30.0,1070.0,False,25,-0.17587200000000003,0.304619,0.0,0.3517437924754323,120.00001951664326,0.0,0.5,0.7034875849508646,4035.967393969922,4036.6708815548727,-0.851206,0.09933249999999999,0.33,10.355916500410785,2140.0
22,CONTOUR,-0.939142,0.251642,0.33,-0.052977,0.76327,0.33,30.0,1070.0,False,26,0.886165,0.511628,0.0,1.0232554019446953,30.000019333894667,90.0000001827486,0.5,2.0465108038893907,4036.6708815548727,4038.717392358762,-0.49605950000000004,0.507456,0.33,58.942605596626436,2140.0
22,CONTOUR,-0.052977,0.76327,0.33,0.251642,0.939142,0.33,30.0,1070.0,False,27,0.304619,0.17587200000000003,0.0,0.3517437924754323,30.000019516643263,0.0,0.5,0.7034875849508646,4038.717392358762,4039.420879943713,0.09933249999999999,0.851206,0.33,23.238845292890346,2140.0
22,CONTOUR,0.251642,0.939142,0.33,0.76327,0.052977,0.33,30.0,1070.0,False,28,0.511628,-0.886165,0.0,1.0232554019446953,-59.999980666105344,90.0000001827486,0.5,2.0465108038893907,4039.420879943713,4041.467390747602,0.507456,0.49605950000000004,0.33,22.601534935123254,2140.0
22,CONTOUR,0.76327,0.052977,0.33,0.939142,-0.251642,0.33,30.0,1070.0,False,29,0.17587200000000003,-0.304619,0.0,0.3517437924754323,-59.99998048335674,0.0,0.5,0.7034875849508646,4041.467390747602,4042.170878332553,0.851206,-0.09933249999999999,0.33,31.789404854687746,2140.0
22,CONTOUR,0.939142,-0.251642,0.33,0.052977,-0.76327,0.33,30.0,1070.0,False,30,-0.886165,-0.511628,0.0,1.0232554019446953,-149.99998066610533,90.0000001827486,0.5,2.0465108038893907,4042.170878332553,4044.2173891364423,0.49605950000000004,-0.507456,0.33,67.35949300668108,2140.0
22,OTHER,0.052977,-0.76327,0.33,0.039142,-0.771258,0.33,40.0,1070.0,False,35,-0.013835,-0.007987999999999995,0.0,0.015975461464383427,-149.99888487009105,0.001095795775076104,0.6666666666666666,0.023963192196575143,4044.2173891364423,4044.241352328639,0.0460595,-0.767264,0.33,21.799705341959907,1605.0
22,HATCH,0.039142,-0.771258,0.33,0.039142,0.816456,0.33,30.0,1070.0,False,38,0.0,1.587714,0.0,1.587714,90.0,120.001115129909,0.5,3.175428,4044.241352328639,4047.416780328639,0.039142,0.02259899999999998,0.33,60.74917509706938,2140.0
22,OTHER,0.039142,0.816456,0.33,0.084142,0.842436,0.33,40.0,1070.0,False,41,0.04499999999999999,0.025980000000000003,0.0,0.05196114317449145,29.99927222984699,60.000727770153006,0.6666666666666666,0.07794171476173718,4047.416780328639,4047.494722043401,0.061642,0.8294459999999999,0.33,7.995900384926244,1605.0
22,HATCH,0.084142,0.842436,0.33,0.084142,-0.745277,0.33,30.0,1070.0,False,44,0.0,-1.587713,0.0,1.587713,-90.0,119.999272229847,0.5,3.175426,4047.494722043401,4050.670148043401,0.084142,0.0485795,0.33,0.07794171476189149,2140.0
22,OTHER,0.084142,-0.745277,0.33,0.129142,-0.719296,0.33,40.0,1070.0,False,47,0.04500000000000001,0.02598099999999992,0.0,0.051961643170708116,30.000227164322478,120.0002271643225,0.6666666666666666,0.07794246475606217,4050.670148043401,4050.748090508157,0.106642,-0.7322865000000001,0.33,6.428795714761691,1605.0
22,HATCH,0.129142,-0.719296,0.33,0.129142,0.868417,0.33,30.0,1070.0,False,50,0.0,1.587713,0.0,1.587713,90.0,59.99977283567752,0.5,3.175426,4050.748090508157,4053.923516508157,0.129142,0.07456049999999997,0.33,0.07794246475623368,2140.0
22,OTHER,0.129142,0.868417,0.33,0.174142,0.894398,0.33,40.0,1070.0,False,53,0.044999999999999984,0.025981000000000032,0.0,0.051961643170708144,30.0002271643226,59.999772835677405,0.6666666666666666,0.07794246475606222,4053.923516508157,4054.001458972913,0.151642,0.8814075,0.33,14.502636564443947,1605.0
22,HATCH,0.174142,0.894398,0.33,0.174142,-0.693315,0.33,30.0,1070.0,False,56,0.0,-1.587713,0.0,1.587713,-90.0,120.0002271643226,0.5,3.175426,4054.001458972913,4057.176884972913,0.174142,0.1005415,0.33,0.07794246475623368,2140.0
22,OTHER,0.174142,-0.693315,0.33,0.219142,-0.667335,0.33,40.0,1070.0,False,59,0.04500000000000001,0.025980000000000003,0.0,0.05196114317449147,29.999272229846977,119.99927222984697,0.6666666666666666,0.07794171476173721,4057.176884972913,4057.2548266876747,0.19664199999999998,-0.6803250000000001,0.33,99.8668410147593,1605.0
22,HATCH,0.219142,-0.667335,0.33,0.219142,0.920379,0.33,30.0,1070.0,False,62,0.0,1.587714,0.0,1.587714,90.0,60.00072777015303,0.5,3.175428,4057.2548266876747,4060.4302546876747,0.219142,0.12652199999999997,0.33,0.07794171476189149,2140.0
22,OTHER,0.219142,0.920379,0.33,0.264142,0.917492,0.33,40.0,1070.0,False,65,0.044999999999999984,-0.002886999999999973,0.0,0.04509251344735619,-3.6708118068502706,93.67081180685028,0.6666666666666666,0.06763877017103428,4060.4302546876747,4060.4978934578457,0.241642,0.9189354999999999,0.33,6.428795714761691,1605.0
22,HATCH,0.264142,0.917492,0.33,0.264142,-0.641354,0.33,30.0,1070.0,False,68,0.0,-1.558846,0.0,1.558846,-90.0,86.32918819314973,0.5,3.117692,4060.4978934578457,4063.6155854578456,0.264142,0.138069,0.33,0.0676387701710155,2140.0
22,OTHER,0.264142,-0.641354,0.33,0.309142,-0.615373,0.33,40.0,1070.0,False,71,0.044999999999999984,0.025981000000000032,0.0,0.051961643170708144,30.0002271643226,120.0002271643226,0.6666666666666666,0.07794246475606222,4063.6155854578456,4063.693527922602,0.28664199999999995,-0.6283635,0.33,100.47175873495644,1605.0
22,HATCH,0.309142,-0.615373,0.33,0.309142,0.83955,0.33,30.0,1070.0,False,74,0.0,1.454923,0.0,1.454923,90.0,59.999772835677405,0.5,2.909846,4063.693527922602,4066.603373922602,0.309142,0.11208850000000004,0.33,0.07794246475623368,2140.0
22,OTHER,0.309142,0.83955,0.33,0.354142,0.761607,0.33,40.0,1070.0,False,77,0.04500000000000004,-0.07794299999999998,0.0,0.09000061804787787,-60.00022716328255,150.0002271632826,0.6666666666666666,0.13500092707181682,4066.603373922602,4066.7383748496736,0.331642,0.8005785000000001,0.33,48.63414929456849,1605.0
22,HATCH,0.354142,0.761607,0.33,0.354142,-0.589392,0.33,30.0,1070.0,False,80,0.0,-1.350999,0.0,1.350999,-90.0,29.999772836717437,0.5,2.701998,4066.7383748496736,4069.4403728496736,0.354142,0.0861075,0.33,0.13500092707181466,2140.0
22,OTHER,0.354142,-0.589392,0.33,0.399142,-0.563412,0.33,40.0,1070.0,False,83,0.044999999999999984,0.025980000000000003,0.0,0.05196114317449144,29.999272229846994,119.999272229847,0.6666666666666666,0.07794171476173717,4069.4403728496736,4069.5183145644355,0.37664200000000003,-0.5764020000000001,0.33,100.46276757529358,1605.0
22,HATCH,0.399142,-0.563412,0.33,0.399142,0.683665,0.33,30.0,1070.0,False,86,0.0,1.247077,0.0,1.247077,90.0,60.000727770153006,0.5,2.494154,4069.5183145644355,4072.0124685644355,0.399142,0.06012649999999997,0.33,0.07794171476189149,2140.0
22,OTHER,0.399142,0.683665,0.33,0.444142,0.605723,0.33,40.0,1070.0,False,89,0.044999999999999984,-0.07794199999999996,0.0,0.08999975202188056,-59.99990885470523,149.9999088547052,0.6666666666666666,0.13499962803282084,4072.0124685644355,4072.1474681924683,0.42164199999999996,0.644694,0.33,55.19312355584589,1605.0
22,HATCH,0.444142,0.605723,0.33,0.444142,-0.537431,0.33,30.0,1070.0,False,92,0.0,-1.143154,0.0,1.143154,-90.0,30.000091145294775,0.5,2.286308,4072.1474681924683,4074.4337761924685,0.444142,0.03414600000000001,0.33,0.1349996280328014,2140.0
22,OTHER,0.444142,-0.537431,0.33,0.489142,-0.51145,0.33,40.0,1070.0,False,95,0.04500000000000004,0.025981000000000032,0.0,0.05196164317070819,30.000227164322567,120.00022716432257,0.6666666666666666,0.0779424647560623,4074.4337761924685,4074.5117186572247,0.466642,-0.5244405,0.33,30.21638705602618,1605.0
22,HATCH,0.489142,-0.51145,0.33,0.489142,0.52778,0.33,30.0,1070.0,False,98,0.0,1.0392299999999999,0.0,1.0392299999999999,90.0,59.99977283567743,0.5,2.0784599999999998,4074.5117186572247,4076.590178657225,0.489142,0.008165000000000033,0.33,0.07794246475623368,2140.0
22,OTHER,0.489142,0.52778,0.33,0.534142,0.449838,0.33,40.0,1070.0,False,101,0.044999999999999984,-0.07794200000000001,0.0,0.0899997520218806,-59.999908854705254,149.99990885470524,0.6666666666666666,0.1349996280328209,4076.590178657225,4076.7251782852577,0.511642,0.48880900000000005,0.33,35.12278790962273,1605.0
22,HATCH,0.534142,0.449838,0.33,0.534142,-0.485469,0.33,30.0,1070.0,False,104,0.0,-0.935307,0.0,0.935307,-90.0,30.00009114529475,0.5,1.870614,4076.7251782852577,4078.5957922852576,0.534142,-0.017815499999999984,0.33,0.1349996280328014,2140.0
22,OTHER,0.534142,-0.485469,0.33,0.579142,-0.459489,0.33,40.0,1070.0,False,107,0.04500000000000004,0.025980000000000003,0.0,0.05196114317449149,29.999272229846966,119.99927222984697,0.6666666666666666,0.07794171476173724,4078.5957922852576,4078.6737340000195,0.5566420000000001,-0.472479,0.33,34.37840314881532,1605.0
22,HATCH,0.579142,-0.459489,0.33,0.579142,0.371896,0.33,30.0,1070.0,False,110,0.0,0.831385,0.0,0.831385,90.0,60.00072777015303,0.5,1.66277,4078.6737340000195,4080.3365040000194,0.579142,-0.04379649999999999,0.33,0.07794171476189149,2140.0
22,OTHER,0.579142,0.371896,0.33,0.624142,0.293954,0.33,40.0,1070.0,False,113,0.04499999999999993,-0.07794200000000001,0.0,0.08999975202188057,-59.99990885470528,149.9999088547053,0.6666666666666666,0.13499962803282087,4080.3365040000194,4080.4715036280522,0.601642,0.332925,0.33,66.36783800803596,1605.0
22,HATCH,0.624142,0.293954,0.33,0.624142,-0.433508,0.33,30.0,1070.0,False,116,0.0,-0.727462,0.0,0.727462,-90.0,30.000091145294736,0.5,1.454924,4080.4715036280522,4081.9264276280524,0.624142,-0.069777,0.33,0.1349996280328014,2140.0
22,OTHER,0.624142,-0.433508,0.33,0.669142,-0.407527,0.33,40.0,1070.0,False,119,0.04500000000000004,0.025981000000000032,0.0,0.05196164317070819,30.000227164322567,120.00022716432257,0.6666666666666666,0.0779424647560623,4081.9264276280524,4082.0043700928086,0.6466419999999999,-0.4205175,0.33,95.44747752270268,1605.0
22,HATCH,0.669142,-0.407527,0.33,0.669142,0.216011,0.33,30.0,1070.0,False,122,0.0,0.6235379999999999,0.0,0.6235379999999999,90.0,59.99977283567743,0.5,1.2470759999999999,4082.0043700928086,4083.2514460928087,0.669142,-0.09575799999999998,0.33,0.07794246475623368,2140.0
22,OTHER,0.669142,0.216011,0.33,0.714142,0.138069,0.33,40.0,1070.0,False,125,0.04500000000000004,-0.07794200000000001,0.0,0.08999975202188062,-59.99990885470522,149.9999088547052,0.6666666666666666,0.13499962803282095,4083.2514460928087,4083.3864457208415,0.6916420000000001,0.17704,0.33,69.28278010082522,1605.0
22,HATCH,0.714142,0.138069,0.33,0.714142,-0.381546,0.33,30.0,1070.0,False,128,0.0,-0.5196149999999999,0.0,0.5196149999999999,-90.0,30.00009114529479,0.5,1.0392299999999999,4083.3864457208415,4084.4256757208414,0.714142,-0.1217385,0.33,0.1349996280328014,2140.0
22,OTHER,0.714142,-0.381546,0.33,0.759142,-0.355566,0.33,40.0,1070.0,False,131,0.04499999999999993,0.025980000000000003,0.0,0.051961143174491395,29.999272229847026,119.99927222984702,0.6666666666666666,0.0779417147617371,4084.4256757208414,4084.5036174356032,0.736642,-0.368556,0.33,92.11294426496897,1605.0
22,HATCH,0.759142,-0.355566,0.33,0.759142,0.060127,0.33,30.0,1070.0,False,134,0.0,0.415693,0.0,0.415693,90.0,60.00072777015298,0.5,0.831386,4084.5036174356032,4085.335003435603,0.759142,-0.1477195,0.33,0.07794171476189149,2140.0
22,OTHER,0.759142,0.060127,0.33,0.804142,-0.017816,0.33,40.0,1070.0,False,137,0.04500000000000004,-0.077943,0.0,0.09000061804787789,-60.00022716328255,150.00022716328257,0.6666666666666666,0.13500092707181685,4085.335003435603,4085.470004362675,0.781642,0.0211555,0.33,75.65701754268866,1605.0
22,HATCH,0.804142,-0.017816,0.33,0.804142,-0.329585,0.33,30.0,1070.0,False,140,0.0,-0.311769,0.0,0.311769,-90.0,29.99977283671745,0.5,0.623538,4085.470004362675,4086.0935423626747,0.804142,-0.1737005,0.33,0.13500092707181466,2140.0
22,OTHER,0.804142,-0.329585,0.33,0.849142,-0.303604,0.33,40.0,1070.0,False,143,0.04499999999999993,0.025981000000000032,0.0,0.051961643170708095,30.00022716432263,120.00022716432264,0.6666666666666666,0.07794246475606215,4086.0935423626747,4086.171484827431,0.826642,-0.3165945,0.33,87.94703030627306,1605.0
22,HATCH,0.849142,-0.303604,0.33,0.849142,-0.095758,0.33,30.0,1070.0,False,146,0.0,0.20784599999999998,0.0,0.20784599999999998,90.0,59.99977283567737,0.5,0.41569199999999995,4086.171484827431,4086.587176827431,0.849142,-0.199681,0.33,0.07794246475623368,2140.0
22,OTHER,0.849142,-0.095758,0.33,0.894142,-0.1737,0.33,40.0,1070.0,False,149,0.04500000000000004,-0.077942,0.0,0.08999975202188061,-59.99990885470522,149.9999088547052,0.6666666666666666,0.13499962803282092,4086.587176827431,4086.722176455464,0.871642,-0.134729,0.33,0.0,1605.0
22,HATCH,0.894142,-0.1737,0.33,0.894142,-0.277623,0.33,30.0,1070.0,False,152,0.0,-0.10392300000000002,0.0,0.10392300000000002,-90.0,30.00009114529479,0.5,0.20784600000000003,4086.722176455464,4086.9300224554636,0.894142,-0.22566150000000001,0.33,0.0,2140.0
22,OTHER,0.894142,-0.277623,0.33,-0.005858,-0.797238,0.33,40.0,1070.0,False,155,-0.9,-0.5196149999999999,0.0,1.039230363406016,-150.00001156757344,60.000011567573445,0.6666666666666666,1.5588455451090242,4086.9300224554636,4088.4888680005724,0.444142,-0.5374305,0.33,12.418303798238867,1605.0
22,HATCH,-0.005858,-0.797238,0.33,-0.005858,0.790475,0.33,30.0,1070.0,False,158,0.0,1.587713,0.0,1.587713,90.0,119.99998843242655,0.5,3.175426,4088.4888680005724,4091.664294000572,-0.005858,-0.0033814999999999817,0.33,41.07208767193333,2140.0
22,OTHER,-0.005858,0.790475,0.33,-0.050858,0.764494,0.33,40.0,1070.0,False,161,-0.045,-0.025981000000000032,0.0,0.05196164317070816,-149.99977283567742,120.0002271643226,0.6666666666666666,0.07794246475606224,4091.664294000572,4091.7422364653285,-0.028358,0.7774845,0.33,79.75642753175498,1605.0
22,HATCH,-0.050858,0.764494,0.33,-0.050858,-0.823219,0.33,30.0,1070.0,False,164,0.0,-1.587713,0.0,1.587713,-90.0,59.99977283567742,0.5,3.175426,4091.7422364653285,4094.9176624653282,-0.050858,-0.029362500000000014,0.33,0.07794246475623368,2140.0
22,OTHER,-0.050858,-0.823219,0.33,-0.095858,-0.8492,0.33,40.0,1070.0,False,167,-0.045,-0.02598099999999992,0.0,0.0519616431707081,-149.9997728356775,59.99977283567752,0.6666666666666666,0.07794246475606216,4094.9176624653282,4094.9956049300845,-0.073358,-0.8362095,0.33,60.99677929929567,1605.0
22,HATCH,-0.095858,-0.8492,0.33,-0.095858,0.738513,0.33,30.0,1070.0,False,170,0.0,1.587713,0.0,1.587713,90.0,120.0002271643225,0.5,3.175426,4094.9956049300845,4098.171030930084,-0.095858,-0.05534349999999999,0.33,0.07794246475623368,2140.0
22,OTHER,-0.095858,0.738513,0.33,-0.140858,0.712532,0.33,40.0,1070.0,False,173,-0.04500000000000001,-0.02598099999999992,0.0,0.051961643170708116,-149.99977283567753,120.0002271643225,0.6666666666666666,0.07794246475606217,4098.171030930084,4098.2489733948405,-0.118358,0.7255225000000001,0.33,91.27384547657266,1605.0
22,HATCH,-0.140858,0.712532,0.33,-0.140858,-0.875181,0.33,30.0,1070.0,False,176,0.0,-1.587713,0.0,1.587713,-90.0,59.99977283567752,0.5,3.175426,4098.2489733948405,4101.42439939484,-0.140858,-0.08132449999999997,0.33,0.07794246475623368,2140.0
22,OTHER,-0.140858,-0.875181,0.33,-0.185858,-0.901161,0.33,40.0,1070.0,False,179,-0.044999999999999984,-0.025980000000000003,0.0,0.05196114317449144,-150.000727770153,60.000727770153006,0.6666666666666666,0.07794171476173717,4101.42439939484,4101.502341109602,-0.163358,-0.888171,0.33,67.50351622880771,1605.0
22,HATCH,-0.185858,-0.901161,0.33,-0.185858,0.686552,0.33,30.0,1070.0,False,182,0.0,1.587713,0.0,1.587713,90.0,119.999272229847,0.5,3.175426,4101.502341109602,4104.6777671096015,-0.185858,-0.10730449999999997,0.33,0.07794171476143674,2140.0
22,OTHER,-0.185858,0.686552,0.33,-0.230858,0.660571,0.33,40.0,1070.0,False,185,-0.04500000000000001,-0.025981000000000032,0.0,0.051961643170708165,-149.99977283567742,120.0002271643226,0.6666666666666666,0.07794246475606226,4104.6777671096015,4104.755709574358,-0.208358,0.6735615,0.33,103.61436367083206,1605.0
22,HATCH,-0.230858,0.660571,0.33,-0.230858,-0.927142,0.33,30.0,1070.0,False,188,0.0,-1.587713,0.0,1.587713,-90.0,59.99977283567742,0.5,3.175426,4104.755709574358,4107.9311355743575,-0.230858,-0.1332855,0.33,0.07794246475623368,2140.0
22,OTHER,-0.230858,-0.927142,0.33,-0.275858,-0.897201,0.33,40.0,1070.0,False,191,-0.044999999999999984,0.029940999999999995,0.0,0.05405056411361493,146.36197088795927,123.63802911204075,0.6666666666666666,0.0810758461704224,4107.9311355743575,4108.012211420528,-0.25335799999999997,-0.9121715,0.33,6.428794464755811,1605.0
22,HATCH,-0.275858,-0.897201,0.33,-0.275858,0.63459,0.33,30.0,1070.0,False,194,0.0,1.5317910000000001,0.0,1.5317910000000001,90.0,56.361970887959274,0.5,3.0635820000000002,4108.012211420528,4111.075793420528,-0.275858,-0.13130550000000002,0.33,0.08107584617027896,2140.0
22,OTHER,-0.275858,0.63459,0.33,-0.320858,0.608609,0.33,40.0,1070.0,False,197,-0.044999999999999984,-0.025981000000000032,0.0,0.051961643170708144,-149.99977283567742,120.0002271643226,0.6666666666666666,0.07794246475606222,4111.075793420528,4111.153735885284,-0.298358,0.6215995,0.33,115.84617058228741,1605.0
22,HATCH,-0.320858,0.608609,0.33,-0.320858,-0.819258,0.33,30.0,1070.0,False,200,0.0,-1.427867,0.0,1.427867,-90.0,59.999772835677405,0.5,2.855734,4111.153735885284,4114.009469885284,-0.320858,-0.10532450000000004,0.33,0.07794246475623368,2140.0
22,OTHER,-0.320858,-0.819258,0.33,-0.365858,-0.741316,0.33,40.0,1070.0,False,203,-0.04500000000000004,0.07794200000000007,0.0,0.08999975202188068,120.00009114529477,149.99990885470524,0.6666666666666666,0.13499962803282103,4114.009469885284,4114.144469513317,-0.343358,-0.780287,0.33,81.57566204402428,1605.0
22,HATCH,-0.365858,-0.741316,0.33,-0.365858,0.582629,0.33,30.0,1070.0,False,206,0.0,1.323945,0.0,1.323945,90.0,30.00009114529479,0.5,2.64789,4114.144469513317,4116.792359513317,-0.365858,-0.07934350000000001,0.33,0.13499962803325616,2140.0
22,OTHER,-0.365858,0.582629,0.33,-0.410858,0.556648,0.33,40.0,1070.0,False,209,-0.044999999999999984,-0.02598099999999992,0.0,0.05196164317070809,-149.9997728356775,120.0002271643225,0.6666666666666666,0.07794246475606213,4116.792359513317,4116.870301978073,-0.388358,0.5696384999999999,0.33,133.23030079033515,1605.0
22,HATCH,-0.410858,0.556648,0.33,-0.410858,-0.663374,0.33,30.0,1070.0,False,212,0.0,-1.2200220000000002,0.0,1.2200220000000002,-90.0,59.99977283567752,0.5,2.4400440000000003,4116.870301978073,4119.310345978073,-0.410858,-0.053362999999999994,0.33,0.07794246475623368,2140.0
22,OTHER,-0.410858,-0.663374,0.33,-0.455858,-0.585432,0.33,40.0,1070.0,False,215,-0.044999999999999984,0.07794200000000007,0.0,0.08999975202188065,120.00009114529473,149.99990885470524,0.6666666666666666,0.13499962803282098,4119.310345978073,4119.4453456061065,-0.433358,-0.624403,0.33,87.38873234797984,1605.0
22,HATCH,-0.455858,-0.585432,0.33,-0.455858,0.530667,0.33,30.0,1070.0,False,218,0.0,1.116099,0.0,1.116099,90.0,30.000091145294736,0.5,2.232198,4119.4453456061065,4121.677543606106,-0.455858,-0.027382499999999976,0.33,0.13499962803325616,2140.0
22,OTHER,-0.455858,0.530667,0.33,-0.500858,0.504686,0.33,40.0,1070.0,False,221,-0.04500000000000004,-0.025981000000000032,0.0,0.05196164317070819,-149.99977283567742,120.00022716432257,0.6666666666666666,0.0779424647560623,4121.677543606106,4121.755486070862,-0.478358,0.5176765,0.33,82.96015124734413,1605.0
22,HATCH,-0.500858,0.504686,0.33,-0.500858,-0.507489,0.33,30.0,1070.0,False,224,0.0,-1.012175,0.0,1.012175,-90.0,59.99977283567743,0.5,2.02435,4121.755486070862,4123.779836070862,-0.500858,-0.0014015,0.33,0.07794246475623368,2140.0
22,OTHER,-0.500858,-0.507489,0.33,-0.545858,-0.429547,0.33,40.0,1070.0,False,227,-0.04499999999999993,0.07794199999999996,0.0,0.08999975202188053,120.00009114529476,149.99990885470527,0.6666666666666666,0.1349996280328208,4123.779836070862,4123.914835698895,-0.523358,-0.468518,0.33,87.81244210094019,1605.0
22,HATCH,-0.545858,-0.429547,0.33,-0.545858,0.478706,0.33,30.0,1070.0,False,230,0.0,0.908253,0.0,0.908253,90.0,30.00009114529475,0.5,1.816506,4123.914835698895,4125.731341698895,-0.545858,0.024579500000000004,0.33,0.13499962803325616,2140.0
22,OTHER,-0.545858,0.478706,0.33,-0.590858,0.452725,0.33,40.0,1070.0,False,233,-0.04500000000000004,-0.025981000000000032,0.0,0.05196164317070819,-149.99977283567742,120.00022716432257,0.6666666666666666,0.0779424647560623,4125.731341698895,4125.809284163652,-0.5683579999999999,0.4657155,0.33,87.01394934013342,1605.0
22,HATCH,-0.590858,0.452725,0.33,-0.590858,-0.351605,0.33,30.0,1070.0,False,236,0.0,-0.80433,0.0,0.80433,-90.0,59.99977283567743,0.5,1.60866,4125.809284163652,4127.417944163652,-0.590858,0.050559999999999994,0.33,0.07794246475623368,2140.0
22,OTHER,-0.590858,-0.351605,0.33,-0.635858,-0.273662,0.33,40.0,1070.0,False,239,-0.04500000000000004,0.07794299999999998,0.0,0.09000061804787787,119.99977283671745,150.00022716328257,0.6666666666666666,0.13500092707181682,4127.417944163652,4127.552945090723,-0.6133580000000001,-0.3126335,0.33,97.93139905424141,1605.0
22,HATCH,-0.635858,-0.273662,0.33,-0.635858,0.426744,0.33,30.0,1070.0,False,242,0.0,0.7004060000000001,0.0,0.7004060000000001,90.0,29.99977283671745,0.5,1.4008120000000002,4127.552945090723,4128.953757090723,-0.635858,0.076541,0.33,0.13500092707181466,2140.0
22,OTHER,-0.635858,0.426744,0.33,-0.680858,0.400763,0.33,40.0,1070.0,False,245,-0.04499999999999993,-0.025981000000000032,0.0,0.051961643170708095,-149.9997728356774,120.00022716432264,0.6666666666666666,0.07794246475606215,4128.953757090723,4129.0316995554795,-0.658358,0.4137535,0.33,162.89303973545975,1605.0
22,HATCH,-0.680858,0.400763,0.33,-0.680858,-0.19572,0.33,30.0,1070.0,False,248,0.0,-0.596483,0.0,0.596483,-90.0,59.99977283567737,0.5,1.192966,4129.0316995554795,4130.224665555479,-0.680858,0.10252149999999999,0.33,0.07794246475623368,2140.0
22,OTHER,-0.680858,-0.19572,0.33,-0.725858,-0.117778,0.33,40.0,1070.0,False,251,-0.04500000000000004,0.07794200000000001,0.0,0.08999975202188062,120.00009114529477,149.9999088547052,0.6666666666666666,0.13499962803282095,4130.224665555479,4130.359665183512,-0.7033579999999999,-0.156749,0.33,249.69072975265362,1605.0
22,HATCH,-0.725858,-0.117778,0.33,-0.725858,0.374783,0.33,30.0,1070.0,False,254,0.0,0.49256099999999997,0.0,0.49256099999999997,90.0,30.0000911452948,0.5,0.9851219999999999,4130.359665183512,4131.344787183512,-0.725858,0.1285025,0.33,0.13499962803325616,2140.0
22,OTHER,-0.725858,0.374783,0.33,-0.770858,0.348802,0.33,40.0,1070.0,False,257,-0.04500000000000004,-0.025980999999999976,0.0,0.051961643170708165,-149.99977283567748,120.00022716432251,0.6666666666666666,0.07794246475606226,4131.344787183512,4131.422729648269,-0.7483580000000001,0.36179249999999996,0.33,171.11785184299106,1605.0
22,HATCH,-0.770858,0.348802,0.33,-0.770858,-0.039836,0.33,30.0,1070.0,False,260,0.0,-0.388638,0.0,0.388638,-90.0,59.99977283567748,0.5,0.777276,4131.422729648269,4132.200005648268,-0.770858,0.154483,0.33,0.07794246475623368,2140.0
22,OTHER,-0.770858,-0.039836,0.33,-0.815858,0.038107,0.33,40.0,1070.0,False,263,-0.04499999999999993,0.07794300000000001,0.0,0.09000061804787785,119.99977283671738,150.00022716328263,0.6666666666666666,0.13500092707181677,4132.200005648268,4132.33500657534,-0.793358,-0.0008645000000000007,0.33,106.58852817875731,1605.0
22,HATCH,-0.815858,0.038107,0.33,-0.815858,0.322821,0.33,30.0,1070.0,False,266,0.0,0.284714,0.0,0.284714,90.0,29.999772836717373,0.5,0.569428,4132.33500657534,4132.90443457534,-0.815858,0.180464,0.33,0.13500092707181466,2140.0
22,OTHER,-0.815858,0.322821,0.33,-0.860858,0.29684,0.33,40.0,1070.0,False,269,-0.04500000000000004,-0.025981000000000032,0.0,0.05196164317070819,-149.99977283567742,120.00022716432257,0.6666666666666666,0.0779424647560623,4132.90443457534,4132.982377040096,-0.8383579999999999,0.3098305,0.33,178.51128124956085,1605.0
22,HATCH,-0.860858,0.29684,0.33,-0.860858,0.116049,0.33,30.0,1070.0,False,272,0.0,-0.18079099999999998,0.0,0.18079099999999998,-90.0,59.99977283567743,0.5,0.36158199999999996,4132.982377040096,4133.343959040097,-0.860858,0.2064445,0.33,0.07794246475623368,2140.0
22,OTHER,-0.860858,0.116049,0.33,-0.905858,0.193991,0.33,40.0,1070.0,False,275,-0.04500000000000004,0.077942,0.0,0.08999975202188061,120.00009114529477,149.9999088547052,0.6666666666666666,0.13499962803282092,4133.343959040097,4133.47895866813,-0.8833580000000001,0.15502,0.33,0.0,1605.0
22,HATCH,-0.905858,0.193991,0.33,-0.905858,0.27086,0.33,30.0,1070.0,False,278,0.0,0.07686899999999999,0.0,0.07686899999999999,90.0,30.0000911452948,0.5,0.15373799999999999,4133.47895866813,4133.63269666813,-0.905858,0.2324255,0.33,0.0,2140.0
22,OTHER,-0.905858,0.27086,0.33,-0.905858,0.27086,0.345,40.0,1070.0,False,281,0.0,0.0,0.014999999999999958,0.014999999999999958,0.0,,0.6666666666666666,0.022499999999999937,4133.63269666813,4133.65519666813,-0.905858,0.27086,0.3375,0.0,1605.0
23,OTHER,-0.905858,0.27086,0.345,-0.939142,0.251642,0.345,40.0,1070.0,False,20,-0.03328399999999998,-0.019218000000000013,0.0,0.03843378956074978,-149.99809746986767,,0.6666666666666666,0.05765068434112468,4133.65519666813,4133.712847352471,-0.9225000000000001,0.261251,0.345,0.0,1605.0
23,CONTOUR,-0.939142,0.251642,0.345,-0.880258,0.149652,0.345,30.0,1070.0,False,23,0.05888400000000005,-0.10198999999999997,0.0,0.11776793093198165,-59.99998059954128,89.9981168703264,0.5,0.2355358618639633,4133.712847352471,4133.948383214335,-0.9097,0.200647,0.345,0.0,2140.0
23,CONTOUR,-0.880258,0.149652,0.345,-0.251642,-0.939142,0.345,30.0,1070.0,False,24,0.6286160000000001,-1.088794,0.0,1.257231263488146,-59.99998062121178,0.0,0.5,2.514462526976292,4133.948383214335,4136.462845741311,-0.56595,-0.394745,0.345,6.3954381236117115,2140.0
23,CONTOUR,-0.251642,-0.939142,0.345,-0.149652,-0.880258,0.345,30.0,1070.0,False,25,0.10198999999999997,0.05888400000000005,0.0,0.11776793093198165,30.00001940045872,90.0000000216705,0.5,0.2355358618639633,4136.462845741311,4136.698381603175,-0.200647,-0.9097,0.345,28.450634320783138,2140.0
23,CONTOUR,-0.149652,-0.880258,0.345,0.939142,-0.251642,0.345,30.0,1070.0,False,26,1.088794,0.6286160000000001,0.0,1.257231263488146,30.00001937878822,0.0,0.5,2.514462526976292,4136.698381603175,4139.212844130151,0.394745,-0.56595,0.345,48.20951360260278,2140.0
23,CONTOUR,0.939142,-0.251642,0.345,0.880258,-0.149652,0.345,30.0,1070.0,False,27,-0.05888400000000005,0.10198999999999997,0.0,0.11776793093198165,120.00001940045873,90.0000000216705,0.5,0.2355358618639633,4139.212844130151,4139.448379992015,0.9097,-0.200647,0.345,52.28282167468751,2140.0
23,CONTOUR,0.880258,-0.149652,0.345,0.251642,0.939142,0.345,30.0,1070.0,False,28,-0.6286160000000001,1.088794,0.0,1.257231263488146,120.00001937878822,0.0,0.5,2.514462526976292,4139.448379992015,4141.962842518991,0.56595,0.394745,0.345,58.97687636396313,2140.0
23,CONTOUR,0.251642,0.939142,0.345,0.149652,0.880258,0.345,30.0,1070.0,False,29,-0.10198999999999997,-0.05888400000000005,0.0,0.11776793093198165,-149.9999805995413,90.0000000216705,0.5,0.2355358618639633,4141.962842518991,4142.1983783808555,0.200647,0.9097,0.345,81.46494906114549,2140.0
23,CONTOUR,0.149652,0.880258,0.345,-0.939142,0.251642,0.345,30.0,1070.0,False,30,-1.088794,-0.6286160000000001,0.0,1.257231263488146,-149.9999806212118,0.0,0.5,2.514462526976292,4142.1983783808555,4144.712840907831,-0.394745,0.56595,0.345,20.442892309993113,2140.0
23,OTHER,-0.939142,0.251642,0.345,-0.929295,0.234586,0.345,40.0,1070.0,False,35,0.00984700000000005,-0.017055999999999988,0.0,0.019694429288506954,-60.00072105150654,89.99925956970525,0.6666666666666666,0.02954164393276043,4144.712840907831,4144.742382551764,-0.9342185000000001,0.243114,0.345,10.764457693496297,1605.0
23,HATCH,-0.929295,0.234586,0.345,-0.875486,0.288394,0.345,30.0,1070.0,False,38,0.053808999999999996,0.053807999999999995,0.0,0.07609671047423797,44.99946759545879,105.00018864696533,0.5,0.15219342094847593,4144.742382551764,4144.894575972713,-0.9023905,0.26149,0.345,0.0,2140.0
23,OTHER,-0.875486,0.288394,0.345,-0.906001,0.19424,0.345,40.0,1070.0,False,41,-0.03051499999999996,-0.09415399999999999,0.0,0.09897545625557881,-107.95733792396665,152.95680551942544,0.6666666666666666,0.14846318438336822,4144.894575972713,4145.043039157096,-0.8907434999999999,0.241317,0.345,0.0,1605.0
23,HATCH,-0.906001,0.19424,0.345,-0.724913,0.375328,0.345,30.0,1070.0,False,44,0.18108799999999992,0.181088,0.0,0.25609710558301896,45.000000000000014,152.95733792396666,0.5,0.5121942111660379,4145.043039157096,4145.555233368263,-0.815457,0.284784,0.345,0.0,2140.0
23,OTHER,-0.724913,0.375328,0.345,-0.57434,0.462261,0.345,40.0,1070.0,False,47,0.15057300000000007,0.08693299999999998,0.0,0.1738665431243171,29.999896665579744,15.000103334420254,0.6666666666666666,0.2607998146864757,4145.555233368263,4145.8160331829495,-0.6496265,0.41879449999999996,0.345,16.52353381278317,1605.0
23,HATCH,-0.57434,0.462261,0.345,-0.882707,0.153894,0.345,30.0,1070.0,False,50,-0.30836700000000006,-0.30836699999999995,0.0,0.4360967935883042,-135.00000000000003,164.99989666557977,0.5,0.8721935871766084,4145.8160331829495,4146.688226770126,-0.7285235,0.3080775,0.345,0.260799814686834,2140.0
23,OTHER,-0.882707,0.153894,0.345,-0.859414,0.113548,0.345,40.0,1070.0,False,53,0.023293000000000008,-0.04034600000000001,0.0,0.0465871609459087,-60.00082433917949,74.99917566082053,0.6666666666666666,0.06988074141886305,4146.688226770126,4146.758107511545,-0.8710605,0.133721,0.345,12.739843555790685,1605.0
23,HATCH,-0.859414,0.113548,0.345,-0.423767,0.549194,0.345,30.0,1070.0,False,56,0.435647,0.435646,0.0,0.6160971887007763,44.99993424051437,105.00075857969385,0.5,1.2321943774015527,4146.758107511545,4147.990301888946,-0.6415905,0.33137099999999997,0.345,0.06988074141918332,2140.0
23,OTHER,-0.423767,0.549194,0.345,-0.273195,0.636128,0.345,40.0,1070.0,False,59,0.15057199999999998,0.08693400000000007,0.0,0.17386617710181587,30.00034682474142,14.999587415772961,0.6666666666666666,0.2607992656527238,4147.990301888946,4148.251101154599,-0.34848100000000004,0.592661,0.345,3.2774609811149276,1605.0
23,HATCH,-0.273195,0.636128,0.345,-0.83612,0.073202,0.345,30.0,1070.0,False,62,-0.5629249999999999,-0.562926,0.0,0.7960968767059696,-134.99994910891448,165.00029593365593,0.5,1.5921937534119392,4148.251101154599,4149.843294908012,-0.5546575,0.354665,0.345,0.2607992656530769,2140.0
23,OTHER,-0.83612,0.073202,0.345,-0.812826,0.032856,0.345,40.0,1070.0,False,65,0.023293999999999926,-0.040346,0.0,0.046587660941498195,-59.9997592500175,75.00018985889699,0.6666666666666666,0.0698814914122473,4149.843294908012,4149.913176399424,-0.824473,0.05302900000000001,0.345,3.0851873964666083,1605.0
23,HATCH,-0.812826,0.032856,0.345,-0.122622,0.723061,0.345,30.0,1070.0,False,68,0.690204,0.690205,0.0,0.976096564711197,45.000041506379276,104.99980075639677,0.5,1.952193129422394,4149.913176399424,4151.865369528846,-0.46772400000000003,0.3779585,0.345,0.06988149141216127,2140.0
23,OTHER,-0.122622,0.723061,0.345,0.027951,0.809994,0.345,40.0,1070.0,False,71,0.15057299999999998,0.08693300000000004,0.0,0.17386654312431707,29.99989666557977,15.000144840799523,0.6666666666666666,0.2607998146864756,4151.865369528846,4152.126169343533,-0.047335499999999996,0.7665275,0.345,53.6163961340053,1605.0
23,HATCH,0.027951,0.809994,0.345,-0.789533,-0.00749,0.345,30.0,1070.0,False,74,-0.817484,-0.817484,0.0,1.1560969598230073,-135.0,164.9998966655797,0.5,2.3121939196460146,4152.126169343533,4154.438363263179,-0.38079100000000005,0.401252,0.345,0.260799814686834,2140.0
23,OTHER,-0.789533,-0.00749,0.345,-0.766239,-0.047835,0.345,40.0,1070.0,False,77,0.023294000000000037,-0.040345000000000006,0.0,0.046586794920878624,-59.999144309704334,75.00085569029568,0.6666666666666666,0.06988019238131794,4154.438363263179,4154.50824345556,-0.7778860000000001,-0.0276625,0.345,4.5251868637551524,1605.0
23,HATCH,-0.766239,-0.047835,0.345,0.178524,0.896928,0.345,30.0,1070.0,False,80,0.944763,0.9447629999999999,0.0,1.3360966478282923,45.0,104.99914430970433,0.5,2.6721932956565846,4154.50824345556,4157.180436751216,-0.2938575,0.4245465,0.345,0.06988019238087873,2140.0
23,OTHER,0.178524,0.896928,0.345,0.263625,0.918389,0.345,40.0,1070.0,False,83,0.08510100000000001,0.021461000000000063,0.0,0.08776533895564925,14.153885970944163,30.84611402905584,0.6666666666666666,0.13164800843347388,4157.180436751216,4157.312084759649,0.2210745,0.9076584999999999,0.345,14.982058370360392,1605.0
23,HATCH,0.263625,0.918389,0.345,-0.742945,-0.088181,0.345,30.0,1070.0,False,86,-1.00657,-1.00657,0.0,1.423504945477886,-135.0,149.15388597094417,0.5,2.847009890955772,4157.312084759649,4160.159094650605,-0.23965999999999998,0.41510400000000003,0.345,0.1316480084333307,2140.0
23,OTHER,-0.742945,-0.088181,0.345,-0.719651,-0.128527,0.345,40.0,1070.0,False,89,0.023293999999999926,-0.04034600000000001,0.0,0.0465876609414982,-59.9997592500175,75.0002407499825,0.6666666666666666,0.06988149141224731,4160.159094650605,4160.228976142017,-0.731298,-0.108354,0.345,5.650851195045107,1605.0
23,HATCH,-0.719651,-0.128527,0.345,0.286918,0.878043,0.345,30.0,1070.0,False,92,1.006569,1.00657,0.0,1.4235042383712806,45.00002846091577,104.99978771093328,0.5,2.847008476742561,4160.228976142017,4163.075984618759,-0.21636650000000002,0.37475800000000004,0.345,0.06988149141216127,2140.0
23,OTHER,0.286918,0.878043,0.345,0.310212,0.837697,0.345,40.0,1070.0,False,95,0.02329399999999998,-0.04034599999999999,0.0,0.04658766094149822,-59.99975925001743,104.99978771093319,0.6666666666666666,0.06988149141224734,4163.075984618759,4163.1458661101715,0.29856499999999997,0.85787,0.345,5.763899859110097,1605.0
23,HATCH,0.310212,0.837697,0.345,-0.696358,-0.168873,0.345,30.0,1070.0,False,98,-1.00657,-1.00657,0.0,1.423504945477886,-135.0,75.00024074998258,0.5,2.847009890955772,4163.1458661101715,4165.992876001127,-0.19307300000000002,0.33441200000000004,0.345,0.06988149141216127,2140.0
23,OTHER,-0.696358,-0.168873,0.345,-0.673064,-0.209219,0.345,40.0,1070.0,False,101,0.023294000000000037,-0.04034599999999999,0.0,0.04658766094149825,-59.99975925001737,75.00024074998262,0.6666666666666666,0.06988149141224738,4165.992876001127,4166.062757492539,-0.6847110000000001,-0.189046,0.345,5.763899859110097,1605.0
23,HATCH,-0.673064,-0.209219,0.345,0.333506,0.797351,0.345,30.0,1070.0,False,104,1.00657,1.00657,0.0,1.423504945477886,45.0,104.99975925001738,0.5,2.847009890955772,4166.062757492539,4168.909767383495,-0.16977899999999999,0.29406600000000005,0.345,0.06988149141216127,2140.0
23,OTHER,0.333506,0.797351,0.345,0.3568,0.757005,0.345,40.0,1070.0,False,107,0.02329399999999998,-0.04034599999999999,0.0,0.04658766094149822,-59.99975925001743,104.99975925001743,0.6666666666666666,0.06988149141224734,4168.909767383495,4168.979648874907,0.34515300000000004,0.777178,0.345,5.763901273323427,1605.0
23,HATCH,0.3568,0.757005,0.345,-0.64977,-0.249565,0.345,30.0,1070.0,False,110,-1.00657,-1.00657,0.0,1.423504945477886,-135.0,75.00024074998258,0.5,2.847009890955772,4168.979648874907,4171.826658765863,-0.14648499999999998,0.25372,0.345,0.06988149141216127,2140.0
23,OTHER,-0.64977,-0.249565,0.345,-0.626477,-0.289911,0.345,40.0,1070.0,False,113,0.023293000000000008,-0.040345999999999965,0.0,0.046587160945908666,-60.00082433917946,74.99917566082055,0.6666666666666666,0.06988074141886301,4171.826658765863,4171.896539507282,-0.6381235,-0.269738,0.345,5.763901273323427,1605.0
23,HATCH,-0.626477,-0.289911,0.345,0.380093,0.716659,0.345,30.0,1070.0,False,116,1.00657,1.00657,0.0,1.423504945477886,45.0,105.00082433917946,0.5,2.847009890955772,4171.896539507282,4174.7435493982375,-0.12319199999999997,0.21337400000000004,0.345,0.06988074141918332,2140.0
23,OTHER,0.380093,0.716659,0.345,0.403387,0.676313,0.345,40.0,1070.0,False,119,0.02329399999999998,-0.04034599999999999,0.0,0.04658766094149822,-59.99975925001743,104.99975925001743,0.6666666666666666,0.06988149141224734,4174.7435493982375,4174.81343088965,0.39174,0.696486,0.345,5.763900523330449,1605.0
23,HATCH,0.403387,0.676313,0.345,-0.603183,-0.330257,0.345,30.0,1070.0,False,122,-1.00657,-1.00657,0.0,1.423504945477886,-135.0,75.00024074998258,0.5,2.847009890955772,4174.81343088965,4177.660440780605,-0.09989800000000001,0.17302800000000002,0.345,0.06988149141216127,2140.0
23,OTHER,-0.603183,-0.330257,0.345,-0.579889,-0.370603,0.345,40.0,1070.0,False,125,0.023294000000000037,-0.04034599999999999,0.0,0.04658766094149825,-59.99975925001737,75.00024074998262,0.6666666666666666,0.06988149141224738,4177.660440780605,4177.7303222720175,-0.5915360000000001,-0.35043,0.345,5.763901273323427,1605.0
23,HATCH,-0.579889,-0.370603,0.345,0.426681,0.635967,0.345,30.0,1070.0,False,128,1.00657,1.00657,0.0,1.423504945477886,45.0,104.99975925001738,0.5,2.847009890955772,4177.7303222720175,4180.577332162973,-0.076604,0.13268199999999997,0.345,0.06988149141216127,2140.0
23,OTHER,0.426681,0.635967,0.345,0.449974,0.595621,0.345,40.0,1070.0,False,131,0.023293000000000008,-0.04034599999999999,0.0,0.04658716094590869,-60.000824339179474,105.00082433917947,0.6666666666666666,0.06988074141886304,4180.577332162973,4180.647212904392,0.4383275,0.615794,0.345,5.763901273323427,1605.0
23,HATCH,0.449974,0.595621,0.345,-0.556595,-0.410949,0.345,30.0,1070.0,False,134,-1.0065689999999998,-1.00657,0.0,1.4235042383712806,-134.99997153908424,74.99914719990474,0.5,2.847008476742561,4180.647212904392,4183.494221381135,-0.05331049999999998,0.09233599999999997,0.345,0.06988074141918332,2140.0
23,OTHER,-0.556595,-0.410949,0.345,-0.533302,-0.451294,0.345,40.0,1070.0,False,137,0.023292999999999897,-0.040344999999999964,0.0,0.04658629491599426,-60.00020941206621,74.99976212701803,0.6666666666666666,0.0698794423739914,4183.494221381135,4183.564100823509,-0.5449485000000001,-0.4311215,0.345,5.763899109117119,1605.0
23,HATCH,-0.533302,-0.451294,0.345,0.473268,0.555275,0.345,30.0,1070.0,False,140,1.00657,1.0065689999999998,0.0,1.4235042383712806,44.99997153908423,105.00018095115043,0.5,2.847008476742561,4183.564100823509,4186.411109300251,-0.030017000000000016,0.051990499999999995,0.345,0.06987944237425836,2140.0
23,OTHER,0.473268,0.555275,0.345,0.496562,0.51493,0.345,40.0,1070.0,False,143,0.02329399999999998,-0.040344999999999964,0.0,0.04658679492087856,-59.99914430970437,104.99911584878859,0.6666666666666666,0.06988019238131785,4186.411109300251,4186.480989492632,0.484915,0.5351025,0.345,5.763896395858865,1605.0
23,HATCH,0.496562,0.51493,0.345,-0.510008,-0.49164,0.345,30.0,1070.0,False,146,-1.00657,-1.00657,0.0,1.423504945477886,-135.0,75.00085569029564,0.5,2.847009890955772,4186.480989492632,4189.327999383588,-0.006723000000000007,0.011644999999999989,0.345,0.06988019238087873,2140.0
23,OTHER,-0.510008,-0.49164,0.345,-0.486714,-0.531986,0.345,40.0,1070.0,False,149,0.023294000000000037,-0.04034599999999994,0.0,0.0465876609414982,-59.999759250017334,75.00024074998267,0.6666666666666666,0.06988149141224731,4189.327999383588,4189.397880875,-0.498361,-0.511813,0.345,5.763898560078815,1605.0
23,HATCH,-0.486714,-0.531986,0.345,0.519856,0.474584,0.345,30.0,1070.0,False,152,1.00657,1.00657,0.0,1.423504945477886,45.0,104.99975925001733,0.5,2.847009890955772,4189.397880875,4192.2448907659555,0.016571000000000002,-0.028700999999999977,0.345,0.06988149141216127,2140.0
23,OTHER,0.519856,0.474584,0.345,0.543149,0.434238,0.345,40.0,1070.0,False,155,0.023293000000000008,-0.04034599999999999,0.0,0.04658716094590869,-60.000824339179474,105.00082433917947,0.6666666666666666,0.06988074141886304,4192.2448907659555,4192.314771507375,0.5315025,0.454411,0.345,5.763901273323427,1605.0
23,HATCH,0.543149,0.434238,0.345,-0.463421,-0.572332,0.345,30.0,1070.0,False,158,-1.00657,-1.00657,0.0,1.423504945477886,-135.0,74.99917566082053,0.5,2.847009890955772,4192.314771507375,4195.16178139833,0.03986399999999998,-0.06904699999999997,0.345,0.06988074141918332,2140.0
23,OTHER,-0.463421,-0.572332,0.345,-0.440127,-0.612678,0.345,40.0,1070.0,False,161,0.023294000000000037,-0.04034599999999999,0.0,0.04658766094149825,-59.99975925001737,75.00024074998262,0.6666666666666666,0.06988149141224738,4195.16178139833,4195.231662889742,-0.451774,-0.592505,0.345,5.763900523330449,1605.0
23,HATCH,-0.440127,-0.612678,0.345,0.566443,0.393892,0.345,30.0,1070.0,False,164,1.00657,1.00657,0.0,1.423504945477886,45.0,104.99975925001738,0.5,2.847009890955772,4195.231662889742,4198.078672780698,0.06315800000000002,-0.10939299999999996,0.345,0.06988149141216127,2140.0
23,OTHER,0.566443,0.393892,0.345,0.589737,0.353546,0.345,40.0,1070.0,False,167,0.023293999999999926,-0.04034599999999999,0.0,0.04658766094149819,-59.99975925001748,104.99975925001749,0.6666666666666666,0.06988149141224728,4198.078672780698,4198.14855427211,0.57809,0.373719,0.345,5.763901273323427,1605.0
23,HATCH,0.589737,0.353546,0.345,-0.416833,-0.653024,0.345,30.0,1070.0,False,170,-1.00657,-1.00657,0.0,1.423504945477886,-135.0,75.00024074998251,0.5,2.847009890955772,4198.14855427211,4200.995564163066,0.08645199999999997,-0.149739,0.345,0.06988149141216127,2140.0
23,OTHER,-0.416833,-0.653024,0.345,-0.393539,-0.69337,0.345,40.0,1070.0,False,173,0.02329399999999998,-0.04034599999999999,0.0,0.04658766094149822,-59.99975925001743,75.00024074998258,0.6666666666666666,0.06988149141224734,4200.995564163066,4201.065445654478,-0.40518600000000005,-0.673197,0.345,5.763901273323427,1605.0
23,HATCH,-0.393539,-0.69337,0.345,0.61303,0.3132,0.345,30.0,1070.0,False,176,1.006569,1.00657,0.0,1.4235042383712806,45.00002846091577,104.99978771093319,0.5,2.847008476742561,4201.065445654478,4203.91245413122,0.10974549999999997,-0.19008500000000003,0.345,0.06988149141216127,2140.0
23,OTHER,0.61303,0.3132,0.345,0.636324,0.272854,0.345,40.0,1070.0,False,179,0.023294000000000037,-0.04034599999999999,0.0,0.04658766094149825,-59.99975925001737,104.99978771093313,0.6666666666666666,0.06988149141224738,4203.91245413122,4203.9823356226325,0.6246769999999999,0.293027,0.345,5.763899859110097,1605.0
23,HATCH,0.636324,0.272854,0.345,-0.370246,-0.733716,0.345,30.0,1070.0,False,182,-1.00657,-1.00657,0.0,1.423504945477886,-135.0,75.00024074998262,0.5,2.847009890955772,4203.9823356226325,4206.829345513588,0.133039,-0.23043100000000002,0.345,0.06988149141216127,2140.0
23,OTHER,-0.370246,-0.733716,0.345,-0.346952,-0.774062,0.345,40.0,1070.0,False,185,0.023294000000000037,-0.04034599999999999,0.0,0.04658766094149825,-59.99975925001737,75.00024074998262,0.6666666666666666,0.06988149141224738,4206.829345513588,4206.899227005,-0.358599,-0.753889,0.345,5.763899859110097,1605.0
23,HATCH,-0.346952,-0.774062,0.345,0.659618,0.232508,0.345,30.0,1070.0,False,188,1.00657,1.00657,0.0,1.423504945477886,45.0,104.99975925001738,0.5,2.847009890955772,4206.899227005,4209.746236895956,0.15633300000000003,-0.27077700000000005,0.345,0.06988149141216127,2140.0
23,OTHER,0.659618,0.232508,0.345,0.682912,0.192162,0.345,40.0,1070.0,False,191,0.023293999999999926,-0.04034599999999999,0.0,0.04658766094149819,-59.99975925001748,104.99975925001749,0.6666666666666666,0.06988149141224728,4209.746236895956,4209.816118387368,0.671265,0.212335,0.345,5.763901273323427,1605.0
23,HATCH,0.682912,0.192162,0.345,-0.323658,-0.814407,0.345,30.0,1070.0,False,194,-1.00657,-1.006569,0.0,1.4235042383712806,-135.00002846091576,75.00026921089828,0.5,2.847008476742561,4209.816118387368,4212.66312686411,0.17962699999999998,-0.31112249999999997,0.345,0.06988149141216127,2140.0
23,OTHER,-0.323658,-0.814407,0.345,-0.300365,-0.854753,0.345,40.0,1070.0,False,197,0.023293000000000008,-0.04034599999999999,0.0,0.04658716094590869,-60.000824339179474,74.99920412173628,0.6666666666666666,0.06988074141886304,4212.66312686411,4212.73300760553,-0.3120115,-0.83458,0.345,5.763899859110097,1605.0
23,HATCH,-0.300365,-0.854753,0.345,0.706205,0.151817,0.345,30.0,1070.0,False,200,1.00657,1.00657,0.0,1.423504945477886,45.0,105.00082433917947,0.5,2.847009890955772,4212.73300760553,4215.580017496485,0.20292,-0.351468,0.345,0.06988074141918332,2140.0
23,OTHER,0.706205,0.151817,0.345,0.729499,0.111471,0.345,40.0,1070.0,False,203,0.023294000000000037,-0.04034600000000001,0.0,0.04658766094149826,-59.999759250017384,104.99975925001738,0.6666666666666666,0.06988149141224739,4215.580017496485,4215.649898987897,0.7178519999999999,0.131644,0.345,5.763899109117119,1605.0
23,HATCH,0.729499,0.111471,0.345,-0.277071,-0.895099,0.345,30.0,1070.0,False,206,-1.00657,-1.00657,0.0,1.423504945477886,-135.0,75.00024074998262,0.5,2.847009890955772,4215.649898987897,4218.496908878853,0.226214,-0.391814,0.345,0.06988149141216127,2140.0
23,OTHER,-0.277071,-0.895099,0.345,-0.253777,-0.935445,0.345,40.0,1070.0,False,209,0.023294000000000037,-0.04034599999999999,0.0,0.04658766094149825,-59.99975925001737,75.00024074998262,0.6666666666666666,0.06988149141224738,4218.496908878853,4218.566790370265,-0.265424,-0.915272,0.345,5.763901273323427,1605.0
23,HATCH,-0.253777,-0.935445,0.345,0.752793,0.071125,0.345,30.0,1070.0,False,212,1.00657,1.00657,0.0,1.423504945477886,45.0,104.99975925001738,0.5,2.847009890955772,4218.566790370265,4221.413800261221,0.24950800000000004,-0.43216,0.345,0.06988149141216127,2140.0
23,OTHER,0.752793,0.071125,0.345,0.776086,0.030779,0.345,40.0,1070.0,False,215,0.023293000000000008,-0.04034599999999999,0.0,0.04658716094590869,-60.000824339179474,105.00082433917947,0.6666666666666666,0.06988074141886304,4221.413800261221,4221.48368100264,0.7644395,0.050952,0.345,5.763901273323427,1605.0
23,HATCH,0.776086,0.030779,0.345,-0.114868,-0.860176,0.345,30.0,1070.0,False,218,-0.890954,-0.890955,0.0,1.2599999373575381,-134.99996784584425,74.99914350666478,0.5,2.5199998747150762,4221.48368100264,4224.003680877355,0.33060900000000004,-0.4146985,0.345,0.06988074141918332,2140.0
23,OTHER,-0.114868,-0.860176,0.345,0.035705,-0.773242,0.345,40.0,1070.0,False,221,0.150573,0.08693400000000007,0.0,0.17386704312491202,30.000182054066077,165.0001498999103,0.6666666666666666,0.26080056468736806,4224.003680877355,4224.264481442042,-0.0395815,-0.816709,0.345,129.0080759472703,1605.0
23,HATCH,0.035705,-0.773242,0.345,0.79938,-0.009567,0.345,30.0,1070.0,False,224,0.763675,0.763675,0.0,1.0799995422452733,45.0,14.999817945933911,0.5,2.1599990844905466,4224.264481442042,4226.4244805265325,0.4175425,-0.3914045,0.345,0.2608005646870879,2140.0
23,OTHER,0.79938,-0.009567,0.345,0.822674,-0.049913,0.345,40.0,1070.0,False,227,0.023294000000000037,-0.040346,0.0,0.04658766094149825,-59.99975925001737,104.99975925001738,0.6666666666666666,0.06988149141224738,4226.4244805265325,4226.494362017945,0.8110269999999999,-0.02974,0.345,4.940799523892565,1605.0
23,HATCH,0.822674,-0.049913,0.345,0.186278,-0.686309,0.345,30.0,1070.0,False,230,-0.636396,-0.636396,0.0,0.8999998542399882,-135.0,75.00024074998262,0.5,1.7999997084799764,4226.494362017945,4228.2943617264245,0.504476,-0.36811099999999997,0.345,0.06988149141216127,2140.0
23,OTHER,0.186278,-0.686309,0.345,0.336851,-0.599376,0.345,40.0,1070.0,False,233,0.150573,0.08693299999999993,0.0,0.173866543124317,29.999896665579737,164.99989666557974,0.6666666666666666,0.26079981468647556,4228.2943617264245,4228.555161541111,0.2615645,-0.6428425,0.345,164.60083380382275,1605.0
23,HATCH,0.336851,-0.599376,0.345,0.845968,-0.090259,0.345,30.0,1070.0,False,236,0.509117,0.509117,0.0,0.7200001662347031,45.0,15.000103334420254,0.5,1.4400003324694062,4228.555161541111,4229.99516187358,0.5914095,-0.3448175,0.345,0.260799814686834,2140.0
23,OTHER,0.845968,-0.090259,0.345,0.869261,-0.130605,0.345,40.0,1070.0,False,239,0.023292999999999897,-0.04034599999999999,0.0,0.04658716094590863,-60.00082433917959,105.0008243391796,0.6666666666666666,0.06988074141886295,4229.99516187358,4230.065042615,0.8576145,-0.110432,0.345,3.500799855635705,1605.0
23,HATCH,0.869261,-0.130605,0.345,0.487424,-0.512442,0.345,30.0,1070.0,False,242,-0.3818369999999999,-0.381837,0.0,0.5399990640158554,-135.0,74.99917566082041,0.5,1.0799981280317108,4230.065042615,4231.145040743031,0.6783425,-0.32152349999999996,0.345,0.06988074141918332,2140.0
23,OTHER,0.487424,-0.512442,0.345,0.637997,-0.425509,0.345,40.0,1070.0,False,245,0.150573,0.08693299999999993,0.0,0.173866543124317,29.999896665579737,164.99989666557974,0.6666666666666666,0.26079981468647556,4231.145040743031,4231.405840557718,0.5627105,-0.4689755,0.345,149.14067065022255,1605.0
23,HATCH,0.637997,-0.425509,0.345,0.892555,-0.170951,0.345,30.0,1070.0,False,248,0.25455799999999995,0.25455800000000006,0.0,0.3599993760105703,45.000000000000014,15.000103334420231,0.5,0.7199987520211406,4231.405840557718,4232.125839309739,0.7652760000000001,-0.29823,0.345,0.260799814686834,2140.0
23,OTHER,0.892555,-0.170951,0.345,0.915849,-0.211297,0.345,40.0,1070.0,False,251,0.023294000000000037,-0.04034600000000002,0.0,0.04658766094149827,-59.999759250017384,104.99975925001739,0.6666666666666666,0.0698814914122474,4232.125839309739,4232.195720801151,0.904202,-0.19112400000000002,0.345,2.0607966947391105,1605.0
23,HATCH,0.915849,-0.211297,0.345,0.78857,-0.338576,0.345,30.0,1070.0,False,254,-0.12727900000000003,-0.12727899999999998,0.0,0.17999968800528515,-135.00000000000003,75.00024074998262,0.5,0.3599993760105703,4232.195720801151,4232.555720177162,0.8522095000000001,-0.27493650000000003,0.345,0.0,2140.0
23,OTHER,0.78857,-0.338576,0.345,0.78857,-0.338576,0.36,40.0,1070.0,False,257,0.0,0.0,0.015000000000000013,0.015000000000000013,0.0,,0.6666666666666666,0.02250000000000002,4232.555720177162,4232.578220177162,0.78857,-0.338576,0.3525,0.0,1605.0
24,OTHER,0.78857,-0.338576,0.36,0.618918,0.086983,0.36,40.0,1070.0,False,20,-0.16965200000000003,0.425559,0.0,0.4581290905247123,111.73503547193357,,0.6666666666666666,0.6871936357870685,4232.578220177162,4233.265413812949,0.7037439999999999,-0.12579649999999998,0.36,147.24321674155863,1605.0
24,CONTOUR,0.618918,0.086983,0.36,0.624486,0.007351,0.36,30.0,1070.0,False,23,0.005568000000000017,-0.07963200000000001,0.0,0.07982642449715509,-86.00029491482687,162.26466961323956,0.5,0.15965284899431018,4233.265413812949,4233.425066661944,0.621702,0.047167,0.36,1238.285176287999,2140.0
24,CONTOUR,0.624486,0.007351,0.36,0.625,0.0,0.36,30.0,1070.0,False,24,0.0005140000000000144,-0.007351,0.0,0.007368948161033569,-86.0002481615891,4.67631085055447e-05,0.5,0.014737896322067137,4233.425066661944,4233.439804558266,0.624743,0.0036755,0.36,0.0,2140.0
24,CONTOUR,0.625,0.0,0.36,0.619432,-0.079632,0.36,30.0,1070.0,False,25,-0.005568000000000017,-0.079632,0.0,0.07982642449715507,-93.99970508517315,7.9994569235840185,0.5,0.15965284899431015,4233.439804558266,4233.59945740726,0.622216,-0.039816,0.36,0.0,2140.0
24,CONTOUR,0.619432,-0.079632,0.36,0.618918,-0.086983,0.36,30.0,1070.0,False,26,-0.0005140000000000144,-0.00735100000000001,0.0,0.007368948161033579,-93.9997518384109,4.67631085055447e-05,0.5,0.014737896322067158,4233.59945740726,4233.614195303582,0.619175,-0.0833075,0.36,0.0,2140.0
24,CONTOUR,0.618918,-0.086983,0.36,0.602321,-0.165065,0.36,30.0,1070.0,False,27,-0.016596999999999973,-0.07808199999999998,0.0,0.07982643129315,-102.00011131435237,8.000359475941517,0.5,0.1596528625863,4233.614195303582,4233.773848166168,0.6106195,-0.126024,0.36,0.0,2140.0
24,CONTOUR,0.602321,-0.165065,0.36,0.600789,-0.172273,0.36,30.0,1070.0,False,28,-0.0015319999999999778,-0.00720800000000002,0.0,0.007369008617175056,-101.99918093263481,0.0009303821785513624,0.5,0.014738017234350111,4233.773848166168,4233.788586183403,0.6015550000000001,-0.168669,0.36,0.0,2140.0
24,CONTOUR,0.600789,-0.172273,0.36,0.573486,-0.247286,0.36,30.0,1070.0,False,29,-0.027302999999999966,-0.075013,0.0,0.07982733853762129,-110.00033778149377,8.001156848858937,0.5,0.15965467707524258,4233.788586183403,4233.948240860478,0.5871375000000001,-0.2097795,0.36,0.0,2140.0
24,CONTOUR,0.573486,-0.247286,0.36,0.570966,-0.25421,0.36,30.0,1070.0,False,30,-0.0025200000000000777,-0.006923999999999986,0.0,0.007368322468513454,-109.99905080408624,0.00128697732957636,0.5,0.014736644937026908,4233.948240860478,4233.962977505415,0.572226,-0.25074799999999997,0.36,0.0,2140.0
24,CONTOUR,0.570966,-0.25421,0.36,0.53349,-0.324693,0.36,30.0,1070.0,False,31,-0.037475999999999954,-0.07048300000000002,0.0,0.07982671147554557,-117.99969842225703,8.000647618170822,0.5,0.15965342295109114,4233.962977505415,4234.122630928367,0.5522279999999999,-0.2894515,0.36,0.0,2140.0
24,CONTOUR,0.53349,-0.324693,0.36,0.53003,-0.3312,0.36,30.0,1070.0,False,32,-0.0034600000000000186,-0.006506999999999985,0.0,0.00736971159544252,-118.00114450072735,0.0014460785935516422,0.5,0.01473942319088504,4234.122630928367,4234.137370351557,0.53176,-0.32794650000000003,0.36,0.0,2140.0
24,CONTOUR,0.53003,-0.3312,0.36,0.483109,-0.39578,0.36,30.0,1070.0,False,33,-0.04692099999999999,-0.06458000000000003,0.0,0.07982578932274959,-126.0005130550494,7.99936855432204,0.5,0.15965157864549917,4234.137370351557,4234.297021930203,0.5065695,-0.36349,0.36,0.0,2140.0
24,CONTOUR,0.483109,-0.39578,0.36,0.478778,-0.401742,0.36,30.0,1070.0,False,34,-0.004331000000000029,-0.005961999999999967,0.0,0.007369057266706499,-125.99593302236899,0.004580032499302451,0.5,0.014738114533412998,4234.297021930203,4234.311760044737,0.48094349999999997,-0.39876100000000003,0.36,0.0,2140.0
24,CONTOUR,0.478778,-0.401742,0.36,0.423326,-0.459164,0.36,30.0,1070.0,False,35,-0.055452,-0.05742200000000003,0.0,0.07982612597389406,-134.0001131615213,8.004180139152275,0.5,0.15965225194778812,4234.311760044737,4234.471412296684,0.451052,-0.430453,0.36,0.0,2140.0
24,CONTOUR,0.423326,-0.459164,0.36,0.418207,-0.464466,0.36,30.0,1070.0,False,36,-0.005118999999999985,-0.005301999999999973,0.0,0.007369895860865306,-133.99394971154032,0.006163450083502549,0.5,0.014739791721730611,4234.471412296684,4234.486152088406,0.4207665,-0.461815,0.36,0.0,2140.0
24,CONTOUR,0.418207,-0.464466,0.36,0.355303,-0.513611,0.36,30.0,1070.0,False,37,-0.06290400000000002,-0.04914500000000005,0.0,0.07982571165357692,-142.00056054108055,8.00661082954019,0.5,0.15965142330715384,4234.486152088406,4234.645803511713,0.38675499999999996,-0.48903850000000004,0.36,0.0,2140.0
24,CONTOUR,0.355303,-0.513611,0.36,0.349496,-0.518148,0.36,30.0,1070.0,False,38,-0.005807000000000007,-0.004537000000000013,0.0,0.007369234559979767,-141.99954437039872,0.001016170704764285,0.5,0.014738469119959534,4234.645803511713,4234.660541980833,0.3523995,-0.5158795,0.36,0.0,2140.0
24,CONTOUR,0.349496,-0.518148,0.36,0.280364,-0.558062,0.36,30.0,1070.0,False,39,-0.06913199999999997,-0.039913999999999894,0.0,0.07982706821623844,-149.99961387510066,8.00006950470186,0.5,0.1596541364324769,4234.660541980833,4234.820196117265,0.31493,-0.538105,0.36,0.0,2140.0
24,CONTOUR,0.280364,-0.558062,0.36,0.273982,-0.561746,0.36,30.0,1070.0,False,40,-0.006381999999999999,-0.0036840000000000206,0.0,0.007368974148414428,-150.00437290992986,0.0047590347845122396,0.5,0.014737948296828856,4234.820196117265,4234.834934065562,0.277173,-0.559904,0.36,0.0,2140.0
24,CONTOUR,0.273982,-0.561746,0.36,0.199968,-0.59165,0.36,30.0,1070.0,False,41,-0.074014,-0.02990400000000004,0.0,0.07982682138228982,-157.99973186123844,7.99535895130859,0.5,0.15965364276457963,4234.834934065562,4234.994587708326,0.236975,-0.5766979999999999,0.36,0.0,2140.0
24,CONTOUR,0.199968,-0.59165,0.36,0.193136,-0.59441,0.36,30.0,1070.0,False,42,-0.006832000000000005,-0.0027599999999999847,0.0,0.007368434297732455,-158.00221461894807,0.002482757909324656,0.5,0.01473686859546491,4234.994587708326,4235.009324576922,0.196552,-0.59303,0.36,0.0,2140.0
24,CONTOUR,0.193136,-0.59441,0.36,0.115681,-0.613722,0.36,30.0,1070.0,False,43,-0.077455,-0.019311999999999996,0.0,0.07982625112705719,-165.99979138980672,7.997576770858668,0.5,0.15965250225411437,4235.009324576922,4235.168977079176,0.1544085,-0.604066,0.36,0.0,2140.0
24,CONTOUR,0.115681,-0.613722,0.36,0.10853,-0.615505,0.36,30.0,1070.0,False,44,-0.007151000000000005,-0.001782999999999979,0.0,0.007369931478650259,-165.99958170957987,0.00020967922909856664,0.5,0.014739862957300518,4235.168977079176,4235.183716942133,0.1121055,-0.6146134999999999,0.36,0.0,2140.0
24,CONTOUR,0.10853,-0.615505,0.36,0.029141,-0.623849,0.36,30.0,1070.0,False,45,-0.079389,-0.008344000000000018,0.0,0.07982628424898656,-174.00008575416484,8.000504044585059,0.5,0.15965256849797313,4235.183716942133,4235.343369510631,0.0688355,-0.619677,0.36,0.0,2140.0
24,CONTOUR,0.029141,-0.623849,0.36,0.021812,-0.624619,0.36,30.0,1070.0,False,46,-0.007328999999999999,-0.0007700000000000484,0.0,0.007369337894275174,-174.00238881777636,0.0023030635499975425,0.5,0.014738675788550348,4235.343369510631,4235.35810818642,0.0254765,-0.624234,0.36,0.0,2140.0
24,CONTOUR,0.021812,-0.624619,0.36,-0.057965,-0.621833,0.36,30.0,1070.0,False,47,-0.079777,0.002786000000000066,0.0,0.07982563200501454,177.99990978048675,7.997701401736978,0.5,0.15965126401002908,4235.35810818642,4235.51775945043,-0.018076500000000002,-0.6232260000000001,0.36,0.0,2140.0
24,CONTOUR,-0.057965,-0.621833,0.36,-0.06533,-0.621576,0.36,30.0,1070.0,False,48,-0.0073649999999999965,0.0002569999999999517,0.0,0.007369482614132414,178.0014877008844,0.001577920607078341,0.5,0.014738965228264829,4235.51775945043,4235.532498415659,-0.0616475,-0.6217045,0.36,0.0,2140.0
24,CONTOUR,-0.06533,-0.621576,0.36,-0.143944,-0.607714,0.36,30.0,1070.0,False,49,-0.07861399999999999,0.013862000000000041,0.0,0.07982678773444413,169.9998369031165,8.001650797767951,0.5,0.15965357546888825,4235.532498415659,4235.6921519911275,-0.104637,-0.614645,0.36,0.0,2140.0
24,CONTOUR,-0.143944,-0.607714,0.36,-0.151201,-0.606435,0.36,30.0,1070.0,False,50,-0.0072570000000000134,0.0012790000000000301,0.0,0.007368845906924657,170.0046318819732,0.004794978797999601,0.5,0.014737691813849313,4235.6921519911275,4235.706889682941,-0.1475725,-0.6070745,0.36,0.0,2140.0
24,CONTOUR,-0.151201,-0.606435,0.36,-0.22712,-0.581767,0.36,30.0,1070.0,False,51,-0.07591899999999999,0.024667999999999912,0.0,0.07982609087885986,161.99971221653306,8.004919665440097,0.5,0.15965218175771972,4235.706889682941,4235.866541864699,-0.1891605,-0.594101,0.36,0.0,2140.0
24,CONTOUR,-0.22712,-0.581767,0.36,-0.234129,-0.57949,0.36,30.0,1070.0,False,52,-0.007009000000000015,0.0022770000000000845,0.0,0.007369586826953095,162.00267778301534,0.002965566261459576,0.5,0.01473917365390619,4235.866541864699,4235.881281038352,-0.2306245,-0.5806285,0.36,0.0,2140.0
24,CONTOUR,-0.234129,-0.57949,0.36,-0.305876,-0.544496,0.36,30.0,1070.0,False,53,-0.07174699999999998,0.03499399999999997,0.0,0.0798261363527009,153.99958069523714,8.003097087778249,0.5,0.1596522727054018,4235.881281038352,4236.040933311057,-0.2700025,-0.561993,0.36,0.0,2140.0
24,CONTOUR,-0.305876,-0.544496,0.36,-0.3125,-0.541266,0.36,30.0,1070.0,False,54,-0.006624000000000019,0.003229999999999955,0.0,0.007369550596881737,154.00517564656087,0.005594951399456631,0.5,0.014739101193763473,4236.040933311057,4236.055672412252,-0.309188,-0.542881,0.36,0.0,2140.0
24,CONTOUR,-0.3125,-0.541266,0.36,-0.378679,-0.496628,0.36,30.0,1070.0,False,55,-0.06617899999999999,0.04463800000000001,0.0,0.07982613033963251,146.00017800025233,8.004997646308567,0.5,0.15965226067926502,4236.055672412252,4236.215324672931,-0.3455895,-0.518947,0.36,0.0,2140.0
24,CONTOUR,-0.378679,-0.496628,0.36,-0.384788,-0.492507,0.36,30.0,1070.0,False,56,-0.006109000000000031,0.004121000000000041,0.0,0.007369024494463343,145.9972445463724,0.00293345380996461,0.5,0.014738048988926685,4236.215324672931,4236.23006272192,-0.3817335,-0.4945675,0.36,0.0,2140.0
24,CONTOUR,-0.384788,-0.492507,0.36,-0.444111,-0.439093,0.36,30.0,1070.0,False,57,-0.05932299999999996,0.05341399999999996,0.0,0.07982652269139619,138.0003569051485,7.996887641223911,0.5,0.15965304538279237,4236.23006272192,4236.389715767303,-0.4144495,-0.4658,0.36,0.0,2140.0
24,CONTOUR,-0.444111,-0.439093,0.36,-0.449587,-0.434161,0.36,30.0,1070.0,False,58,-0.005476000000000036,0.004931999999999992,0.0,0.0073696132870049785,137.99198377670723,0.008373128482654948,0.5,0.014739226574009957,4236.389715767303,4236.404454993877,-0.446849,-0.436627,0.36,0.0,2140.0
24,CONTOUR,-0.449587,-0.434161,0.36,-0.500899,-0.373011,0.36,30.0,1070.0,False,59,-0.05131199999999997,0.06115000000000004,0.0,0.07982633552907212,130.00058147728834,7.9914022994189,0.5,0.15965267105814424,4236.404454993877,4236.564107664935,-0.47524299999999997,-0.403586,0.36,0.0,2140.0
24,CONTOUR,-0.500899,-0.373011,0.36,-0.505636,-0.367366,0.36,30.0,1070.0,False,60,-0.004736999999999991,0.005644999999999956,0.0,0.007369205791671136,130.00168306316561,0.0011015860583875204,0.5,0.014738411583342272,4236.564107664935,4236.578846076519,-0.5032675,-0.37018850000000003,0.36,0.0,2140.0
24,CONTOUR,-0.505636,-0.367366,0.36,-0.547937,-0.299669,0.36,30.0,1070.0,False,61,-0.04230100000000003,0.06769700000000001,0.0,0.07982642676457467,121.99952490730693,8.002158155858668,0.5,0.15965285352914935,4236.578846076519,4236.738498930048,-0.5267865,-0.3335175,0.36,0.0,2140.0
24,CONTOUR,-0.547937,-0.299669,0.36,-0.551842,-0.29342,0.36,30.0,1070.0,False,62,-0.0039050000000000473,0.0062490000000000046,0.0,0.00736878728150029,122.00126221757685,0.0017373102153824995,0.5,0.01473757456300058,4236.738498930048,4236.753236504611,-0.5498895,-0.2965445,0.36,0.0,2140.0
24,CONTOUR,-0.551842,-0.29342,0.36,-0.58431,-0.220495,0.36,30.0,1070.0,False,63,-0.03246799999999994,0.07292500000000002,0.0,0.0798262278264481,113.9998020589114,8.00146015866546,0.5,0.1596524556528962,4236.753236504611,4236.912888960263,-0.568076,-0.2569575,0.36,0.0,2140.0
24,CONTOUR,-0.58431,-0.220495,0.36,-0.587308,-0.213763,0.36,30.0,1070.0,False,64,-0.002998000000000056,0.006731999999999988,0.0,0.007369384506185043,114.00511740559023,0.005315346443146145,0.5,0.014738769012370086,4236.912888960263,4236.927627729276,-0.585809,-0.21712900000000002,0.36,0.0,2140.0
24,CONTOUR,-0.587308,-0.213763,0.36,-0.609311,-0.137029,0.36,30.0,1070.0,False,65,-0.022002999999999995,0.076734,0.0,0.07982630371625633,105.99991690863764,8.005200496952568,0.5,0.15965260743251267,4236.927627729276,4237.087280336708,-0.5983095,-0.175396,0.36,0.0,2140.0
24,CONTOUR,-0.609311,-0.137029,0.36,-0.611342,-0.129945,0.36,30.0,1070.0,False,66,-0.002031000000000005,0.007084000000000007,0.0,0.007369397329497177,105.99772567567597,0.0021912329751231,0.5,0.014738794658994353,4237.087280336708,4237.102019131367,-0.6103265,-0.13348700000000002,0.36,0.0,2140.0
24,CONTOUR,-0.611342,-0.129945,0.36,-0.622452,-0.050895,0.36,30.0,1070.0,False,67,-0.011109999999999953,0.07905000000000001,0.0,0.07982690398606225,98.00017557091437,7.997550104761613,0.5,0.1596538079721245,4237.102019131367,4237.261672939339,-0.616897,-0.09042,0.36,0.0,2140.0
24,CONTOUR,-0.622452,-0.050895,0.36,-0.623478,-0.043598,0.36,30.0,1070.0,False,68,-0.0010259999999999714,0.007297000000000005,0.0,0.007368777714112431,98.00364608421602,0.0034705134206293254,0.5,0.014737555428224861,4237.261672939339,4237.276410494767,-0.622965,-0.0472465,0.36,0.0,2140.0
24,CONTOUR,-0.623478,-0.043598,0.36,-0.623478,0.036228,0.36,30.0,1070.0,False,69,0.0,0.07982600000000001,0.0,0.07982600000000001,90.0,8.003646084216005,0.5,0.15965200000000002,4237.276410494767,4237.436062494768,-0.623478,-0.0036849999999999973,0.36,0.0,2140.0
24,CONTOUR,-0.623478,0.036228,0.36,-0.623478,0.043598,0.36,30.0,1070.0,False,70,0.0,0.007369999999999995,0.0,0.007369999999999995,90.0,0.0,0.5,0.01473999999999999,4237.436062494768,4237.450802494767,-0.623478,0.039913000000000004,0.36,0.0,2140.0
24,CONTOUR,-0.623478,0.043598,0.36,-0.612368,0.122647,0.36,30.0,1070.0,False,71,0.011109999999999953,0.07904900000000001,0.0,0.07982591371854131,81.99972453414179,8.000275465858296,0.5,0.15965182743708262,4237.450802494767,4237.6104543222045,-0.617923,0.0831225,0.36,0.0,2140.0
24,CONTOUR,-0.612368,0.122647,0.36,-0.611342,0.129945,0.36,30.0,1070.0,False,72,0.0010259999999999714,0.007297999999999999,0.0,0.007369767974638003,81.99743639788102,0.0022881364684783187,0.5,0.014739535949276007,4237.6104543222045,4237.625193858154,-0.611855,0.12629600000000002,0.36,0.0,2140.0
24,CONTOUR,-0.611342,0.129945,0.36,-0.589339,0.206679,0.36,30.0,1070.0,False,73,0.022003000000000106,0.076734,0.0,0.07982630371625636,74.00008309136227,7.997353306518797,0.5,0.15965260743251272,4237.625193858154,4237.784846465586,-0.6003404999999999,0.16831200000000002,0.36,0.0,2140.0
24,CONTOUR,-0.589339,0.206679,0.36,-0.587308,0.213763,0.36,30.0,1070.0,False,74,0.002030999999999894,0.007084000000000007,0.0,0.007369397329497146,74.00227432432487,0.0021912333077802803,0.5,0.014738794658994293,4237.784846465586,4237.799585260245,-0.5883235,0.210221,0.36,0.0,2140.0
24,CONTOUR,-0.587308,0.213763,0.36,-0.55484,0.286687,0.36,30.0,1070.0,False,75,0.03246800000000005,0.07292400000000002,0.0,0.07982531428062158,65.9999060022167,8.002368322108204,0.5,0.15965062856124315,4237.799585260245,4237.959235888807,-0.5710740000000001,0.25022500000000003,0.36,0.0,2140.0
24,CONTOUR,-0.55484,0.286687,0.36,-0.551842,0.29342,0.36,30.0,1070.0,False,76,0.002997999999999945,0.006732999999999989,0.0,0.00737029802653865,65.99804514873865,0.0018608534750987192,0.5,0.0147405960530773,4237.959235888807,4237.97397648486,-0.5533410000000001,0.2900535,0.36,0.0,2140.0
24,CONTOUR,-0.551842,0.29342,0.36,-0.509541,0.361116,0.36,30.0,1070.0,False,77,0.04230100000000003,0.06769599999999998,0.0,0.07982557871384334,58.000094741746544,7.997950406992047,0.5,0.15965115742768668,4237.97397648486,4238.133627642288,-0.5306915000000001,0.327268,0.36,0.0,2140.0
24,CONTOUR,-0.509541,0.361116,0.36,-0.505636,0.367366,0.36,30.0,1070.0,False,78,0.0039050000000000473,0.006250000000000033,0.0,0.00736963533697569,58.0028578245115,0.002763082729745555,0.5,0.01473927067395138,4238.133627642288,4238.148366912962,-0.5075885,0.36424100000000004,0.36,0.0,2140.0
24,CONTOUR,-0.505636,0.367366,0.36,-0.454324,0.428516,0.36,30.0,1070.0,False,79,0.05131199999999997,0.06114999999999998,0.0,0.07982633552907208,49.99941852271167,8.003439301799826,0.5,0.15965267105814415,4238.148366912962,4238.30801958402,-0.47997999999999996,0.397941,0.36,0.0,2140.0
24,CONTOUR,-0.454324,0.428516,0.36,-0.449587,0.434161,0.36,30.0,1070.0,False,80,0.004736999999999991,0.005645000000000011,0.0,0.0073692057916711785,49.99831693683468,0.0011015860583875204,0.5,0.014738411583342357,4238.30801958402,4238.322757995604,-0.4519555,0.4313385,0.36,0.0,2140.0
24,CONTOUR,-0.449587,0.434161,0.36,-0.390265,0.487576,0.36,30.0,1070.0,False,81,0.05932200000000004,0.05341499999999999,0.0,0.07982644868087271,42.0006567613327,7.997660175501977,0.5,0.15965289736174543,4238.322757995604,4238.482410892965,-0.419926,0.4608685,0.36,0.0,2140.0
24,CONTOUR,-0.390265,0.487576,0.36,-0.384788,0.492507,0.36,30.0,1070.0,False,82,0.005476999999999954,0.004930999999999963,0.0,0.0073696872389538435,41.99703637948851,0.003620381821038768,0.5,0.014739374477907687,4238.482410892965,4238.497150267443,-0.3875265,0.4900415,0.36,0.0,2140.0
24,CONTOUR,-0.384788,0.492507,0.36,-0.318609,0.537145,0.36,30.0,1070.0,False,83,0.06617900000000004,0.04463800000000001,0.0,0.07982613033963257,33.999821999747645,7.997214379740847,0.5,0.15965226067926513,4238.497150267443,4238.656802528123,-0.3516985,0.514826,0.36,0.0,2140.0
24,CONTOUR,-0.318609,0.537145,0.36,-0.3125,0.541266,0.36,30.0,1070.0,False,84,0.0061089999999999756,0.004121000000000041,0.0,0.007369024494463296,34.002755453627856,0.00293345380996461,0.5,0.014738048988926592,4238.656802528123,4238.671540577112,-0.31555449999999996,0.5392055,0.36,0.0,2140.0
24,CONTOUR,-0.3125,0.541266,0.36,-0.240753,0.576259,0.36,30.0,1070.0,False,85,0.071747,0.03499299999999994,0.0,0.07982569798003646,25.999774187676536,8.002981265951316,0.5,0.1596513959600729,4238.671540577112,4238.831191973072,-0.2766265,0.5587625,0.36,0.0,2140.0
24,CONTOUR,-0.240753,0.576259,0.36,-0.234129,0.57949,0.36,30.0,1070.0,False,86,0.006623999999999991,0.003230999999999984,0.0,0.007369988941647049,26.001812067353757,0.002037879539910737,0.5,0.014739977883294097,4238.831191973072,4238.845931950956,-0.237441,0.5778745,0.36,0.0,2140.0
24,CONTOUR,-0.234129,0.57949,0.36,-0.15821,0.604158,0.36,30.0,1070.0,False,87,0.07591900000000001,0.024668000000000023,0.0,0.07982609087885992,18.00028778346702,8.00152428388672,0.5,0.15965218175771984,4238.845931950956,4239.005584132713,-0.1961695,0.5918239999999999,0.36,0.0,2140.0
24,CONTOUR,-0.15821,0.604158,0.36,-0.151201,0.606435,0.36,30.0,1070.0,False,88,0.0070089999999999875,0.0022769999999999735,0.0,0.007369586826953035,17.997322216983914,0.002965566261459576,0.5,0.01473917365390607,4239.005584132713,4239.020323306367,-0.1547055,0.6052964999999999,0.36,0.0,2140.0
24,CONTOUR,-0.151201,0.606435,0.36,-0.072588,0.620297,0.36,30.0,1070.0,False,89,0.078613,0.013862000000000041,0.0,0.07982580292737432,10.000287736636007,7.997034480347872,0.5,0.15965160585474863,4239.020323306367,4239.179974912221,-0.11189450000000001,0.613366,0.36,0.0,2140.0
24,CONTOUR,-0.072588,0.620297,0.36,-0.06533,0.621576,0.36,30.0,1070.0,False,90,0.0072580000000000006,0.0012790000000000301,0.0,0.00736983073075631,9.9940187320614,0.006269004610662433,0.5,0.01473966146151262,4239.179974912221,4239.194714573682,-0.06895899999999999,0.6209365,0.36,0.0,2140.0
24,CONTOUR,-0.06533,0.621576,0.36,0.014447,0.624362,0.36,30.0,1070.0,False,91,0.079777,0.002785999999999955,0.0,0.07982563200501452,2.000090219513196,7.993928512548099,0.5,0.15965126401002905,4239.194714573682,4239.354365837692,-0.0254415,0.622969,0.36,0.0,2140.0
24,CONTOUR,0.014447,0.624362,0.36,0.021812,0.624619,0.36,30.0,1070.0,False,92,0.007365000000000002,0.00025700000000006273,0.0,0.007369482614132423,1.9985122991164523,0.0015779201451225605,0.5,0.014738965228264846,4239.354365837692,4239.36910480292,0.0181295,0.6244905000000001,0.36,0.0,2140.0
24,CONTOUR,0.021812,0.624619,0.36,0.101201,0.616275,0.36,30.0,1070.0,False,93,0.079389,-0.008344000000000018,0.0,0.07982628424898656,-5.999914245835149,7.998426544951644,0.5,0.15965256849797313,4239.36910480292,4239.528757371419,0.0615065,0.620447,0.36,0.0,2140.0
24,CONTOUR,0.101201,0.616275,0.36,0.10853,0.615505,0.36,30.0,1070.0,False,94,0.007329000000000002,-0.0007700000000000484,0.0,0.0073693378942751775,-5.997611182223641,0.002303063866501787,0.5,0.014738675788550355,4239.528757371419,4239.543496047208,0.1048655,0.61589,0.36,0.0,2140.0
24,CONTOUR,0.10853,0.615505,0.36,0.185985,0.596193,0.36,30.0,1070.0,False,95,0.07745500000000001,-0.019311999999999996,0.0,0.0798262511270572,-14.000208610193283,8.002597427969588,0.5,0.1596525022541144,4239.543496047208,4239.703148549462,0.1472575,0.605849,0.36,0.0,2140.0
24,CONTOUR,0.185985,0.596193,0.36,0.193136,0.59441,0.36,30.0,1070.0,False,96,0.007150999999999991,-0.001782999999999979,0.0,0.007369931478650246,-14.00041829042017,0.00020967922909856664,0.5,0.014739862957300492,4239.703148549462,4239.717888412419,0.18956050000000002,0.5953014999999999,0.36,0.0,2140.0
24,CONTOUR,0.193136,0.59441,0.36,0.267149,0.564507,0.36,30.0,1070.0,False,97,0.07401300000000002,-0.029903000000000013,0.0,0.07982551959116836,-21.999871523794013,7.999453233373904,0.5,0.15965103918233672,4239.717888412419,4239.8775394516015,0.23014250000000003,0.5794585,0.36,0.0,2140.0
24,CONTOUR,0.267149,0.564507,0.36,0.273982,0.561746,0.36,30.0,1070.0,False,98,0.006832999999999978,-0.0027610000000000134,0.0,0.007369736087540705,-22.002081766637623,0.002210242711983535,0.5,0.01473947217508141,4239.8775394516015,4239.892278923777,0.2705655,0.5631265,0.36,0.0,2140.0
24,CONTOUR,0.273982,0.561746,0.36,0.343114,0.521833,0.36,30.0,1070.0,False,99,0.06913199999999997,-0.039912999999999976,0.0,0.07982656821509988,-29.999764534761727,7.997682768124112,0.5,0.15965313643019977,4239.892278923777,4240.051932060207,0.308548,0.5417894999999999,0.36,0.0,2140.0
24,CONTOUR,0.343114,0.521833,0.36,0.349496,0.518148,0.36,30.0,1070.0,False,100,0.006381999999999999,-0.0036849999999999383,0.0,0.007369474133206488,-30.00236051312198,0.0025959784826425514,0.5,0.014738948266412977,4240.051932060207,4240.066671008473,0.346305,0.5199905,0.36,0.0,2140.0
24,CONTOUR,0.349496,0.518148,0.36,0.4124,0.469003,0.36,30.0,1070.0,False,101,0.06290400000000002,-0.04914500000000005,0.0,0.07982571165357692,-37.999439458919475,7.99707894579746,0.5,0.15965142330715384,4240.066671008473,4240.22632243178,0.38094799999999995,0.49357550000000006,0.36,0.0,2140.0
24,CONTOUR,0.4124,0.469003,0.36,0.418207,0.464466,0.36,30.0,1070.0,False,102,0.005807000000000007,-0.004537000000000013,0.0,0.007369234559979767,-38.000455629601284,0.001016170704764285,0.5,0.014738469119959534,4240.22632243178,4240.2410609009,0.4153035,0.4667345,0.36,0.0,2140.0
24,CONTOUR,0.418207,0.464466,0.36,0.473659,0.407043,0.36,30.0,1070.0,False,103,0.055452,-0.057423,0.0,0.07982684531534488,-46.000385431077135,7.99992980147589,0.5,0.15965369063068977,4240.2410609009,4240.400714591531,0.445933,0.4357545,0.36,0.0,2140.0
24,CONTOUR,0.473659,0.407043,0.36,0.478778,0.401742,0.36,30.0,1070.0,False,104,0.005118999999999985,-0.005301,0.0,0.007369176480448806,-46.00064986949034,0.000264438384024538,0.5,0.014738352960897611,4240.400714591531,4240.415452944492,0.4762185,0.4043925,0.36,0.0,2140.0
24,CONTOUR,0.478778,0.401742,0.36,0.525698,0.337161,0.36,30.0,1070.0,False,105,0.04692000000000002,-0.064581,0.0,0.07982601055420471,-54.00048951274143,7.999839643251052,0.5,0.15965202110840943,4240.415452944492,4240.575104965601,0.502238,0.3694515,0.36,0.0,2140.0
24,CONTOUR,0.525698,0.337161,0.36,0.53003,0.3312,0.36,30.0,1070.0,False,106,0.0043320000000000025,-0.005960999999999994,0.0,0.007368836068199641,-53.99320637857049,0.007283134197073846,0.5,0.014737672136399283,4240.575104965601,4240.589842637737,0.527864,0.3341805,0.36,0.0,2140.0
24,CONTOUR,0.53003,0.3312,0.36,0.567506,0.260717,0.36,30.0,1070.0,False,107,0.037475999999999954,-0.07048300000000002,0.0,0.07982671147554557,-62.00030157774298,8.007095199172458,0.5,0.15965342295109114,4240.589842637737,4240.749496060688,0.5487679999999999,0.2959585,0.36,0.0,2140.0
24,CONTOUR,0.567506,0.260717,0.36,0.570966,0.25421,0.36,30.0,1070.0,False,108,0.0034600000000000186,-0.006506999999999985,0.0,0.00736971159544252,-61.99885549927266,0.0014460785935516422,0.5,0.01473942319088504,4240.749496060688,4240.764235483879,0.569236,0.25746349999999996,0.36,0.0,2140.0
24,CONTOUR,0.570966,0.25421,0.36,0.598268,0.179198,0.36,30.0,1070.0,False,109,0.02730200000000005,-0.075012,0.0,0.07982605682357109,-70.00009119719952,8.001235697926779,0.5,0.15965211364714219,4240.764235483879,4240.923887597526,0.5846169999999999,0.216704,0.36,0.0,2140.0
24,CONTOUR,0.598268,0.179198,0.36,0.600789,0.172273,0.36,30.0,1070.0,False,110,0.0025209999999999955,-0.006924999999999987,0.0,0.007369604195613208,-69.99630236194474,0.003788835340052951,0.5,0.014739208391226416,4240.923887597526,4240.938626805917,0.5995285,0.1757355,0.36,0.0,2140.0
24,CONTOUR,0.600789,0.172273,0.36,0.617385,0.094191,0.36,30.0,1070.0,False,111,0.016595999999999944,-0.07808200000000001,0.0,0.07982622338555169,-78.00059075701898,8.004288395074301,0.5,0.15965244677110338,4240.938626805917,4241.098279252688,0.6090869999999999,0.13323200000000002,0.36,0.0,2140.0
24,CONTOUR,0.617385,0.094191,0.36,0.618918,0.086983,0.36,30.0,1070.0,False,112,0.0015330000000000066,-0.007207999999999992,0.0,0.007369216579800047,-77.99321393063045,0.007376826395211759,0.5,0.014738433159600094,4241.098279252688,4241.113017685848,0.6181515,0.090587,0.36,0.0,2140.0
24,OTHER,0.618918,0.086983,0.36,-0.150017,0.003291,0.36,40.0,1070.0,False,115,-0.7689349999999999,-0.083692,0.0,0.7734761696969079,-173.7882961969801,95.79508226634967,0.6666666666666666,1.160214254545362,4241.113017685848,4242.273231940393,0.23445049999999998,0.045137000000000004,0.36,177.49743222800225,1605.0
24,CONTOUR,-0.150017,0.003291,0.36,-0.145324,0.038939,0.36,30.0,1070.0,False,118,0.004693000000000003,0.035648,0.0,0.035955585838642654,82.50023419231736,103.71146961070255,0.5,0.07191117167728531,4242.273231940393,4242.34514311207,-0.1476705,0.021115000000000002,0.36,144.10220101030882,2140.0
24,CONTOUR,-0.145324,0.038939,0.36,-0.130294,0.075225,0.36,30.0,1070.0,False,119,0.015030000000000016,0.036286,0.0,0.039275624705407304,67.50020664541931,15.000027546898073,0.5,0.07855124941081461,4242.34514311207,4242.4236943614815,-0.13780900000000001,0.057082,0.36,0.0,2140.0
24,CONTOUR,-0.130294,0.075225,0.36,-0.106384,0.106384,0.36,30.0,1070.0,False,120,0.023909999999999987,0.031159000000000006,0.0,0.03927558250363704,52.499006547668365,15.001200097750994,0.5,0.07855116500727408,4242.4236943614815,4242.502245526489,-0.118339,0.09080450000000001,0.36,0.0,2140.0
24,CONTOUR,-0.106384,0.106384,0.36,-0.075225,0.130294,0.36,30.0,1070.0,False,121,0.031159000000000006,0.023909999999999987,0.0,0.03927558250363704,37.500993452331635,14.99801309533674,0.5,0.07855116500727408,4242.502245526489,4242.580796691496,-0.09080450000000001,0.118339,0.36,0.0,2140.0
24,CONTOUR,-0.075225,0.130294,0.36,-0.038939,0.145324,0.36,30.0,1070.0,False,122,0.036286,0.015030000000000016,0.0,0.039275624705407304,22.499793354580692,15.001200097750994,0.5,0.07855124941081461,4242.580796691496,4242.6593479409075,-0.057082,0.13780900000000001,0.36,0.0,2140.0
24,CONTOUR,-0.038939,0.145324,0.36,0.0,0.15045,0.36,30.0,1070.0,False,123,0.038939,0.005125999999999992,0.0,0.03927494872052668,7.49939744243383,15.000395912146894,0.5,0.07854989744105335,4242.6593479409075,4242.7378978383485,-0.0194695,0.147887,0.36,0.0,2140.0
24,CONTOUR,0.0,0.15045,0.36,0.038939,0.145324,0.36,30.0,1070.0,False,124,0.038939,-0.005125999999999992,0.0,0.03927494872052668,-7.49939744243383,14.998794884867625,0.5,0.07854989744105335,4242.7378978383485,4242.81644773579,0.0194695,0.147887,0.36,0.0,2140.0
24,CONTOUR,0.038939,0.145324,0.36,0.075225,0.130294,0.36,30.0,1070.0,False,125,0.036286,-0.015030000000000016,0.0,0.039275624705407304,-22.499793354580692,15.000395912146894,0.5,0.07855124941081461,4242.81644773579,4242.894998985201,0.057082,0.13780900000000001,0.36,0.0,2140.0
24,CONTOUR,0.075225,0.130294,0.36,0.106384,0.106384,0.36,30.0,1070.0,False,126,0.031159000000000006,-0.023909999999999987,0.0,0.03927558250363704,-37.500993452331635,15.001200097750994,0.5,0.07855116500727408,4242.894998985201,4242.973550150208,0.09080450000000001,0.118339,0.36,0.0,2140.0
24,CONTOUR,0.106384,0.106384,0.36,0.130294,0.075225,0.36,30.0,1070.0,False,127,0.023909999999999987,-0.031159000000000006,0.0,0.03927558250363704,-52.499006547668365,14.99801309533674,0.5,0.07855116500727408,4242.973550150208,4243.052101315216,0.118339,0.09080450000000001,0.36,0.0,2140.0
24,CONTOUR,0.130294,0.075225,0.36,0.145324,0.038939,0.36,30.0,1070.0,False,128,0.015030000000000016,-0.036286,0.0,0.039275624705407304,-67.50020664541931,15.001200097750994,0.5,0.07855124941081461,4243.052101315216,4243.130652564627,0.13780900000000001,0.057082,0.36,0.0,2140.0
24,CONTOUR,0.145324,0.038939,0.36,0.15045,0.0,0.36,30.0,1070.0,False,129,0.005125999999999992,-0.038939,0.0,0.03927494872052668,-82.50060255756617,15.000395912146894,0.5,0.07854989744105335,4243.130652564627,4243.209202462068,0.147887,0.0194695,0.36,0.0,2140.0
24,CONTOUR,0.15045,0.0,0.36,0.145324,-0.038939,0.36,30.0,1070.0,False,130,-0.005125999999999992,-0.038939,0.0,0.03927494872052668,-97.49939744243383,14.998794884867625,0.5,0.07854989744105335,4243.209202462068,4243.287752359509,0.147887,-0.0194695,0.36,0.0,2140.0
24,CONTOUR,0.145324,-0.038939,0.36,0.130294,-0.075225,0.36,30.0,1070.0,False,131,-0.015030000000000016,-0.036286,0.0,0.039275624705407304,-112.4997933545807,15.000395912146894,0.5,0.07855124941081461,4243.287752359509,4243.36630360892,0.13780900000000001,-0.057082,0.36,0.0,2140.0
24,CONTOUR,0.130294,-0.075225,0.36,0.106384,-0.106384,0.36,30.0,1070.0,False,132,-0.023909999999999987,-0.031159000000000006,0.0,0.03927558250363704,-127.50099345233163,15.001200097750994,0.5,0.07855116500727408,4243.36630360892,4243.444854773928,0.118339,-0.09080450000000001,0.36,0.0,2140.0
24,CONTOUR,0.106384,-0.106384,0.36,0.075225,-0.130294,0.36,30.0,1070.0,False,133,-0.031159000000000006,-0.023909999999999987,0.0,0.03927558250363704,-142.49900654766836,14.99801309533674,0.5,0.07855116500727408,4243.444854773928,4243.523405938935,0.09080450000000001,-0.118339,0.36,0.0,2140.0
24,CONTOUR,0.075225,-0.130294,0.36,0.038939,-0.145324,0.36,30.0,1070.0,False,134,-0.036286,-0.015030000000000016,0.0,0.039275624705407304,-157.50020664541933,15.001200097750994,0.5,0.07855124941081461,4243.523405938935,4243.601957188346,0.057082,-0.13780900000000001,0.36,0.0,2140.0
24,CONTOUR,0.038939,-0.145324,0.36,0.0,-0.15045,0.36,30.0,1070.0,False,135,-0.038939,-0.005125999999999992,0.0,0.03927494872052668,-172.50060255756617,15.000395912146894,0.5,0.07854989744105335,4243.601957188346,4243.680507085787,0.0194695,-0.147887,0.36,0.0,2140.0
24,CONTOUR,0.0,-0.15045,0.36,-0.038939,-0.145324,0.36,30.0,1070.0,False,136,-0.038939,0.005125999999999992,0.0,0.03927494872052668,172.50060255756617,14.998794884867625,0.5,0.07854989744105335,4243.680507085787,4243.759056983228,-0.0194695,-0.147887,0.36,0.0,2140.0
24,CONTOUR,-0.038939,-0.145324,0.36,-0.075225,-0.130294,0.36,30.0,1070.0,False,137,-0.036286,0.015030000000000016,0.0,0.039275624705407304,157.50020664541933,15.000395912146894,0.5,0.07855124941081461,4243.759056983228,4243.8376082326395,-0.057082,-0.13780900000000001,0.36,0.0,2140.0
24,CONTOUR,-0.075225,-0.130294,0.36,-0.106384,-0.106384,0.36,30.0,1070.0,False,138,-0.031159000000000006,0.023909999999999987,0.0,0.03927558250363704,142.49900654766836,15.001200097750994,0.5,0.07855116500727408,4243.8376082326395,4243.916159397647,-0.09080450000000001,-0.118339,0.36,0.0,2140.0
24,CONTOUR,-0.106384,-0.106384,0.36,-0.130294,-0.075225,0.36,30.0,1070.0,False,139,-0.023909999999999987,0.031159000000000006,0.0,0.03927558250363704,127.50099345233163,14.99801309533674,0.5,0.07855116500727408,4243.916159397647,4243.994710562654,-0.118339,-0.09080450000000001,0.36,0.0,2140.0
24,CONTOUR,-0.130294,-0.075225,0.36,-0.145324,-0.038939,0.36,30.0,1070.0,False,140,-0.015030000000000016,0.036286,0.0,0.039275624705407304,112.4997933545807,15.001200097750994,0.5,0.07855124941081461,4243.994710562654,4244.0732618120655,-0.13780900000000001,-0.057082,0.36,0.0,2140.0
24,CONTOUR,-0.145324,-0.038939,0.36,-0.150017,0.003291,0.36,30.0,1070.0,False,141,-0.004693000000000003,0.042230000000000004,0.0,0.04248996527416798,96.3412341290303,16.1585592255504,0.5,0.08497993054833596,4244.0732618120655,4244.158241742613,-0.1476705,-0.017824,0.36,0.0,2140.0
24,OTHER,-0.150017,0.003291,0.36,-0.149742,0.005381,0.36,40.0,1070.0,False,146,0.0002750000000000252,0.0020900000000000003,0.0,0.002108014468641052,82.50414236026947,13.837091768760905,0.6666666666666666,0.003162021702961578,4244.158241742613,4244.161403764317,-0.1498795,0.0043360000000000004,0.36,0.0,1605.0
24,HATCH,-0.149742,0.005381,0.36,-0.623478,0.005381,0.36,30.0,1070.0,False,149,-0.473736,0.0,0.0,0.473736,180.0,97.49585763973054,0.5,0.947472,4244.161403764317,4245.1088757643165,-0.38661,0.005381,0.36,122.48386015821052,2140.0
24,OTHER,-0.623478,0.005381,0.36,-0.623478,-0.039619,0.36,40.0,1070.0,False,152,0.0,-0.045,0.0,0.045,-90.0,90.0,0.6666666666666666,0.0675,4245.1088757643165,4245.176375764317,-0.623478,-0.017119000000000002,0.36,7.658073269549277,1605.0
24,HATCH,-0.623478,-0.039619,0.36,-0.145042,-0.039619,0.36,30.0,1070.0,False,155,0.478436,0.0,0.0,0.478436,0.0,90.0,0.5,0.956872,4245.176375764317,4246.133247764316,-0.38426,-0.039619,0.36,0.06750000000010914,2140.0
24,OTHER,-0.145042,-0.039619,0.36,-0.123085,-0.084619,0.36,40.0,1070.0,False,158,0.021957000000000004,-0.045,0.0,0.05007104801180019,-63.99070920478681,63.99070920478681,0.6666666666666666,0.0751065720177003,4246.133247764316,4246.208354336334,-0.1340635,-0.062119,0.36,1.9718439999996917,1605.0
24,HATCH,-0.123085,-0.084619,0.36,-0.617712,-0.084619,0.36,30.0,1070.0,False,161,-0.49462700000000004,0.0,0.0,0.49462700000000004,180.0,116.0092907952132,0.5,0.9892540000000001,4246.208354336334,4247.197608336334,-0.3703985,-0.084619,0.36,0.07510657201783033,2140.0
24,OTHER,-0.617712,-0.084619,0.36,-0.611388,-0.129619,0.36,40.0,1070.0,False,164,0.006323999999999996,-0.04500000000000001,0.0,0.04544219378507161,-82.00042147242401,97.99957852757599,0.6666666666666666,0.06816329067760742,4247.197608336334,4247.265771627012,-0.61455,-0.107119,0.36,2.0212325720176523,1605.0
24,HATCH,-0.611388,-0.129619,0.36,-0.076104,-0.129619,0.36,30.0,1070.0,False,167,0.5352840000000001,0.0,0.0,0.5352840000000001,0.0,82.00042147242401,0.5,1.0705680000000002,4247.265771627012,4248.336339627012,-0.343746,-0.129619,0.36,0.06816329067805782,2140.0
24,OTHER,-0.076104,-0.129619,0.36,0.076104,-0.129619,0.36,40.0,1070.0,False,170,0.152208,0.0,0.0,0.152208,0.0,0.0,0.6666666666666666,0.22831200000000001,4248.336339627012,4248.564651627013,0.0,-0.129619,0.36,4.420180229365542,1605.0
24,HATCH,0.076104,-0.129619,0.36,0.609855,-0.129619,0.36,30.0,1070.0,False,173,0.5337510000000001,0.0,0.0,0.5337510000000001,0.0,0.0,0.5,1.0675020000000002,4248.564651627013,4249.6321536270125,0.3429795,-0.129619,0.36,,2140.0
24,OTHER,0.609855,-0.129619,0.36,0.619083,-0.084619,0.36,40.0,1070.0,False,176,0.009228000000000014,0.04500000000000001,0.0,0.04593643416722723,78.41120815432761,78.41120815432761,0.6666666666666666,0.06890465125084085,4249.6321536270125,4249.701058278263,0.614469,-0.107119,0.36,15.843567443609572,1605.0
24,HATCH,0.619083,-0.084619,0.36,0.123085,-0.084619,0.36,30.0,1070.0,False,179,-0.49599800000000005,0.0,0.0,0.49599800000000005,180.0,101.5887918456724,0.5,0.9919960000000001,4249.701058278263,4250.693054278263,0.371084,-0.084619,0.36,0.06890465125070477,2140.0
24,OTHER,0.123085,-0.084619,0.36,0.145042,-0.039619,0.36,40.0,1070.0,False,182,0.021957000000000004,0.045,0.0,0.05007104801180019,63.99070920478681,116.0092907952132,0.6666666666666666,0.0751065720177003,4250.693054278263,4250.768160850281,0.1340635,-0.062119,0.36,7.169648339327978,1605.0
24,HATCH,0.145042,-0.039619,0.36,0.62223,-0.039619,0.36,30.0,1070.0,False,185,0.47718799999999995,0.0,0.0,0.47718799999999995,0.0,63.990709204786825,0.5,0.9543759999999999,4250.768160850281,4251.72253685028,0.383636,-0.039619,0.36,0.07510657201783033,2140.0
24,OTHER,0.62223,-0.039619,0.36,0.624624,0.005381,0.36,40.0,1070.0,False,188,0.0023940000000000072,0.045,0.0,0.04506363540594567,86.95473530812806,86.95473530812806,0.6666666666666666,0.06759545310891851,4251.72253685028,4251.790132303389,0.623427,-0.017119000000000002,0.36,2.0214785720172586,1605.0
24,HATCH,0.624624,0.005381,0.36,0.149742,0.005381,0.36,30.0,1070.0,False,191,-0.47488199999999997,0.0,0.0,0.47488199999999997,180.0,93.04526469187194,0.5,0.9497639999999999,4251.790132303389,4252.739896303389,0.38718299999999994,0.005381,0.36,0.06759545310887916,2140.0
24,OTHER,0.149742,0.005381,0.36,0.140584,0.050381,0.36,40.0,1070.0,False,194,-0.009158,0.045,0.0,0.045922423324558995,101.50323568842758,78.49676431157242,0.6666666666666666,0.0688836349868385,4252.739896303389,4252.808779938377,0.145163,0.027881000000000003,0.36,1.971735453108522,1605.0
24,HATCH,0.140584,0.050381,0.36,0.621477,0.050381,0.36,30.0,1070.0,False,197,0.48089299999999996,0.0,0.0,0.48089299999999996,0.0,101.50323568842758,0.5,0.9617859999999999,4252.808779938377,4253.770565938376,0.38103049999999994,0.050381,0.36,0.06888363498728722,2140.0
24,OTHER,0.621477,0.050381,0.36,0.617133,0.095381,0.36,40.0,1070.0,False,200,-0.0043439999999999035,0.04499999999999999,0.0,0.045209184199673395,95.51386760618054,95.51386760618054,0.6666666666666666,0.0678137762995101,4253.770565938376,4253.838379714676,0.619305,0.072881,0.36,1.9804336349870937,1605.0
24,HATCH,0.617133,0.095381,0.36,0.114827,0.095381,0.36,30.0,1070.0,False,203,-0.502306,0.0,0.0,0.502306,180.0,84.48613239381946,0.5,1.004612,4253.838379714676,4254.842991714676,0.36598,0.095381,0.36,0.06781377629977214,2140.0
24,OTHER,0.114827,0.095381,0.36,0.050872,0.140381,0.36,40.0,1070.0,False,206,-0.063955,0.04500000000000001,0.0,0.07820001294756926,144.86902482839264,35.13097517160734,0.6666666666666666,0.11730001942135389,4254.842991714676,4254.960291734097,0.08284949999999999,0.117881,0.36,11.712339150049047,1605.0
24,HATCH,0.050872,0.140381,0.36,0.607567,0.140381,0.36,30.0,1070.0,False,209,0.5566949999999999,0.0,0.0,0.5566949999999999,0.0,144.86902482839267,0.5,1.1133899999999999,4254.960291734097,4256.073681734098,0.3292195,0.140381,0.36,0.11730001942123636,2140.0
24,OTHER,0.607567,0.140381,0.36,0.596018,0.185381,0.36,40.0,1070.0,False,212,-0.01154899999999992,0.044999999999999984,0.0,0.04645836201374298,104.3939841077417,104.39398410774172,0.6666666666666666,0.06968754302061447,4256.073681734098,4256.143369277118,0.6017925,0.162881,0.36,2.235302019421397,1605.0
24,HATCH,0.596018,0.185381,0.36,-0.595446,0.185381,0.36,30.0,1070.0,False,215,-1.191464,0.0,0.0,1.191464,180.0,75.6060158922583,0.5,2.382928,4256.143369277118,4258.526297277118,0.00028600000000000847,0.185381,0.36,13.248370291917126,2140.0
24,OTHER,-0.595446,0.185381,0.36,-0.60835,0.140381,0.36,40.0,1070.0,False,218,-0.012903999999999916,-0.044999999999999984,0.0,0.04681360075875382,-106.00053841482487,73.99946158517513,0.6666666666666666,0.07022040113813073,4258.526297277118,4258.596517678256,-0.601898,0.162881,0.36,20.56706138831123,1605.0
24,HATCH,-0.60835,0.140381,0.36,-0.050872,0.140381,0.36,30.0,1070.0,False,221,0.5574779999999999,0.0,0.0,0.5574779999999999,0.0,106.00053841482487,0.5,1.1149559999999998,4258.596517678256,4259.711473678256,-0.329611,0.140381,0.36,,2140.0
24,OTHER,-0.050872,0.140381,0.36,-0.114827,0.095381,0.36,40.0,1070.0,False,224,-0.063955,-0.04500000000000001,0.0,0.07820001294756926,-144.86902482839264,144.86902482839267,0.6666666666666666,0.11730001942135389,4259.711473678256,4259.828773697677,-0.08284949999999999,0.117881,0.36,16.973575839907426,1605.0
24,HATCH,-0.114827,0.095381,0.36,-0.6162,0.095381,0.36,30.0,1070.0,False,227,-0.501373,0.0,0.0,0.501373,180.0,35.13097517160734,0.5,1.002746,4259.828773697677,4260.831519697677,-0.3655135,0.095381,0.36,0.11730001942123636,2140.0
24,OTHER,-0.6162,0.095381,0.36,-0.622524,0.050381,0.36,40.0,1070.0,False,230,-0.006323999999999996,-0.04499999999999999,0.0,0.04544219378507159,-97.999578527576,82.00042147242401,0.6666666666666666,0.06816329067760739,4260.831519697677,4260.899682988355,-0.619362,0.072881,0.36,2.2350020194216995,1605.0
24,HATCH,-0.622524,0.050381,0.36,-0.140584,0.050381,0.36,30.0,1070.0,False,233,0.48194,0.0,0.0,0.48194,0.0,97.999578527576,0.5,0.96388,4260.899682988355,4261.863562988356,-0.38155399999999995,0.050381,0.36,0.06816329067805782,2140.0
24,OTHER,-0.140584,0.050381,0.36,-0.579909,0.230381,0.36,40.0,1070.0,False,236,-0.439325,0.18,0.0,0.47476989755564747,157.72013299317157,157.72013299317157,0.6666666666666666,0.7121548463334713,4261.863562988356,4262.575717834689,-0.3602465,0.140381,0.36,0.0,1605.0
24,HATCH,-0.579909,0.230381,0.36,0.579639,0.230381,0.36,30.0,1070.0,False,239,1.159548,0.0,0.0,1.159548,0.0,157.72013299317157,0.5,2.319096,4262.575717834689,4264.89481383469,-0.00013499999999999623,0.230381,0.36,4.049420557571466,2140.0
24,OTHER,0.579639,0.230381,0.36,0.559709,0.275381,0.36,40.0,1070.0,False,242,-0.019930000000000003,0.044999999999999984,0.0,0.049215900885790954,113.88802057886981,113.88802057886981,0.6666666666666666,0.07382385132868644,4264.89481383469,4264.968637686018,0.569674,0.252881,0.36,8.75144455757163,1605.0
24,HATCH,0.559709,0.275381,0.36,-0.559874,0.275381,0.36,30.0,1070.0,False,245,-1.119583,0.0,0.0,1.119583,180.0,66.1119794211302,0.5,2.239166,4264.968637686018,4267.207803686018,-8.249999999998536e-05,0.275381,0.36,0.07382385132859781,2140.0
24,OTHER,-0.559874,0.275381,0.36,-0.534995,0.320381,0.36,40.0,1070.0,False,248,0.024878999999999984,0.04500000000000004,0.0,0.05141949670115416,61.063256885407675,118.93674311459233,0.6666666666666666,0.07712924505173124,4267.207803686018,4267.28493293107,-0.5474345,0.297881,0.36,29.059436773056404,1605.0
24,HATCH,-0.534995,0.320381,0.36,0.535783,0.320381,0.36,30.0,1070.0,False,251,1.070778,0.0,0.0,1.070778,0.0,61.063256885407675,0.5,2.141556,4267.28493293107,4269.42648893107,0.00039400000000000546,0.320381,0.36,0.07712924505176488,2140.0
24,OTHER,0.535783,0.320381,0.36,0.505196,0.365381,0.36,40.0,1070.0,False,254,-0.03058700000000003,0.044999999999999984,0.0,0.05441107027986125,124.20438215321616,124.20438215321616,0.6666666666666666,0.08161660541979188,4269.42648893107,4269.50810553649,0.5204895,0.342881,0.36,28.66225344719078,1605.0
24,HATCH,0.505196,0.365381,0.36,-0.506876,0.365381,0.36,30.0,1070.0,False,257,-1.0120719999999999,0.0,0.0,1.0120719999999999,180.0,55.79561784678386,0.5,2.0241439999999997,4269.50810553649,4271.53224953649,-0.0008400000000000074,0.365381,0.36,0.08161660542009486,2140.0
24,OTHER,-0.506876,0.365381,0.36,-0.469542,0.410381,0.36,40.0,1070.0,False,260,0.03733399999999998,0.044999999999999984,0.0,0.058470741024892074,50.31939114723103,129.68060885276896,0.6666666666666666,0.08770611153733812,4271.53224953649,4271.619955648027,-0.488209,0.38788100000000003,0.36,33.04983864352471,1605.0
24,HATCH,-0.469542,0.410381,0.36,0.470436,0.410381,0.36,30.0,1070.0,False,263,0.939978,0.0,0.0,0.939978,0.0,50.31939114723104,0.5,1.879956,4271.619955648027,4273.499911648027,0.00044700000000000295,0.410381,0.36,0.08770611153704522,2140.0
24,OTHER,0.470436,0.410381,0.36,0.42698,0.455381,0.36,40.0,1070.0,False,266,-0.043455999999999995,0.044999999999999984,0.0,0.06255736516190558,134.00000338226172,134.00000338226172,0.6666666666666666,0.09383604774285836,4273.499911648027,4273.59374769577,0.448708,0.43288099999999996,0.36,32.9248066824257,1605.0
24,HATCH,0.42698,0.455381,0.36,-0.426021,0.455381,0.36,30.0,1070.0,False,269,-0.853001,0.0,0.0,0.853001,180.0,45.99999661773829,0.5,1.706002,4273.59374769577,4275.29974969577,0.0004795000000000216,0.455381,0.36,0.09383604774302512,2140.0
24,OTHER,-0.426021,0.455381,0.36,-0.373115,0.500381,0.36,40.0,1070.0,False,272,0.05290600000000001,0.044999999999999984,0.0,0.06945534418603078,40.38333011105428,139.61666988894572,0.6666666666666666,0.10418301627904616,4275.29974969577,4275.403932712049,-0.399568,0.477881,0.36,36.642947167646525,1605.0
24,HATCH,-0.373115,0.500381,0.36,0.372237,0.500381,0.36,30.0,1070.0,False,275,0.745352,0.0,0.0,0.745352,0.0,40.38333011105427,0.5,1.490704,4275.403932712049,4276.894636712049,-0.00043899999999999495,0.500381,0.36,0.10418301627942128,2140.0
24,OTHER,0.372237,0.500381,0.36,0.302328,0.545381,0.36,40.0,1070.0,False,278,-0.069909,0.04500000000000004,0.0,0.08314005220710415,147.23086149531053,147.23086149531053,0.6666666666666666,0.12471007831065622,4276.894636712049,4277.019346790359,0.3372825,0.5228809999999999,0.36,36.653575811148585,1605.0
24,HATCH,0.302328,0.545381,0.36,-0.304063,0.545381,0.36,30.0,1070.0,False,281,-0.606391,0.0,0.0,0.606391,180.0,32.76913850468948,0.5,1.212782,4277.019346790359,4278.232128790359,-0.000867500000000021,0.545381,0.36,0.12471007831027237,2140.0
24,OTHER,-0.304063,0.545381,0.36,-0.20061,0.590381,0.36,40.0,1070.0,False,284,0.10345300000000002,0.04500000000000004,0.0,0.11281632509969472,23.50808318330025,156.49191681669976,0.6666666666666666,0.1692244876495421,4278.232128790359,4278.401353278008,-0.2523365,0.5678810000000001,0.36,39.22654465764572,1605.0
24,HATCH,-0.20061,0.590381,0.36,0.203109,0.590381,0.36,30.0,1070.0,False,287,0.40371900000000005,0.0,0.0,0.40371900000000005,0.0,23.508083183300258,0.5,0.8074380000000001,4278.401353278008,4279.208791278008,0.0012495000000000006,0.590381,0.36,0.1692244876494442,2140.0
24,OTHER,0.203109,0.590381,0.36,0.599935,-0.174619,0.36,40.0,1070.0,False,290,0.396826,-0.765,0.0,0.8617980472686162,-62.58302047453008,62.583020474530066,0.6666666666666666,1.2926970709029244,4279.208791278008,4280.501488348911,0.401522,0.20788100000000004,0.36,23.135109543910403,1605.0
24,HATCH,0.599935,-0.174619,0.36,-0.598532,-0.174619,0.36,30.0,1070.0,False,293,-1.198467,0.0,0.0,1.198467,180.0,117.41697952546994,0.5,2.396934,4280.501488348911,4282.8984223489115,0.0007015000000000216,-0.174619,0.36,31.936836721898544,2140.0
24,OTHER,-0.598532,-0.174619,0.36,-0.5847,-0.219619,0.36,40.0,1070.0,False,296,0.013831999999999955,-0.04500000000000001,0.0,0.04707785279725489,-72.91373512925394,107.08626487074608,0.6666666666666666,0.07061677919588234,4282.8984223489115,4282.969039128107,-0.5916159999999999,-0.197119,0.36,35.632650721899154,1605.0
24,HATCH,-0.5847,-0.219619,0.36,0.583556,-0.219619,0.36,30.0,1070.0,False,299,1.168256,0.0,0.0,1.168256,0.0,72.91373512925394,0.5,2.336512,4282.969039128107,4285.305551128107,-0.0005720000000000169,-0.219619,0.36,0.07061677919591602,2140.0
24,OTHER,0.583556,-0.219619,0.36,0.565431,-0.264619,0.36,40.0,1070.0,False,302,-0.018124999999999947,-0.044999999999999984,0.0,0.04851304592581254,-111.93848046770643,111.93848046770643,0.6666666666666666,0.07276956888871881,4285.305551128107,4285.378320696996,0.5744935,-0.242119,0.36,51.16818077654989,1605.0
24,HATCH,0.565431,-0.264619,0.36,-0.564665,-0.264619,0.36,30.0,1070.0,False,305,-1.130096,0.0,0.0,1.130096,180.0,68.06151953229357,0.5,2.260192,4285.378320696996,4287.638512696995,0.0003830000000000222,-0.264619,0.36,0.07276956888836139,2140.0
24,OTHER,-0.564665,-0.264619,0.36,-0.54172,-0.309619,0.36,40.0,1070.0,False,308,0.022944999999999993,-0.044999999999999984,0.0,0.050512107706964654,-62.98347077292725,117.01652922707277,0.6666666666666666,0.07576816156044698,4287.638512696995,4287.714280858556,-0.5531925,-0.287119,0.36,4.669473568887952,1605.0
24,HATCH,-0.54172,-0.309619,0.36,0.541505,-0.309619,0.36,30.0,1070.0,False,311,1.083225,0.0,0.0,1.083225,0.0,62.98347077292725,0.5,2.16645,4287.714280858556,4289.880730858556,-0.00010749999999998261,-0.309619,0.36,0.07576816156051791,2140.0
24,OTHER,0.541505,-0.309619,0.36,0.513015,-0.354619,0.36,40.0,1070.0,False,314,-0.028490000000000015,-0.04500000000000004,0.0,0.05326049286290923,-122.3383552306179,122.3383552306179,0.6666666666666666,0.07989073929436386,4289.880730858556,4289.96062159785,0.5272600000000001,-0.332119,0.36,55.56897081381885,1605.0
24,HATCH,0.513015,-0.354619,0.36,-0.513601,-0.354619,0.36,30.0,1070.0,False,317,-1.026616,0.0,0.0,1.026616,180.0,57.66164476938212,0.5,2.053232,4289.96062159785,4292.01385359785,-0.0002929999999999877,-0.354619,0.36,0.07989073929456936,2140.0
24,OTHER,-0.513601,-0.354619,0.36,-0.478572,-0.399619,0.36,40.0,1070.0,False,320,0.03502899999999998,-0.044999999999999984,0.0,0.05702658012716524,-52.10201707382969,127.89798292617029,0.6666666666666666,0.08553987019074787,4292.01385359785,4292.099393468041,-0.4960865,-0.377119,0.36,55.26061709323949,1605.0
24,HATCH,-0.478572,-0.399619,0.36,0.48032,-0.399619,0.36,30.0,1070.0,False,323,0.9588920000000001,0.0,0.0,0.9588920000000001,0.0,52.1020170738297,0.5,1.9177840000000002,4292.099393468041,4294.017177468041,0.0008740000000000137,-0.399619,0.36,0.08553987019058695,2140.0
24,OTHER,0.48032,-0.399619,0.36,0.437372,-0.444619,0.36,40.0,1070.0,False,326,-0.04294800000000004,-0.044999999999999984,0.0,0.06220555203516807,-133.66341915593748,133.66341915593748,0.6666666666666666,0.0933083280527521,4294.017177468041,4294.110485796094,0.458846,-0.422119,0.36,59.37137395632817,1605.0
24,HATCH,0.437372,-0.444619,0.36,-0.437973,-0.444619,0.36,30.0,1070.0,False,329,-0.875345,0.0,0.0,0.875345,180.0,46.33658084406255,0.5,1.75069,4294.110485796094,4295.861175796093,-0.0003005000000000091,-0.444619,0.36,0.09330832805244427,2140.0
24,OTHER,-0.437973,-0.444619,0.36,-0.387995,-0.489619,0.36,40.0,1070.0,False,332,0.04997800000000002,-0.04500000000000004,0.0,0.06725176937449308,-41.99975097385829,138.00024902614172,0.6666666666666666,0.10087765406173962,4295.861175796093,4295.9620534501555,-0.412984,-0.467119,0.36,59.297068131158085,1605.0
24,HATCH,-0.387995,-0.489619,0.36,0.386011,-0.489619,0.36,30.0,1070.0,False,335,0.774006,0.0,0.0,0.774006,0.0,41.99975097385828,0.5,1.548012,4295.9620534501555,4297.510065450156,-0.0009919999999999929,-0.489619,0.36,0.10087765406206017,2140.0
24,OTHER,0.386011,-0.489619,0.36,0.320967,-0.534619,0.36,40.0,1070.0,False,338,-0.06504399999999999,-0.04499999999999993,0.0,0.07909312192599299,-145.3229894688723,145.3229894688723,0.6666666666666666,0.11863968288898949,4297.510065450156,4297.628705133045,0.353489,-0.512119,0.36,62.67513138459344,1605.0
24,HATCH,0.320967,-0.534619,0.36,-0.322354,-0.534619,0.36,30.0,1070.0,False,341,-0.643321,0.0,0.0,0.643321,180.0,34.67701053112771,0.5,1.286642,4297.628705133045,4298.915347133045,-0.0006934999999999858,-0.534619,0.36,0.11863968288889737,2140.0
24,OTHER,-0.322354,-0.534619,0.36,-0.233731,-0.579619,0.36,40.0,1070.0,False,344,0.08862299999999998,-0.04500000000000004,0.0,0.09939334046604933,-26.92004194786997,153.07995805213002,0.6666666666666666,0.14909001069907402,4298.915347133045,4299.064437143744,-0.27804249999999997,-0.5571189999999999,0.36,62.70002246011336,1605.0
24,HATCH,-0.233731,-0.579619,0.36,0.229745,-0.579619,0.36,30.0,1070.0,False,347,0.463476,0.0,0.0,0.463476,0.0,26.920041947869965,0.5,0.926952,4299.064437143744,4299.991389143744,-0.0019929999999999948,-0.579619,0.36,0.14909001069918304,2140.0
24,OTHER,0.229745,-0.579619,0.36,0.229745,-0.579619,0.375,40.0,1070.0,False,350,0.0,0.0,0.015000000000000013,0.015000000000000013,0.0,,0.6666666666666666,0.02250000000000002,4299.991389143744,4300.013889143744,0.229745,-0.579619,0.3675,64.82241206456729,1605.0
25,OTHER,0.229745,-0.579619,0.375,-0.106384,-0.106384,0.375,40.0,1070.0,False,20,-0.336129,0.47323499999999996,0.0,0.5804602224666218,125.3853878598961,,0.6666666666666666,0.8706903336999327,4300.013889143744,4300.884579477443,0.0616805,-0.3430015,0.375,5.9967116757025,1605.0
25,CONTOUR,-0.106384,-0.106384,0.375,-0.083161,-0.124204,0.375,30.0,1070.0,False,23,0.023223000000000008,-0.01781999999999999,0.0,0.029272173287953868,-37.50056735271367,162.8859552126098,0.5,0.058544346575907735,4300.884579477443,4300.9431238240195,-0.09477250000000001,-0.11529400000000001,0.375,52.31992785043076,2140.0
25,CONTOUR,-0.083161,-0.124204,0.375,-0.075225,-0.130294,0.375,30.0,1070.0,False,24,0.007935999999999999,-0.006089999999999998,0.0,0.010003409218861335,-37.502240313434996,0.0016729604733475808,0.5,0.02000681843772267,4300.9431238240195,4300.963130642457,-0.079193,-0.127249,0.375,0.0,2140.0
25,CONTOUR,-0.075225,-0.130294,0.375,-0.048181,-0.141496,0.375,30.0,1070.0,False,25,0.027044,-0.011202000000000017,0.0,0.029272217886590013,-22.50001522482288,15.002225088612068,0.5,0.058544435773180026,4300.963130642457,4301.02167507823,-0.061703,-0.135895,0.375,0.0,2140.0
25,CONTOUR,-0.048181,-0.141496,0.375,-0.038939,-0.145324,0.375,30.0,1070.0,False,26,0.009242,-0.003827999999999998,0.0,0.010003406819678982,-22.49914411235861,0.0008711119078930304,0.5,0.020006813639357964,4301.02167507823,4301.041681891869,-0.04356,-0.14341,0.375,0.0,2140.0
25,CONTOUR,-0.038939,-0.145324,0.375,-0.009917,-0.149144,0.375,30.0,1070.0,False,27,0.029022,-0.00381999999999999,0.0,0.029272322832327467,-7.498411073235634,15.000733039122956,0.5,0.058544645664654935,4301.041681891869,4301.100226537534,-0.024428000000000002,-0.147234,0.375,0.0,2140.0
25,CONTOUR,-0.009917,-0.149144,0.375,0.0,-0.15045,0.375,30.0,1070.0,False,28,0.009917,-0.0013060000000000016,0.0,0.010002625905231087,-7.502284016208133,0.0038729429313816813,0.5,0.020005251810462175,4301.100226537534,4301.120231789344,-0.0049585,-0.149797,0.375,0.0,2140.0
25,CONTOUR,0.0,-0.15045,0.375,0.029022,-0.146629,0.375,30.0,1070.0,False,29,0.029022,0.003820999999999991,0.0,0.029272453347814902,7.5003516626658175,15.002635678873935,0.5,0.058544906695629804,4301.120231789344,4301.17877669604,0.014511,-0.1485395,0.375,0.0,2140.0
25,CONTOUR,0.029022,-0.146629,0.375,0.038939,-0.145324,0.375,30.0,1070.0,False,30,0.009917000000000002,0.0013050000000000006,0.0,0.010002495388651776,7.496604902557642,0.003746760039782255,0.5,0.02000499077730355,4301.17877669604,4301.198781686817,0.0339805,-0.1459765,0.375,0.0,2140.0
25,CONTOUR,0.038939,-0.145324,0.375,0.065984,-0.134121,0.375,30.0,1070.0,False,31,0.027045,0.011203000000000018,0.0,0.02927352445470139,22.501074483423086,15.004469580865406,0.5,0.05854704890940278,4301.198781686817,4301.257328735726,0.0524615,-0.1397225,0.375,0.0,2140.0
25,CONTOUR,0.065984,-0.134121,0.375,0.075225,-0.130294,0.375,30.0,1070.0,False,32,0.009241,0.003826999999999997,0.0,0.010002100279441312,22.49604382643428,0.005030657037659957,0.5,0.020004200558882624,4301.257328735726,4301.277332936285,0.0706045,-0.13220749999999998,0.375,0.0,2140.0
25,CONTOUR,0.075225,-0.130294,0.375,0.098449,-0.112473,0.375,30.0,1070.0,False,33,0.023223999999999995,0.01782099999999999,0.0,0.029273575405132857,37.50092861852451,15.004884792090243,0.5,0.058547150810265715,4301.277332936285,4301.335880087096,0.086837,-0.1213835,0.375,0.0,2140.0
25,CONTOUR,0.098449,-0.112473,0.375,0.106384,-0.106384,0.375,30.0,1070.0,False,34,0.007935000000000011,0.006088999999999997,0.0,0.010002007098577773,37.50118320598037,0.00025458779990429414,0.5,0.020004014197155546,4301.335880087096,4301.355884101293,0.1024165,-0.10942850000000001,0.375,0.0,2140.0
25,CONTOUR,0.106384,-0.106384,0.375,0.124204,-0.083161,0.375,30.0,1070.0,False,35,0.01781999999999999,0.023223000000000008,0.0,0.029272173287953868,52.49943264728634,14.998249441305976,0.5,0.058544346575907735,4301.355884101293,4301.414428447869,0.11529400000000001,-0.09477250000000001,0.375,0.0,2140.0
25,CONTOUR,0.124204,-0.083161,0.375,0.130294,-0.075225,0.375,30.0,1070.0,False,36,0.006089999999999998,0.007935999999999999,0.0,0.010003409218861335,52.49775968656501,0.0016729604733475808,0.5,0.02000681843772267,4301.414428447869,4301.4344352663065,0.127249,-0.079193,0.375,0.0,2140.0
25,CONTOUR,0.130294,-0.075225,0.375,0.141496,-0.048181,0.375,30.0,1070.0,False,37,0.011202000000000017,0.027044,0.0,0.029272217886590013,67.49998477517713,15.002225088612068,0.5,0.058544435773180026,4301.4344352663065,4301.4929797020795,0.135895,-0.061703,0.375,0.0,2140.0
25,CONTOUR,0.141496,-0.048181,0.375,0.145324,-0.038939,0.375,30.0,1070.0,False,38,0.003827999999999998,0.009242,0.0,0.010003406819678982,67.50085588764138,0.0008711119078930304,0.5,0.020006813639357964,4301.4929797020795,4301.512986515719,0.14341,-0.04356,0.375,0.0,2140.0
25,CONTOUR,0.145324,-0.038939,0.375,0.149144,-0.009917,0.375,30.0,1070.0,False,39,0.00381999999999999,0.029022,0.0,0.029272322832327467,82.50158892676437,15.000733039122956,0.5,0.058544645664654935,4301.512986515719,4301.571531161383,0.147234,-0.024428000000000002,0.375,0.0,2140.0
25,CONTOUR,0.149144,-0.009917,0.375,0.15045,0.0,0.375,30.0,1070.0,False,40,0.0013060000000000016,0.009917,0.0,0.010002625905231087,82.49771598379186,0.0038729429313816813,0.5,0.020005251810462175,4301.571531161383,4301.591536413193,0.149797,-0.0049585,0.375,0.0,2140.0
25,CONTOUR,0.15045,0.0,0.375,0.146629,0.029022,0.375,30.0,1070.0,False,41,-0.003820999999999991,0.029022,0.0,0.029272453347814902,97.50035166266582,15.002635678873935,0.5,0.058544906695629804,4301.591536413193,4301.650081319889,0.1485395,0.014511,0.375,0.0,2140.0
25,CONTOUR,0.146629,0.029022,0.375,0.145324,0.038939,0.375,30.0,1070.0,False,42,-0.0013050000000000006,0.009917000000000002,0.0,0.010002495388651776,97.49660490255764,0.003746760039782255,0.5,0.02000499077730355,4301.650081319889,4301.670086310666,0.1459765,0.0339805,0.375,0.0,2140.0
25,CONTOUR,0.145324,0.038939,0.375,0.134121,0.065984,0.375,30.0,1070.0,False,43,-0.011203000000000018,0.027045,0.0,0.02927352445470139,112.50107448342308,15.004469580865406,0.5,0.05854704890940278,4301.670086310666,4301.728633359576,0.1397225,0.0524615,0.375,0.0,2140.0
25,CONTOUR,0.134121,0.065984,0.375,0.130294,0.075225,0.375,30.0,1070.0,False,44,-0.003826999999999997,0.009241,0.0,0.010002100279441312,112.49604382643429,0.005030657037659957,0.5,0.020004200558882624,4301.728633359576,4301.748637560135,0.13220749999999998,0.0706045,0.375,0.0,2140.0
25,CONTOUR,0.130294,0.075225,0.375,0.112473,0.098449,0.375,30.0,1070.0,False,45,-0.01782099999999999,0.023223999999999995,0.0,0.029273575405132857,127.50092861852451,15.004884792090243,0.5,0.058547150810265715,4301.748637560135,4301.807184710945,0.1213835,0.086837,0.375,0.0,2140.0
25,CONTOUR,0.112473,0.098449,0.375,0.106384,0.106384,0.375,30.0,1070.0,False,46,-0.006088999999999997,0.007935000000000011,0.0,0.010002007098577773,127.50118320598035,0.00025458779990429414,0.5,0.020004014197155546,4301.807184710945,4301.827188725142,0.10942850000000001,0.1024165,0.375,0.0,2140.0
25,CONTOUR,0.106384,0.106384,0.375,0.083161,0.124204,0.375,30.0,1070.0,False,47,-0.023223000000000008,0.01781999999999999,0.0,0.029272173287953868,142.49943264728634,14.998249441305976,0.5,0.058544346575907735,4301.827188725142,4301.885733071718,0.09477250000000001,0.11529400000000001,0.375,0.0,2140.0
25,CONTOUR,0.083161,0.124204,0.375,0.075225,0.130294,0.375,30.0,1070.0,False,48,-0.007935999999999999,0.006089999999999998,0.0,0.010003409218861335,142.497759686565,0.0016729604733475808,0.5,0.02000681843772267,4301.885733071718,4301.905739890156,0.079193,0.127249,0.375,0.0,2140.0
25,CONTOUR,0.075225,0.130294,0.375,0.048181,0.141496,0.375,30.0,1070.0,False,49,-0.027044,0.011202000000000017,0.0,0.029272217886590013,157.49998477517713,15.002225088612068,0.5,0.058544435773180026,4301.905739890156,4301.964284325929,0.061703,0.135895,0.375,0.0,2140.0
25,CONTOUR,0.048181,0.141496,0.375,0.038939,0.145324,0.375,30.0,1070.0,False,50,-0.009242,0.003827999999999998,0.0,0.010003406819678982,157.5008558876414,0.0008711119078930304,0.5,0.020006813639357964,4301.964284325929,4301.984291139568,0.04356,0.14341,0.375,0.0,2140.0
25,CONTOUR,0.038939,0.145324,0.375,0.009917,0.149144,0.375,30.0,1070.0,False,51,-0.029022,0.00381999999999999,0.0,0.029272322832327467,172.50158892676438,15.000733039122956,0.5,0.058544645664654935,4301.984291139568,4302.0428357852325,0.024428000000000002,0.147234,0.375,0.0,2140.0
25,CONTOUR,0.009917,0.149144,0.375,0.0,0.15045,0.375,30.0,1070.0,False,52,-0.009917,0.0013060000000000016,0.0,0.010002625905231087,172.49771598379186,0.0038729429313816813,0.5,0.020005251810462175,4302.0428357852325,4302.062841037043,0.0049585,0.149797,0.375,0.0,2140.0
25,CONTOUR,0.0,0.15045,0.375,-0.029022,0.146629,0.375,30.0,1070.0,False,53,-0.029022,-0.003820999999999991,0.0,0.029272453347814902,-172.4996483373342,15.002635678873935,0.5,0.058544906695629804,4302.062841037043,4302.1213859437385,-0.014511,0.1485395,0.375,0.0,2140.0
25,CONTOUR,-0.029022,0.146629,0.375,-0.038939,0.145324,0.375,30.0,1070.0,False,54,-0.009917000000000002,-0.0013050000000000006,0.0,0.010002495388651776,-172.50339509744236,0.003746760039782255,0.5,0.02000499077730355,4302.1213859437385,4302.141390934516,-0.0339805,0.1459765,0.375,0.0,2140.0
25,CONTOUR,-0.038939,0.145324,0.375,-0.065984,0.134121,0.375,30.0,1070.0,False,55,-0.027045,-0.011203000000000018,0.0,0.02927352445470139,-157.49892551657692,15.004469580865406,0.5,0.05854704890940278,4302.141390934516,4302.199937983425,-0.0524615,0.1397225,0.375,0.0,2140.0
25,CONTOUR,-0.065984,0.134121,0.375,-0.075225,0.130294,0.375,30.0,1070.0,False,56,-0.009241,-0.003826999999999997,0.0,0.010002100279441312,-157.50395617356574,0.005030657037659957,0.5,0.020004200558882624,4302.199937983425,4302.219942183984,-0.0706045,0.13220749999999998,0.375,0.0,2140.0
25,CONTOUR,-0.075225,0.130294,0.375,-0.098449,0.112473,0.375,30.0,1070.0,False,57,-0.023223999999999995,-0.01782099999999999,0.0,0.029273575405132857,-142.4990713814755,15.004884792090243,0.5,0.058547150810265715,4302.219942183984,4302.278489334794,-0.086837,0.1213835,0.375,0.0,2140.0
25,CONTOUR,-0.098449,0.112473,0.375,-0.106384,0.106384,0.375,30.0,1070.0,False,58,-0.007935000000000011,-0.006088999999999997,0.0,0.010002007098577773,-142.49881679401963,0.00025458779990429414,0.5,0.020004014197155546,4302.278489334794,4302.2984933489915,-0.1024165,0.10942850000000001,0.375,0.0,2140.0
25,CONTOUR,-0.106384,0.106384,0.375,-0.124204,0.083161,0.375,30.0,1070.0,False,59,-0.01781999999999999,-0.023223000000000008,0.0,0.029272173287953868,-127.50056735271367,14.998249441305976,0.5,0.058544346575907735,4302.2984933489915,4302.357037695568,-0.11529400000000001,0.09477250000000001,0.375,0.0,2140.0
25,CONTOUR,-0.124204,0.083161,0.375,-0.130294,0.075225,0.375,30.0,1070.0,False,60,-0.006089999999999998,-0.007935999999999999,0.0,0.010003409218861335,-127.502240313435,0.0016729604733475808,0.5,0.02000681843772267,4302.357037695568,4302.377044514005,-0.127249,0.079193,0.375,0.0,2140.0
25,CONTOUR,-0.130294,0.075225,0.375,-0.141496,0.048181,0.375,30.0,1070.0,False,61,-0.011202000000000017,-0.027044,0.0,0.029272217886590013,-112.50001522482289,15.002225088612068,0.5,0.058544435773180026,4302.377044514005,4302.435588949778,-0.135895,0.061703,0.375,0.0,2140.0
25,CONTOUR,-0.141496,0.048181,0.375,-0.145324,0.038939,0.375,30.0,1070.0,False,62,-0.003827999999999998,-0.009242,0.0,0.010003406819678982,-112.49914411235862,0.0008711119078930304,0.5,0.020006813639357964,4302.435588949778,4302.4555957634175,-0.14341,0.04356,0.375,0.0,2140.0
25,CONTOUR,-0.145324,0.038939,0.375,-0.149144,0.009917,0.375,30.0,1070.0,False,63,-0.00381999999999999,-0.029022,0.0,0.029272322832327467,-97.49841107323563,15.000733039122956,0.5,0.058544645664654935,4302.4555957634175,4302.514140409082,-0.147234,0.024428000000000002,0.375,0.0,2140.0
25,CONTOUR,-0.149144,0.009917,0.375,-0.15045,0.0,0.375,30.0,1070.0,False,64,-0.0013060000000000016,-0.009917,0.0,0.010002625905231087,-97.50228401620814,0.0038729429313816813,0.5,0.020005251810462175,4302.514140409082,4302.534145660892,-0.149797,0.0049585,0.375,0.0,2140.0
25,CONTOUR,-0.15045,0.0,0.375,-0.146629,-0.029022,0.375,30.0,1070.0,False,65,0.003820999999999991,-0.029022,0.0,0.029272453347814902,-82.4996483373342,15.002635678873935,0.5,0.058544906695629804,4302.534145660892,4302.592690567588,-0.1485395,-0.014511,0.375,0.0,2140.0
25,CONTOUR,-0.146629,-0.029022,0.375,-0.145324,-0.038939,0.375,30.0,1070.0,False,66,0.0013050000000000006,-0.009917000000000002,0.0,0.010002495388651776,-82.50339509744236,0.003746760039782255,0.5,0.02000499077730355,4302.592690567588,4302.612695558365,-0.1459765,-0.0339805,0.375,0.0,2140.0
25,CONTOUR,-0.145324,-0.038939,0.375,-0.134121,-0.065984,0.375,30.0,1070.0,False,67,0.011203000000000018,-0.027045,0.0,0.02927352445470139,-67.49892551657692,15.004469580865406,0.5,0.05854704890940278,4302.612695558365,4302.6712426072745,-0.1397225,-0.0524615,0.375,0.0,2140.0
25,CONTOUR,-0.134121,-0.065984,0.375,-0.130294,-0.075225,0.375,30.0,1070.0,False,68,0.003826999999999997,-0.009241,0.0,0.010002100279441312,-67.50395617356573,0.005030657037659957,0.5,0.020004200558882624,4302.6712426072745,4302.6912468078335,-0.13220749999999998,-0.0706045,0.375,0.0,2140.0
25,CONTOUR,-0.130294,-0.075225,0.375,-0.112473,-0.098449,0.375,30.0,1070.0,False,69,0.01782099999999999,-0.023223999999999995,0.0,0.029273575405132857,-52.49907138147549,15.004884792090243,0.5,0.058547150810265715,4302.6912468078335,4302.749793958644,-0.1213835,-0.086837,0.375,0.0,2140.0
25,CONTOUR,-0.112473,-0.098449,0.375,-0.106384,-0.106384,0.375,30.0,1070.0,False,70,0.006088999999999997,-0.007935000000000011,0.0,0.010002007098577773,-52.49881679401964,0.00025458779990429414,0.5,0.020004014197155546,4302.749793958644,4302.769797972841,-0.10942850000000001,-0.1024165,0.375,0.0,2140.0
25,OTHER,-0.106384,-0.106384,0.375,0.593193,0.193141,0.375,40.0,1070.0,False,73,0.699577,0.29952500000000004,0.0,0.7610014484572286,23.17826477805965,75.67708157207929,0.6666666666666666,1.141502172685843,4302.769797972841,4303.911300145527,0.24340449999999997,0.0433785,0.375,1.099711662174741,1605.0
25,CONTOUR,0.593193,0.193141,0.375,0.570966,0.25421,0.375,30.0,1070.0,False,76,-0.022226999999999997,0.061068999999999984,0.0,0.06498817038507852,109.9997529215941,86.82148814353444,0.5,0.12997634077015705,4303.911300145527,4304.041276486298,0.5820795,0.2236755,0.375,38.94266245950894,2140.0
25,CONTOUR,0.570966,0.25421,0.375,0.56054,0.273818,0.375,30.0,1070.0,False,77,-0.010425999999999935,0.019608000000000014,0.0,0.022207546915406915,118.00055005906816,8.000797137474011,0.5,0.04441509383081383,4304.041276486298,4304.085691580129,0.565753,0.26401399999999997,0.375,0.0,2140.0
25,CONTOUR,0.56054,0.273818,0.375,0.53003,0.3312,0.375,30.0,1070.0,False,78,-0.030510000000000037,0.05738199999999999,0.0,0.06498887615584686,117.99957139154569,0.0009786678119265053,0.5,0.12997775231169373,4304.085691580129,4304.2156693324405,0.545285,0.30250900000000003,0.375,0.0,2140.0
25,CONTOUR,0.53003,0.3312,0.375,0.516977,0.349165,0.375,30.0,1070.0,False,79,-0.013052999999999981,0.01796500000000001,0.0,0.02220635120860696,126.00138494899109,8.001813557445395,0.5,0.04441270241721392,4304.2156693324405,4304.260082034858,0.5235035,0.3401825,0.375,0.0,2140.0
25,CONTOUR,0.516977,0.349165,0.375,0.478778,0.401742,0.375,30.0,1070.0,False,80,-0.03819900000000004,0.052576999999999985,0.0,0.06498849536648776,125.99969580107457,0.0016891479521041802,0.5,0.12997699073297553,4304.260082034858,4304.390059025591,0.4978775,0.3754535,0.375,0.0,2140.0
25,CONTOUR,0.478778,0.401742,0.375,0.463352,0.417717,0.375,30.0,1070.0,False,81,-0.015425999999999995,0.015975000000000017,0.0,0.022207253342095244,133.9983701628886,7.998674361814012,0.5,0.04441450668419049,4304.390059025591,4304.434473532275,0.47106499999999996,0.40972949999999997,0.375,0.0,2140.0
25,CONTOUR,0.463352,0.417717,0.375,0.418207,0.464466,0.375,30.0,1070.0,False,82,-0.04514499999999999,0.046748999999999985,0.0,0.06498876846040397,134.00000980870558,0.0016396453361316528,0.5,0.12997753692080793,4304.434473532275,4304.5644510691955,0.4407795,0.44109149999999997,0.375,0.0,2140.0
25,CONTOUR,0.418207,0.464466,0.375,0.400707,0.478137,0.375,30.0,1070.0,False,83,-0.017500000000000016,0.013670999999999989,0.0,0.022206896248688157,142.0030465842214,8.003036775515744,0.5,0.044413792497376314,4304.5644510691955,4304.608864861692,0.40945699999999996,0.4713015,0.375,0.0,2140.0
25,CONTOUR,0.400707,0.478137,0.375,0.349496,0.518148,0.375,30.0,1070.0,False,84,-0.051211000000000007,0.040011000000000074,0.0,0.06498804999382583,141.9995958144547,0.0034507695187914363,0.5,0.12997609998765167,4304.608864861692,4304.73884096168,0.3751015,0.49814250000000004,0.375,0.0,2140.0
25,CONTOUR,0.349496,0.518148,0.375,0.330264,0.529252,0.375,30.0,1070.0,False,85,-0.01923199999999997,0.011103999999999892,0.0,0.022207400568278957,149.9991070935629,7.999511279108244,0.5,0.044414801136557915,4304.73884096168,4304.783255762816,0.33987999999999996,0.5237,0.375,0.0,2140.0
25,CONTOUR,0.330264,0.529252,0.375,0.273982,0.561746,0.375,30.0,1070.0,False,86,-0.056282,0.03249400000000002,0.0,0.06498864177685207,150.00032666896638,0.001219576132029373,0.5,0.12997728355370414,4304.783255762816,4304.91323304637,0.30212300000000003,0.545499,0.375,0.0,2140.0
25,CONTOUR,0.273982,0.561746,0.375,0.253392,0.570065,0.375,30.0,1070.0,False,87,-0.020589999999999997,0.008319000000000076,0.0,0.022207067816350748,157.99976075606514,7.999434087098805,0.5,0.044414135632701496,4304.91323304637,4304.957647182003,0.263687,0.5659055,0.375,0.0,2140.0
25,CONTOUR,0.253392,0.570065,0.375,0.193136,0.59441,0.375,30.0,1070.0,False,88,-0.060256000000000004,0.02434499999999995,0.0,0.06498818785748682,158.00000348548684,0.00024272711187551616,0.5,0.12997637571497364,4304.957647182003,4305.087623557718,0.22326400000000002,0.5822375,0.375,0.0,2140.0
25,CONTOUR,0.193136,0.59441,0.375,0.171588,0.599783,0.375,30.0,1070.0,False,89,-0.02154800000000001,0.005372999999999961,0.0,0.022207778659739927,165.99879790435224,7.998794418865335,0.5,0.044415557319479854,4305.087623557718,4305.1320391150375,0.182362,0.5970964999999999,0.375,0.0,2140.0
25,CONTOUR,0.171588,0.599783,0.375,0.10853,0.615505,0.375,30.0,1070.0,False,90,-0.06305799999999999,0.015722000000000014,0.0,0.0649884039502433,166.00010710422532,0.0013092002948166318,0.5,0.1299768079004866,4305.1320391150375,4305.262015922938,0.140059,0.607644,0.375,0.0,2140.0
25,CONTOUR,0.10853,0.615505,0.375,0.086445,0.617826,0.375,30.0,1070.0,False,91,-0.022085000000000007,0.0023210000000000175,0.0,0.02220662662360045,174.00058257093858,8.000475466713155,0.5,0.0444132532472009,4305.262015922938,4305.306429176186,0.0974875,0.6166655,0.375,0.0,2140.0
25,CONTOUR,0.086445,0.617826,0.375,0.021812,0.624619,0.375,30.0,1070.0,False,92,-0.064633,0.006793000000000049,0.0,0.0649889955146254,174.0001771454735,0.00040542563295331915,0.5,0.1299779910292508,4305.306429176186,4305.436407167215,0.054128499999999996,0.6212225,0.375,0.0,2140.0
25,CONTOUR,0.021812,0.624619,0.375,-0.000381,0.623844,0.375,30.0,1070.0,False,93,-0.022193,-0.0007750000000000812,0.0,0.022206527733979485,-177.9999913291525,7.999831525374042,0.5,0.04441305546795897,4305.436407167215,4305.480820222683,0.010715500000000001,0.6242315,0.375,0.0,2140.0
25,CONTOUR,-0.000381,0.623844,0.375,-0.06533,0.621576,0.375,30.0,1070.0,False,94,-0.06494899999999999,-0.0022679999999999367,0.0,0.06498858688262116,-178.0000608461538,6.95131156786636e-05,0.5,0.12997717376524232,4305.480820222683,4305.610797396448,-0.0328555,0.62271,0.375,0.0,2140.0
25,CONTOUR,-0.06533,0.621576,0.375,-0.0872,0.61772,0.375,30.0,1070.0,False,95,-0.02187,-0.0038559999999999706,0.0,0.022207332933065146,-170.00068874124312,7.999372104910623,0.5,0.04441466586613029,4305.610797396448,4305.655212062315,-0.076265,0.619648,0.375,0.0,2140.0
25,CONTOUR,-0.0872,0.61772,0.375,-0.151201,0.606435,0.375,30.0,1070.0,False,96,-0.064001,-0.0112850000000001,0.0,0.06498830068558496,-170.00008950869665,0.0005992329411455963,0.5,0.12997660137116993,4305.655212062315,4305.785188663685,-0.1192005,0.6120775,0.375,0.0,2140.0
25,CONTOUR,-0.151201,0.606435,0.375,-0.172321,0.599572,0.375,30.0,1070.0,False,97,-0.02112,-0.0068629999999999525,0.0,0.02220709726641461,-161.99829212487714,8.001797383819488,0.5,0.04441419453282922,4305.785188663685,4305.829602858218,-0.161761,0.6030035,0.375,0.0,2140.0
25,CONTOUR,-0.172321,0.599572,0.375,-0.234129,0.57949,0.375,30.0,1070.0,False,98,-0.061808,-0.020082000000000044,0.0,0.06498858044302862,-162.00053376260834,0.002241637623348319,0.5,0.12997716088605724,4305.829602858218,4305.959580019105,-0.203225,0.589531,0.375,0.0,2140.0
25,CONTOUR,-0.234129,0.57949,0.375,-0.254089,0.569755,0.375,30.0,1070.0,False,99,-0.019960000000000006,-0.009734999999999938,0.0,0.022207472278492187,-154.00033036979315,8.00020339281514,0.5,0.04441494455698437,4305.959580019105,4306.003994963661,-0.24410900000000002,0.5746225,0.375,0.0,2140.0
25,CONTOUR,-0.254089,0.569755,0.375,-0.3125,0.541266,0.375,30.0,1070.0,False,100,-0.05841099999999999,-0.028488999999999987,0.0,0.06498821463927132,-153.9999589776691,0.0003713925174678157,0.5,0.12997642927854264,4306.003994963661,4306.13397139294,-0.2832945,0.5555105,0.375,0.0,2140.0
25,CONTOUR,-0.3125,0.541266,0.375,-0.33091,0.528848,0.375,30.0,1070.0,False,101,-0.018409999999999982,-0.01241800000000004,0.0,0.022206639187414206,-145.99936213491577,8.000596842753287,0.5,0.04441327837482841,4306.13397139294,4306.178384671315,-0.321705,0.535057,0.375,0.0,2140.0
25,CONTOUR,-0.33091,0.528848,0.375,-0.384788,0.492507,0.375,30.0,1070.0,False,102,-0.05387800000000004,-0.03634100000000001,0.0,0.06498851563930357,-146.0001241589498,0.0007620229923054683,0.5,0.12997703127860713,4306.178384671315,4306.308361702594,-0.357849,0.5106775,0.375,0.0,2140.0
25,CONTOUR,-0.384788,0.492507,0.375,-0.401291,0.477647,0.375,30.0,1070.0,False,103,-0.01650299999999999,-0.014859999999999984,0.0,0.02220739987031348,-137.99878813402833,8.001336024921464,0.5,0.04441479974062696,4306.308361702594,4306.352776502335,-0.3930395,0.485077,0.375,0.0,2140.0
25,CONTOUR,-0.401291,0.477647,0.375,-0.449587,0.434161,0.375,30.0,1070.0,False,104,-0.048296000000000006,-0.04348599999999997,0.0,0.06498873603940915,-137.99994347364532,0.001155339040935355,0.5,0.1299774720788183,4306.352776502335,4306.482753974414,-0.425439,0.455904,0.375,0.0,2140.0
25,CONTOUR,-0.449587,0.434161,0.375,-0.463862,0.41715,0.375,30.0,1070.0,False,105,-0.014274999999999982,-0.017011,0.0,0.02220697516547446,-130.00212701084902,7.997816462796313,0.5,0.04441395033094892,4306.482753974414,4306.527167924744,-0.4567245,0.4256555,0.375,0.0,2140.0
25,CONTOUR,-0.463862,0.41715,0.375,-0.505636,0.367366,0.375,30.0,1070.0,False,106,-0.04177399999999998,-0.049783999999999995,0.0,0.06498856616359526,-130.00017827078727,0.0019487403581915533,0.5,0.12997713232719052,4306.527167924744,4306.657145057072,-0.484749,0.392258,0.375,0.0,2140.0
25,CONTOUR,-0.505636,0.367366,0.375,-0.517403,0.348533,0.375,30.0,1070.0,False,107,-0.011766999999999972,-0.018833000000000044,0.0,0.022206849799104804,-121.99745201225302,8.002726258534363,0.5,0.04441369959820961,4306.657145057072,4306.70155875667,-0.5115194999999999,0.35794950000000003,0.375,0.0,2140.0
25,CONTOUR,-0.517403,0.348533,0.375,-0.551842,0.29342,0.375,30.0,1070.0,False,108,-0.03443900000000011,-0.05511299999999997,0.0,0.06498836426622849,-122.00043021304262,0.00297820087933437,0.5,0.12997672853245698,4306.70155875667,4306.831535485203,-0.5346225,0.3209765,0.375,0.0,2140.0
25,CONTOUR,-0.551842,0.29342,0.375,-0.560875,0.273133,0.375,30.0,1070.0,False,109,-0.009032999999999958,-0.020287,0.0,0.022207148803932465,-114.00152182475642,7.998908388286249,0.5,0.04441429760786493,4306.831535485203,4306.8759497828105,-0.5563585,0.28327650000000004,0.375,0.0,2140.0
25,CONTOUR,-0.560875,0.273133,0.375,-0.587308,0.213763,0.375,30.0,1070.0,False,110,-0.02643300000000004,-0.059370000000000006,0.0,0.06498846350699486,-113.99981713446988,0.0017046898826979695,0.5,0.12997692701398972,4306.8759497828105,4307.005926709824,-0.5740915,0.243448,0.375,0.0,2140.0
25,CONTOUR,-0.587308,0.213763,0.375,-0.593429,0.192416,0.375,30.0,1070.0,False,111,-0.006120999999999932,-0.021347000000000005,0.0,0.02220722967864293,-105.99961868452924,8.000198449940589,0.5,0.04441445935728586,4307.005926709824,4307.050341169182,-0.5903685000000001,0.2030895,0.375,0.0,2140.0
25,CONTOUR,-0.593429,0.192416,0.375,-0.611342,0.129945,0.375,30.0,1070.0,False,112,-0.017913000000000068,-0.062471,0.0,0.06498847136223472,-105.9997703390252,0.0001516524076002983,0.5,0.12997694272446944,4307.050341169182,4307.180318111906,-0.6023855,0.1611805,0.375,0.0,2140.0
25,CONTOUR,-0.611342,0.129945,0.375,-0.614433,0.107954,0.375,30.0,1070.0,False,113,-0.003090999999999955,-0.02199100000000001,0.0,0.022207169157729228,-98.0009363991196,7.998833939905646,0.5,0.044414338315458456,4307.180318111906,4307.224732450221,-0.6128875,0.1189495,0.375,0.0,2140.0
25,CONTOUR,-0.614433,0.107954,0.375,-0.623478,0.043598,0.375,30.0,1070.0,False,114,-0.00904499999999997,-0.064356,0.0,0.06498851253106197,-98.00030909605698,0.0006273034687840807,0.5,0.12997702506212394,4307.224732450221,4307.354709475284,-0.6189555,0.075776,0.375,0.0,2140.0
25,CONTOUR,-0.623478,0.043598,0.375,-0.623478,0.021391,0.375,30.0,1070.0,False,115,0.0,-0.022206999999999998,0.0,0.022206999999999998,-90.0,8.00030909605702,0.5,0.044413999999999995,4307.354709475284,4307.399123475284,-0.623478,0.032494499999999996,0.375,0.0,2140.0
25,CONTOUR,-0.623478,0.021391,0.375,-0.623478,-0.043598,0.375,30.0,1070.0,False,116,0.0,-0.06498899999999999,0.0,0.06498899999999999,-90.0,0.0,0.5,0.12997799999999998,4307.399123475284,4307.529101475284,-0.623478,-0.011103499999999999,0.375,0.0,2140.0
25,CONTOUR,-0.623478,-0.043598,0.375,-0.620387,-0.065589,0.375,30.0,1070.0,False,117,0.003090999999999955,-0.021990999999999997,0.0,0.022207169157729214,-81.9990636008804,8.000936399119635,0.5,0.04441433831545843,4307.529101475284,4307.573515813599,-0.6219325,-0.054593499999999996,0.375,0.0,2140.0
25,CONTOUR,-0.620387,-0.065589,0.375,-0.611342,-0.129945,0.375,30.0,1070.0,False,118,0.00904499999999997,-0.06435600000000001,0.0,0.06498851253106198,-81.99969090394302,0.0006273040497860501,0.5,0.12997702506212397,4307.573515813599,4307.703492838662,-0.6158645,-0.09776699999999999,0.375,0.0,2140.0
25,CONTOUR,-0.611342,-0.129945,0.375,-0.605221,-0.151291,0.375,30.0,1070.0,False,119,0.006121000000000043,-0.021346000000000004,0.0,0.022206268416823226,-73.9996701428266,8.000020761116378,0.5,0.04441253683364645,4307.703492838662,4307.747905375496,-0.6082815,-0.14061800000000002,0.375,0.0,2140.0
25,CONTOUR,-0.605221,-0.151291,0.375,-0.587308,-0.213763,0.375,30.0,1070.0,False,120,0.017912999999999957,-0.062472,0.0,0.06498943262561997,-74.00047266411806,0.0008025213413752425,0.5,0.12997886525123994,4307.747905375496,4307.877884240747,-0.5962645,-0.182527,0.375,0.0,2140.0
25,CONTOUR,-0.587308,-0.213763,0.375,-0.578276,-0.23405,0.375,30.0,1070.0,False,121,0.00903200000000004,-0.020287,0.0,0.022206742061815388,-66.00083519276468,7.999637471353284,0.5,0.044413484123630775,4307.877884240747,4307.922297724871,-0.582792,-0.2239065,0.375,0.0,2140.0
25,CONTOUR,-0.578276,-0.23405,0.375,-0.551842,-0.29342,0.375,30.0,1070.0,False,122,0.026433999999999958,-0.059370000000000006,0.0,0.06498887024714307,-65.99937746033855,0.0014577321835678937,0.5,0.12997774049428615,4307.922297724871,4308.052275465366,-0.565059,-0.263735,0.375,0.0,2140.0
25,CONTOUR,-0.551842,-0.29342,0.375,-0.540074,-0.312252,0.375,30.0,1070.0,False,123,0.011768,-0.01883199999999996,0.0,0.022206531651746037,-57.99899268678045,8.000384773558137,0.5,0.044413063303492074,4308.052275465366,4308.096688528669,-0.545958,-0.302836,0.375,0.0,2140.0
25,CONTOUR,-0.540074,-0.312252,0.375,-0.505636,-0.367366,0.375,30.0,1070.0,False,124,0.03443800000000008,-0.05511400000000005,0.0,0.06498868239932251,-58.00078464234471,0.0017919561756590007,0.5,0.12997736479864502,4308.096688528669,4308.226665893468,-0.5228550000000001,-0.339809,0.375,0.0,2140.0
25,CONTOUR,-0.505636,-0.367366,0.375,-0.491361,-0.384377,0.375,30.0,1070.0,False,125,0.014274999999999982,-0.017011,0.0,0.02220697516547446,-49.997872989150984,8.002911653193792,0.5,0.04441395033094892,4308.226665893468,4308.271079843798,-0.49849849999999996,-0.3758715,0.375,0.0,2140.0
25,CONTOUR,-0.491361,-0.384377,0.375,-0.449587,-0.434161,0.375,30.0,1070.0,False,126,0.04177399999999998,-0.049783999999999995,0.0,0.06498856616359526,-49.99982172921273,0.0019487403581915533,0.5,0.12997713232719052,4308.271079843798,4308.401056976126,-0.470474,-0.409269,0.375,0.0,2140.0
25,CONTOUR,-0.449587,-0.434161,0.375,-0.433084,-0.449021,0.375,30.0,1070.0,False,127,0.01650299999999999,-0.014859999999999984,0.0,0.02220739987031348,-42.00121186597169,7.998609863241042,0.5,0.04441479974062696,4308.401056976126,4308.445471775866,-0.4413355,-0.441591,0.375,0.0,2140.0
25,CONTOUR,-0.433084,-0.449021,0.375,-0.384788,-0.492507,0.375,30.0,1070.0,False,128,0.048296000000000006,-0.04348599999999997,0.0,0.06498873603940915,-42.00005652635468,0.001155339040935355,0.5,0.1299774720788183,4308.445471775866,4308.5754492479455,-0.408936,-0.47076399999999996,0.375,0.0,2140.0
25,CONTOUR,-0.384788,-0.492507,0.375,-0.366378,-0.504925,0.375,30.0,1070.0,False,129,0.018410000000000037,-0.012417999999999985,0.0,0.022206639187414223,-34.00063786508404,7.999418661270595,0.5,0.04441327837482845,4308.5754492479455,4308.6198625263205,-0.375583,-0.49871599999999994,0.375,0.0,2140.0
25,CONTOUR,-0.366378,-0.504925,0.375,-0.3125,-0.541266,0.375,30.0,1070.0,False,130,0.05387799999999998,-0.03634100000000007,0.0,0.06498851563930355,-33.99987584105026,0.0007620239488763184,0.5,0.1299770312786071,4308.6198625263205,4308.749839557599,-0.339439,-0.5230954999999999,0.375,0.0,2140.0
25,CONTOUR,-0.3125,-0.541266,0.375,-0.292541,-0.551001,0.375,30.0,1070.0,False,131,0.019959000000000005,-0.009734999999999938,0.0,0.02220657348624499,-26.00080067006107,7.9990751709891965,0.5,0.04441314697248998,4308.749839557599,4308.794252704572,-0.30252049999999997,-0.5461335,0.375,0.0,2140.0
25,CONTOUR,-0.292541,-0.551001,0.375,-0.234129,-0.57949,0.375,30.0,1070.0,False,132,0.05841199999999999,-0.028488999999999987,0.0,0.06498911343448223,-25.999654544471547,0.0011461258530614986,0.5,0.12997822686896446,4308.794252704572,4308.92423093144,-0.263335,-0.5652455,0.375,0.0,2140.0
25,CONTOUR,-0.234129,-0.57949,0.375,-0.213009,-0.586352,0.375,30.0,1070.0,False,133,0.02112,-0.006862000000000035,0.0,0.022206788241436456,-17.99925407603696,8.000400468434572,0.5,0.04441357648287291,4308.92423093144,4308.968644507923,-0.22356900000000002,-0.582921,0.375,0.0,2140.0
25,CONTOUR,-0.213009,-0.586352,0.375,-0.151201,-0.606435,0.375,30.0,1070.0,False,134,0.061808,-0.020082999999999962,0.0,0.06498888945812198,-18.000304714396787,0.001050638113896662,0.5,0.12997777891624396,4308.968644507923,4309.09862228684,-0.18210500000000002,-0.5963935,0.375,0.0,2140.0
25,CONTOUR,-0.151201,-0.606435,0.375,-0.129332,-0.610291,0.375,30.0,1070.0,False,135,0.021869,-0.0038560000000000816,0.0,0.022206348123903683,-9.999759267108937,8.00054544728783,0.5,0.044412696247807366,4309.09862228684,4309.143034983087,-0.14026650000000002,-0.608363,0.375,0.0,2140.0
25,CONTOUR,-0.129332,-0.610291,0.375,-0.06533,-0.621576,0.375,30.0,1070.0,False,136,0.064002,-0.01128499999999999,0.0,0.06498928549384121,-9.999757401151923,1.9090959104164224e-06,0.5,0.12997857098768242,4309.143034983087,4309.273013554075,-0.097331,-0.6159335,0.375,0.0,2140.0
25,CONTOUR,-0.06533,-0.621576,0.375,-0.043137,-0.622351,0.375,30.0,1070.0,False,137,0.022192999999999997,-0.0007749999999999702,0.0,0.022206527733979478,-2.0000086708472224,7.99974873030465,0.5,0.044413055467958956,4309.273013554075,4309.317426609543,-0.054233500000000004,-0.6219635,0.375,0.0,2140.0
25,CONTOUR,-0.043137,-0.622351,0.375,0.021812,-0.624619,0.375,30.0,1070.0,False,138,0.064949,-0.0022680000000000478,0.0,0.06498858688262117,-1.9999391538463285,6.95131156786636e-05,0.5,0.12997717376524234,4309.317426609543,4309.447403783308,-0.0106625,-0.6234850000000001,0.375,0.0,2140.0
25,CONTOUR,0.021812,-0.624619,0.375,0.043897,-0.622298,0.375,30.0,1070.0,False,139,0.022084999999999997,0.0023210000000000175,0.0,0.022206626623600442,5.999417429061447,7.999356582907801,0.5,0.044413253247200885,4309.447403783308,4309.491817036555,0.0328545,-0.6234585,0.375,0.0,2140.0
25,CONTOUR,0.043897,-0.622298,0.375,0.10853,-0.615505,0.375,30.0,1070.0,False,140,0.064633,0.006793000000000049,0.0,0.0649889955146254,5.999822854526516,0.00040542743088557476,0.5,0.1299779910292508,4309.491817036555,4309.621795027585,0.0762135,-0.6189015,0.375,0.0,2140.0
25,CONTOUR,0.10853,-0.615505,0.375,0.130077,-0.610133,0.375,30.0,1070.0,False,141,0.021546999999999997,0.005371999999999932,0.0,0.0222065664387811,13.999322863695427,7.999500009168919,0.5,0.0444131328775622,4309.621795027585,4309.666208160463,0.1193035,-0.612819,0.375,0.0,2140.0
25,CONTOUR,0.130077,-0.610133,0.375,0.193136,-0.59441,0.375,30.0,1070.0,False,142,0.063059,0.015723000000000042,0.0,0.0649896161705853,14.000535042608282,0.0012121787909041728,0.5,0.1299792323411706,4309.666208160463,4309.796187392804,0.1616065,-0.6022715000000001,0.375,0.0,2140.0
25,CONTOUR,0.193136,-0.59441,0.375,0.213726,-0.586091,0.375,30.0,1070.0,False,143,0.020589999999999997,0.008318999999999965,0.0,0.022207067816350703,22.000239243934608,7.99970420132622,0.5,0.044414135632701406,4309.796187392804,4309.840601528437,0.203431,-0.5902505,0.375,0.0,2140.0
25,CONTOUR,0.213726,-0.586091,0.375,0.273982,-0.561746,0.375,30.0,1070.0,False,144,0.060256000000000004,0.02434500000000006,0.0,0.06498818785748686,21.999996514513267,0.00024272561032983377,0.5,0.12997637571497372,4309.840601528437,4309.970577904152,0.24385400000000002,-0.5739185,0.375,0.0,2140.0
25,CONTOUR,0.273982,-0.561746,0.375,0.293214,-0.550643,0.375,30.0,1070.0,False,145,0.01923199999999997,0.011102999999999974,0.0,0.02220690057166912,29.99865850393789,7.99866198942459,0.5,0.04441380114333824,4309.970577904152,4310.014991705296,0.283598,-0.5561944999999999,0.375,0.0,2140.0
25,CONTOUR,0.293214,-0.550643,0.375,0.349496,-0.518148,0.375,30.0,1070.0,False,146,0.056282,0.03249499999999994,0.0,0.06498914177768465,30.00043683956078,0.001778335701100415,0.5,0.1299782835553693,4310.014991705296,4310.144969988851,0.32135499999999995,-0.5343955,0.375,0.0,2140.0
25,CONTOUR,0.349496,-0.518148,0.375,0.366995,-0.504477,0.375,30.0,1070.0,False,147,0.017499000000000042,0.0136710000000001,0.0,0.022206108213732638,37.998541825734236,7.998104986173444,0.5,0.044412216427465276,4310.144969988851,4310.189382205278,0.3582455,-0.5113125000000001,0.375,0.0,2140.0
25,CONTOUR,0.366995,-0.504477,0.375,0.418207,-0.464466,0.375,30.0,1070.0,False,148,0.05121199999999998,0.04001099999999996,0.0,0.06498883800315247,37.9998613981416,0.0013195720096637262,0.5,0.12997767600630494,4310.189382205278,4310.319359881284,0.392601,-0.48447149999999994,0.375,0.0,2140.0
25,CONTOUR,0.418207,-0.464466,0.375,0.433633,-0.448491,0.375,30.0,1070.0,False,149,0.015425999999999995,0.015975000000000017,0.0,0.022207253342095244,46.00162983711141,8.00176843896974,0.5,0.04441450668419049,4310.319359881284,4310.363774387968,0.42591999999999997,-0.4564785,0.375,0.0,2140.0
25,CONTOUR,0.433633,-0.448491,0.375,0.478778,-0.401742,0.375,30.0,1070.0,False,150,0.04514499999999999,0.046748999999999985,0.0,0.06498876846040397,45.9999901912944,0.0016396453361316528,0.5,0.12997753692080793,4310.363774387968,4310.493751924889,0.4562055,-0.4251165,0.375,0.0,2140.0
25,CONTOUR,0.478778,-0.401742,0.375,0.491831,-0.383776,0.375,30.0,1070.0,False,151,0.013053000000000037,0.017965999999999982,0.0,0.022207160219172562,54.00013162198522,8.000141430690814,0.5,0.044414320438345124,4310.493751924889,4310.538166245327,0.4853045,-0.39275899999999997,0.375,0.0,2140.0
25,CONTOUR,0.491831,-0.383776,0.375,0.53003,-0.3312,0.375,30.0,1070.0,False,152,0.03819899999999998,0.05257600000000001,0.0,0.06498768634903077,53.99978598739949,0.00034563494735654726,0.5,0.12997537269806153,4310.538166245327,4310.668141618025,0.5109305,-0.35748800000000003,0.375,0.0,2140.0
25,CONTOUR,0.53003,-0.3312,0.375,0.540456,-0.311592,0.375,30.0,1070.0,False,153,0.010426000000000046,0.019608000000000014,0.0,0.02220754691540697,61.99944994093159,7.999663953532148,0.5,0.04441509383081394,4310.668141618025,4310.712556711856,0.535243,-0.321396,0.375,0.0,2140.0
25,CONTOUR,0.540456,-0.311592,0.375,0.570966,-0.25421,0.375,30.0,1070.0,False,154,0.030509999999999926,0.05738199999999999,0.0,0.06498887615584681,62.000428608454406,0.0009786678119265053,0.5,0.12997775231169362,4310.712556711856,4310.842534464168,0.5557110000000001,-0.28290099999999996,0.375,0.0,2140.0
25,CONTOUR,0.570966,-0.25421,0.375,0.578561,-0.233343,0.375,30.0,1070.0,False,155,0.007595000000000018,0.020866999999999997,0.0,0.02220620890651982,69.99991969457122,7.999491086116784,0.5,0.04441241781303964,4310.842534464168,4310.886946881981,0.5747635,-0.2437765,0.375,0.0,2140.0
25,CONTOUR,0.578561,-0.233343,0.375,0.600789,-0.172273,0.375,30.0,1070.0,False,156,0.022228000000000026,0.061069999999999985,0.0,0.06498945209801356,69.99972015555814,0.0001995384269230899,0.5,0.12997890419602712,4310.886946881981,4311.016925786177,0.589675,-0.202808,0.375,0.0,2140.0
25,CONTOUR,0.600789,-0.172273,0.375,0.605406,-0.150552,0.375,30.0,1070.0,False,157,0.004616999999999982,0.021721000000000018,0.0,0.0222062723121194,77.99985128891878,8.000131133360606,0.5,0.0444125446242388,4311.016925786177,4311.061338330801,0.6030975000000001,-0.16141250000000001,0.375,0.0,2140.0
25,CONTOUR,0.605406,-0.150552,0.375,0.618918,-0.086983,0.375,30.0,1070.0,False,158,0.013511999999999968,0.06356899999999999,0.0,0.06498916759737731,78.00000695817091,0.00015567035427688745,0.5,0.12997833519475463,4311.061338330801,4311.191316665996,0.612162,-0.1187675,0.375,0.0,2140.0
25,CONTOUR,0.618918,-0.086983,0.375,0.620467,-0.06483,0.375,30.0,1070.0,False,159,0.0015490000000000226,0.022153000000000006,0.0,0.022207089183411688,86.00022820435512,8.000221246184198,0.5,0.044414178366823376,4311.191316665996,4311.2357308443625,0.6196925,-0.0759065,0.375,0.0,2140.0
25,CONTOUR,0.620467,-0.06483,0.375,0.625,0.0,0.375,30.0,1070.0,False,160,0.004533000000000009,0.06483,0.0,0.06498828347479259,86.00031240910658,8.419957080676509e-05,0.5,0.12997656694958518,4311.2357308443625,4311.365707411312,0.6227335,-0.032415,0.375,0.0,2140.0
25,CONTOUR,0.625,0.0,0.375,0.623451,0.022153,0.375,30.0,1070.0,False,161,-0.0015490000000000226,0.022153,0.0,0.02220708918341168,93.99977179564488,7.9994593865383,0.5,0.04441417836682336,4311.365707411312,4311.410121589678,0.6242255,0.0110765,0.375,0.0,2140.0
25,CONTOUR,0.623451,0.022153,0.375,0.618918,0.086983,0.375,30.0,1070.0,False,162,-0.004533000000000009,0.06483,0.0,0.06498828347479259,93.99968759089343,8.419957080676509e-05,0.5,0.12997656694958518,4311.410121589678,4311.540098156627,0.6211845,0.054568000000000005,0.375,0.0,2140.0
25,CONTOUR,0.618918,0.086983,0.375,0.6143,0.108705,0.375,30.0,1070.0,False,163,-0.004618000000000011,0.02172199999999999,0.0,0.022207458386767267,102.0021359304077,8.002448339514258,0.5,0.044414916773534534,4311.540098156627,4311.584513073401,0.616609,0.097844,0.375,0.0,2140.0
25,CONTOUR,0.6143,0.108705,0.375,0.600789,0.172273,0.375,30.0,1070.0,False,164,-0.01351099999999994,0.06356800000000001,0.0,0.06498798154274374,101.99931397357561,0.0028219570988801067,0.5,0.12997596308548748,4311.584513073401,4311.714489036486,0.6075444999999999,0.140489,0.375,0.0,2140.0
25,CONTOUR,0.600789,0.172273,0.375,0.593193,0.193141,0.375,30.0,1070.0,False,165,-0.007596000000000047,0.020867999999999998,0.0,0.022207490628164198,110.0016223079963,8.0023083344208,0.5,0.044414981256328395,4311.714489036486,4311.758904017743,0.596991,0.182707,0.375,0.0,2140.0
25,OTHER,0.593193,0.193141,0.375,0.601377,0.169504,0.375,40.0,1070.0,False,170,0.00818400000000008,-0.02363700000000002,0.0,0.025013708741408226,-70.90226212865672,179.09611556334647,0.6666666666666666,0.03752056311211234,4311.758904017743,4311.796424580854,0.5972850000000001,0.1813225,0.375,0.0,1605.0
25,HATCH,0.601377,0.169504,0.375,0.170936,0.599945,0.375,30.0,1070.0,False,173,-0.4304410000000001,0.43044099999999996,0.0,0.6087355000014375,135.0,154.09773787134324,0.5,1.217471000002875,4311.796424580854,4313.013895580857,0.3861565,0.38472449999999997,0.375,7.187559719161982,2140.0
25,OTHER,0.170936,0.599945,0.375,0.089764,0.617477,0.375,40.0,1070.0,False,176,-0.08117200000000001,0.017532000000000103,0.0,0.08304375116768271,167.81214369994262,32.81214369994264,0.6666666666666666,0.12456562675152408,4313.013895580857,4313.138461207609,0.13035,0.608711,0.375,7.577488413641731,1605.0
25,HATCH,0.089764,0.617477,0.375,0.618556,0.088686,0.375,30.0,1070.0,False,179,0.528792,-0.528791,0.0,0.7478241109679469,-44.99994582384597,147.1879104762114,0.5,1.4956482219358938,4313.138461207609,4314.634109429545,0.35416,0.35308150000000005,0.375,0.12456562675197347,2140.0
25,OTHER,0.618556,0.088686,0.375,0.623601,0.02,0.375,40.0,1070.0,False,182,0.005044999999999966,-0.068686,0.0,0.06887102889459398,-85.79915748119504,40.799211657349076,0.6666666666666666,0.10330654334189097,4314.634109429545,4314.737415972887,0.6210785,0.054343,0.375,2.9196203930587217,1605.0
25,HATCH,0.623601,0.02,0.375,0.019078,0.624524,0.375,30.0,1070.0,False,185,-0.6045229999999999,0.604524,0.0,0.8549253324735441,134.9999526107922,139.20088990801275,0.5,1.7098506649470882,4314.737415972887,4316.447266637834,0.3213395,0.322262,0.375,0.10330654334211431,2140.0
25,OTHER,0.019078,0.624524,0.375,-0.042414,0.622376,0.375,40.0,1070.0,False,188,-0.061492000000000005,-0.0021479999999999277,0.0,0.06152950485742592,-177.99939319323025,47.00065419597757,0.6666666666666666,0.09229425728613888,4316.447266637834,4316.53956089512,-0.011668,0.6234500000000001,0.375,10.792054575519614,1605.0
25,HATCH,-0.042414,0.622376,0.375,0.622056,-0.042094,0.375,30.0,1070.0,False,191,0.66447,-0.66447,0.0,0.9397024857900504,-45.0,132.99939319323025,0.5,1.879404971580101,4316.53956089512,4318.4189658667,0.28982100000000005,0.29014100000000004,0.375,0.09229425728608476,2140.0
25,OTHER,0.622056,-0.042094,0.375,0.616181,-0.099858,0.375,40.0,1070.0,False,194,-0.005875000000000075,-0.057764,0.0,0.05806199549619356,-95.80740913165835,50.80740913165834,0.6666666666666666,0.08709299324429035,4318.4189658667,4318.5060588599445,0.6191185,-0.070976,0.375,7.008844277022035,1605.0
25,HATCH,0.616181,-0.099858,0.375,-0.099269,0.615592,0.375,30.0,1070.0,False,197,-0.7154499999999999,0.71545,0.0,1.0117990931998309,135.0,129.19259086834168,0.5,2.0235981863996617,4318.5060588599445,4320.529657046344,0.258456,0.257867,0.375,0.0870929932443687,2140.0
25,OTHER,-0.099269,0.615592,0.375,-0.153126,0.605809,0.375,40.0,1070.0,False,200,-0.053857000000000016,-0.009782999999999986,0.0,0.05473831873559876,-169.7046093153333,55.29539068466672,0.6666666666666666,0.08210747810339813,4320.529657046344,4320.611764524448,-0.12619750000000002,0.6107005000000001,0.375,14.570077027239677,1605.0
25,HATCH,-0.153126,0.605809,0.375,0.605025,-0.152342,0.375,30.0,1070.0,False,203,0.758151,-0.758151,0.0,1.0721874265267244,-45.0,124.70460931533329,0.5,2.1443748530534488,4320.611764524448,4322.756139377501,0.22594950000000003,0.22673350000000003,0.375,0.08210747810335306,2140.0
25,OTHER,0.605025,-0.152342,0.375,0.590256,-0.201212,0.375,40.0,1070.0,False,206,-0.014769000000000032,-0.04887,0.0,0.05105291628300974,-106.81533906424782,61.8153390642478,0.6666666666666666,0.07657937442451461,4322.756139377501,4322.832718751926,0.5976405,-0.17677700000000002,0.375,11.564822711505258,1605.0
25,HATCH,0.590256,-0.201212,0.375,-0.201159,0.590203,0.375,30.0,1070.0,False,209,-0.791415,0.791415,0.0,1.119229826465503,135.0,118.18466093575219,0.5,2.238459652931006,4322.832718751926,4325.071178404857,0.1945485,0.19449550000000002,0.375,0.07657937442490947,2140.0
25,OTHER,-0.201159,0.590203,0.375,-0.247544,0.572947,0.375,40.0,1070.0,False,212,-0.04638499999999998,-0.01725600000000005,0.0,0.04949078460683362,-159.5939526118338,65.40604738816621,0.6666666666666666,0.07423617691025043,4325.071178404857,4325.145414581767,-0.22435149999999998,0.581575,0.375,18.937207011917053,1605.0
25,HATCH,-0.247544,0.572947,0.375,0.573274,-0.24787,0.375,30.0,1070.0,False,215,0.8208179999999999,-0.820817,0.0,1.1608112407333933,-44.99996509834433,114.59398751348947,0.5,2.3216224814667865,4325.145414581767,4327.467037063234,0.16286499999999998,0.16253849999999997,0.375,0.0742361769098352,2140.0
25,OTHER,0.573274,-0.24787,0.375,0.551876,-0.290112,0.375,40.0,1070.0,False,218,-0.021397999999999917,-0.042241999999999974,0.0,0.04735251807454377,-116.86483369154142,71.86486859319709,0.6666666666666666,0.07102877711181566,4327.467037063234,4327.538065840346,0.562575,-0.268991,0.375,4.634318311307652,1605.0
25,HATCH,0.551876,-0.290112,0.375,-0.29032,0.552084,0.375,30.0,1070.0,False,221,-0.8421960000000001,0.842196,0.0,1.1910450053763713,135.0,108.1351663084586,0.5,2.3820900107527425,4327.538065840346,4329.920155851099,0.130778,0.13098600000000002,0.375,0.07102877711167821,2140.0
25,OTHER,-0.29032,0.552084,0.375,-0.330799,0.528923,0.375,40.0,1070.0,False,224,-0.04047899999999999,-0.023160999999999987,0.0,0.04663669544468174,-150.2229657651136,74.77703423488641,0.6666666666666666,0.06995504316702261,4329.920155851099,4329.990110894266,-0.3105595,0.5405035,0.375,4.774741269331571,1605.0
25,HATCH,-0.330799,0.528923,0.375,0.062603,0.135522,0.375,30.0,1070.0,False,227,0.39340200000000003,-0.393401,0.0,0.5563537367583685,-44.99992717900223,105.22303858611136,0.5,1.112707473516737,4329.990110894266,4331.102818367783,-0.134098,0.33222250000000003,0.375,158.16345212840315,2140.0
25,OTHER,0.062603,0.135522,0.375,-0.014108,0.148593,0.375,40.0,1070.0,False,230,-0.076711,0.013071,0.0,0.07781663422430965,170.33008398062267,144.6699888403751,0.6666666666666666,0.11672495133646447,4331.102818367783,4331.219543319119,0.0242475,0.1420575,0.375,28.882876183798544,1605.0
25,HATCH,-0.014108,0.148593,0.375,-0.368804,0.503289,0.375,30.0,1070.0,False,233,-0.354696,0.354696,0.0,0.5016158937194873,135.0,35.33008398062267,0.5,1.0032317874389747,4331.219543319119,4332.222775106558,-0.19145600000000002,0.325941,0.375,0.11672495133643679,2140.0
25,OTHER,-0.368804,0.503289,0.375,-0.404191,0.475036,0.375,40.0,1070.0,False,236,-0.035387,-0.028252999999999973,0.0,0.04528213530742558,-141.39611472650017,83.60388527349983,0.6666666666666666,0.06792320296113838,4332.222775106558,4332.29069830952,-0.38649750000000005,0.4891625,0.375,2.2326642122925477,1605.0
25,HATCH,-0.404191,0.475036,0.375,-0.064069,0.134914,0.375,30.0,1070.0,False,239,0.34012200000000004,-0.34012200000000004,0.0,0.4810051452614619,-45.0,96.39611472650019,0.5,0.9620102905229237,4332.29069830952,4333.252708600043,-0.23413,0.304975,0.375,0.06792320296153775,2140.0
25,OTHER,-0.064069,0.134914,0.375,-0.102307,0.109513,0.375,40.0,1070.0,False,242,-0.038237999999999994,-0.025401000000000007,0.0,0.04590594128214778,-146.404435323429,101.40443532342901,0.6666666666666666,0.06885891192322167,4333.252708600043,4333.321567511966,-0.083188,0.1222135,0.375,30.797112836625274,1605.0
25,HATCH,-0.102307,0.109513,0.375,-0.437679,0.444884,0.375,30.0,1070.0,False,245,-0.335372,0.335371,0.0,0.47428692373393555,135.00008542136038,78.59547925521065,0.5,0.9485738474678711,4333.321567511966,4334.270141359434,-0.269993,0.2771985,0.375,0.0688589119235985,2140.0
25,OTHER,-0.437679,0.444884,0.375,-0.468298,0.411864,0.375,40.0,1070.0,False,248,-0.030619000000000007,-0.033019999999999994,0.0,0.04503158403831693,-132.8393445895882,92.16056998905144,0.6666666666666666,0.0675473760574754,4334.270141359434,4334.337688735492,-0.4529885,0.42837400000000003,0.375,1.9794430499141527,1605.0
25,HATCH,-0.468298,0.411864,0.375,-0.130693,0.07426,0.375,30.0,1070.0,False,251,0.337605,-0.337604,0.0,0.47744486261871116,-44.99991514363773,87.83942944595047,0.5,0.9548897252374223,4334.337688735492,4335.292578460729,-0.2994955,0.243062,0.375,0.0675473760575187,2140.0
25,OTHER,-0.130693,0.07426,0.375,-0.146916,0.026843,0.375,40.0,1070.0,False,254,-0.016222999999999987,-0.04741700000000001,0.0,0.050115442909346816,-108.88759609352351,63.88768094988578,0.6666666666666666,0.07517316436402023,4335.292578460729,4335.367751625093,-0.1388045,0.0505515,0.375,1.9710109487623413,1605.0
25,HATCH,-0.146916,0.026843,0.375,-0.497333,0.37726,0.375,30.0,1070.0,False,257,-0.35041700000000003,0.350417,0.0,0.49556447388609287,135.0,116.11240390647647,0.5,0.9911289477721857,4335.367751625093,4336.358880572865,-0.32212450000000004,0.2020515,0.375,0.07517316436405963,2140.0
25,OTHER,-0.497333,0.37726,0.375,-0.523112,0.339398,0.375,40.0,1070.0,False,260,-0.025778999999999996,-0.03786200000000001,0.0,0.04580488931326,-124.2496709851604,100.7503290148396,0.6666666666666666,0.06870733396989001,4336.358880572865,4336.427587906835,-0.5102225,0.358329,0.375,2.021191837373408,1605.0
25,HATCH,-0.523112,0.339398,0.375,-0.145407,-0.038306,0.375,30.0,1070.0,False,263,0.377705,-0.377704,0.0,0.5341548264698167,-44.999924152638485,79.24974683252191,0.5,1.0683096529396334,4336.427587906835,4337.495897559774,-0.33425950000000004,0.15054599999999999,0.375,0.06870733396954165,2140.0
25,OTHER,-0.145407,-0.038306,0.375,-0.038306,-0.145407,0.375,40.0,1070.0,False,266,0.107101,-0.107101,0.0,0.15146368674372085,-45.0,7.584662901444684e-05,0.6666666666666666,0.22719553011558127,4337.495897559774,4337.7230930898895,-0.09185650000000001,-0.09185650000000001,0.375,34.72609958693283,1605.0
25,HATCH,-0.038306,-0.145407,0.375,0.339948,-0.523661,0.375,30.0,1070.0,False,269,0.378254,-0.37825400000000003,0.0,0.5349319368218727,-45.00000000000001,0.0,0.5,1.0698638736437454,4337.7230930898895,4338.7929569635335,0.15082099999999998,-0.334534,0.375,36.83851361244615,2140.0
25,OTHER,0.339948,-0.523661,0.375,0.376768,-0.496841,0.375,40.0,1070.0,False,272,0.03682000000000002,0.026820000000000066,0.0,0.045552440110272964,36.069911965647584,81.06991196564759,0.6666666666666666,0.06832866016540945,4338.7929569635335,4338.861285623699,0.35835799999999995,-0.510251,0.375,28.42918257556539,1605.0
25,HATCH,0.376768,-0.496841,0.375,0.026843,-0.146916,0.375,30.0,1070.0,False,275,-0.349925,0.349925,0.0,0.4948686808134053,135.0,98.93008803435242,0.5,0.9897373616268106,4338.861285623699,4339.8510229853255,0.2018055,-0.32187849999999996,0.375,0.06832866016520711,2140.0
25,OTHER,0.026843,-0.146916,0.375,0.07426,-0.130693,0.375,40.0,1070.0,False,278,0.04741700000000001,0.016222999999999987,0.0,0.050115442909346816,18.887596093523516,116.1124039064765,0.6666666666666666,0.07517316436402023,4339.8510229853255,4339.9261961496895,0.0505515,-0.1388045,0.375,38.416587719018935,1605.0
25,HATCH,0.07426,-0.130693,0.375,0.412494,-0.468928,0.375,30.0,1070.0,False,281,0.33823400000000003,-0.338235,0.0,0.47833581716300533,-45.0000846983077,63.88768079183122,0.5,0.9566716343260107,4339.9261961496895,4340.882867784016,0.243377,-0.2998105,0.375,0.07517316436405963,2140.0
25,OTHER,0.412494,-0.468928,0.375,0.444472,-0.437267,0.375,40.0,1070.0,False,284,0.03197799999999995,0.031660999999999995,0.0,0.04500012672204375,44.71459935124294,89.71468404955064,0.6666666666666666,0.06750019008306564,4340.882867784016,4340.950367974098,0.428483,-0.45309750000000004,0.375,2.021582160316939,1605.0
25,HATCH,0.444472,-0.437267,0.375,0.109513,-0.102307,0.375,30.0,1070.0,False,287,-0.334959,0.33496000000000004,0.0,0.4737042677462385,134.9999144735714,90.28531512232848,0.5,0.947408535492477,4340.950367974098,4341.897776509591,0.2769925,-0.269787,0.375,0.06750019008268282,2140.0
25,OTHER,0.109513,-0.102307,0.375,0.134914,-0.064069,0.375,40.0,1070.0,False,290,0.025401000000000007,0.038237999999999994,0.0,0.04590594128214778,56.404435323429006,78.59547915014242,0.6666666666666666,0.06885891192322167,4341.897776509591,4341.966635421514,0.1222135,-0.083188,0.375,1.9715803599010542,1605.0
25,HATCH,0.134914,-0.064069,0.375,0.475737,-0.404891,0.375,30.0,1070.0,False,293,0.340823,-0.340822,0.0,0.48199580186242286,-44.99991594484004,101.40435126826904,0.5,0.9639916037248457,4341.966635421514,4342.930627025239,0.3053255,-0.23448,0.375,0.0688589119235985,2140.0
25,OTHER,0.475737,-0.404891,0.375,0.502953,-0.368468,0.375,40.0,1070.0,False,296,0.027215999999999962,0.03642299999999998,0.0,0.045468072149586425,53.23217311229325,98.2320890571333,0.6666666666666666,0.06820210822437964,4342.930627025239,4342.998829133464,0.48934500000000003,-0.3866795,0.375,1.9802590511408198,1605.0
25,HATCH,0.502953,-0.368468,0.375,0.148593,-0.014108,0.375,30.0,1070.0,False,299,-0.35436,0.35436,0.0,0.50114071796253,135.0,81.76782688770675,0.5,1.00228143592506,4342.998829133464,4344.001110569389,0.325773,-0.191288,0.375,0.06820210822479567,2140.0
25,OTHER,0.148593,-0.014108,0.375,0.135522,0.062603,0.375,40.0,1070.0,False,302,-0.013071,0.076711,0.0,0.07781663422430965,99.66991601937733,35.33008398062269,0.6666666666666666,0.11672495133646447,4344.001110569389,4344.117835520726,0.1420575,0.0242475,0.375,42.17392184424716,1605.0
25,HATCH,0.135522,0.062603,0.375,0.529733,-0.331608,0.375,30.0,1070.0,False,305,0.394211,-0.39421100000000003,0.0,0.5574985426366602,-45.00000000000001,144.66991601937733,0.5,1.1149970852733204,4344.117835520726,4345.232832605999,0.3326275,-0.1345025,0.375,0.11672495133643679,2140.0
25,OTHER,0.529733,-0.331608,0.375,0.299602,-0.546955,0.375,40.0,1070.0,False,308,-0.23013100000000003,-0.21534699999999996,0.0,0.31517393225011486,-136.90076734474354,91.90076734474354,0.6666666666666666,0.4727608983751723,4345.232832605999,4345.705593504374,0.41466749999999997,-0.4392815,0.375,2.2340034725348232,1605.0
25,HATCH,0.299602,-0.546955,0.375,-0.547585,0.300232,0.375,30.0,1070.0,False,311,-0.8471869999999999,0.8471869999999999,0.0,1.1981033452661751,135.0,88.09923265525646,0.5,2.3962066905323502,4345.705593504374,4348.101800194906,-0.1239915,-0.12336149999999999,0.375,7.982500414484093,2140.0
25,OTHER,-0.547585,0.300232,0.375,-0.568037,0.257045,0.375,40.0,1070.0,False,314,-0.020452000000000026,-0.043186999999999975,0.0,0.04778494818454865,-115.34075787977451,109.65924212022549,0.6666666666666666,0.07167742227682297,4348.101800194906,4348.1734776171825,-0.5578110000000001,0.2786385,0.375,11.67421228807143,1605.0
25,HATCH,-0.568037,0.257045,0.375,0.257438,-0.56843,0.375,30.0,1070.0,False,317,0.825475,-0.825475,0.0,1.1673979403999306,-45.0,70.34075787977451,0.5,2.3347958807998612,4348.1734776171825,4350.508273497982,-0.1552995,-0.15569249999999998,0.375,0.07167742227647977,2140.0
25,OTHER,0.257438,-0.56843,0.375,0.212112,-0.586744,0.375,40.0,1070.0,False,320,-0.045326000000000005,-0.018314000000000052,0.0,0.048886080554693706,-157.99879672806577,112.99879672806577,0.6666666666666666,0.07332912083204056,4350.508273497982,4350.581602618814,0.234775,-0.5775870000000001,0.375,40.36330350913158,1605.0
25,HATCH,0.212112,-0.586744,0.375,-0.58755,0.212918,0.375,30.0,1070.0,False,323,-0.799662,0.7996620000000001,0.0,1.130892845714394,135.0,67.00120327193423,0.5,2.261785691428788,4350.581602618814,4352.8433883102425,-0.18771900000000002,-0.18691300000000002,0.375,0.07332912083165866,2140.0
25,OTHER,-0.58755,0.212918,0.375,-0.601732,0.16346,0.375,40.0,1070.0,False,326,-0.014182000000000028,-0.049458,0.0,0.05145116993810735,-106.00015704789125,118.99984295210875,0.6666666666666666,0.07717675490716103,4352.8433883102425,4352.920565065149,-0.594641,0.188189,0.375,4.6699106930600465,1605.0
25,HATCH,-0.601732,0.16346,0.375,0.163522,-0.601794,0.375,30.0,1070.0,False,329,0.7652540000000001,-0.7652540000000001,0.0,1.0822325854602606,-45.0,61.00015704789125,0.5,2.164465170920521,4352.920565065149,4355.0850302360695,-0.21910500000000002,-0.21916700000000003,0.375,0.07717675490675902,2140.0
25,OTHER,0.163522,-0.601794,0.375,0.112583,-0.614494,0.375,40.0,1070.0,False,332,-0.050939,-0.012699999999999934,0.0,0.052498302077305305,-166.00054974758893,121.00054974758893,0.6666666666666666,0.07874745311595796,4355.0850302360695,4355.163777689186,0.1380525,-0.608144,0.375,45.24442870763232,1605.0
25,HATCH,0.112583,-0.614494,0.375,-0.61387,0.111959,0.375,30.0,1070.0,False,335,-0.726453,0.726453,0.0,1.027359685026622,135.0,58.999450252411066,0.5,2.054719370053244,4355.163777689186,4357.218497059239,-0.2506435,-0.2512675,0.375,0.07874745311619336,2140.0
25,OTHER,-0.61387,0.111959,0.375,-0.621712,0.056161,0.375,40.0,1070.0,False,338,-0.007842000000000016,-0.055798,0.0,0.05634637315746241,-98.00010321805235,126.99989678194764,0.6666666666666666,0.08451955973619361,4357.218497059239,4357.303016618975,-0.617791,0.08406,0.375,49.68939558395505,1605.0
25,HATCH,-0.621712,0.056161,0.375,0.055525,-0.621076,0.375,30.0,1070.0,False,341,0.6772370000000001,-0.677237,0.0,0.9577577503408677,-45.0,53.00010321805235,0.5,1.9155155006817355,4357.303016618975,4359.218532119657,-0.2830935,-0.2824575,0.375,0.08451955973578151,2140.0
25,OTHER,0.055525,-0.621076,0.375,-0.005526,-0.623665,0.375,40.0,1070.0,False,344,-0.061050999999999994,-0.0025890000000000635,0.0,0.06110587142001986,-177.57170322477987,132.57170322477987,0.6666666666666666,0.09165880713002979,4359.218532119657,4359.310190926787,0.0249995,-0.6223704999999999,0.375,49.55232395919393,1605.0
25,HATCH,-0.005526,-0.623665,0.375,-0.623478,-0.005713,0.375,30.0,1070.0,False,347,-0.617952,0.6179520000000001,0.0,0.8739160992955788,135.0,47.42829677522015,0.5,1.7478321985911576,4359.310190926787,4361.058023125378,-0.314502,-0.314689,0.375,0.09165880713044317,2140.0
25,OTHER,-0.623478,-0.005713,0.375,-0.619266,-0.073564,0.375,40.0,1070.0,False,350,0.0042119999999999935,-0.06785100000000001,0.0,0.06798160887328279,-86.44779673673912,138.55220326326088,0.6666666666666666,0.1019724133099242,4361.058023125378,4361.159995538688,-0.621372,-0.0396385,0.375,53.354530286716,1605.0
25,HATCH,-0.619266,-0.073564,0.375,-0.072522,-0.620308,0.375,30.0,1070.0,False,353,0.546744,-0.546744,0.0,0.7732127799461155,-45.0,41.44779673673912,0.5,1.546425559892231,4361.159995538688,4362.706421098581,-0.345894,-0.34693599999999997,0.375,0.10197241331024998,2140.0
25,OTHER,-0.072522,-0.620308,0.375,-0.149785,-0.606685,0.375,40.0,1070.0,False,356,-0.077263,0.01362299999999994,0.0,0.07845481054721883,170.0003966507515,144.9996033492485,0.6666666666666666,0.11768221582082825,4362.706421098581,4362.824103314401,-0.1111535,-0.6134965,0.375,53.38899448903794,1605.0
25,HATCH,-0.149785,-0.606685,0.375,-0.605238,-0.151231,0.375,30.0,1070.0,False,359,-0.45545300000000005,0.455454,0.0,0.6441085167306826,134.99993710029727,35.0004595504542,0.5,1.2882170334613652,4362.824103314401,4364.112320347863,-0.3775115,-0.378958,0.375,0.11768221582042315,2140.0
25,OTHER,-0.605238,-0.151231,0.375,-0.572028,-0.248081,0.375,40.0,1070.0,False,362,0.03321000000000007,-0.09684999999999999,0.0,0.10238567575593767,-71.07308690539031,153.92697599431241,0.6666666666666666,0.1535785136339065,4364.112320347863,4364.265898861497,-0.588633,-0.199656,0.375,56.060044882497095,1605.0
25,HATCH,-0.572028,-0.248081,0.375,-0.246799,-0.57331,0.375,30.0,1070.0,False,365,0.325229,-0.325229,0.0,0.45994326267703933,-45.0,26.073086905390344,0.5,0.9198865253540787,4364.265898861497,4365.1857853868505,-0.4094135,-0.4106955,0.375,0.15357851363387454,2140.0
25,OTHER,-0.246799,-0.57331,0.375,0.560356,0.274164,0.375,40.0,1070.0,False,368,0.807155,0.8474740000000001,0.0,1.170346689960287,46.395872713847176,91.39587271384718,0.6666666666666666,1.7555200349404305,4365.1857853868505,4366.941305421791,0.1567785,-0.14957299999999998,0.375,23.219149965336328,1605.0
25,HATCH,0.560356,0.274164,0.375,0.271956,0.562565,0.375,30.0,1070.0,False,371,-0.2884,0.28840099999999996,0.0,0.40785989849579474,134.9999006662965,88.60402795244933,0.5,0.8157197969915895,4366.941305421791,4367.7570252187825,0.41615599999999997,0.41836450000000003,0.375,52.30719599224631,2140.0
25,OTHER,0.271956,0.562565,0.375,0.271956,0.562565,0.39,40.0,1070.0,False,374,0.0,0.0,0.015000000000000013,0.015000000000000013,0.0,,0.6666666666666666,0.02250000000000002,4367.7570252187825,4367.7795252187825,0.271956,0.562565,0.3825,62.62498610374496,1605.0
26,OTHER,0.271956,0.562565,0.39,-0.120136,0.088463,0.39,40.0,1070.0,False,20,-0.392092,-0.47410199999999997,0.0,0.6152307232802992,-129.59144051980027,,0.6666666666666666,0.9228460849204487,4367.7795252187825,4368.702371303703,0.07590999999999998,0.32551399999999997,0.39,96.24727568229264,1605.0
26,CONTOUR,-0.120136,0.088463,0.39,-0.106384,0.106384,0.39,30.0,1070.0,False,23,0.013752,0.017921000000000006,0.0,0.02258937239057341,52.498524912477095,177.9100345677225,0.5,0.04517874478114682,4368.702371303703,4368.747550048484,-0.11326,0.0974235,0.39,33.33461967861058,2140.0
26,CONTOUR,-0.106384,0.106384,0.39,-0.093146,0.116542,0.39,30.0,1070.0,False,24,0.013238,0.010158,0.0,0.01668621011494222,37.5003414266999,14.998183485777218,0.5,0.03337242022988444,4368.747550048484,4368.780922468714,-0.099765,0.111463,0.39,0.0,2140.0
26,CONTOUR,-0.093146,0.116542,0.39,-0.075225,0.130294,0.39,30.0,1070.0,False,25,0.017921000000000006,0.013751999999999986,0.0,0.0225893723905734,37.50147508752288,0.001133660631734164,0.5,0.0451787447811468,4368.780922468714,4368.826101213495,-0.0841855,0.123418,0.39,0.0,2140.0
26,CONTOUR,-0.075225,0.130294,0.39,-0.059809,0.136679,0.39,30.0,1070.0,False,26,0.015416,0.006385000000000002,0.0,0.01668596059566245,22.49836216555735,15.003112921965515,0.5,0.0333719211913249,4368.826101213495,4368.859473134687,-0.067517,0.1334865,0.39,0.0,2140.0
26,CONTOUR,-0.059809,0.136679,0.39,-0.038939,0.145324,0.39,30.0,1070.0,False,27,0.02087,0.008645000000000014,0.0,0.022589664118795576,22.500850509017422,0.0024883434683569145,0.5,0.04517932823759115,4368.859473134687,4368.904652462924,-0.049374,0.1410015,0.39,0.0,2140.0
26,CONTOUR,-0.038939,0.145324,0.39,-0.022396,0.147501,0.39,30.0,1070.0,False,28,0.016543000000000002,0.0021769999999999845,0.0,0.016685627887496474,7.496843151613865,15.0040073574036,0.5,0.03337125577499295,4368.904652462924,4368.938023718699,-0.0306675,0.1464125,0.39,0.0,2140.0
26,CONTOUR,-0.022396,0.147501,0.39,0.0,0.15045,0.39,30.0,1070.0,False,29,0.022396,0.002949000000000007,0.0,0.022589320861858598,7.501284172291384,0.004441020713840901,0.5,0.045178641723717196,4368.938023718699,4368.983202360422,-0.011198,0.14897549999999998,0.39,0.0,2140.0
26,CONTOUR,0.0,0.15045,0.39,0.016543,0.148272,0.39,30.0,1070.0,False,30,0.016543,-0.0021780000000000133,0.0,0.016685758388518036,-7.5002476128828235,15.001531785174224,0.5,0.03337151677703607,4368.983202360422,4369.016573877199,0.0082715,0.149361,0.39,0.0,2140.0
26,CONTOUR,0.016543,0.148272,0.39,0.038939,0.145324,0.39,30.0,1070.0,False,31,0.022396000000000003,-0.0029479999999999784,0.0,0.022589190335202368,-7.49876945451172,0.001478158608842409,0.5,0.045178380670404736,4369.016573877199,4369.06175225787,0.027741000000000002,0.14679799999999998,0.39,0.0,2140.0
26,CONTOUR,0.038939,0.145324,0.39,0.054355,0.138938,0.39,30.0,1070.0,False,32,0.015416,-0.006386000000000003,0.0,0.016686343278262017,-22.501534521770225,15.002765067258506,0.5,0.033372686556524034,4369.06175225787,4369.095124944426,0.046647,0.142131,0.39,0.0,2140.0
26,CONTOUR,0.054355,0.138938,0.39,0.075225,0.130294,0.39,30.0,1070.0,False,33,0.02087,-0.008644000000000013,0.0,0.02258928144054167,-22.49850718204334,0.0030273397733549907,0.5,0.04517856288108334,4369.095124944426,4369.140303507307,0.06479,0.134616,0.39,0.0,2140.0
26,CONTOUR,0.075225,0.130294,0.39,0.088463,0.120136,0.39,30.0,1070.0,False,34,0.013238,-0.010157999999999986,0.0,0.01668621011494221,-37.50034142669986,15.001834244656509,0.5,0.03337242022988442,4369.140303507307,4369.173675927537,0.081844,0.125215,0.39,0.0,2140.0
26,CONTOUR,0.088463,0.120136,0.39,0.106384,0.106384,0.39,30.0,1070.0,False,35,0.017921000000000006,-0.013752,0.0,0.02258937239057341,-37.501475087522905,0.001133660631734164,0.5,0.04517874478114682,4369.173675927537,4369.218854672318,0.0974235,0.11326,0.39,0.0,2140.0
26,CONTOUR,0.106384,0.106384,0.39,0.116542,0.093146,0.39,30.0,1070.0,False,36,0.010158,-0.013238,0.0,0.01668621011494222,-52.4996585733001,14.998183485777218,0.5,0.03337242022988444,4369.218854672318,4369.252227092548,0.111463,0.099765,0.39,0.0,2140.0
26,CONTOUR,0.116542,0.093146,0.39,0.130294,0.075225,0.39,30.0,1070.0,False,37,0.013751999999999986,-0.017921000000000006,0.0,0.0225893723905734,-52.49852491247712,0.001133660631734164,0.5,0.0451787447811468,4369.252227092548,4369.297405837329,0.123418,0.0841855,0.39,0.0,2140.0
26,CONTOUR,0.130294,0.075225,0.39,0.136679,0.059809,0.39,30.0,1070.0,False,38,0.006385000000000002,-0.015416,0.0,0.01668596059566245,-67.50163783444265,15.003112921965515,0.5,0.0333719211913249,4369.297405837329,4369.3307777585205,0.1334865,0.067517,0.39,0.0,2140.0
26,CONTOUR,0.136679,0.059809,0.39,0.145324,0.038939,0.39,30.0,1070.0,False,39,0.008645000000000014,-0.02087,0.0,0.022589664118795576,-67.49914949098259,0.0024883434683569145,0.5,0.04517932823759115,4369.3307777585205,4369.375957086758,0.1410015,0.049374,0.39,0.0,2140.0
26,CONTOUR,0.145324,0.038939,0.39,0.147501,0.022396,0.39,30.0,1070.0,False,40,0.0021769999999999845,-0.016543000000000002,0.0,0.016685627887496474,-82.50315684838614,15.0040073574036,0.5,0.03337125577499295,4369.375957086758,4369.409328342533,0.1464125,0.0306675,0.39,0.0,2140.0
26,CONTOUR,0.147501,0.022396,0.39,0.15045,0.0,0.39,30.0,1070.0,False,41,0.002949000000000007,-0.022396,0.0,0.022589320861858598,-82.49871582770862,0.004441020713840901,0.5,0.045178641723717196,4369.409328342533,4369.454506984256,0.14897549999999998,0.011198,0.39,0.0,2140.0
26,CONTOUR,0.15045,0.0,0.39,0.148272,-0.016543,0.39,30.0,1070.0,False,42,-0.0021780000000000133,-0.016543,0.0,0.016685758388518036,-97.50024761288283,15.001531785174224,0.5,0.03337151677703607,4369.454506984256,4369.487878501033,0.149361,-0.0082715,0.39,0.0,2140.0
26,CONTOUR,0.148272,-0.016543,0.39,0.145324,-0.038939,0.39,30.0,1070.0,False,43,-0.0029479999999999784,-0.022396000000000003,0.0,0.022589190335202368,-97.49876945451172,0.001478158608842409,0.5,0.045178380670404736,4369.487878501033,4369.5330568817035,0.14679799999999998,-0.027741000000000002,0.39,0.0,2140.0
26,CONTOUR,0.145324,-0.038939,0.39,0.138938,-0.054355,0.39,30.0,1070.0,False,44,-0.006386000000000003,-0.015416,0.0,0.016686343278262017,-112.50153452177024,15.002765067258506,0.5,0.033372686556524034,4369.5330568817035,4369.56642956826,0.142131,-0.046647,0.39,0.0,2140.0
26,CONTOUR,0.138938,-0.054355,0.39,0.130294,-0.075225,0.39,30.0,1070.0,False,45,-0.008644000000000013,-0.02087,0.0,0.02258928144054167,-112.49850718204334,0.0030273397733549907,0.5,0.04517856288108334,4369.56642956826,4369.611608131141,0.134616,-0.06479,0.39,0.0,2140.0
26,CONTOUR,0.130294,-0.075225,0.39,0.120136,-0.088463,0.39,30.0,1070.0,False,46,-0.010157999999999986,-0.013238,0.0,0.01668621011494221,-127.50034142669986,15.001834244656509,0.5,0.03337242022988442,4369.611608131141,4369.644980551371,0.125215,-0.081844,0.39,0.0,2140.0
26,CONTOUR,0.120136,-0.088463,0.39,0.106384,-0.106384,0.39,30.0,1070.0,False,47,-0.013752,-0.017921000000000006,0.0,0.02258937239057341,-127.5014750875229,0.001133660631734164,0.5,0.04517874478114682,4369.644980551371,4369.690159296152,0.11326,-0.0974235,0.39,0.0,2140.0
26,CONTOUR,0.106384,-0.106384,0.39,0.093146,-0.116542,0.39,30.0,1070.0,False,48,-0.013238,-0.010158,0.0,0.01668621011494222,-142.4996585733001,14.998183485777218,0.5,0.03337242022988444,4369.690159296152,4369.723531716382,0.099765,-0.111463,0.39,0.0,2140.0
26,CONTOUR,0.093146,-0.116542,0.39,0.075225,-0.130294,0.39,30.0,1070.0,False,49,-0.017921000000000006,-0.013751999999999986,0.0,0.0225893723905734,-142.49852491247714,0.001133660631734164,0.5,0.0451787447811468,4369.723531716382,4369.768710461163,0.0841855,-0.123418,0.39,0.0,2140.0
26,CONTOUR,0.075225,-0.130294,0.39,0.059809,-0.136679,0.39,30.0,1070.0,False,50,-0.015416,-0.006385000000000002,0.0,0.01668596059566245,-157.50163783444265,15.003112921965515,0.5,0.0333719211913249,4369.768710461163,4369.8020823823545,0.067517,-0.1334865,0.39,0.0,2140.0
26,CONTOUR,0.059809,-0.136679,0.39,0.038939,-0.145324,0.39,30.0,1070.0,False,51,-0.02087,-0.008645000000000014,0.0,0.022589664118795576,-157.49914949098257,0.0024883434683569145,0.5,0.04517932823759115,4369.8020823823545,4369.847261710592,0.049374,-0.1410015,0.39,0.0,2140.0
26,CONTOUR,0.038939,-0.145324,0.39,0.022396,-0.147501,0.39,30.0,1070.0,False,52,-0.016543000000000002,-0.0021769999999999845,0.0,0.016685627887496474,-172.50315684838614,15.0040073574036,0.5,0.03337125577499295,4369.847261710592,4369.880632966367,0.0306675,-0.1464125,0.39,0.0,2140.0
26,CONTOUR,0.022396,-0.147501,0.39,0.0,-0.15045,0.39,30.0,1070.0,False,53,-0.022396,-0.002949000000000007,0.0,0.022589320861858598,-172.49871582770862,0.004441020713840901,0.5,0.045178641723717196,4369.880632966367,4369.92581160809,0.011198,-0.14897549999999998,0.39,0.0,2140.0
26,CONTOUR,0.0,-0.15045,0.39,-0.016543,-0.148272,0.39,30.0,1070.0,False,54,-0.016543,0.0021780000000000133,0.0,0.016685758388518036,172.49975238711718,15.001531785174224,0.5,0.03337151677703607,4369.92581160809,4369.959183124867,-0.0082715,-0.149361,0.39,0.0,2140.0
26,CONTOUR,-0.016543,-0.148272,0.39,-0.038939,-0.145324,0.39,30.0,1070.0,False,55,-0.022396000000000003,0.0029479999999999784,0.0,0.022589190335202368,172.50123054548828,0.001478158608842409,0.5,0.045178380670404736,4369.959183124867,4370.004361505537,-0.027741000000000002,-0.14679799999999998,0.39,0.0,2140.0
26,CONTOUR,-0.038939,-0.145324,0.39,-0.054355,-0.138938,0.39,30.0,1070.0,False,56,-0.015416,0.006386000000000003,0.0,0.016686343278262017,157.4984654782298,15.002765067258506,0.5,0.033372686556524034,4370.004361505537,4370.037734192094,-0.046647,-0.142131,0.39,0.0,2140.0
26,CONTOUR,-0.054355,-0.138938,0.39,-0.075225,-0.130294,0.39,30.0,1070.0,False,57,-0.02087,0.008644000000000013,0.0,0.02258928144054167,157.5014928179567,0.0030273397733549907,0.5,0.04517856288108334,4370.037734192094,4370.082912754975,-0.06479,-0.134616,0.39,0.0,2140.0
26,CONTOUR,-0.075225,-0.130294,0.39,-0.088463,-0.120136,0.39,30.0,1070.0,False,58,-0.013238,0.010157999999999986,0.0,0.01668621011494221,142.49965857330014,15.001834244656509,0.5,0.03337242022988442,4370.082912754975,4370.116285175205,-0.081844,-0.125215,0.39,0.0,2140.0
26,CONTOUR,-0.088463,-0.120136,0.39,-0.106384,-0.106384,0.39,30.0,1070.0,False,59,-0.017921000000000006,0.013752,0.0,0.02258937239057341,142.4985249124771,0.001133660631734164,0.5,0.04517874478114682,4370.116285175205,4370.161463919986,-0.0974235,-0.11326,0.39,0.0,2140.0
26,CONTOUR,-0.106384,-0.106384,0.39,-0.116542,-0.093146,0.39,30.0,1070.0,False,60,-0.010158,0.013238,0.0,0.01668621011494222,127.50034142669989,14.998183485777218,0.5,0.03337242022988444,4370.161463919986,4370.194836340216,-0.111463,-0.099765,0.39,0.0,2140.0
26,CONTOUR,-0.116542,-0.093146,0.39,-0.130294,-0.075225,0.39,30.0,1070.0,False,61,-0.013751999999999986,0.017921000000000006,0.0,0.0225893723905734,127.50147508752288,0.001133660631734164,0.5,0.0451787447811468,4370.194836340216,4370.240015084997,-0.123418,-0.0841855,0.39,0.0,2140.0
26,CONTOUR,-0.130294,-0.075225,0.39,-0.136679,-0.059809,0.39,30.0,1070.0,False,62,-0.006385000000000002,0.015416,0.0,0.01668596059566245,112.49836216555735,15.003112921965515,0.5,0.0333719211913249,4370.240015084997,4370.273387006188,-0.1334865,-0.067517,0.39,0.0,2140.0
26,CONTOUR,-0.136679,-0.059809,0.39,-0.145324,-0.038939,0.39,30.0,1070.0,False,63,-0.008645000000000014,0.02087,0.0,0.022589664118795576,112.50085050901743,0.0024883434683569145,0.5,0.04517932823759115,4370.273387006188,4370.318566334426,-0.1410015,-0.049374,0.39,0.0,2140.0
26,CONTOUR,-0.145324,-0.038939,0.39,-0.147501,-0.022396,0.39,30.0,1070.0,False,64,-0.0021769999999999845,0.016543000000000002,0.0,0.016685627887496474,97.49684315161386,15.0040073574036,0.5,0.03337125577499295,4370.318566334426,4370.351937590201,-0.1464125,-0.0306675,0.39,0.0,2140.0
26,CONTOUR,-0.147501,-0.022396,0.39,-0.15045,0.0,0.39,30.0,1070.0,False,65,-0.002949000000000007,0.022396,0.0,0.022589320861858598,97.50128417229139,0.004441020713840901,0.5,0.045178641723717196,4370.351937590201,4370.397116231924,-0.14897549999999998,-0.011198,0.39,0.0,2140.0
26,CONTOUR,-0.15045,0.0,0.39,-0.148272,0.016543,0.39,30.0,1070.0,False,66,0.0021780000000000133,0.016543,0.0,0.016685758388518036,82.49975238711717,15.001531785174224,0.5,0.03337151677703607,4370.397116231924,4370.430487748701,-0.149361,0.0082715,0.39,0.0,2140.0
26,CONTOUR,-0.148272,0.016543,0.39,-0.145324,0.038939,0.39,30.0,1070.0,False,67,0.0029479999999999784,0.022396000000000003,0.0,0.022589190335202368,82.50123054548828,0.001478158608842409,0.5,0.045178380670404736,4370.430487748701,4370.475666129371,-0.14679799999999998,0.027741000000000002,0.39,0.0,2140.0
26,CONTOUR,-0.145324,0.038939,0.39,-0.138938,0.054355,0.39,30.0,1070.0,False,68,0.006386000000000003,0.015416,0.0,0.016686343278262017,67.49846547822978,15.002765067258506,0.5,0.033372686556524034,4370.475666129371,4370.509038815928,-0.142131,0.046647,0.39,0.0,2140.0
26,CONTOUR,-0.138938,0.054355,0.39,-0.130294,0.075225,0.39,30.0,1070.0,False,69,0.008644000000000013,0.02087,0.0,0.02258928144054167,67.50149281795666,0.0030273397733549907,0.5,0.04517856288108334,4370.509038815928,4370.554217378809,-0.134616,0.06479,0.39,0.0,2140.0
26,CONTOUR,-0.130294,0.075225,0.39,-0.120136,0.088463,0.39,30.0,1070.0,False,70,0.010157999999999986,0.013238,0.0,0.01668621011494221,52.49965857330014,15.001834244656509,0.5,0.03337242022988442,4370.554217378809,4370.587589799039,-0.125215,0.081844,0.39,0.0,2140.0
26,OTHER,-0.120136,0.088463,0.39,-0.623478,0.006553,0.39,40.0,1070.0,False,73,-0.503342,-0.08191,0.0,0.5099631526532088,-170.75714699326227,136.74319443343762,0.6666666666666666,0.7649447289798132,4370.587589799039,4371.352534528019,-0.371807,0.047508,0.39,108.01187196434967,1605.0
26,CONTOUR,-0.623478,0.006553,0.39,-0.623478,0.043598,0.39,30.0,1070.0,False,76,0.0,0.037044999999999995,0.0,0.037044999999999995,90.0,99.24285300673776,0.5,0.07408999999999999,4371.352534528019,4371.426624528019,-0.623478,0.0250755,0.39,10.192538989330387,2140.0
26,CONTOUR,-0.623478,0.043598,0.39,-0.616498,0.093261,0.39,30.0,1070.0,False,77,0.006979999999999986,0.049663,0.0,0.0501511113436183,81.99963737449424,8.000362625505796,0.5,0.1003022226872366,4371.426624528019,4371.526926750706,-0.619988,0.0684295,0.39,0.0,2140.0
26,CONTOUR,-0.616498,0.093261,0.39,-0.611342,0.129945,0.39,30.0,1070.0,False,78,0.005155999999999938,0.03668400000000001,0.0,0.037044570344383805,81.99938732196665,0.00025005221339059476,0.5,0.07408914068876761,4371.526926750706,4371.601015891394,-0.61392,0.11160300000000001,0.39,0.0,2140.0
26,CONTOUR,-0.611342,0.129945,0.39,-0.597519,0.178153,0.39,30.0,1070.0,False,79,0.01382300000000003,0.048208,0.0,0.05015063900889002,74.00046296030332,7.998924361663401,0.5,0.10030127801778004,4371.601015891394,4371.701317169412,-0.6044305000000001,0.154049,0.39,0.0,2140.0
26,CONTOUR,-0.597519,0.178153,0.39,-0.587308,0.213763,0.39,30.0,1070.0,False,80,0.01021099999999997,0.03561,0.0,0.037045062032611036,74.00000473803705,0.000458222789606528,0.5,0.07409012406522207,4371.701317169412,4371.775407293477,-0.5924135,0.19595800000000002,0.39,0.0,2140.0
26,CONTOUR,-0.587308,0.213763,0.39,-0.56691,0.259578,0.39,30.0,1070.0,False,81,0.020398000000000027,0.04581499999999997,0.0,0.050150699187548706,66.000158869355,7.999845868682068,0.5,0.10030139837509741,4371.775407293477,4371.875708691852,-0.5771090000000001,0.2366705,0.39,0.0,2140.0
26,CONTOUR,-0.56691,0.259578,0.39,-0.551842,0.29342,0.39,30.0,1070.0,False,82,0.01506799999999997,0.03384200000000004,0.0,0.03704491311907752,65.99919344801478,0.00096542132664871,0.5,0.07408982623815503,4371.875708691852,4371.949798518091,-0.5593760000000001,0.276499,0.39,0.0,2140.0
26,CONTOUR,-0.551842,0.29342,0.39,-0.525266,0.33595,0.39,30.0,1070.0,False,83,0.026576000000000044,0.04253000000000001,0.0,0.050150619896467914,57.999703076016125,7.99949037199859,0.5,0.10030123979293583,4371.949798518091,4372.050099757884,-0.538554,0.314685,0.39,0.0,2140.0
26,CONTOUR,-0.525266,0.33595,0.39,-0.505636,0.367366,0.39,30.0,1070.0,False,84,0.019630000000000036,0.031416,0.0,0.03704459415353341,58.001174661569245,0.0014715858139005573,0.5,0.07408918830706682,4372.050099757884,4372.124188946191,-0.515451,0.351658,0.39,0.0,2140.0
26,CONTOUR,-0.505636,0.367366,0.39,-0.473399,0.405784,0.39,30.0,1070.0,False,85,0.03223699999999996,0.03841799999999995,0.0,0.050151439590504214,49.99958834605212,8.001586315517129,0.5,0.10030287918100843,4372.124188946191,4372.224491825372,-0.4895175,0.386575,0.39,0.0,2140.0
26,CONTOUR,-0.473399,0.405784,0.39,-0.449587,0.434161,0.39,30.0,1070.0,False,86,0.023812,0.02837700000000004,0.0,0.037044101730235035,49.99896947152005,0.0006188740096355783,0.5,0.07408820346047007,4372.224491825372,4372.2985800288325,-0.46149300000000004,0.41997249999999997,0.39,0.0,2140.0
26,CONTOUR,-0.449587,0.434161,0.39,-0.412318,0.467719,0.39,30.0,1070.0,False,87,0.037269,0.03355799999999998,0.0,0.05015094939280809,42.00071459563693,7.9982548758830845,0.5,0.10030189878561618,4372.2985800288325,4372.398881927618,-0.4309525,0.45094,0.39,0.0,2140.0
26,CONTOUR,-0.412318,0.467719,0.39,-0.384788,0.492507,0.39,30.0,1070.0,False,88,0.02753,0.024787999999999977,0.0,0.03704518651592942,41.99985823580464,0.0008563600778197513,0.5,0.07409037303185884,4372.398881927618,4372.47297230065,-0.39855300000000005,0.480113,0.39,0.0,2140.0
26,CONTOUR,-0.384788,0.492507,0.39,-0.343211,0.520551,0.39,30.0,1070.0,False,89,0.04157700000000003,0.028044000000000013,0.0,0.05015090093906593,33.99996154126204,7.999896694542661,0.5,0.10030180187813185,4372.47297230065,4372.573274102529,-0.36399950000000003,0.506529,0.39,0.0,2140.0
26,CONTOUR,-0.343211,0.520551,0.39,-0.3125,0.541266,0.39,30.0,1070.0,False,90,0.03071099999999999,0.02071500000000004,0.0,0.03704425388639918,34.000216623995364,0.00025508407707156954,0.5,0.07408850777279836,4372.573274102529,4372.647362610302,-0.32785549999999997,0.5309085,0.39,0.0,2140.0
26,CONTOUR,-0.3125,0.541266,0.39,-0.267425,0.563251,0.39,30.0,1070.0,False,91,0.045074999999999976,0.02198499999999992,0.0,0.050150731300749686,26.000465747194788,7.999750876800593,0.5,0.10030146260149937,4372.647362610302,4372.747664072903,-0.2899625,0.5522585,0.39,0.0,2140.0
26,CONTOUR,-0.267425,0.563251,0.39,-0.234129,0.57949,0.39,30.0,1070.0,False,92,0.03329600000000002,0.016239000000000003,0.0,0.03704495562151481,25.99924339840806,0.0012223492529980387,0.5,0.07408991124302962,4372.747664072903,4372.821753984146,-0.250777,0.5713705,0.39,0.0,2140.0
26,CONTOUR,-0.234129,0.57949,0.39,-0.186433,0.594987,0.39,30.0,1070.0,False,93,0.047696000000000016,0.015497000000000094,0.0,0.050150427964275685,17.999598155302188,7.999645243105932,0.5,0.10030085592855137,4372.821753984146,4372.922054840074,-0.210281,0.5872385,0.39,0.0,2140.0
26,CONTOUR,-0.186433,0.594987,0.39,-0.151201,0.606435,0.39,30.0,1070.0,False,94,0.035231999999999986,0.011447999999999903,0.0,0.03704524973596476,18.000631421261712,0.0010332661296636838,0.5,0.07409049947192951,4372.922054840074,4372.996145339546,-0.168817,0.600711,0.39,0.0,2140.0
26,CONTOUR,-0.151201,0.606435,0.39,-0.101812,0.615143,0.39,30.0,1070.0,False,95,0.049389,0.008708000000000049,0.0,0.05015079844827997,9.999310024062202,8.001321397199511,0.5,0.10030159689655994,4372.996145339546,4373.096446936443,-0.1265065,0.610789,0.39,0.0,2140.0
26,CONTOUR,-0.101812,0.615143,0.39,-0.06533,0.621576,0.39,30.0,1070.0,False,96,0.036482,0.006433000000000022,0.0,0.03704483517307103,10.00036417276376,0.0010541487580489938,0.5,0.07408967034614206,4373.096446936443,4373.170536606789,-0.083571,0.6183595,0.39,0.0,2140.0
26,CONTOUR,-0.06533,0.621576,0.39,-0.01521,0.623326,0.39,30.0,1070.0,False,97,0.05012,0.0017500000000000293,0.0,0.0501505423699485,1.9997385701875314,8.000625602576253,0.5,0.100301084739897,4373.170536606789,4373.270837691529,-0.04027,0.6224510000000001,0.39,0.0,2140.0
26,CONTOUR,-0.01521,0.623326,0.39,0.021812,0.624619,0.39,30.0,1070.0,False,98,0.037022,0.0012929999999999886,0.0,0.03704457224749667,2.0002523741046185,0.000513804356810782,0.5,0.07408914449499333,4373.270837691529,4373.344926836024,0.003301000000000001,0.6239725,0.39,0.0,2140.0
26,CONTOUR,0.021812,0.624619,0.39,0.071689,0.619377,0.39,30.0,1070.0,False,99,0.049877000000000005,-0.00524200000000008,0.0,0.05015170678052743,-5.999677387322124,7.999929761426765,0.5,0.10030341356105486,4373.344926836024,4373.445230249585,0.0467505,0.621998,0.39,0.0,2140.0
26,CONTOUR,0.071689,0.619377,0.39,0.10853,0.615505,0.39,30.0,1070.0,False,100,0.036841,-0.0038719999999999866,0.0,0.037043915357316104,-5.999776755097523,9.936839628953232e-05,0.5,0.07408783071463221,4373.445230249585,4373.519318080299,0.09010950000000001,0.6174409999999999,0.39,0.0,2140.0
26,CONTOUR,0.10853,0.615505,0.39,0.157191,0.603372,0.39,30.0,1070.0,False,101,0.048660999999999996,-0.01213299999999995,0.0,0.05015079869752822,-14.000498899631575,8.000722144534057,0.5,0.10030159739505644,4373.519318080299,4373.619619677694,0.1328605,0.6094385,0.39,0.0,2140.0
26,CONTOUR,0.157191,0.603372,0.39,0.193136,0.59441,0.39,30.0,1070.0,False,102,0.035945000000000005,-0.008962000000000026,0.0,0.03704538390946976,-13.999857340563818,0.0006415584907466296,0.5,0.07409076781893952,4373.619619677694,4373.693710445513,0.1751635,0.5988910000000001,0.39,0.0,2140.0
26,CONTOUR,0.193136,0.59441,0.39,0.239635,0.575623,0.39,30.0,1070.0,False,103,0.046498999999999985,-0.018786999999999998,0.0,0.05015085612429761,-22.000195463242626,8.000338122678862,0.5,0.10030171224859522,4373.693710445513,4373.794012157761,0.2163855,0.5850165,0.39,0.0,2140.0
26,CONTOUR,0.239635,0.575623,0.39,0.273982,0.561746,0.39,30.0,1070.0,False,104,0.034347000000000016,-0.013877000000000028,0.0,0.03704439954972954,-21.999872686338495,0.0003227772541427435,0.5,0.07408879909945908,4373.794012157761,4373.868100956861,0.2568085,0.5686845,0.39,0.0,2140.0
26,CONTOUR,0.273982,0.561746,0.39,0.317414,0.536671,0.39,30.0,1070.0,False,105,0.04343199999999997,-0.02507499999999996,0.0,0.05015071533886626,-29.999528159014123,7.99965547267563,0.5,0.10030143067773252,4373.868100956861,4373.968402387539,0.295698,0.5492085,0.39,0.0,2140.0
26,CONTOUR,0.317414,0.536671,0.39,0.349496,0.518148,0.39,30.0,1070.0,False,106,0.032082,-0.018522999999999956,0.0,0.03704532700625004,-30.000600953568252,0.0010727946998787894,0.5,0.07409065401250008,4373.968402387539,4374.042493041551,0.33345499999999995,0.5274095000000001,0.39,0.0,2140.0
26,CONTOUR,0.349496,0.518148,0.39,0.389015,0.487272,0.39,30.0,1070.0,False,107,0.039519000000000026,-0.03087600000000007,0.0,0.05015056068480198,-38.0003360990734,7.999735145505151,0.5,0.10030112136960397,4374.042493041551,4374.142794162921,0.36925549999999996,0.50271,0.39,0.0,2140.0
26,CONTOUR,0.389015,0.487272,0.39,0.418207,0.464466,0.39,30.0,1070.0,False,108,0.029191999999999996,-0.022805999999999993,0.0,0.03704438553951191,-37.99842773728341,0.0019083617219521835,0.5,0.07408877107902383,4374.142794162921,4374.216882934,0.403611,0.475869,0.39,0.0,2140.0
26,CONTOUR,0.418207,0.464466,0.39,0.453044,0.42839,0.39,30.0,1070.0,False,109,0.03483700000000001,-0.036076,0.0,0.05015071629598126,-46.00097652581414,8.002548788530724,0.5,0.10030143259196252,4374.216882934,4374.317184366591,0.4356255,0.446428,0.39,0.0,2140.0
26,CONTOUR,0.453044,0.42839,0.39,0.478778,0.401742,0.39,30.0,1070.0,False,110,0.02573399999999998,-0.026648000000000005,0.0,0.03704530550555629,-45.99963782943783,0.0013386966585035214,0.5,0.07409061101111258,4374.317184366591,4374.391274977603,0.46591099999999996,0.415066,0.39,0.0,2140.0
26,CONTOUR,0.478778,0.401742,0.39,0.508256,0.361169,0.39,30.0,1070.0,False,111,0.02947800000000006,-0.04057299999999997,0.0,0.05015098017985293,-54.00000923235493,8.000371402917143,0.5,0.10030196035970586,4374.391274977603,4374.491576937962,0.493517,0.3814555,0.39,0.0,2140.0
26,CONTOUR,0.508256,0.361169,0.39,0.53003,0.3312,0.39,30.0,1070.0,False,112,0.02177399999999996,-0.029969000000000023,0.0,0.03704386638837798,-53.99969095437362,0.00031827898286110047,0.5,0.07408773277675595,4374.491576937962,4374.565664670739,0.519143,0.3461845,0.39,0.0,2140.0
26,CONTOUR,0.53003,0.3312,0.39,0.553575,0.286919,0.39,30.0,1070.0,False,113,0.023545000000000038,-0.044281000000000015,0.0,0.05015151030627096,-61.99962207386293,7.999931119489272,0.5,0.10030302061254193,4374.565664670739,4374.665967691352,0.5418025,0.3090595,0.39,0.0,2140.0
26,CONTOUR,0.553575,0.286919,0.39,0.570966,0.25421,0.39,30.0,1070.0,False,114,0.017390999999999934,-0.03270899999999999,0.0,0.03704491276815208,-62.000933809345725,0.0013117356184516628,0.5,0.07408982553630417,4374.665967691352,4374.740057516889,0.5622705,0.2705645,0.39,0.0,2140.0
26,CONTOUR,0.570966,0.25421,0.39,0.588119,0.207084,0.39,30.0,1070.0,False,115,0.017152999999999974,-0.047126,0.0,0.0501506259681771,-69.99942162263386,7.998487813288177,0.5,0.1003012519363542,4374.740057516889,4374.840358768825,0.5795425,0.230647,0.39,0.0,2140.0
26,CONTOUR,0.588119,0.207084,0.39,0.600789,0.172273,0.39,30.0,1070.0,False,116,0.01267000000000007,-0.03481099999999998,0.0,0.037045035038450164,-70.0002439131417,0.0008222899604730784,0.5,0.07409007007690033,4374.840358768825,4374.914448838902,0.594454,0.1896785,0.39,0.0,2140.0
26,CONTOUR,0.600789,0.172273,0.39,0.611216,0.123218,0.39,30.0,1070.0,False,117,0.010426999999999964,-0.049055000000000015,0.0,0.0501509257541673,-77.99995768326527,7.9997137701235195,0.5,0.1003018515083346,4374.914448838902,4375.01475069041,0.6060025,0.1477455,0.39,0.0,2140.0
26,CONTOUR,0.611216,0.123218,0.39,0.618918,0.086983,0.39,30.0,1070.0,False,118,0.007701999999999987,-0.03623499999999999,0.0,0.03704451415527,-77.99998035094738,2.2669257917249843e-05,0.5,0.07408902831054,4375.01475069041,4375.088839718721,0.615067,0.1051005,0.39,0.0,2140.0
26,CONTOUR,0.618918,0.086983,0.39,0.622416,0.036954,0.39,30.0,1070.0,False,119,0.003498000000000001,-0.050029000000000004,0.0,0.050151140016952755,-86.00041994296701,8.000439592019635,0.5,0.10030228003390551,4375.088839718721,4375.189141998755,0.620667,0.0619685,0.39,0.0,2140.0
26,CONTOUR,0.622416,0.036954,0.39,0.625,0.0,0.39,30.0,1070.0,False,120,0.0025840000000000307,-0.036954,0.0,0.03704423264153275,-86.00011634921823,0.000303593073026046,0.5,0.0740884652830655,4375.189141998755,4375.263230464038,0.6237079999999999,0.018477,0.39,0.0,2140.0
26,CONTOUR,0.625,0.0,0.39,0.621502,-0.050029,0.39,30.0,1070.0,False,121,-0.003498000000000001,-0.050029,0.0,0.050151140016952755,-93.999580057033,7.999463707814834,0.5,0.10030228003390551,4375.263230464038,4375.3635327440725,0.623251,-0.0250145,0.39,0.0,2140.0
26,CONTOUR,0.621502,-0.050029,0.39,0.618918,-0.086983,0.39,30.0,1070.0,False,122,-0.0025840000000000307,-0.03695400000000001,0.0,0.037044232641532754,-93.99988365078178,0.0003035942735277415,0.5,0.07408846528306551,4375.3635327440725,4375.437621209356,0.6202099999999999,-0.068506,0.39,0.0,2140.0
26,CONTOUR,0.618918,-0.086983,0.39,0.608491,-0.136038,0.39,30.0,1070.0,False,123,-0.010426999999999964,-0.04905499999999999,0.0,0.05015092575416727,-102.00004231673473,8.000158665952926,0.5,0.10030185150833454,4375.437621209356,4375.537923060864,0.6137045,-0.1115105,0.39,0.0,2140.0
26,CONTOUR,0.608491,-0.136038,0.39,0.600789,-0.172273,0.39,30.0,1070.0,False,124,-0.007701999999999987,-0.03623500000000002,0.0,0.03704451415527003,-102.00001964905262,2.2669257917249843e-05,0.5,0.07408902831054005,4375.537923060864,4375.612012089175,0.6046400000000001,-0.1541555,0.39,0.0,2140.0
26,CONTOUR,0.600789,-0.172273,0.39,0.583636,-0.2194,0.39,30.0,1070.0,False,125,-0.017152999999999974,-0.047127,0.0,0.050151565658511595,-110.00018762477528,8.000167975722718,0.5,0.10030313131702319,4375.612012089175,4375.712315220491,0.5922125,-0.19583650000000002,0.39,0.0,2140.0
26,CONTOUR,0.583636,-0.2194,0.39,0.570966,-0.25421,0.39,30.0,1070.0,False,126,-0.01267000000000007,-0.03480999999999998,0.0,0.037044095345952245,-110.00028508024671,9.746116929347287e-05,0.5,0.07408819069190449,4375.712315220491,4375.7864034111835,0.5773010000000001,-0.236805,0.39,0.0,2140.0
26,CONTOUR,0.570966,-0.25421,0.39,0.547421,-0.298491,0.39,30.0,1070.0,False,127,-0.023544999999999927,-0.044281000000000015,0.0,0.050151510306270915,-118.00037792613696,8.000092845890329,0.5,0.10030302061254183,4375.7864034111835,4375.8867064317965,0.5591935,-0.2763505,0.39,0.0,2140.0
26,CONTOUR,0.547421,-0.298491,0.39,0.53003,-0.3312,0.39,30.0,1070.0,False,128,-0.017391000000000045,-0.03270899999999999,0.0,0.03704491276815213,-117.99906619065445,0.0013117353406024124,0.5,0.07408982553630426,4375.8867064317965,4375.960796257333,0.5387255,-0.3148455,0.39,0.0,2140.0
26,CONTOUR,0.53003,-0.3312,0.39,0.500552,-0.371773,0.39,30.0,1070.0,False,129,-0.029478000000000004,-0.040573000000000026,0.0,0.05015098017985294,-125.999990767645,8.00092457699055,0.5,0.10030196035970589,4375.960796257333,4376.061098217692,0.5152909999999999,-0.35148650000000004,0.39,0.0,2140.0
26,CONTOUR,0.500552,-0.371773,0.39,0.478778,-0.401742,0.39,30.0,1070.0,False,130,-0.021774000000000016,-0.029968999999999968,0.0,0.03704386638837796,-126.00030904562651,0.0003182778377481814,0.5,0.07408773277675593,4376.061098217692,4376.135185950469,0.489665,-0.3867575,0.39,0.0,2140.0
26,CONTOUR,0.478778,-0.401742,0.39,0.44394,-0.437818,0.39,30.0,1070.0,False,131,-0.03483799999999998,-0.036076,0.0,0.050151410947250515,-133.99984530177085,7.999536256144342,0.5,0.10030282189450103,4376.135185950469,4376.235488772364,0.46135899999999996,-0.41978,0.39,0.0,2140.0
26,CONTOUR,0.44394,-0.437818,0.39,0.418207,-0.464466,0.39,30.0,1070.0,False,132,-0.025733000000000006,-0.026648000000000005,0.0,0.037044610849622926,-133.99924959623448,0.000595706451758642,0.5,0.07408922169924585,4376.235488772364,4376.309577994063,0.4310735,-0.451142,0.39,0.0,2140.0
26,CONTOUR,0.418207,-0.464466,0.39,0.378687,-0.495342,0.39,30.0,1070.0,False,133,-0.03952,-0.030876000000000015,0.0,0.05015134869572304,-142.00036727321697,8.001117676982505,0.5,0.10030269739144608,4376.309577994063,4376.409880691454,0.398447,-0.479904,0.39,0.0,2140.0
26,CONTOUR,0.378687,-0.495342,0.39,0.349496,-0.518148,0.39,30.0,1070.0,False,134,-0.029191000000000022,-0.02280600000000005,0.0,0.037043597516979956,-142.000620045126,0.0002527732382563595,0.5,0.07408719503395991,4376.409880691454,4376.483967886488,0.3640915,-0.506745,0.39,0.0,2140.0
26,CONTOUR,0.349496,-0.518148,0.39,0.306063,-0.543224,0.39,30.0,1070.0,False,135,-0.043433,-0.025075999999999987,0.0,0.050152081362591514,-150.00005366581132,7.999433620685324,0.5,0.10030416272518303,4376.483967886488,4376.584272049214,0.3277795,-0.530686,0.39,0.0,2140.0
26,CONTOUR,0.306063,-0.543224,0.39,0.273982,-0.561746,0.39,30.0,1070.0,False,136,-0.03208099999999997,-0.018521999999999927,0.0,0.03704396097881536,-149.9999651546275,8.85046651417774e-05,0.5,0.07408792195763073,4376.584272049214,4376.658359971171,0.29002249999999996,-0.552485,0.39,0.0,2140.0
26,CONTOUR,0.273982,-0.561746,0.39,0.227483,-0.580533,0.39,30.0,1070.0,False,137,-0.04649900000000001,-0.018786999999999998,0.0,0.050150856124297635,-157.99980453675738,7.999839382129887,0.5,0.10030171224859527,4376.658359971171,4376.75866168342,0.2507325,-0.5711394999999999,0.39,0.0,2140.0
26,CONTOUR,0.227483,-0.580533,0.39,0.193136,-0.59441,0.39,30.0,1070.0,False,138,-0.03434699999999999,-0.013877000000000028,0.0,0.03704439954972951,-158.0001273136615,0.0003227772541427435,0.5,0.07408879909945902,4376.75866168342,4376.832750482519,0.21030949999999998,-0.5874714999999999,0.39,0.0,2140.0
26,CONTOUR,0.193136,-0.59441,0.39,0.144474,-0.606543,0.39,30.0,1070.0,False,139,-0.04866200000000001,-0.01213300000000006,0.0,0.050151768991731516,-165.99977749316457,7.999650179503165,0.5,0.10030353798346303,4376.832750482519,4376.933054020503,0.16880499999999998,-0.6004765000000001,0.39,0.0,2140.0
26,CONTOUR,0.144474,-0.606543,0.39,0.10853,-0.615505,0.39,30.0,1070.0,False,140,-0.03594399999999999,-0.008961999999999914,0.0,0.03704441361393102,-165.99976848789967,9.115808030550376e-06,0.5,0.07408882722786204,4376.933054020503,4377.00714284773,0.126502,-0.611024,0.39,0.0,2140.0
26,CONTOUR,0.10853,-0.615505,0.39,0.058654,-0.620747,0.39,30.0,1070.0,False,141,-0.049876000000000004,-0.00524200000000008,0.0,0.05015071225815244,-174.0002031982435,8.000434710343832,0.5,0.10030142451630487,4377.00714284773,4377.1074442722465,0.083592,-0.618126,0.39,0.0,2140.0
26,CONTOUR,0.058654,-0.620747,0.39,0.021812,-0.624619,0.39,30.0,1070.0,False,142,-0.036842,-0.0038719999999999866,0.0,0.037044909879766205,-174.00038490861775,0.00018170942958454047,0.5,0.07408981975953241,4377.1074442722465,4377.181534092006,0.040233,-0.6226830000000001,0.39,0.0,2140.0
26,CONTOUR,0.021812,-0.624619,0.39,-0.028308,-0.622869,0.39,30.0,1070.0,False,143,-0.05012,0.0017500000000000293,0.0,0.0501505423699485,178.0002614298125,7.999353661569786,0.5,0.100301084739897,4377.181534092006,4377.2818351767455,-0.003247999999999999,-0.6237440000000001,0.39,0.0,2140.0
26,CONTOUR,-0.028308,-0.622869,0.39,-0.06533,-0.621576,0.39,30.0,1070.0,False,144,-0.037022,0.0012929999999999886,0.0,0.03704457224749667,177.9997476258954,0.000513804356810782,0.5,0.07408914449499333,4377.2818351767455,4377.35592432124,-0.046819,-0.6222225,0.39,0.0,2140.0
26,CONTOUR,-0.06533,-0.621576,0.39,-0.114719,-0.612868,0.39,30.0,1070.0,False,145,-0.049389,0.008708000000000049,0.0,0.05015079844827997,170.0006899759378,7.9990576499576695,0.5,0.10030159689655994,4377.35592432124,4377.456225918137,-0.09002450000000001,-0.6172219999999999,0.39,0.0,2140.0
26,CONTOUR,-0.114719,-0.612868,0.39,-0.151201,-0.606435,0.39,30.0,1070.0,False,146,-0.036482,0.006433000000000022,0.0,0.03704483517307103,169.99963582723623,0.0010541487580489938,0.5,0.07408967034614206,4377.456225918137,4377.530315588483,-0.13296,-0.6096515,0.39,0.0,2140.0
26,CONTOUR,-0.151201,-0.606435,0.39,-0.198898,-0.590937,0.39,30.0,1070.0,False,147,-0.04769699999999999,0.0154979999999999,0.0,0.05015168803739308,161.9996683367608,7.999967490475552,0.5,0.10030337607478616,4377.530315588483,4377.6306189645575,-0.1750495,-0.598686,0.39,0.0,2140.0
26,CONTOUR,-0.198898,-0.590937,0.39,-0.234129,-0.57949,0.39,30.0,1070.0,False,148,-0.03523100000000001,0.011447000000000096,0.0,0.03704398966094234,162.0003615970275,0.000693261572142097,0.5,0.07408797932188468,4377.6306189645575,4377.7047069438795,-0.2165135,-0.5852135,0.39,0.0,2140.0
26,CONTOUR,-0.234129,-0.57949,0.39,-0.279205,-0.557505,0.39,30.0,1070.0,False,149,-0.04507599999999998,0.02198499999999992,0.0,0.050151630093148464,154.00003507870332,8.000326518324202,0.5,0.10030326018629693,4377.7047069438795,4377.805010204066,-0.256667,-0.5684975,0.39,0.0,2140.0
26,CONTOUR,-0.279205,-0.557505,0.39,-0.3125,-0.541266,0.39,30.0,1070.0,False,150,-0.03329500000000002,0.016239000000000003,0.0,0.03704405682427346,154.00007859441092,4.350896175698425e-05,0.5,0.07408811364854692,4377.805010204066,4377.879098317715,-0.29585249999999996,-0.5493855000000001,0.39,0.0,2140.0
26,CONTOUR,-0.3125,-0.541266,0.39,-0.354077,-0.513222,0.39,30.0,1070.0,False,151,-0.041576999999999975,0.02804400000000007,0.0,0.05015090093906591,146.0000384587379,8.000040135673045,0.5,0.10030180187813181,4377.879098317715,4377.979400119593,-0.3332885,-0.527244,0.39,0.0,2140.0
26,CONTOUR,-0.354077,-0.513222,0.39,-0.384788,-0.492507,0.39,30.0,1070.0,False,152,-0.030711000000000044,0.020714999999999983,0.0,0.037044253886399196,145.99978337600476,0.0002550826482652542,0.5,0.07408850777279839,4377.979400119593,4378.053488627366,-0.3694325,-0.5028644999999999,0.39,0.0,2140.0
26,CONTOUR,-0.384788,-0.492507,0.39,-0.422058,-0.458949,0.39,30.0,1070.0,False,153,-0.03726999999999997,0.03355799999999998,0.0,0.050151692533752,138.0000498629246,7.999733513080145,0.5,0.100303385067504,4378.053488627366,4378.153792012434,-0.403423,-0.475728,0.39,0.0,2140.0
26,CONTOUR,-0.422058,-0.458949,0.39,-0.449587,-0.434161,0.39,30.0,1070.0,False,154,-0.027529000000000026,0.024787999999999977,0.0,0.03704444337549156,137.99910683828358,0.0009430245879615858,0.5,0.07408888675098312,4378.153792012434,4378.227880899185,-0.4358225,-0.44655500000000004,0.39,0.0,2140.0
26,CONTOUR,-0.449587,-0.434161,0.39,-0.481824,-0.395744,0.39,30.0,1070.0,False,155,-0.03223699999999996,0.038417000000000034,0.0,0.050150673554798846,130.00114602758416,7.997960810699399,0.5,0.10030134710959769,4378.227880899185,4378.328182246295,-0.4657055,-0.4149525,0.39,0.0,2140.0
26,CONTOUR,-0.481824,-0.395744,0.39,-0.505636,-0.367366,0.39,30.0,1070.0,False,156,-0.023812,0.02837799999999996,0.0,0.03704486776869365,130.00003633390455,0.0011096942468296297,0.5,0.0740897355373873,4378.328182246295,4378.402271981832,-0.49373,-0.381555,0.39,0.0,2140.0
26,CONTOUR,-0.505636,-0.367366,0.39,-0.532212,-0.324835,0.39,30.0,1070.0,False,157,-0.026576000000000044,0.04253100000000004,0.0,0.05015146794461759,121.99969151021686,8.00034482368776,0.5,0.10030293588923518,4378.402271981832,4378.502574917721,-0.5189239999999999,-0.34610050000000003,0.39,0.0,2140.0
26,CONTOUR,-0.532212,-0.324835,0.39,-0.551842,-0.29342,0.39,30.0,1070.0,False,158,-0.019630000000000036,0.03141499999999997,0.0,0.03704374609836321,121.99964494077521,4.656002740212324e-05,0.5,0.07408749219672642,4378.502574917721,4378.576662409918,-0.542027,-0.3091275,0.39,0.0,2140.0
26,CONTOUR,-0.551842,-0.29342,0.39,-0.572241,-0.247604,0.39,30.0,1070.0,False,159,-0.020398999999999945,0.04581600000000002,0.0,0.050152019470804964,114.00042013456444,7.999224806210757,0.5,0.10030403894160993,4378.576662409918,4378.676966448859,-0.5620415000000001,-0.270512,0.39,0.0,2140.0
26,CONTOUR,-0.572241,-0.247604,0.39,-0.587308,-0.213763,0.39,30.0,1070.0,False,160,-0.015067000000000053,0.03384099999999998,0.0,0.03704359283330925,114.0000226933206,0.0003974414904972608,0.5,0.0740871856666185,4378.676966448859,4378.751053634526,-0.5797745000000001,-0.23068349999999999,0.39,0.0,2140.0
26,CONTOUR,-0.587308,-0.213763,0.39,-0.601131,-0.165554,0.39,30.0,1070.0,False,161,-0.013822999999999919,0.048209,0.0,0.05015160027357051,105.99922214621257,8.000800547107989,0.5,0.10030320054714102,4378.751053634526,4378.851356835074,-0.5942195,-0.1896585,0.39,0.0,2140.0
26,CONTOUR,-0.601131,-0.165554,0.39,-0.611342,-0.129945,0.39,30.0,1070.0,False,162,-0.010211000000000081,0.035609,0.0,0.03704410077191781,106.00042158767441,0.001199441068454751,0.5,0.07408820154383562,4378.851356835074,4378.925445036617,-0.6062365000000001,-0.1477495,0.39,0.0,2140.0
26,CONTOUR,-0.611342,-0.129945,0.39,-0.618322,-0.080282,0.39,30.0,1070.0,False,163,-0.006979999999999986,0.049663,0.0,0.0501511113436183,98.00036262550576,8.00005896216867,0.5,0.1003022226872366,4378.925445036617,4379.025747259304,-0.614832,-0.1051135,0.39,0.0,2140.0
26,CONTOUR,-0.618322,-0.080282,0.39,-0.623478,-0.043598,0.39,30.0,1070.0,False,164,-0.005155999999999938,0.03668400000000001,0.0,0.037044570344383805,98.00061267803336,0.00025005221339059476,0.5,0.07408914068876761,4379.025747259304,4379.0998363999925,-0.6209,-0.06194,0.39,0.0,2140.0
26,CONTOUR,-0.623478,-0.043598,0.39,-0.623478,0.006553,0.39,30.0,1070.0,False,165,0.0,0.050151,0.0,0.050151,90.0,8.00061267803337,0.5,0.100302,4379.0998363999925,4379.200138399992,-0.623478,-0.018522499999999997,0.39,0.0,2140.0
26,OTHER,-0.623478,0.006553,0.39,-0.578478,0.233596,0.39,40.0,1070.0,False,170,0.04499999999999993,0.227043,0.0,0.23145955121575776,78.78924874349244,11.21075125650758,0.6666666666666666,0.3471893268236367,4379.200138399992,4379.547327726816,-0.600978,0.1200745,0.39,7.424731106515537,1605.0
26,HATCH,-0.578478,0.233596,0.39,-0.578478,-0.233596,0.39,30.0,1070.0,False,173,0.0,-0.467192,0.0,0.467192,-90.0,168.78924874349246,0.5,0.934384,4379.547327726816,4380.481711726816,-0.578478,0.0,0.39,0.34718932682335435,2140.0
26,OTHER,-0.578478,-0.233596,0.39,-0.533478,-0.322809,0.39,40.0,1070.0,False,176,0.04500000000000004,-0.08921300000000001,0.0,0.09991976465644826,-63.23312991202056,26.76687008797944,0.6666666666666666,0.1498796469846724,4380.481711726816,4380.631591373801,-0.5559780000000001,-0.2782025,0.39,1.6303548917421722,1605.0
26,HATCH,-0.533478,-0.322809,0.39,-0.533478,0.322809,0.39,30.0,1070.0,False,179,0.0,0.645618,0.0,0.645618,90.0,153.23312991202056,0.5,1.291236,4380.631591373801,4381.922827373801,-0.533478,0.0,0.39,0.14987964698502765,2140.0
26,OTHER,-0.533478,0.322809,0.39,-0.488478,0.387814,0.39,40.0,1070.0,False,182,0.044999999999999984,0.06500499999999998,0.0,0.0790610525163939,55.30690900957549,34.693090990424494,0.6666666666666666,0.11859157877459087,4381.922827373801,4382.041418952575,-0.510978,0.3553115,0.39,9.624247344968353,1605.0
26,HATCH,-0.488478,0.387814,0.39,-0.488478,-0.387814,0.39,30.0,1070.0,False,185,0.0,-0.775628,0.0,0.775628,-90.0,145.3069090095755,0.5,1.551256,4382.041418952575,4383.592674952575,-0.488478,0.0,0.39,0.11859157877461257,2140.0
26,OTHER,-0.488478,-0.387814,0.39,-0.443478,-0.439663,0.39,40.0,1070.0,False,188,0.04500000000000004,-0.051849000000000034,0.0,0.06865361462443188,-49.04512774396526,40.95487225603474,0.6666666666666666,0.10298042193664783,4383.592674952575,4383.695655374512,-0.465978,-0.4137385,0.39,5.090100034854004,1605.0
26,HATCH,-0.443478,-0.439663,0.39,-0.443478,0.439663,0.39,30.0,1070.0,False,191,0.0,0.879326,0.0,0.879326,90.0,139.04512774396528,0.5,1.758652,4383.695655374512,4385.454307374513,-0.443478,0.0,0.39,0.10298042193699075,2140.0
26,OTHER,-0.443478,0.439663,0.39,-0.398478,0.480181,0.39,40.0,1070.0,False,194,0.044999999999999984,0.040518,0.0,0.060553351055081986,41.999872028413655,48.000127971586345,0.6666666666666666,0.09083002658262299,4385.454307374513,4385.545137401095,-0.42097799999999996,0.45992200000000005,0.39,12.881033271984052,1605.0
26,HATCH,-0.398478,0.480181,0.39,-0.398478,-0.480181,0.39,30.0,1070.0,False,197,0.0,-0.960362,0.0,0.960362,-90.0,131.99987202841365,0.5,1.920724,4385.545137401095,4387.465861401095,-0.398478,0.0,0.39,0.09083002658280748,2140.0
26,OTHER,-0.398478,-0.480181,0.39,-0.353478,-0.513626,0.39,40.0,1070.0,False,200,0.044999999999999984,-0.033445,0.0,0.056067530933687444,-36.620551650093226,53.37944834990677,0.6666666666666666,0.08410129640053117,4387.465861401095,4387.549962697495,-0.37597800000000003,-0.49690350000000005,0.39,9.237980501909988,1605.0
26,HATCH,-0.353478,-0.513626,0.39,-0.353478,0.513626,0.39,30.0,1070.0,False,203,0.0,1.027252,0.0,1.027252,90.0,126.62055165009322,0.5,2.054504,4387.549962697495,4389.604466697495,-0.353478,0.0,0.39,0.0841012964001493,2140.0
26,OTHER,-0.353478,0.513626,0.39,-0.308478,0.543228,0.39,40.0,1070.0,False,206,0.04500000000000004,0.029602000000000017,0.0,0.053863516446663644,33.33780753763491,56.6621924623651,0.6666666666666666,0.08079527466999548,4389.604466697495,4389.685261972165,-0.330978,0.528427,0.39,16.7827127133487,1605.0
26,HATCH,-0.308478,0.543228,0.39,-0.308478,-0.543228,0.39,30.0,1070.0,False,209,0.0,-1.086456,0.0,1.086456,-90.0,123.33780753763493,0.5,2.172912,4389.685261972165,4391.858173972165,-0.308478,0.0,0.39,0.08079527466998115,2140.0
26,OTHER,-0.308478,-0.543228,0.39,-0.263478,-0.565176,0.39,40.0,1070.0,False,212,0.044999999999999984,-0.021947999999999968,0.0,0.05006710201319822,-26.00003447176964,63.99996552823037,0.6666666666666666,0.07510065301979733,4391.858173972165,4391.933274625185,-0.28597799999999995,-0.5542020000000001,0.39,13.8046853447986,1605.0
26,HATCH,-0.263478,-0.565176,0.39,-0.263478,0.565176,0.39,30.0,1070.0,False,215,0.0,1.130352,0.0,1.130352,90.0,116.00003447176964,0.5,2.260704,4391.933274625185,4394.193978625185,-0.263478,0.0,0.39,0.07510065301994473,2140.0
26,OTHER,-0.263478,0.565176,0.39,-0.218478,0.584575,0.39,40.0,1070.0,False,218,0.044999999999999984,0.019398999999999944,0.0,0.04900327745161538,23.320337164268615,66.67966283573139,0.6666666666666666,0.07350491617742308,4394.193978625185,4394.267483541363,-0.240978,0.5748755,0.39,21.197833285638808,1605.0
26,HATCH,-0.218478,0.584575,0.39,-0.218478,-0.584575,0.39,30.0,1070.0,False,221,0.0,-1.16915,0.0,1.16915,-90.0,113.32033716426861,0.5,2.3383,4394.267483541363,4396.605783541363,-0.218478,0.0,0.39,0.073504916177626,2140.0
26,OTHER,-0.218478,-0.584575,0.39,-0.173478,-0.599197,0.39,40.0,1070.0,False,224,0.04500000000000001,-0.014622000000000024,0.0,0.04731598972863193,-18.00070673334346,71.99929326665655,0.6666666666666666,0.0709739845929479,4396.605783541363,4396.676757525956,-0.19597799999999999,-0.5918859999999999,0.39,4.672508916178231,1605.0
26,HATCH,-0.173478,-0.599197,0.39,-0.173478,0.599197,0.39,30.0,1070.0,False,227,0.0,1.198394,0.0,1.198394,90.0,108.00070673334346,0.5,2.396788,4396.676757525956,4399.073545525956,-0.173478,0.0,0.39,0.07097398459336546,2140.0
26,OTHER,-0.173478,0.599197,0.39,-0.128478,0.610442,0.39,40.0,1070.0,False,230,0.044999999999999984,0.01124500000000006,0.0,0.04638372586371216,14.030251595793512,75.9697484042065,0.6666666666666666,0.06957558879556824,4399.073545525956,4399.143121114752,-0.150978,0.6048195000000001,0.39,4.806061984593725,1605.0
26,HATCH,-0.128478,0.610442,0.39,-0.128478,0.077592,0.39,30.0,1070.0,False,233,0.0,-0.53285,0.0,0.53285,-90.0,104.03025159579352,0.5,1.0657,4399.143121114752,4400.208821114752,-0.128478,0.344017,0.39,66.92034600819352,2140.0
26,OTHER,-0.128478,0.077592,0.39,-0.083478,0.123961,0.39,40.0,1070.0,False,236,0.04500000000000001,0.04636900000000001,0.0,0.06461489117068915,45.858409890334265,135.85840989033426,0.6666666666666666,0.09692233675603373,4400.208821114752,4400.305743451508,-0.105978,0.10077649999999999,0.39,29.621231315712976,1605.0
26,HATCH,-0.083478,0.123961,0.39,-0.083478,0.618376,0.39,30.0,1070.0,False,239,0.0,0.49441500000000005,0.0,0.49441500000000005,90.0,44.14159010966575,0.5,0.9888300000000001,4400.305743451508,4401.294573451508,-0.083478,0.3711685,0.39,0.09692233675559692,2140.0
26,OTHER,-0.083478,0.618376,0.39,-0.038478,0.622514,0.39,40.0,1070.0,False,242,0.045,0.004137999999999975,0.0,0.04518985554303089,5.253889824621254,84.74611017537875,0.6666666666666666,0.06778478331454635,4401.294573451508,4401.362358234823,-0.060978,0.620445,0.39,2.1514523367559377,1605.0
26,HATCH,-0.038478,0.622514,0.39,-0.038478,0.145384,0.39,30.0,1070.0,False,245,0.0,-0.47713,0.0,0.47713,-90.0,95.25388982462125,0.5,0.95426,4401.362358234823,4402.316618234823,-0.038478,0.383949,0.39,0.06778478331489168,2140.0
26,OTHER,-0.038478,0.145384,0.39,0.006522,0.149591,0.39,40.0,1070.0,False,248,0.045,0.0042069999999999885,0.0,0.04519622604820009,5.340994462396962,95.34099446239696,0.6666666666666666,0.06779433907230013,4402.316618234823,4402.384412573895,-0.015978,0.1474875,0.39,33.176314727516,1605.0
26,HATCH,0.006522,0.149591,0.39,0.006522,0.624085,0.39,30.0,1070.0,False,251,0.0,0.47449399999999997,0.0,0.47449399999999997,90.0,84.65900553760304,0.5,0.9489879999999999,4402.384412573895,4403.333400573895,0.006522,0.386838,0.39,0.06779433907195198,2140.0
26,OTHER,0.006522,0.624085,0.39,0.051522,0.621497,0.39,40.0,1070.0,False,254,0.045,-0.0025880000000000347,0.0,0.045074357943291884,-3.2915182075476457,93.29151820754765,0.6666666666666666,0.06761153691493783,4403.333400573895,4403.40101211081,0.029022,0.622791,0.39,1.9710423390724827,1605.0
26,HATCH,0.051522,0.621497,0.39,0.051522,0.140111,0.39,30.0,1070.0,False,257,0.0,-0.481386,0.0,0.481386,-90.0,86.70848179245236,0.5,0.962772,4403.40101211081,4404.36378411081,0.051522,0.380804,0.39,0.06761153691513755,2140.0
26,OTHER,0.051522,0.140111,0.39,0.096522,0.113951,0.39,40.0,1070.0,False,260,0.045,-0.026160000000000017,0.0,0.05205137462161783,-30.17086437358539,59.829135626414605,0.6666666666666666,0.07807706193242675,4404.36378411081,4404.441861172742,0.074022,0.127031,0.39,1.979371536915096,1605.0
26,HATCH,0.096522,0.113951,0.39,0.096522,0.616767,0.39,30.0,1070.0,False,263,0.0,0.5028159999999999,0.0,0.5028159999999999,90.0,120.17086437358537,0.5,1.0056319999999999,4404.441861172742,4405.447493172743,0.096522,0.365359,0.39,0.0780770619321629,2140.0
26,OTHER,0.096522,0.616767,0.39,0.141522,0.607279,0.39,40.0,1070.0,False,266,0.04500000000000001,-0.009487999999999941,0.0,0.04598936990218501,-11.90611077118072,101.90611077118072,0.6666666666666666,0.06898405485327752,4405.447493172743,4405.516477227596,0.119022,0.612023,0.39,2.0464810619323544,1605.0
26,HATCH,0.141522,0.607279,0.39,0.141522,0.048116,0.39,30.0,1070.0,False,269,0.0,-0.559163,0.0,0.559163,-90.0,78.09388922881928,0.5,1.118326,4405.516477227596,4406.6348032275955,0.141522,0.32769750000000003,0.39,0.06898405485299008,2140.0
26,OTHER,0.141522,0.048116,0.39,0.141522,-0.048116,0.39,40.0,1070.0,False,272,0.0,-0.096232,0.0,0.096232,-90.0,0.0,0.6666666666666666,0.144348,4406.6348032275955,4406.779151227595,0.141522,0.0,0.39,36.98982267622432,1605.0
26,HATCH,0.141522,-0.048116,0.39,0.141522,-0.607279,0.39,30.0,1070.0,False,275,0.0,-0.559163,0.0,0.559163,-90.0,0.0,0.5,1.118326,4406.779151227595,4407.897477227595,0.141522,-0.32769750000000003,0.39,66.92812824226985,2140.0
26,OTHER,0.141522,-0.607279,0.39,0.096522,-0.616767,0.39,40.0,1070.0,False,278,-0.04500000000000001,-0.009487999999999941,0.0,0.04598936990218501,-168.09388922881928,78.09388922881928,0.6666666666666666,0.06898405485327752,4407.897477227595,4407.966461282448,0.119022,-0.612023,0.39,30.71594313558944,1605.0
26,HATCH,0.096522,-0.616767,0.39,0.096522,-0.113951,0.39,30.0,1070.0,False,281,0.0,0.5028159999999999,0.0,0.5028159999999999,90.0,101.90611077118072,0.5,1.0056319999999999,4407.966461282448,4408.972093282448,0.096522,-0.365359,0.39,0.06898405485299008,2140.0
26,OTHER,0.096522,-0.113951,0.39,0.051522,-0.140111,0.39,40.0,1070.0,False,284,-0.045,-0.026160000000000017,0.0,0.05205137462161783,-149.8291356264146,120.17086437358537,0.6666666666666666,0.07807706193242675,4408.972093282448,4409.050170344381,0.074022,-0.127031,0.39,39.012910157581246,1605.0
26,HATCH,0.051522,-0.140111,0.39,0.051522,-0.621497,0.39,30.0,1070.0,False,287,0.0,-0.481386,0.0,0.481386,-90.0,59.829135626414605,0.5,0.962772,4409.050170344381,4410.0129423443805,0.051522,-0.380804,0.39,0.0780770619321629,2140.0
26,OTHER,0.051522,-0.621497,0.39,0.006522,-0.624085,0.39,40.0,1070.0,False,290,-0.045,-0.0025880000000000347,0.0,0.045074357943291884,-176.70848179245237,86.70848179245236,0.6666666666666666,0.06761153691493783,4410.0129423443805,4410.080553881296,0.029022,-0.622791,0.39,2.0464810619323544,1605.0
26,HATCH,0.006522,-0.624085,0.39,0.006522,-0.149591,0.39,30.0,1070.0,False,293,0.0,0.47449399999999997,0.0,0.47449399999999997,90.0,93.29151820754765,0.5,0.9489879999999999,4410.080553881296,4411.029541881296,0.006522,-0.386838,0.39,0.06761153691513755,2140.0
26,OTHER,0.006522,-0.149591,0.39,-0.038478,-0.145384,0.39,40.0,1070.0,False,296,-0.045,0.0042069999999999885,0.0,0.04519622604820009,174.65900553760304,84.65900553760304,0.6666666666666666,0.06779433907230013,4411.029541881296,4411.097336220368,-0.015978,-0.1474875,0.39,1.979371536915096,1605.0
26,HATCH,-0.038478,-0.145384,0.39,-0.038478,-0.622514,0.39,30.0,1070.0,False,299,0.0,-0.47713,0.0,0.47713,-90.0,95.34099446239696,0.5,0.95426,4411.097336220368,4412.051596220368,-0.038478,-0.383949,0.39,0.06779433907195198,2140.0
26,OTHER,-0.038478,-0.622514,0.39,-0.083478,-0.618376,0.39,40.0,1070.0,False,302,-0.045,0.004137999999999975,0.0,0.04518985554303089,174.74611017537873,95.25388982462125,0.6666666666666666,0.06778478331454635,4412.051596220368,4412.119381003683,-0.060978,-0.620445,0.39,1.9710423390724827,1605.0
26,HATCH,-0.083478,-0.618376,0.39,-0.083478,-0.123961,0.39,30.0,1070.0,False,305,0.0,0.49441500000000005,0.0,0.49441500000000005,90.0,84.74611017537875,0.5,0.9888300000000001,4412.119381003683,4413.108211003683,-0.083478,-0.3711685,0.39,0.06778478331489168,2140.0
26,OTHER,-0.083478,-0.123961,0.39,-0.128478,-0.077592,0.39,40.0,1070.0,False,308,-0.04500000000000001,0.04636900000000001,0.0,0.06461489117068915,134.14159010966574,44.14159010966575,0.6666666666666666,0.09692233675603373,4413.108211003683,4413.205133340439,-0.105978,-0.10077649999999999,0.39,42.711094771759235,1605.0
26,HATCH,-0.128478,-0.077592,0.39,-0.128478,-0.610442,0.39,30.0,1070.0,False,311,0.0,-0.53285,0.0,0.53285,-90.0,135.85840989033426,0.5,1.0657,4413.205133340439,4414.270833340439,-0.128478,-0.344017,0.39,0.09692233675559692,2140.0
26,OTHER,-0.128478,-0.610442,0.39,0.186522,-0.596059,0.39,40.0,1070.0,False,314,0.315,0.014383000000000035,0.0,0.31532819520144406,2.6143276509834656,92.61432765098347,0.6666666666666666,0.4729922928021661,4414.270833340439,4414.743825633241,0.029021999999999992,-0.6032505,0.39,2.1514523367559377,1605.0
26,HATCH,0.186522,-0.596059,0.39,0.186522,0.596059,0.39,30.0,1070.0,False,317,0.0,1.192118,0.0,1.192118,90.0,87.38567234901653,0.5,2.384236,4414.743825633241,4417.128061633241,0.186522,0.0,0.39,7.964674405645383,2140.0
26,OTHER,0.186522,0.596059,0.39,0.231522,0.578901,0.39,40.0,1070.0,False,320,0.04500000000000001,-0.017158000000000007,0.0,0.048160117981583074,-20.871293171635607,110.8712931716356,0.6666666666666666,0.07224017697237461,4417.128061633241,4417.200301810213,0.20902199999999999,0.58748,0.39,11.611584405644862,1605.0
26,HATCH,0.231522,0.578901,0.39,0.231522,-0.578901,0.39,30.0,1070.0,False,323,0.0,-1.157802,0.0,1.157802,-90.0,69.1287068283644,0.5,2.315604,4417.200301810213,4419.515905810214,0.231522,0.0,0.39,0.07224017697262752,2140.0
26,OTHER,0.231522,-0.578901,0.39,0.276522,-0.56028,0.39,40.0,1070.0,False,326,0.044999999999999984,0.018621,0.0,0.04870053019218578,22.479771772444714,112.4797717724447,0.6666666666666666,0.07305079528827868,4419.515905810214,4419.588956605502,0.25402199999999997,-0.5695905,0.39,42.58285178971073,1605.0
26,HATCH,0.276522,-0.56028,0.39,0.276522,0.56028,0.39,30.0,1070.0,False,329,0.0,1.12056,0.0,1.12056,90.0,67.5202282275553,0.5,2.24112,4419.588956605502,4421.830076605502,0.276522,0.0,0.39,0.07305079528850911,2140.0
26,OTHER,0.276522,0.56028,0.39,0.321522,0.534299,0.39,40.0,1070.0,False,332,0.044999999999999984,-0.025981000000000032,0.0,0.051961643170708144,-30.0002271643226,120.0002271643226,0.6666666666666666,0.07794246475606222,4421.830076605502,4421.908019070258,0.299022,0.5472895,0.39,4.62977479528854,1605.0
26,HATCH,0.321522,0.534299,0.39,0.321522,-0.534299,0.39,30.0,1070.0,False,335,0.0,-1.068598,0.0,1.068598,-90.0,59.999772835677405,0.5,2.137196,4421.908019070258,4424.045215070258,0.321522,0.0,0.39,0.07794246475623368,2140.0
26,OTHER,0.321522,-0.534299,0.39,0.366522,-0.504846,0.39,40.0,1070.0,False,338,0.04500000000000004,0.02945299999999995,0.0,0.053781773948057915,33.205192743104874,123.20519274310489,0.6666666666666666,0.08067266092208687,4424.045215070258,4424.125887731179,0.344022,-0.5195725,0.39,47.38685509908646,1605.0
26,HATCH,0.366522,-0.504846,0.39,0.366522,0.504846,0.39,30.0,1070.0,False,341,0.0,1.009692,0.0,1.009692,90.0,56.794807256895126,0.5,2.019384,4424.125887731179,4426.1452717311795,0.366522,0.0,0.39,0.08067266092166392,2140.0
26,OTHER,0.366522,0.504846,0.39,0.411522,0.469688,0.39,40.0,1070.0,False,344,0.044999999999999984,-0.03515800000000002,0.0,0.05710591006191916,-38.00011607028973,128.00011607028972,0.6666666666666666,0.08565886509287875,4426.1452717311795,4426.230930596273,0.389022,0.487267,0.39,51.8280873645881,1605.0
26,HATCH,0.411522,0.469688,0.39,0.411522,-0.469688,0.39,30.0,1070.0,False,347,0.0,-0.939376,0.0,0.939376,-90.0,51.99988392971027,0.5,1.878752,4426.230930596273,4428.109682596272,0.411522,0.0,0.39,0.08565886509313714,2140.0
26,OTHER,0.411522,-0.469688,0.39,0.456522,-0.424788,0.39,40.0,1070.0,False,350,0.044999999999999984,0.044899999999999995,0.0,0.06356893895606562,44.93626723483638,134.93626723483638,0.6666666666666666,0.09535340843409844,4428.109682596272,4428.205036004706,0.434022,-0.447238,0.39,51.625714709784006,1605.0
26,HATCH,0.456522,-0.424788,0.39,0.456522,0.424788,0.39,30.0,1070.0,False,353,0.0,0.849576,0.0,0.849576,90.0,45.06373276516362,0.5,1.699152,4428.205036004706,4429.904188004706,0.456522,0.0,0.39,0.09535340843376616,2140.0
26,OTHER,0.456522,0.424788,0.39,0.501522,0.370437,0.39,40.0,1070.0,False,356,0.04500000000000004,-0.05435099999999998,0.0,0.07056225053808872,-50.37688700679137,140.37688700679138,0.6666666666666666,0.10584337580713309,4429.904188004706,4430.010031380513,0.479022,0.39761250000000004,0.39,55.338523333966805,1605.0
26,HATCH,0.501522,0.370437,0.39,0.501522,-0.370437,0.39,30.0,1070.0,False,359,0.0,-0.740874,0.0,0.740874,-90.0,39.623112993208636,0.5,1.481748,4430.010031380513,4431.491779380513,0.501522,0.0,0.39,0.105843375807126,2140.0
26,OTHER,0.501522,-0.370437,0.39,0.546522,-0.300182,0.39,40.0,1070.0,False,362,0.04499999999999993,0.07025500000000001,0.0,0.08343119935012319,57.359470930229904,147.3594709302299,0.6666666666666666,0.1251467990251848,4431.491779380513,4431.6169261795385,0.524022,-0.33530950000000004,0.39,55.356593430044086,1605.0
26,HATCH,0.546522,-0.300182,0.39,0.546522,0.300182,0.39,30.0,1070.0,False,365,0.0,0.600364,0.0,0.600364,90.0,32.6405290697701,0.5,1.200728,4431.6169261795385,4432.817654179538,0.546522,0.0,0.39,0.12514679902506032,2140.0
26,OTHER,0.546522,0.300182,0.39,0.591522,0.197732,0.39,40.0,1070.0,False,368,0.04500000000000004,-0.10245000000000001,0.0,0.11189728548986345,-66.28706231854902,156.28706231854903,0.6666666666666666,0.1678459282347952,4432.817654179538,4432.985500107773,0.5690219999999999,0.24895699999999998,0.39,57.903205340636305,1605.0
26,HATCH,0.591522,0.197732,0.39,0.591522,-0.197732,0.39,30.0,1070.0,False,371,0.0,-0.395464,0.0,0.395464,-90.0,23.712937681451002,0.5,0.790928,4432.985500107773,4433.776428107773,0.591522,0.0,0.39,0.16784592823478306,2140.0
26,OTHER,0.591522,-0.197732,0.39,0.591522,-0.197732,0.405,40.0,1070.0,False,374,0.0,0.0,0.015000000000000013,0.015000000000000013,0.0,,0.6666666666666666,0.02250000000000002,4433.776428107773,4433.7989281077735,0.591522,-0.197732,0.3975,57.88972167597694,1605.0
27,OTHER,0.591522,-0.197732,0.405,0.038939,0.145324,0.405,40.0,1070.0,False,20,-0.552583,0.343056,0.0,0.6504117088621637,148.16705610453138,,0.6666666666666666,0.9756175632932456,4433.7989281077735,4434.774545671066,0.31523049999999997,-0.02620399999999999,0.405,5.689245511501213,1605.0
27,CONTOUR,0.038939,0.145324,0.405,0.023169,0.1474,0.405,30.0,1070.0,False,23,-0.015770000000000003,0.0020759999999999945,0.0,0.015906057839703718,172.50057100730993,24.333514902778532,0.5,0.031812115679407435,4434.774545671066,4434.806357786746,0.031054,0.146362,0.405,30.332684498323943,2140.0
27,CONTOUR,0.023169,0.1474,0.405,0.0,0.15045,0.405,30.0,1070.0,False,24,-0.023169,0.003049999999999997,0.0,0.023368890880827012,172.50062403227813,5.3023399045641566e-05,0.5,0.046737781761654024,4434.806357786746,4434.853095568507,0.0115845,0.148925,0.405,0.0,2140.0
27,CONTOUR,0.0,0.15045,0.405,-0.01577,0.148374,0.405,30.0,1070.0,False,25,-0.01577,-0.0020759999999999945,0.0,0.015906057839703714,-172.50057100730993,14.998804960411945,0.5,0.03181211567940743,4434.853095568507,4434.884907684187,-0.007885,0.149412,0.405,0.0,2140.0
27,CONTOUR,-0.01577,0.148374,0.405,-0.038939,0.145324,0.405,30.0,1070.0,False,26,-0.023169000000000002,-0.003049999999999997,0.0,0.023368890880827015,-172.50062403227813,5.3023399045641566e-05,0.5,0.04673778176165403,4434.884907684187,4434.931645465948,-0.0273545,0.146849,0.405,0.0,2140.0
27,CONTOUR,-0.038939,0.145324,0.405,-0.053635,0.139237,0.405,30.0,1070.0,False,27,-0.014696,-0.006087000000000009,0.0,0.015906727664733566,-157.5009401453633,14.999683886914823,0.5,0.03181345532946713,4434.931645465948,4434.963458921277,-0.046287,0.1422805,0.405,0.0,2140.0
27,CONTOUR,-0.053635,0.139237,0.405,-0.075225,0.130294,0.405,30.0,1070.0,False,28,-0.021589999999999998,-0.008943000000000006,0.0,0.023368897042864475,-157.49970736709096,0.0012327784880957974,0.5,0.04673779408572895,4434.963458921277,4435.010196715363,-0.06443,0.13476549999999998,0.405,0.0,2140.0
27,CONTOUR,-0.075225,0.130294,0.405,-0.087844,0.12061,0.405,30.0,1070.0,False,29,-0.012619000000000005,-0.009683999999999998,0.0,0.01590657150362705,-142.4968544474978,15.002852919593181,0.5,0.0318131430072541,4435.010196715363,4435.042009858371,-0.08153450000000001,0.125452,0.405,0.0,2140.0
27,CONTOUR,-0.087844,0.12061,0.405,-0.106384,0.106384,0.405,30.0,1070.0,False,30,-0.01854,-0.014225999999999989,0.0,0.02336901101886855,-142.50047141647323,0.0036169692027868835,0.5,0.0467380220377371,4435.042009858371,4435.088747880409,-0.097114,0.113497,0.405,0.0,2140.0
27,CONTOUR,-0.106384,0.106384,0.405,-0.116067,0.093765,0.405,30.0,1070.0,False,31,-0.009682999999999997,-0.012619000000000005,0.0,0.015905962718427327,-127.50028788937769,15.000183527095562,0.5,0.031811925436854654,4435.088747880409,4435.120559805846,-0.1112255,0.10007450000000001,0.405,0.0,2140.0
27,CONTOUR,-0.116067,0.093765,0.405,-0.130294,0.075225,0.405,30.0,1070.0,False,32,-0.01422699999999999,-0.01854,0.0,0.023369619787236586,-127.50147367657762,0.001185786789164686,0.5,0.04673923957447317,4435.120559805846,4435.167299045421,-0.1231805,0.084495,0.405,0.0,2140.0
27,CONTOUR,-0.130294,0.075225,0.405,-0.136381,0.06053,0.405,30.0,1070.0,False,33,-0.006087000000000009,-0.014695,0.0,0.01590580378352506,-112.50043829971754,15.001035376860077,0.5,0.03181160756705012,4435.167299045421,4435.199110652988,-0.1333375,0.06787750000000001,0.405,0.0,2140.0
27,CONTOUR,-0.136381,0.06053,0.405,-0.145324,0.038939,0.405,30.0,1070.0,False,34,-0.008943000000000006,-0.021591,0.0,0.023369820923575774,-112.49935439654027,0.0010839035570066175,0.5,0.04673964184715155,4435.199110652988,4435.245850294835,-0.1408525,0.0497345,0.405,0.0,2140.0
27,CONTOUR,-0.145324,0.038939,0.405,-0.1474,0.023169,0.405,30.0,1070.0,False,35,-0.0020759999999999945,-0.015770000000000003,0.0,0.015906057839703718,-97.49942899269008,14.999925403850208,0.5,0.031812115679407435,4435.245850294835,4435.2776624105145,-0.146362,0.031054,0.405,0.0,2140.0
27,CONTOUR,-0.1474,0.023169,0.405,-0.15045,0.0,0.405,30.0,1070.0,False,36,-0.003049999999999997,-0.023169,0.0,0.023368890880827012,-97.49937596772186,5.3023399045641566e-05,0.5,0.046737781761654024,4435.2776624105145,4435.324400192276,-0.148925,0.0115845,0.405,0.0,2140.0
27,CONTOUR,-0.15045,0.0,0.405,-0.148374,-0.01577,0.405,30.0,1070.0,False,37,0.0020759999999999945,-0.01577,0.0,0.015906057839703714,-82.50057100730993,14.998804960411945,0.5,0.03181211567940743,4435.324400192276,4435.3562123079555,-0.149412,-0.007885,0.405,0.0,2140.0
27,CONTOUR,-0.148374,-0.01577,0.405,-0.145324,-0.038939,0.405,30.0,1070.0,False,38,0.003049999999999997,-0.023169000000000002,0.0,0.023368890880827015,-82.50062403227814,5.3023399045641566e-05,0.5,0.04673778176165403,4435.3562123079555,4435.402950089717,-0.146849,-0.0273545,0.405,0.0,2140.0
27,CONTOUR,-0.145324,-0.038939,0.405,-0.139237,-0.053635,0.405,30.0,1070.0,False,39,0.006087000000000009,-0.014696,0.0,0.015906727664733566,-67.5009401453633,14.999683886914823,0.5,0.03181345532946713,4435.402950089717,4435.434763545046,-0.1422805,-0.046287,0.405,0.0,2140.0
27,CONTOUR,-0.139237,-0.053635,0.405,-0.130294,-0.075225,0.405,30.0,1070.0,False,40,0.008943000000000006,-0.021589999999999998,0.0,0.023368897042864475,-67.49970736709096,0.0012327784880957974,0.5,0.04673779408572895,4435.434763545046,4435.481501339132,-0.13476549999999998,-0.06443,0.405,0.0,2140.0
27,CONTOUR,-0.130294,-0.075225,0.405,-0.12061,-0.087844,0.405,30.0,1070.0,False,41,0.009683999999999998,-0.012619000000000005,0.0,0.01590657150362705,-52.49685444749779,15.002852919593181,0.5,0.0318131430072541,4435.481501339132,4435.513314482139,-0.125452,-0.08153450000000001,0.405,0.0,2140.0
27,CONTOUR,-0.12061,-0.087844,0.405,-0.106384,-0.106384,0.405,30.0,1070.0,False,42,0.014225999999999989,-0.01854,0.0,0.02336901101886855,-52.500471416473225,0.0036169692027868835,0.5,0.0467380220377371,4435.513314482139,4435.560052504177,-0.113497,-0.097114,0.405,0.0,2140.0
27,CONTOUR,-0.106384,-0.106384,0.405,-0.093765,-0.116067,0.405,30.0,1070.0,False,43,0.012619000000000005,-0.009682999999999997,0.0,0.015905962718427327,-37.500287889377674,15.000183527095562,0.5,0.031811925436854654,4435.560052504177,4435.591864429614,-0.10007450000000001,-0.1112255,0.405,0.0,2140.0
27,CONTOUR,-0.093765,-0.116067,0.405,-0.075225,-0.130294,0.405,30.0,1070.0,False,44,0.01854,-0.01422699999999999,0.0,0.023369619787236586,-37.50147367657761,0.001185786789164686,0.5,0.04673923957447317,4435.591864429614,4435.638603669189,-0.084495,-0.1231805,0.405,0.0,2140.0
27,CONTOUR,-0.075225,-0.130294,0.405,-0.06053,-0.136381,0.405,30.0,1070.0,False,45,0.014695,-0.006087000000000009,0.0,0.01590580378352506,-22.500438299717548,15.001035376860077,0.5,0.03181160756705012,4435.638603669189,4435.670415276756,-0.06787750000000001,-0.1333375,0.405,0.0,2140.0
27,CONTOUR,-0.06053,-0.136381,0.405,-0.038939,-0.145324,0.405,30.0,1070.0,False,46,0.021591,-0.008943000000000006,0.0,0.023369820923575774,-22.49935439654026,0.0010839035570066175,0.5,0.04673964184715155,4435.670415276756,4435.717154918603,-0.0497345,-0.1408525,0.405,0.0,2140.0
27,CONTOUR,-0.038939,-0.145324,0.405,-0.023169,-0.1474,0.405,30.0,1070.0,False,47,0.015770000000000003,-0.0020759999999999945,0.0,0.015906057839703718,-7.499428992690072,14.999925403850208,0.5,0.031812115679407435,4435.717154918603,4435.748967034283,-0.031054,-0.146362,0.405,0.0,2140.0
27,CONTOUR,-0.023169,-0.1474,0.405,0.0,-0.15045,0.405,30.0,1070.0,False,48,0.023169,-0.003049999999999997,0.0,0.023368890880827012,-7.499375967721861,5.3023399045641566e-05,0.5,0.046737781761654024,4435.748967034283,4435.795704816044,-0.0115845,-0.148925,0.405,0.0,2140.0
27,CONTOUR,0.0,-0.15045,0.405,0.01577,-0.148374,0.405,30.0,1070.0,False,49,0.01577,0.0020759999999999945,0.0,0.015906057839703714,7.499428992690074,14.998804960411945,0.5,0.03181211567940743,4435.795704816044,4435.827516931724,0.007885,-0.149412,0.405,0.0,2140.0
27,CONTOUR,0.01577,-0.148374,0.405,0.038939,-0.145324,0.405,30.0,1070.0,False,50,0.023169000000000002,0.003049999999999997,0.0,0.023368890880827015,7.499375967721861,5.3023399045641566e-05,0.5,0.04673778176165403,4435.827516931724,4435.874254713485,0.0273545,-0.146849,0.405,0.0,2140.0
27,CONTOUR,0.038939,-0.145324,0.405,0.053635,-0.139237,0.405,30.0,1070.0,False,51,0.014696,0.006087000000000009,0.0,0.015906727664733566,22.49905985463671,14.999683886914823,0.5,0.03181345532946713,4435.874254713485,4435.906068168814,0.046287,-0.1422805,0.405,0.0,2140.0
27,CONTOUR,0.053635,-0.139237,0.405,0.075225,-0.130294,0.405,30.0,1070.0,False,52,0.021589999999999998,0.008943000000000006,0.0,0.023368897042864475,22.50029263290904,0.0012327784880957974,0.5,0.04673779408572895,4435.906068168814,4435.9528059629,0.06443,-0.13476549999999998,0.405,0.0,2140.0
27,CONTOUR,0.075225,-0.130294,0.405,0.087844,-0.12061,0.405,30.0,1070.0,False,53,0.012619000000000005,0.009683999999999998,0.0,0.01590657150362705,37.50314555250221,15.002852919593181,0.5,0.0318131430072541,4435.9528059629,4435.984619105908,0.08153450000000001,-0.125452,0.405,0.0,2140.0
27,CONTOUR,0.087844,-0.12061,0.405,0.106384,-0.106384,0.405,30.0,1070.0,False,54,0.01854,0.014225999999999989,0.0,0.02336901101886855,37.499528583526775,0.0036169692027868835,0.5,0.0467380220377371,4435.984619105908,4436.031357127946,0.097114,-0.113497,0.405,0.0,2140.0
27,CONTOUR,0.106384,-0.106384,0.405,0.116067,-0.093765,0.405,30.0,1070.0,False,55,0.009682999999999997,0.012619000000000005,0.0,0.015905962718427327,52.499712110622326,15.000183527095562,0.5,0.031811925436854654,4436.031357127946,4436.063169053383,0.1112255,-0.10007450000000001,0.405,0.0,2140.0
27,CONTOUR,0.116067,-0.093765,0.405,0.130294,-0.075225,0.405,30.0,1070.0,False,56,0.01422699999999999,0.01854,0.0,0.023369619787236586,52.498526323422396,0.001185786789164686,0.5,0.04673923957447317,4436.063169053383,4436.109908292958,0.1231805,-0.084495,0.405,0.0,2140.0
27,CONTOUR,0.130294,-0.075225,0.405,0.136381,-0.06053,0.405,30.0,1070.0,False,57,0.006087000000000009,0.014695,0.0,0.01590580378352506,67.49956170028246,15.001035376860077,0.5,0.03181160756705012,4436.109908292958,4436.141719900525,0.1333375,-0.06787750000000001,0.405,0.0,2140.0
27,CONTOUR,0.136381,-0.06053,0.405,0.145324,-0.038939,0.405,30.0,1070.0,False,58,0.008943000000000006,0.021591,0.0,0.023369820923575774,67.50064560345973,0.0010839035570066175,0.5,0.04673964184715155,4436.141719900525,4436.188459542372,0.1408525,-0.0497345,0.405,0.0,2140.0
27,CONTOUR,0.145324,-0.038939,0.405,0.1474,-0.023169,0.405,30.0,1070.0,False,59,0.0020759999999999945,0.015770000000000003,0.0,0.015906057839703718,82.50057100730993,14.999925403850208,0.5,0.031812115679407435,4436.188459542372,4436.220271658051,0.146362,-0.031054,0.405,0.0,2140.0
27,CONTOUR,0.1474,-0.023169,0.405,0.15045,0.0,0.405,30.0,1070.0,False,60,0.003049999999999997,0.023169,0.0,0.023368890880827012,82.50062403227814,5.3023399045641566e-05,0.5,0.046737781761654024,4436.220271658051,4436.267009439813,0.148925,-0.0115845,0.405,0.0,2140.0
27,CONTOUR,0.15045,0.0,0.405,0.148374,0.01577,0.405,30.0,1070.0,False,61,-0.0020759999999999945,0.01577,0.0,0.015906057839703714,97.49942899269008,14.998804960411945,0.5,0.03181211567940743,4436.267009439813,4436.298821555492,0.149412,0.007885,0.405,0.0,2140.0
27,CONTOUR,0.148374,0.01577,0.405,0.145324,0.038939,0.405,30.0,1070.0,False,62,-0.003049999999999997,0.023169000000000002,0.0,0.023368890880827015,97.49937596772186,5.3023399045641566e-05,0.5,0.04673778176165403,4436.298821555492,4436.345559337254,0.146849,0.0273545,0.405,0.0,2140.0
27,CONTOUR,0.145324,0.038939,0.405,0.139237,0.053635,0.405,30.0,1070.0,False,63,-0.006087000000000009,0.014696,0.0,0.015906727664733566,112.49905985463671,14.999683886914823,0.5,0.03181345532946713,4436.345559337254,4436.377372792583,0.1422805,0.046287,0.405,0.0,2140.0
27,CONTOUR,0.139237,0.053635,0.405,0.130294,0.075225,0.405,30.0,1070.0,False,64,-0.008943000000000006,0.021589999999999998,0.0,0.023368897042864475,112.50029263290904,0.0012327784880957974,0.5,0.04673779408572895,4436.377372792583,4436.424110586669,0.13476549999999998,0.06443,0.405,0.0,2140.0
27,CONTOUR,0.130294,0.075225,0.405,0.12061,0.087844,0.405,30.0,1070.0,False,65,-0.009683999999999998,0.012619000000000005,0.0,0.01590657150362705,127.50314555250222,15.002852919593181,0.5,0.0318131430072541,4436.424110586669,4436.455923729676,0.125452,0.08153450000000001,0.405,0.0,2140.0
27,CONTOUR,0.12061,0.087844,0.405,0.106384,0.106384,0.405,30.0,1070.0,False,66,-0.014225999999999989,0.01854,0.0,0.02336901101886855,127.49952858352677,0.0036169692027868835,0.5,0.0467380220377371,4436.455923729676,4436.502661751714,0.113497,0.097114,0.405,0.0,2140.0
27,CONTOUR,0.106384,0.106384,0.405,0.093765,0.116067,0.405,30.0,1070.0,False,67,-0.012619000000000005,0.009682999999999997,0.0,0.015905962718427327,142.49971211062234,15.000183527095562,0.5,0.031811925436854654,4436.502661751714,4436.534473677151,0.10007450000000001,0.1112255,0.405,0.0,2140.0
27,CONTOUR,0.093765,0.116067,0.405,0.075225,0.130294,0.405,30.0,1070.0,False,68,-0.01854,0.01422699999999999,0.0,0.023369619787236586,142.4985263234224,0.001185786789164686,0.5,0.04673923957447317,4436.534473677151,4436.581212916726,0.084495,0.1231805,0.405,0.0,2140.0
27,CONTOUR,0.075225,0.130294,0.405,0.06053,0.136381,0.405,30.0,1070.0,False,69,-0.014695,0.006087000000000009,0.0,0.01590580378352506,157.49956170028247,15.001035376860077,0.5,0.03181160756705012,4436.581212916726,4436.613024524293,0.06787750000000001,0.1333375,0.405,0.0,2140.0
27,CONTOUR,0.06053,0.136381,0.405,0.038939,0.145324,0.405,30.0,1070.0,False,70,-0.021591,0.008943000000000006,0.0,0.023369820923575774,157.50064560345976,0.0010839035570066175,0.5,0.04673964184715155,4436.613024524293,4436.65976416614,0.0497345,0.1408525,0.405,0.0,2140.0
27,OTHER,0.038939,0.145324,0.405,-0.551842,-0.29342,0.405,40.0,1070.0,False,73,-0.590781,-0.438744,0.0,0.735879397385876,-143.40054327183594,59.09881112470434,0.6666666666666666,1.1038190960788141,4436.65976416614,4437.763583262219,-0.25645150000000005,-0.074048,0.405,40.05398062477707,1605.0
27,CONTOUR,-0.551842,-0.29342,0.405,-0.524349,-0.337418,0.405,30.0,1070.0,False,76,0.0274930000000001,-0.04399799999999998,0.0,0.05188149046625399,-58.00000163456566,85.40054163727027,0.5,0.10376298093250798,4437.763583262219,4437.867346243152,-0.5380955000000001,-0.315419,0.405,57.13199188841827,2140.0
27,CONTOUR,-0.524349,-0.337418,0.405,-0.505636,-0.367366,0.405,30.0,1070.0,False,77,0.01871299999999998,-0.02994800000000003,0.0,0.0353137235788015,-58.00080815990639,0.0008065251277828302,0.5,0.070627447157603,4437.867346243152,4437.937973690309,-0.5149925,-0.35239200000000004,0.405,0.0,2140.0
27,CONTOUR,-0.505636,-0.367366,0.405,-0.472286,-0.40711,0.405,30.0,1070.0,False,78,0.03334999999999999,-0.039744,0.0,0.051882637134208966,-49.99930270269684,8.001505457209523,0.5,0.10376527426841793,4437.937973690309,4438.041738964577,-0.488961,-0.387238,0.405,0.0,2140.0
27,CONTOUR,-0.472286,-0.40711,0.405,-0.449587,-0.434161,0.405,30.0,1070.0,False,79,0.02269899999999997,-0.02705099999999999,0.0,0.03531290418529745,-49.999358806149964,5.609624219418725e-05,0.5,0.0706258083705949,4438.041738964577,4438.112364772948,-0.46093649999999997,-0.42063550000000005,0.405,0.0,2140.0
27,CONTOUR,-0.449587,-0.434161,0.405,-0.411031,-0.468877,0.405,30.0,1070.0,False,80,0.038556000000000035,-0.03471599999999997,0.0,0.05188223002146304,-42.00001778268491,7.999341023465098,0.5,0.10376446004292608,4438.112364772948,4438.216129232991,-0.430309,-0.451519,0.405,0.0,2140.0
27,CONTOUR,-0.411031,-0.468877,0.405,-0.384788,-0.492507,0.405,30.0,1070.0,False,81,0.02624299999999996,-0.023629999999999984,0.0,0.03531390588705811,-42.000839991002735,0.0008222084018532224,0.5,0.07062781177411621,4438.216129232991,4438.286757044765,-0.3979095,-0.480692,0.405,0.0,2140.0
27,CONTOUR,-0.384788,-0.492507,0.405,-0.341776,-0.521519,0.405,30.0,1070.0,False,82,0.043011999999999995,-0.029011999999999982,0.0,0.05188186858624117,-34.0000363230708,8.000803667931924,0.5,0.10376373717248234,4438.286757044765,4438.390520781938,-0.363282,-0.5070129999999999,0.405,0.0,2140.0
27,CONTOUR,-0.341776,-0.521519,0.405,-0.3125,-0.541266,0.405,30.0,1070.0,False,83,0.029276000000000024,-0.01974700000000007,0.0,0.03531328623903479,-34.000119258941524,8.293478273151494e-05,0.5,0.07062657247806958,4438.390520781938,4438.461147354416,-0.32713800000000004,-0.5313924999999999,0.405,0.0,2140.0
27,CONTOUR,-0.3125,-0.541266,0.405,-0.265869,-0.564009,0.405,30.0,1070.0,False,84,0.04663099999999998,-0.022742999999999958,0.0,0.0518815401660359,-25.999545058798816,8.000574200142712,0.5,0.1037630803320718,4438.461147354416,4438.5649104347485,-0.2891845,-0.5526375,0.405,0.0,2140.0
27,CONTOUR,-0.265869,-0.564009,0.405,-0.234129,-0.57949,0.405,30.0,1070.0,False,85,0.03174000000000002,-0.015480999999999967,0.0,0.03531414675452318,-26.000536112067433,0.0009910532259005045,0.5,0.07062829350904636,4438.5649104347485,4438.635538728257,-0.24999900000000003,-0.5717494999999999,0.405,0.0,2140.0
27,CONTOUR,-0.234129,-0.57949,0.405,-0.184786,-0.595522,0.405,30.0,1070.0,False,86,0.049343,-0.016032000000000046,0.0,0.05188214213966113,-17.999461649306767,8.001074462760608,0.5,0.10376428427932226,4438.635538728257,4438.739303012537,-0.20945750000000002,-0.587506,0.405,0.0,2140.0
27,CONTOUR,-0.184786,-0.595522,0.405,-0.151201,-0.606435,0.405,30.0,1070.0,False,87,0.033585000000000004,-0.01091299999999995,0.0,0.03531353556357674,-18.00088264348071,0.0014209943467436475,0.5,0.07062707112715348,4438.739303012537,4438.809930083664,-0.16799350000000002,-0.6009785,0.405,0.0,2140.0
27,CONTOUR,-0.151201,-0.606435,0.405,-0.100107,-0.615444,0.405,30.0,1070.0,False,88,0.051094,-0.009009000000000045,0.0,0.051882163765594826,-9.999727290059864,8.001155353420835,0.5,0.10376432753118965,4438.809930083664,4438.913694411195,-0.125654,-0.6109395,0.405,0.0,2140.0
27,CONTOUR,-0.100107,-0.615444,0.405,-0.06533,-0.621576,0.405,30.0,1070.0,False,89,0.034777,-0.006132000000000026,0.0,0.035313469852168315,-9.999802813418322,7.552398864228409e-05,0.5,0.07062693970433663,4438.913694411195,4438.984321350899,-0.0827185,-0.61851,0.405,0.0,2140.0
27,CONTOUR,-0.06533,-0.621576,0.405,-0.01348,-0.623387,0.405,30.0,1070.0,False,90,0.05185,-0.001811000000000007,0.0,0.051881617370702696,-2.00039523104718,7.999407582371074,0.5,0.10376323474140539,4438.984321350899,4439.088084585641,-0.039405,-0.6224815,0.405,0.0,2140.0
27,CONTOUR,-0.01348,-0.623387,0.405,0.021812,-0.624619,0.405,30.0,1070.0,False,91,0.035292000000000004,-0.0012320000000000109,0.0,0.035313497249635305,-1.9993128128339497,0.0010824179864627492,0.5,0.07062699449927061,4439.088084585641,4439.15871158014,0.004166,-0.6240030000000001,0.405,0.0,2140.0
27,CONTOUR,0.021812,-0.624619,0.405,0.07341,-0.619196,0.405,30.0,1070.0,False,92,0.051598000000000005,0.005423000000000067,0.0,0.05188219861378276,5.999815122811624,7.9991279356456015,0.5,0.10376439722756552,4439.15871158014,4439.262475977368,0.047611,-0.6219075000000001,0.405,0.0,2140.0
27,CONTOUR,0.07341,-0.619196,0.405,0.10853,-0.615505,0.405,30.0,1070.0,False,93,0.03512,0.003691,0.0,0.035313423524206765,5.999579264619327,0.0002358579637607719,0.5,0.07062684704841353,4439.262475977368,4439.3331028244165,0.09097,-0.6173504999999999,0.405,0.0,2140.0
27,CONTOUR,0.10853,-0.615505,0.405,0.158871,-0.602953,0.405,30.0,1070.0,False,94,0.05034100000000001,0.012552000000000008,0.0,0.05188226079306878,14.000620430410196,8.001041165790872,0.5,0.10376452158613755,4439.3331028244165,4439.436867346003,0.1337005,-0.609229,0.405,0.0,2140.0
27,CONTOUR,0.158871,-0.602953,0.405,0.193136,-0.59441,0.405,30.0,1070.0,False,95,0.03426499999999999,0.008542999999999967,0.0,0.03531392181562392,13.99964733481037,0.0009730959807745295,0.5,0.07062784363124784,4439.436867346003,4439.507495189634,0.1760035,-0.5986815,0.405,0.0,2140.0
27,CONTOUR,0.193136,-0.59441,0.405,0.24124,-0.574975,0.405,30.0,1070.0,False,96,0.04810400000000001,0.01943499999999998,0.0,0.05188173128375729,21.9997157877694,8.000068452959082,0.5,0.10376346256751458,4439.507495189634,4439.611258652201,0.217188,-0.5846925000000001,0.405,0.0,2140.0
27,CONTOUR,0.24124,-0.574975,0.405,0.273982,-0.561746,0.405,30.0,1070.0,False,97,0.03274199999999999,0.013229000000000046,0.0,0.035313524392221185,22.00056159258332,0.0008458040388947123,0.5,0.07062704878444237,4439.611258652201,4439.681885700986,0.25761100000000003,-0.5683605,0.405,0.0,2140.0
27,CONTOUR,0.273982,-0.561746,0.405,0.318913,-0.535805,0.405,30.0,1070.0,False,98,0.044931,0.025940999999999992,0.0,0.05188188741747933,30.00007178229895,7.999510189715673,0.5,0.10376377483495866,4439.681885700986,4439.785649475821,0.2964475,-0.5487755,0.405,0.0,2140.0
27,CONTOUR,0.318913,-0.535805,0.405,0.349496,-0.518148,0.405,30.0,1070.0,False,99,0.03058299999999997,0.017656999999999923,0.0,0.0353141549240527,29.999854878513165,0.00021690723971893848,0.5,0.0706283098481054,4439.785649475821,4439.856277785669,0.3342045,-0.5269765,0.405,0.0,2140.0
27,CONTOUR,0.349496,-0.518148,0.405,0.390379,-0.486207,0.405,30.0,1070.0,False,100,0.040883,0.03194100000000005,0.0,0.05188108682362007,37.99973869035001,7.999883811836839,0.5,0.10376217364724014,4439.856277785669,4439.9600399593155,0.3699375,-0.5021775,0.405,0.0,2140.0
27,CONTOUR,0.390379,-0.486207,0.405,0.418207,-0.464466,0.405,30.0,1070.0,False,101,0.02782800000000002,0.02174100000000001,0.0,0.0353138593897637,37.9992118980734,0.0005267928689119575,0.5,0.0706277187795274,4439.9600399593155,4440.030667678095,0.404293,-0.4753365,0.405,0.0,2140.0
27,CONTOUR,0.418207,-0.464466,0.405,0.454247,-0.427145,0.405,30.0,1070.0,False,102,0.036040000000000016,0.03732099999999999,0.0,0.05188196836088624,46.00037397627588,8.00116207820247,0.5,0.10376393672177248,4440.030667678095,4440.134431614816,0.43622700000000003,-0.44580549999999997,0.405,0.0,2140.0
27,CONTOUR,0.454247,-0.427145,0.405,0.478778,-0.401742,0.405,30.0,1070.0,False,103,0.02453099999999997,0.02540300000000001,0.0,0.0353140534348579,46.000457441812934,8.346483480392628e-05,0.5,0.0706281068697158,4440.134431614816,4440.205059721686,0.4665125,-0.41444349999999996,0.405,0.0,2140.0
27,CONTOUR,0.478778,-0.401742,0.405,0.509273,-0.359769,0.405,30.0,1070.0,False,104,0.030494999999999994,0.04197299999999998,0.0,0.0518813815737399,54.00015146423771,7.999694022424713,0.5,0.1037627631474798,4440.205059721686,4440.308822484833,0.4940255,-0.3807555,0.405,0.0,2140.0
27,CONTOUR,0.509273,-0.359769,0.405,0.53003,-0.3312,0.405,30.0,1070.0,False,105,0.020757000000000025,0.02856900000000001,0.0,0.035313464995664214,53.999466395972284,0.0006850681014393458,0.5,0.07062692999132843,4440.308822484833,4440.379449414825,0.5196514999999999,-0.34548449999999997,0.405,0.0,2140.0
27,CONTOUR,0.53003,-0.3312,0.405,0.554387,-0.28539,0.405,30.0,1070.0,False,106,0.024356999999999962,0.04581000000000002,0.0,0.051882748086430425,62.000593878786354,8.00112748281414,0.5,0.10376549617286085,4440.379449414825,4440.483214910998,0.5422085,-0.308295,0.405,0.0,2140.0
27,CONTOUR,0.554387,-0.28539,0.405,0.570966,-0.25421,0.405,30.0,1070.0,False,107,0.01657900000000001,0.031179999999999986,0.0,0.03531367498576153,61.99957034366213,0.0010235357385216127,0.5,0.07062734997152306,4440.483214910998,4440.55384226097,0.5626765,-0.2698,0.405,0.0,2140.0
27,CONTOUR,0.570966,-0.25421,0.405,0.588711,-0.205457,0.405,30.0,1070.0,False,108,0.01774500000000001,0.04875299999999999,0.0,0.05188198178558718,69.99962727328678,8.000056929624737,0.5,0.10376396357117436,4440.55384226097,4440.657606224541,0.5798384999999999,-0.2298335,0.405,0.0,2140.0
27,CONTOUR,0.588711,-0.205457,0.405,0.600789,-0.172273,0.405,30.0,1070.0,False,109,0.012078000000000033,0.03318399999999999,0.0,0.03531367921924874,69.99998209148566,0.0003548176858673155,0.5,0.07062735843849748,4440.657606224541,4440.72823358298,0.59475,-0.188865,0.405,0.0,2140.0
27,CONTOUR,0.600789,-0.172273,0.405,0.611575,-0.121525,0.405,30.0,1070.0,False,110,0.010785999999999962,0.050748000000000015,0.0,0.05188156994540548,78.00088620692222,8.00090411543658,0.5,0.10376313989081096,4440.72823358298,4440.83199672287,0.606182,-0.146899,0.405,0.0,2140.0
27,CONTOUR,0.611575,-0.121525,0.405,0.618918,-0.086983,0.405,30.0,1070.0,False,111,0.007342999999999988,0.03454199999999999,0.0,0.035313869980504814,77.99861731610044,0.0022688907347229517,0.5,0.07062773996100963,4440.83199672287,4440.902624462831,0.6152465,-0.104254,0.405,0.0,2140.0
27,CONTOUR,0.618918,-0.086983,0.405,0.622537,-0.035227,0.405,30.0,1070.0,False,112,0.003619000000000039,0.051756,0.0,0.05188237366389476,86.00014550475537,8.001528188654959,0.5,0.10376474732778952,4440.902624462831,4441.006389210159,0.6207275,-0.06110500000000001,0.405,0.0,2140.0
27,CONTOUR,0.622537,-0.035227,0.405,0.625,0.0,0.405,30.0,1070.0,False,113,0.002462999999999993,0.035227,0.0,0.035312998994704484,86.00050467404255,0.00035916786958743935,0.5,0.07062599798940897,4441.006389210159,4441.077015208149,0.6237685,-0.0176135,0.405,0.0,2140.0
27,CONTOUR,0.625,0.0,0.405,0.621381,0.051756,0.405,30.0,1070.0,False,114,-0.003619000000000039,0.051756,0.0,0.05188237366389476,93.99985449524463,7.999349821202049,0.5,0.10376474732778952,4441.077015208149,4441.180779955476,0.6231905,0.025878,0.405,0.0,2140.0
27,CONTOUR,0.621381,0.051756,0.405,0.618918,0.086983,0.405,30.0,1070.0,False,115,-0.002462999999999993,0.035227,0.0,0.035312998994704484,93.99949532595747,0.00035916786958743935,0.5,0.07062599798940897,4441.180779955476,4441.251405953466,0.6201494999999999,0.0693695,0.405,0.0,2140.0
27,CONTOUR,0.618918,0.086983,0.405,0.608131,0.137732,0.405,30.0,1070.0,False,116,-0.010786999999999991,0.05074899999999999,0.0,0.05188275599850107,101.99996440937814,8.000469083420665,0.5,0.10376551199700214,4441.251405953466,4441.355171465463,0.6135245,0.1123575,0.405,0.0,2140.0
27,CONTOUR,0.608131,0.137732,0.405,0.600789,0.172273,0.405,30.0,1070.0,False,117,-0.00734199999999996,0.034541000000000016,0.0,0.03531268391102552,102.00013300185825,0.0001685959770431705,0.5,0.07062536782205105,4441.355171465463,4441.425796833285,0.60446,0.1550025,0.405,0.0,2140.0
27,CONTOUR,0.600789,0.172273,0.405,0.583044,0.221027,0.405,30.0,1070.0,False,118,-0.01774500000000001,0.04875399999999999,0.0,0.05188292147711036,109.9999950174322,7.999862015574003,0.5,0.10376584295422071,4441.425796833285,4441.529562676239,0.5919165,0.19665,0.405,0.0,2140.0
27,CONTOUR,0.583044,0.221027,0.405,0.570966,0.25421,0.405,30.0,1070.0,False,119,-0.012078000000000033,0.03318299999999999,0.0,0.035312739528391174,110.00057284499934,0.0005778275449417042,0.5,0.07062547905678235,4441.529562676239,4441.600188155296,0.577005,0.2376185,0.405,0.0,2140.0
27,CONTOUR,0.570966,0.25421,0.405,0.546609,0.30002,0.405,30.0,1070.0,False,120,-0.024356999999999962,0.04581000000000002,0.0,0.051882748086430425,117.99940612121364,7.998833276214372,0.5,0.10376549617286085,4441.600188155296,4441.7039536514685,0.5587875,0.277115,0.405,0.0,2140.0
27,CONTOUR,0.546609,0.30002,0.405,0.53003,0.3312,0.405,30.0,1070.0,False,121,-0.01657900000000001,0.031179999999999986,0.0,0.03531367498576153,118.00042965633787,0.0010235357385216127,0.5,0.07062734997152306,4441.7039536514685,4441.77458100144,0.5383195000000001,0.31561,0.405,0.0,2140.0
27,CONTOUR,0.53003,0.3312,0.405,0.499535,0.373173,0.405,30.0,1070.0,False,122,-0.030494999999999994,0.04197299999999998,0.0,0.0518813815737399,125.99984853576231,7.999418879424477,0.5,0.1037627631474798,4441.77458100144,4441.878343764588,0.5147825,0.35218649999999996,0.405,0.0,2140.0
27,CONTOUR,0.499535,0.373173,0.405,0.478778,0.401742,0.405,30.0,1070.0,False,123,-0.020757000000000025,0.02856900000000001,0.0,0.035313464995664214,126.00053360402774,0.0006850681014393458,0.5,0.07062692999132843,4441.878343764588,4441.94897069458,0.4891565,0.3874575,0.405,0.0,2140.0
27,CONTOUR,0.478778,0.401742,0.405,0.442737,0.439063,0.405,30.0,1070.0,False,124,-0.03604099999999999,0.03732099999999999,0.0,0.05188266301954825,134.00042042000183,7.999886815974132,0.5,0.1037653260390965,4441.94897069458,4442.052736020619,0.4607575,0.4204025,0.405,0.0,2140.0
27,CONTOUR,0.442737,0.439063,0.405,0.418207,0.464466,0.405,30.0,1070.0,False,125,-0.024529999999999996,0.02540300000000001,0.0,0.03531335878955725,133.99837542331872,0.002044996770481564,0.5,0.0706267175791145,4442.052736020619,4442.123362738198,0.43047199999999997,0.4517645,0.405,0.0,2140.0
27,CONTOUR,0.418207,0.464466,0.405,0.377323,0.496407,0.405,30.0,1070.0,False,126,-0.040883999999999976,0.031941,0.0,0.05188187484083433,142.00094121179964,8.002565788480851,0.5,0.10376374968166865,4442.123362738198,4442.22712648788,0.39776500000000004,0.4804365,0.405,0.0,2140.0
27,CONTOUR,0.377323,0.496407,0.405,0.349496,0.518148,0.405,30.0,1070.0,False,127,-0.027827000000000046,0.021741000000000066,0.0,0.03531307137590846,141.99978920316937,0.0011520086481283953,0.5,0.07062614275181692,4442.22712648788,4442.297752630632,0.3634095,0.5072775,0.405,0.0,2140.0
27,CONTOUR,0.349496,0.518148,0.405,0.304564,0.54409,0.405,30.0,1070.0,False,128,-0.04493199999999997,0.02594199999999991,0.0,0.05188325344463272,149.9995240099581,7.999734806788725,0.5,0.10376650688926543,4442.297752630632,4442.401519137521,0.32703,0.531119,0.405,0.0,2140.0
27,CONTOUR,0.304564,0.54409,0.405,0.273982,0.561746,0.405,30.0,1070.0,False,129,-0.030581999999999998,0.017656000000000005,0.0,0.035312788901473074,150.0007390113981,0.001215001193409477,0.5,0.07062557780294615,4442.401519137521,4442.472144715324,0.289273,0.552918,0.405,0.0,2140.0
27,CONTOUR,0.273982,0.561746,0.405,0.225878,0.581182,0.405,30.0,1070.0,False,130,-0.04810400000000001,0.01943600000000001,0.0,0.05188210589403635,157.99926027869407,7.998521267295908,0.5,0.1037642117880727,4442.472144715324,4442.575908927112,0.24992999999999999,0.571464,0.405,0.0,2140.0
27,CONTOUR,0.225878,0.581182,0.405,0.193136,0.59441,0.405,30.0,1070.0,False,131,-0.03274199999999999,0.013228000000000018,0.0,0.035313149788711855,158.0009427623566,0.0016824835289555883,0.5,0.07062629957742371,4442.575908927112,4442.64653522669,0.209507,0.587796,0.405,0.0,2140.0
27,CONTOUR,0.193136,0.59441,0.405,0.142795,0.606962,0.405,30.0,1070.0,False,132,-0.050341,0.012552000000000008,0.0,0.051882260793068756,165.9993795695898,7.998436807233215,0.5,0.10376452158613751,4442.64653522669,4442.750299748276,0.1679655,0.600686,0.405,0.0,2140.0
27,CONTOUR,0.142795,0.606962,0.405,0.10853,0.615505,0.405,30.0,1070.0,False,133,-0.034265000000000004,0.008542999999999967,0.0,0.03531392181562393,166.00035266518964,0.0009730952316914646,0.5,0.07062784363124786,4442.750299748276,4442.820927591907,0.1256625,0.6112335,0.405,0.0,2140.0
27,CONTOUR,0.10853,0.615505,0.405,0.056932,0.620928,0.405,30.0,1070.0,False,134,-0.051598,0.005423000000000067,0.0,0.05188219861378275,174.0001848771884,7.999832211998729,0.5,0.1037643972275655,4442.820927591907,4442.924691989135,0.082731,0.6182165,0.405,0.0,2140.0
27,CONTOUR,0.056932,0.620928,0.405,0.021812,0.624619,0.405,30.0,1070.0,False,135,-0.03512,0.003691,0.0,0.035313423524206765,174.0004207353807,0.0002358579637607719,0.5,0.07062684704841353,4442.924691989135,4442.995318836183,0.039372000000000004,0.6227735000000001,0.405,0.0,2140.0
27,CONTOUR,0.021812,0.624619,0.405,-0.030038,0.622809,0.405,30.0,1070.0,False,136,-0.05185,-0.0018100000000000893,0.0,0.05188158247393771,-178.00070845276403,7.9988708118552925,0.5,0.10376316494787542,4442.995318836183,4443.099082001131,-0.004112999999999999,0.623714,0.405,0.0,2140.0
27,CONTOUR,-0.030038,0.622809,0.405,-0.06533,0.621576,0.405,30.0,1070.0,False,137,-0.035292000000000004,-0.0012329999999999286,0.0,0.035313532151287276,-177.9990656869375,0.0016427658825216038,0.5,0.07062706430257455,4443.099082001131,4443.169709065433,-0.047684,0.6221924999999999,0.405,0.0,2140.0
27,CONTOUR,-0.06533,0.621576,0.405,-0.116424,0.612567,0.405,30.0,1070.0,False,138,-0.051094,-0.009009000000000045,0.0,0.051882163765594826,-170.00027270994016,7.998792976997381,0.5,0.10376432753118965,4443.169709065433,4443.273473392965,-0.090877,0.6170715,0.405,0.0,2140.0
27,CONTOUR,-0.116424,0.612567,0.405,-0.151201,0.606435,0.405,30.0,1070.0,False,139,-0.034777,-0.006132000000000026,0.0,0.035313469852168315,-170.0001971865817,7.552398864228409e-05,0.5,0.07062693970433663,4443.273473392965,4443.344100332669,-0.1338125,0.609501,0.405,0.0,2140.0
27,CONTOUR,-0.151201,0.606435,0.405,-0.200544,0.590402,0.405,30.0,1070.0,False,140,-0.049343,-0.016032999999999964,0.0,0.051882451156436304,-161.99948805932104,8.000709127260631,0.5,0.10376490231287261,4443.344100332669,4443.447865234982,-0.1758725,0.5984185,0.405,0.0,2140.0
27,CONTOUR,-0.200544,0.590402,0.405,-0.234129,0.57949,0.405,30.0,1070.0,False,141,-0.033585000000000004,-0.010912000000000033,0.0,0.035313226544738174,-162.00066043986334,0.0011723804462097324,0.5,0.07062645308947635,4443.447865234982,4443.518491688071,-0.2173365,0.584946,0.405,0.0,2140.0
27,CONTOUR,-0.234129,0.57949,0.405,-0.28076,0.556746,0.405,30.0,1070.0,False,142,-0.046631000000000006,-0.022743999999999986,0.0,0.05188197853783142,-153.99946235559844,8.001198084264914,0.5,0.10376395707566284,4443.518491688071,4443.622255645147,-0.2574445,0.5681179999999999,0.405,0.0,2140.0
27,CONTOUR,-0.28076,0.556746,0.405,-0.3125,0.541266,0.405,30.0,1070.0,False,143,-0.03173999999999999,-0.015479999999999938,0.0,0.03531370838640425,-154.00092215648735,0.001459801145257432,0.5,0.0706274167728085,4443.622255645147,4443.692883061919,-0.29663,0.549006,0.405,0.0,2140.0
27,CONTOUR,-0.3125,0.541266,0.405,-0.355512,0.512254,0.405,30.0,1070.0,False,144,-0.043011999999999995,-0.029012000000000038,0.0,0.051881868586241206,-145.99996367692916,8.000958479558278,0.5,0.10376373717248241,4443.692883061919,4443.796646799092,-0.334006,0.52676,0.405,0.0,2140.0
27,CONTOUR,-0.355512,0.512254,0.405,-0.384788,0.492507,0.405,30.0,1070.0,False,145,-0.029276000000000024,-0.019747000000000015,0.0,0.035313286239034763,-145.99988074105858,8.293917720934193e-05,0.5,0.07062657247806953,4443.796646799092,4443.86727337157,-0.37015,0.5023805,0.405,0.0,2140.0
27,CONTOUR,-0.384788,0.492507,0.405,-0.423344,0.457791,0.405,30.0,1070.0,False,146,-0.03855599999999998,-0.03471599999999997,0.0,0.051882230021463,-137.99998221731505,7.999898523743542,0.5,0.103764460042926,4443.86727337157,4443.971037831613,-0.40406600000000004,0.475149,0.405,0.0,2140.0
27,CONTOUR,-0.423344,0.457791,0.405,-0.449587,0.434161,0.405,30.0,1070.0,False,147,-0.026243000000000016,-0.023629999999999984,0.0,0.03531390588705815,-137.99916000899734,0.0008222088451284559,0.5,0.0706278117741163,4443.971037831613,4444.041665643387,-0.4364655,0.44597600000000004,0.405,0.0,2140.0
27,CONTOUR,-0.449587,0.434161,0.405,-0.482937,0.394417,0.405,30.0,1070.0,False,148,-0.03334999999999999,-0.039744,0.0,0.051882637134208966,-130.00069729730316,7.998462711694134,0.5,0.10376527426841793,4444.041665643387,4444.145430917655,-0.466262,0.414289,0.405,0.0,2140.0
27,CONTOUR,-0.482937,0.394417,0.405,-0.505636,0.367366,0.405,30.0,1070.0,False,149,-0.02269899999999997,-0.02705099999999999,0.0,0.03531290418529745,-130.00064119385004,5.609624219418725e-05,0.5,0.0706258083705949,4444.145430917655,4444.216056726026,-0.49428649999999996,0.38089150000000005,0.405,0.0,2140.0
27,CONTOUR,-0.505636,0.367366,0.405,-0.533129,0.323367,0.405,30.0,1070.0,False,150,-0.02749299999999999,-0.04399900000000001,0.0,0.0518823385170715,-121.99941315403463,8.001228039815473,0.5,0.103764677034143,4444.216056726026,4444.31982140306,-0.5193825,0.3453665,0.405,0.0,2140.0
27,CONTOUR,-0.533129,0.323367,0.405,-0.551842,0.29342,0.405,30.0,1070.0,False,151,-0.01871300000000009,-0.029947,0.0,0.035312875527206834,-122.00005162428043,0.0006384702911656351,0.5,0.07062575105441367,4444.31982140306,4444.390447154115,-0.5424855,0.3083935,0.405,0.0,2140.0
27,CONTOUR,-0.551842,0.29342,0.405,-0.572945,0.246023,0.405,30.0,1070.0,False,152,-0.021102999999999983,-0.04739700000000002,0.0,0.05188267743669366,-114.0005003964503,7.99955122783017,0.5,0.10376535487338732,4444.390447154115,4444.494212508988,-0.5623935,0.2697215,0.405,0.0,2140.0
27,CONTOUR,-0.572945,0.246023,0.405,-0.587308,0.213763,0.405,30.0,1070.0,False,153,-0.014363000000000015,-0.03225999999999998,0.0,0.03531293486811878,-113.99988529221228,0.0006151046586166079,0.5,0.07062586973623756,4444.494212508988,4444.564838378725,-0.5801265,0.22989300000000001,0.405,0.0,2140.0
27,CONTOUR,-0.587308,0.213763,0.405,-0.601609,0.16389,0.405,30.0,1070.0,False,154,-0.014300999999999897,-0.049873,0.0,0.05188289438726407,-106.00015644690946,7.9997288453028075,0.5,0.10376578877452813,4444.564838378725,4444.668604167499,-0.5944585,0.1888265,0.405,0.0,2140.0
27,CONTOUR,-0.601609,0.16389,0.405,-0.611342,0.129945,0.405,30.0,1070.0,False,155,-0.009733000000000103,-0.033945,0.0,0.03531280665707559,-105.99910768365963,0.0010487635368998925,0.5,0.07062561331415118,4444.668604167499,4444.739229780814,-0.6064755,0.1469175,0.405,0.0,2140.0
27,CONTOUR,-0.611342,0.129945,0.405,-0.618563,0.078568,0.405,30.0,1070.0,False,156,-0.007220999999999922,-0.051377000000000006,0.0,0.05188197153154455,-98.00047411489263,7.998633568766933,0.5,0.1037639430630891,4444.739229780814,4444.842993723877,-0.6149525,0.1042565,0.405,0.0,2140.0
27,CONTOUR,-0.618563,0.078568,0.405,-0.623478,0.043598,0.405,30.0,1070.0,False,157,-0.004915000000000003,-0.03497,0.0,0.03531371015625518,-98.00046113679889,1.2948118433879161e-05,0.5,0.07062742031251036,4444.842993723877,4444.913621144189,-0.6210205,0.061083,0.405,0.0,2140.0
27,CONTOUR,-0.623478,0.043598,0.405,-0.623478,-0.008284,0.405,30.0,1070.0,False,158,0.0,-0.051882,0.0,0.051882,-90.0,8.000461136798931,0.5,0.103764,4444.913621144189,4445.01738514419,-0.623478,0.017657,0.405,0.0,2140.0
27,CONTOUR,-0.623478,-0.008284,0.405,-0.623478,-0.043598,0.405,30.0,1070.0,False,159,0.0,-0.035314,0.0,0.035314,-90.0,0.0,0.5,0.070628,4445.01738514419,4445.08801314419,-0.623478,-0.025941,0.405,0.0,2140.0
27,CONTOUR,-0.623478,-0.043598,0.405,-0.616257,-0.094975,0.405,30.0,1070.0,False,160,0.007220999999999922,-0.051377000000000006,0.0,0.05188197153154455,-81.99952588510737,8.000474114892624,0.5,0.1037639430630891,4445.08801314419,4445.191777087253,-0.6198675,-0.0692865,0.405,0.0,2140.0
27,CONTOUR,-0.616257,-0.094975,0.405,-0.611342,-0.129945,0.405,30.0,1070.0,False,161,0.004915000000000003,-0.03497,0.0,0.03531371015625518,-81.99953886320112,1.2948118433879161e-05,0.5,0.07062742031251036,4445.191777087253,4445.262404507565,-0.6137995,-0.11246,0.405,0.0,2140.0
27,CONTOUR,-0.611342,-0.129945,0.405,-0.597042,-0.179817,0.405,30.0,1070.0,False,162,0.01430000000000009,-0.049872,0.0,0.05188165749087053,-74.0006007221827,7.998938141018416,0.5,0.10376331498174106,4445.262404507565,4445.366167822547,-0.6041920000000001,-0.154881,0.405,0.0,2140.0
27,CONTOUR,-0.597042,-0.179817,0.405,-0.587308,-0.213763,0.405,30.0,1070.0,False,163,0.00973399999999991,-0.033946000000000004,0.0,0.03531404355210542,-73.99977988398314,0.0008208379822113361,0.5,0.07062808710421084,4445.366167822547,4445.436795909652,-0.592175,-0.19679000000000002,0.405,0.0,2140.0
27,CONTOUR,-0.587308,-0.213763,0.405,-0.566206,-0.261159,0.405,30.0,1070.0,False,164,0.021102000000000065,-0.047395999999999966,0.0,0.05188135715264203,-66.00005929101776,7.9997205929653585,0.5,0.10376271430528405,4445.436795909652,4445.540558623957,-0.576757,-0.23746099999999998,0.405,0.0,2140.0
27,CONTOUR,-0.566206,-0.261159,0.405,-0.551842,-0.29342,0.405,30.0,1070.0,False,165,0.014363999999999932,-0.03226100000000004,0.0,0.03531425515284162,-65.99929242915233,0.0007668627018821759,0.5,0.07062851030568323,4445.540558623957,4445.611187134263,-0.559024,-0.27728949999999997,0.405,0.0,2140.0
27,OTHER,-0.551842,-0.29342,0.405,-0.547585,-0.300232,0.405,40.0,1070.0,False,170,0.004257000000000066,-0.006811999999999985,0.0,0.008032769945666337,-57.99764107396352,8.001651355188883,0.6666666666666666,0.012049154918499507,4445.611187134263,4445.6232362891815,-0.5497135,-0.29682600000000003,0.405,0.0,1605.0
27,HATCH,-0.547585,-0.300232,0.405,0.299602,0.546955,0.405,30.0,1070.0,False,173,0.8471869999999999,0.8471869999999999,0.0,1.1981033452661751,45.0,102.99764107396352,0.5,2.3962066905323502,4445.6232362891815,4448.019442979714,-0.1239915,0.12336149999999999,0.405,10.345573878666983,2140.0
27,OTHER,0.299602,0.546955,0.405,0.339948,0.523661,0.405,40.0,1070.0,False,176,0.04034599999999999,-0.023293999999999926,0.0,0.04658766094149819,-30.000240749982517,75.00024074998251,0.6666666666666666,0.06988149141224728,4448.019442979714,4448.089324471126,0.319775,0.535308,0.405,5.443534052601535,1605.0
27,HATCH,0.339948,0.523661,0.405,-0.038306,0.145407,0.405,30.0,1070.0,False,179,-0.378254,-0.37825400000000003,0.0,0.5349319368218727,-135.0,104.99975925001749,0.5,1.0698638736437454,4448.089324471126,4449.15918834477,0.15082099999999998,0.334534,0.405,41.45452124353051,2140.0
27,OTHER,-0.038306,0.145407,0.405,0.026843,0.146916,0.405,40.0,1070.0,False,182,0.065149,0.0015089999999999826,0.0,0.0651664736041471,1.3268641834932344,136.32686418349323,0.6666666666666666,0.09774971040622064,4449.15918834477,4449.256938055176,-0.0057315000000000005,0.1461615,0.405,12.499424178629852,1605.0
27,HATCH,0.026843,0.146916,0.405,0.376768,0.496841,0.405,30.0,1070.0,False,185,0.349925,0.349925,0.0,0.4948686808134053,45.0,43.67313581650677,0.5,0.9897373616268106,4449.256938055176,4450.246675416803,0.2018055,0.32187849999999996,0.405,0.09774971040587843,2140.0
27,OTHER,0.376768,0.496841,0.405,0.412494,0.468928,0.405,40.0,1070.0,False,188,0.035726000000000036,-0.027912999999999966,0.0,0.045337430948389656,-38.00078643727296,83.00078643727295,0.6666666666666666,0.06800614642258448,4450.246675416803,4450.314681563225,0.394631,0.4828845,0.405,2.157350945676626,1605.0
27,HATCH,0.412494,0.468928,0.405,0.07426,0.130693,0.405,30.0,1070.0,False,191,-0.33823400000000003,-0.338235,0.0,0.47833581716300533,-134.99991530169228,96.99912886441935,0.5,0.9566716343260107,4450.314681563225,4451.271353197551,0.243377,0.2998105,0.405,0.06800614642270375,2140.0
27,OTHER,0.07426,0.130693,0.405,0.109513,0.102307,0.405,40.0,1070.0,False,194,0.03525299999999999,-0.02838600000000001,0.0,0.04526078882432342,-38.84129795826744,96.15861734342485,0.6666666666666666,0.06789118323648513,4451.271353197551,4451.339244380788,0.09188650000000001,0.11649999999999999,0.405,14.611589031411313,1605.0
27,HATCH,0.109513,0.102307,0.405,0.444472,0.437267,0.405,30.0,1070.0,False,197,0.334959,0.33496000000000004,0.0,0.4737042677462385,45.00008552642859,83.84138348469604,0.5,0.947408535492477,4451.339244380788,4452.28665291628,0.2769925,0.269787,0.405,0.06789118323649745,2140.0
27,OTHER,0.444472,0.437267,0.405,0.475737,0.404891,0.405,40.0,1070.0,False,200,0.03126500000000004,-0.032376000000000016,0.0,0.045007839328277066,-46.00012799479897,91.00021352122756,0.6666666666666666,0.0675117589924156,4452.28665291628,4452.354164675273,0.4601045,0.421079,0.405,1.9719713530548688,1605.0
27,HATCH,0.475737,0.404891,0.405,0.134914,0.064069,0.405,30.0,1070.0,False,203,-0.340823,-0.340822,0.0,0.48199580186242286,-135.00008405515996,88.999956060361,0.5,0.9639916037248457,4452.354164675273,4453.318156278998,0.3053255,0.23448,0.405,0.06751175899262307,2140.0
27,OTHER,0.134914,0.064069,0.405,0.148593,0.014108,0.405,40.0,1070.0,False,206,0.013678999999999997,-0.049961,0.0,0.05179977376398472,-74.68803256516607,60.3120514899939,0.6666666666666666,0.0776996606459771,4453.318156278998,4453.395855939644,0.1417535,0.0390885,0.405,1.9789118982098444,1605.0
27,HATCH,0.148593,0.014108,0.405,0.502953,0.368468,0.405,30.0,1070.0,False,209,0.35436,0.35436,0.0,0.50114071796253,45.0,119.68803256516605,0.5,1.00228143592506,4453.395855939644,4454.39813737557,0.325773,0.191288,0.405,0.07769966064643086,2140.0
27,OTHER,0.502953,0.368468,0.405,0.529733,0.331608,0.405,40.0,1070.0,False,212,0.026780000000000026,-0.036860000000000004,0.0,0.04556125546997143,-54.000363798228875,99.00036379822888,0.6666666666666666,0.06834188320495715,4454.39813737557,4454.466479258775,0.516343,0.350038,0.405,2.043972700296763,1605.0
27,HATCH,0.529733,0.331608,0.405,0.135522,-0.062603,0.405,30.0,1070.0,False,215,-0.394211,-0.39421100000000003,0.0,0.5574985426366602,-135.0,80.99963620177112,0.5,1.1149970852733204,4454.466479258775,4455.581476344048,0.3326275,0.1345025,0.405,0.06834188320499379,2140.0
27,OTHER,0.135522,-0.062603,0.405,0.062603,-0.135522,0.405,40.0,1070.0,False,218,-0.072919,-0.072919,0.0,0.10312303875468372,-135.0,0.0,0.6666666666666666,0.15468455813202558,4455.581476344048,4455.73616090218,0.0990625,-0.0990625,0.405,19.3612046859962,1605.0
27,HATCH,0.062603,-0.135522,0.405,-0.330799,-0.528923,0.405,30.0,1070.0,False,221,-0.39340200000000003,-0.393401,0.0,0.5563537367583685,-135.0000728209978,7.282143687796324e-05,0.5,1.112707473516737,4455.73616090218,4456.848868375697,-0.134098,-0.33222250000000003,0.405,41.465327561741105,2140.0
27,OTHER,-0.330799,-0.528923,0.405,-0.368804,-0.503289,0.405,40.0,1070.0,False,224,-0.03800500000000001,0.025634000000000046,0.0,0.045841923836156824,146.00072136849823,78.99920581050401,0.6666666666666666,0.06876288575423524,4456.848868375697,4456.917631261451,-0.3498015,-0.516106,0.405,18.283957940948312,1605.0
27,HATCH,-0.368804,-0.503289,0.405,-0.014108,-0.148593,0.405,30.0,1070.0,False,227,0.354696,0.354696,0.0,0.5016158937194873,45.0,101.00072136849823,0.5,1.0032317874389747,4456.917631261451,4457.92086304889,-0.19145600000000002,-0.325941,0.405,0.06876288575404033,2140.0
27,OTHER,-0.014108,-0.148593,0.405,-0.064069,-0.134914,0.405,40.0,1070.0,False,230,-0.049961,0.013678999999999997,0.0,0.05179977376398472,164.68803256516608,119.68803256516608,0.6666666666666666,0.0776996606459771,4457.92086304889,4457.998562709537,-0.0390885,-0.1417535,0.405,22.014794880075897,1605.0
27,HATCH,-0.064069,-0.134914,0.405,-0.404191,-0.475036,0.405,30.0,1070.0,False,233,-0.34012200000000004,-0.34012200000000004,0.0,0.4810051452614619,-135.0,60.31196743483394,0.5,0.9620102905229237,4457.998562709537,4458.960573000059,-0.23413,-0.304975,0.405,0.07769966064643086,2140.0
27,OTHER,-0.404191,-0.475036,0.405,-0.437679,-0.444884,0.405,40.0,1070.0,False,236,-0.03348799999999996,0.030152000000000012,0.0,0.045062059961790454,138.00069037616194,86.99930962383807,0.6666666666666666,0.06759308994268569,4458.960573000059,4459.028166090002,-0.420935,-0.45996000000000004,0.405,2.0429417386085333,1605.0
27,HATCH,-0.437679,-0.444884,0.405,-0.102307,-0.109513,0.405,30.0,1070.0,False,239,0.335372,0.335371,0.0,0.47428692373393555,44.99991457863964,93.0007757975223,0.5,0.9485738474678711,4459.028166090002,4459.97673993747,-0.269993,-0.2771985,0.405,0.06759308994242019,2140.0
27,OTHER,-0.102307,-0.109513,0.405,-0.130693,-0.07426,0.405,40.0,1070.0,False,242,-0.02838600000000001,0.03525299999999999,0.0,0.04526078882432342,128.84129795826746,83.8413833796278,0.6666666666666666,0.06789118323648513,4459.97673993747,4460.044631120706,-0.11649999999999999,-0.09188650000000001,0.405,1.9781772279329743,1605.0
27,HATCH,-0.130693,-0.07426,0.405,-0.468298,-0.411864,0.405,30.0,1070.0,False,245,-0.337605,-0.337604,0.0,0.47744486261871116,-135.00008485636226,96.1586171853703,0.5,0.9548897252374223,4460.044631120706,4460.999520845943,-0.2994955,-0.243062,0.405,0.06789118323649745,2140.0
27,OTHER,-0.468298,-0.411864,0.405,-0.497333,-0.37726,0.405,40.0,1070.0,False,248,-0.029035000000000033,0.034604000000000024,0.0,0.04517154016634814,129.99883048088793,95.00108466274979,0.6666666666666666,0.06775731024952221,4460.999520845943,4461.0672781561925,-0.4828155,-0.39456199999999997,0.405,1.97135475594132,1605.0
27,HATCH,-0.497333,-0.37726,0.405,-0.146916,-0.026843,0.405,30.0,1070.0,False,251,0.35041700000000003,0.350417,0.0,0.49556447388609287,45.0,84.99883048088796,0.5,0.9911289477721857,4461.0672781561925,4462.058407103965,-0.32212450000000004,-0.2020515,0.405,0.06775731024936249,2140.0
27,OTHER,-0.146916,-0.026843,0.405,-0.145407,0.038306,0.405,40.0,1070.0,False,254,0.0015089999999999826,0.065149,0.0,0.0651664736041471,88.67313581650677,43.67313581650677,0.6666666666666666,0.09774971040622064,4462.058407103965,4462.156156814371,-0.1461615,0.0057315000000000005,0.405,26.54509262182546,1605.0
27,HATCH,-0.145407,0.038306,0.405,-0.523112,-0.339398,0.405,30.0,1070.0,False,257,-0.377705,-0.377704,0.0,0.5341548264698167,-135.0000758473615,136.32678833613173,0.5,1.0683096529396334,4462.156156814371,4463.22446646731,-0.33425950000000004,-0.15054599999999999,0.405,0.09774971040587843,2140.0
27,OTHER,-0.523112,-0.339398,0.405,-0.568037,-0.257045,0.405,40.0,1070.0,False,260,-0.04492499999999999,0.08235299999999995,0.0,0.09380976619734212,118.61323809691764,106.38668605572084,0.6666666666666666,0.14071464929601318,4463.22446646731,4463.3651811166055,-0.5455745000000001,-0.29822150000000003,0.405,17.60123017812839,1605.0
27,HATCH,-0.568037,-0.257045,0.405,0.257438,0.56843,0.405,30.0,1070.0,False,263,0.825475,0.825475,0.0,1.1673979403999306,45.0,73.61323809691764,0.5,2.3347958807998612,4463.3651811166055,4465.699976997405,-0.1552995,0.15569249999999998,0.405,15.345738136891669,2140.0
27,OTHER,0.257438,0.56843,0.405,0.212112,0.586744,0.405,40.0,1070.0,False,266,-0.045326000000000005,0.018314000000000052,0.0,0.048886080554693706,157.99879672806577,112.99879672806577,0.6666666666666666,0.07332912083204056,4465.699976997405,4465.773306118237,0.234775,0.5775870000000001,0.405,17.61065252627941,1605.0
27,HATCH,0.212112,0.586744,0.405,-0.58755,-0.212918,0.405,30.0,1070.0,False,269,-0.799662,-0.7996620000000001,0.0,1.130892845714394,-135.0,67.00120327193423,0.5,2.261785691428788,4465.773306118237,4468.035091809666,-0.18771900000000002,0.18691300000000002,0.405,0.07332912083165866,2140.0
27,OTHER,-0.58755,-0.212918,0.405,-0.601732,-0.16346,0.405,40.0,1070.0,False,272,-0.014182000000000028,0.049458,0.0,0.05145116993810735,106.00015704789125,118.99984295210875,0.6666666666666666,0.07717675490716103,4468.035091809666,4468.112268564572,-0.594641,-0.188189,0.405,22.42390467540281,1605.0
27,HATCH,-0.601732,-0.16346,0.405,0.163522,0.601794,0.405,30.0,1070.0,False,275,0.7652540000000001,0.7652540000000001,0.0,1.0822325854602606,45.0,61.00015704789125,0.5,2.164465170920521,4468.112268564572,4470.276733735493,-0.21910500000000002,0.21916700000000003,0.405,0.07717675490675902,2140.0
27,OTHER,0.163522,0.601794,0.405,0.112583,0.614494,0.405,40.0,1070.0,False,278,-0.050939,0.012699999999999934,0.0,0.052498302077305305,166.00054974758893,121.00054974758893,0.6666666666666666,0.07874745311595796,4470.276733735493,4470.355481188609,0.1380525,0.608144,0.405,27.28141489930931,1605.0
27,HATCH,0.112583,0.614494,0.405,-0.61387,-0.111959,0.405,30.0,1070.0,False,281,-0.726453,-0.726453,0.0,1.027359685026622,-135.0,58.999450252411066,0.5,2.054719370053244,4470.355481188609,4472.410200558662,-0.2506435,0.2512675,0.405,0.07874745311619336,2140.0
27,OTHER,-0.61387,-0.111959,0.405,-0.621712,-0.056161,0.405,40.0,1070.0,False,284,-0.007842000000000016,0.055798,0.0,0.05634637315746241,98.00010321805235,126.99989678194764,0.6666666666666666,0.08451955973619361,4472.410200558662,4472.494720118398,-0.617791,-0.08406,0.405,27.044032736114787,1605.0
27,HATCH,-0.621712,-0.056161,0.405,0.055525,0.621076,0.405,30.0,1070.0,False,287,0.6772370000000001,0.677237,0.0,0.9577577503408677,45.0,53.00010321805235,0.5,1.9155155006817355,4472.494720118398,4474.41023561908,-0.2830935,0.2824575,0.405,0.08451955973578151,2140.0
27,OTHER,0.055525,0.621076,0.405,-0.005526,0.623665,0.405,40.0,1070.0,False,290,-0.061050999999999994,0.0025890000000000635,0.0,0.06110587142001986,177.57170322477987,132.57170322477987,0.6666666666666666,0.09165880713002979,4474.41023561908,4474.50189442621,0.0249995,0.6223704999999999,0.405,31.240526553646305,1605.0
27,HATCH,-0.005526,0.623665,0.405,-0.623478,0.005713,0.405,30.0,1070.0,False,293,-0.617952,-0.6179520000000001,0.0,0.8739160992955788,-135.0,47.42829677522015,0.5,1.7478321985911576,4474.50189442621,4476.249726624801,-0.314502,0.314689,0.405,0.09165880713044317,2140.0
27,OTHER,-0.623478,0.005713,0.405,-0.619266,0.073564,0.405,40.0,1070.0,False,296,0.0042119999999999935,0.06785100000000001,0.0,0.06798160887328279,86.44779673673912,138.55220326326088,0.6666666666666666,0.1019724133099242,4476.249726624801,4476.351699038111,-0.621372,0.0396385,0.405,31.16171348061107,1605.0
27,HATCH,-0.619266,0.073564,0.405,-0.072522,0.620308,0.405,30.0,1070.0,False,299,0.546744,0.546744,0.0,0.7732127799461155,45.0,41.44779673673912,0.5,1.546425559892231,4476.351699038111,4477.898124598004,-0.345894,0.34693599999999997,0.405,0.10197241331024998,2140.0
27,OTHER,-0.072522,0.620308,0.405,-0.149785,0.606685,0.405,40.0,1070.0,False,302,-0.077263,-0.01362299999999994,0.0,0.07845481054721883,-170.0003966507515,144.9996033492485,0.6666666666666666,0.11768221582082825,4477.898124598004,4478.015806813824,-0.1111535,0.6134965,0.405,34.45025936302227,1605.0
27,HATCH,-0.149785,0.606685,0.405,-0.605238,0.151231,0.405,30.0,1070.0,False,305,-0.45545300000000005,-0.455454,0.0,0.6441085167306826,-134.99993710029727,35.0004595504542,0.5,1.2882170334613652,4478.015806813824,4479.304023847286,-0.3775115,0.378958,0.405,0.11768221582042315,2140.0
27,OTHER,-0.605238,0.151231,0.405,-0.572028,0.248081,0.405,40.0,1070.0,False,308,0.03321000000000007,0.09684999999999999,0.0,0.10238567575593767,71.07308690539031,153.92697599431241,0.6666666666666666,0.1535785136339065,4479.304023847286,4479.45760236092,-0.588633,0.199656,0.405,34.46103012340882,1605.0
27,HATCH,-0.572028,0.248081,0.405,-0.246799,0.57331,0.405,30.0,1070.0,False,311,0.325229,0.325229,0.0,0.45994326267703933,45.0,26.073086905390344,0.5,0.9198865253540787,4479.45760236092,4480.377488886274,-0.4094135,0.4106955,0.405,0.15357851363387454,2140.0
27,OTHER,-0.246799,0.57331,0.405,0.551876,0.290112,0.405,40.0,1070.0,False,314,0.798675,-0.283198,0.0,0.8473977005096249,-19.52373188335994,64.52373188335993,0.6666666666666666,1.2710965507644374,4480.377488886274,4481.648585437038,0.15253850000000002,0.43171099999999996,0.405,31.218300541503595,1605.0
27,HATCH,0.551876,0.290112,0.405,-0.29032,-0.552084,0.405,30.0,1070.0,False,317,-0.8421960000000001,-0.842196,0.0,1.1910450053763713,-135.0,115.47626811664007,0.5,2.3820900107527425,4481.648585437038,4484.030675447791,0.130778,-0.13098600000000002,0.405,25.912424534857564,2140.0
27,OTHER,-0.29032,-0.552084,0.405,-0.247544,-0.572947,0.405,40.0,1070.0,False,320,0.042776000000000036,-0.020862999999999965,0.0,0.04759255136048079,-25.999730346121247,109.00026965387876,0.6666666666666666,0.07138882704072119,4484.030675447791,4484.102064274832,-0.268932,-0.5625155,0.405,27.11304418633972,1605.0
27,HATCH,-0.247544,-0.572947,0.405,0.573274,0.24787,0.405,30.0,1070.0,False,323,0.8208179999999999,0.820817,0.0,1.1608112407333933,44.99996509834433,70.99969544446557,0.5,2.3216224814667865,4484.102064274832,4486.423686756299,0.16286499999999998,-0.16253849999999997,0.405,0.07138882704111893,2140.0
27,OTHER,0.573274,0.24787,0.405,0.590256,0.201212,0.405,40.0,1070.0,False,326,0.016982000000000053,-0.046658000000000005,0.0,0.04965236437472039,-70.00013358120405,115.00009867954839,0.6666666666666666,0.0744785465620806,4486.423686756299,4486.498165302861,0.581765,0.224541,0.405,44.719733104830084,1605.0
27,HATCH,0.590256,0.201212,0.405,-0.201159,-0.590203,0.405,30.0,1070.0,False,329,-0.791415,-0.791415,0.0,1.119229826465503,-135.0,64.99986641879596,0.5,2.238459652931006,4486.498165302861,4488.736624955792,0.1945485,-0.19449550000000002,0.405,0.07447854656220443,2140.0
27,OTHER,-0.201159,-0.590203,0.405,-0.153126,-0.605809,0.405,40.0,1070.0,False,332,0.04803299999999999,-0.015606000000000009,0.0,0.05050461686816364,-17.999063727891006,117.000936272109,0.6666666666666666,0.07575692530224547,4488.736624955792,4488.812381881094,-0.1771425,-0.598006,0.405,4.634560680960021,1605.0
27,HATCH,-0.153126,-0.605809,0.405,0.605025,0.152342,0.405,30.0,1070.0,False,335,0.758151,0.758151,0.0,1.0721874265267244,45.0,62.999063727891006,0.5,2.1443748530534488,4488.812381881094,4490.956756734147,0.22594950000000003,-0.22673350000000003,0.405,0.07575692530190281,2140.0
27,OTHER,0.605025,0.152342,0.405,0.616181,0.099858,0.405,40.0,1070.0,False,338,0.011155999999999944,-0.052484,0.0,0.053656561499969405,-77.99981051147616,122.99981051147617,0.6666666666666666,0.08048484224995411,4490.956756734147,4491.037241576398,0.610603,0.1261,0.405,49.42719405790831,1605.0
27,HATCH,0.616181,0.099858,0.405,-0.099269,-0.615592,0.405,30.0,1070.0,False,341,-0.7154499999999999,-0.71545,0.0,1.0117990931998309,-135.0,57.00018948852386,0.5,2.0235981863996617,4491.037241576398,4493.0608397627975,0.258456,-0.257867,0.405,0.080484842250371,2140.0
27,OTHER,-0.099269,-0.615592,0.405,-0.042414,-0.622376,0.405,40.0,1070.0,False,344,0.056854999999999996,-0.006784000000000012,0.0,0.05725830665501731,-6.804423281868873,128.19557671813112,0.6666666666666666,0.08588745998252598,4493.0608397627975,4493.14672722278,-0.0708415,-0.618984,0.405,53.90212818265718,1605.0
27,HATCH,-0.042414,-0.622376,0.405,0.622056,0.042094,0.405,30.0,1070.0,False,347,0.66447,0.66447,0.0,0.9397024857900504,45.0,51.80442328186888,0.5,1.879404971580101,4493.14672722278,4495.02613219436,0.28982100000000005,-0.29014100000000004,0.405,0.08588745998258673,2140.0
27,OTHER,0.622056,0.042094,0.405,0.623601,-0.02,0.405,40.0,1070.0,False,350,0.0015449999999999076,-0.062093999999999996,0.0,0.06211321808600807,-88.57468163952238,133.57468163952237,0.6666666666666666,0.0931698271290121,4495.02613219436,4495.119302021489,0.6228285,0.011047,0.405,53.77472624089387,1605.0
27,HATCH,0.623601,-0.02,0.405,0.019078,-0.624524,0.405,30.0,1070.0,False,353,-0.6045229999999999,-0.604524,0.0,0.8549253324735441,-134.9999526107922,46.42527097126984,0.5,1.7098506649470882,4495.119302021489,4496.829152686436,0.3213395,-0.322262,0.405,0.09316982712880417,2140.0
27,OTHER,0.019078,-0.624524,0.405,0.089764,-0.617477,0.405,40.0,1070.0,False,356,0.070686,0.0070469999999999144,0.0,0.07103640478655997,5.693257703056173,140.69321031384837,0.6666666666666666,0.10655460717983996,4496.829152686436,4496.935707293615,0.054421,-0.6210005000000001,0.405,57.39228534043286,1605.0
27,HATCH,0.089764,-0.617477,0.405,0.618556,-0.088686,0.405,30.0,1070.0,False,359,0.528792,0.528791,0.0,0.7478241109679469,44.99994582384597,39.30668812078981,0.5,1.4956482219358938,4496.935707293615,4498.431355515551,0.35416,-0.35308150000000005,0.405,0.10655460717953247,2140.0
27,OTHER,0.618556,-0.088686,0.405,0.601377,-0.169504,0.405,40.0,1070.0,False,362,-0.017178999999999944,-0.08081799999999999,0.0,0.08262364773477383,-102.0004095576258,147.00035538147176,0.6666666666666666,0.12393547160216076,4498.431355515551,4498.555290987153,0.6099665000000001,-0.129095,0.405,57.424966305392445,1605.0
27,HATCH,0.601377,-0.169504,0.405,0.170936,-0.599945,0.405,30.0,1070.0,False,365,-0.4304410000000001,-0.43044099999999996,0.0,0.6087355000014375,-135.0,32.999590442374235,0.5,1.217471000002875,4498.555290987153,4499.772761987156,0.3861565,-0.38472449999999997,0.405,0.12393547160172602,2140.0
27,OTHER,0.170936,-0.599945,0.405,0.271956,-0.562565,0.405,40.0,1070.0,False,368,0.10101999999999997,0.03737999999999997,0.0,0.10771399537664542,20.305770777861756,155.30577077786177,0.6666666666666666,0.16157099306496814,4499.772761987156,4499.9343329802205,0.22144599999999998,-0.581255,0.405,59.987112511335,1605.0
27,HATCH,0.271956,-0.562565,0.405,0.560356,-0.274164,0.405,30.0,1070.0,False,371,0.2884,0.28840099999999996,0.0,0.40785989849579474,45.0000993337035,24.694328555841736,0.5,0.8157197969915895,4499.9343329802205,4500.750052777212,0.41615599999999997,-0.41836450000000003,0.405,0.16157099306474265,2140.0
27,OTHER,0.560356,-0.274164,0.405,0.560356,-0.274164,0.42,40.0,1070.0,False,374,0.0,0.0,0.014999999999999958,0.014999999999999958,0.0,,0.6666666666666666,0.022499999999999937,4500.750052777212,4500.772552777212,0.560356,-0.274164,0.4125,60.021819194232194,1605.0
28,OTHER,0.560356,-0.274164,0.42,0.331763,-0.528386,0.42,40.0,1070.0,False,20,-0.228593,-0.254222,0.0,0.34188241389840457,-131.9614518271155,,0.6666666666666666,0.5128236208476069,4500.772552777212,4501.285376398059,0.44605949999999994,-0.40127500000000005,0.42,0.02250000000003638,1605.0
28,CONTOUR,0.331763,-0.528386,0.42,0.273982,-0.561746,0.42,30.0,1070.0,False,23,-0.05778099999999997,-0.033359999999999945,0.0,0.06671981385615515,-149.99990770969933,18.038455882583808,0.5,0.1334396277123103,4501.285376398059,4501.418816025772,0.3028725,-0.545066,0.42,1.3510434178388095,2140.0
28,CONTOUR,0.273982,-0.561746,0.42,0.254997,-0.569417,0.42,30.0,1070.0,False,24,-0.01898500000000003,-0.007670999999999983,0.0,0.020476192663676538,-157.9985416733322,7.998633963632912,0.5,0.040952385327353076,4501.418816025772,4501.4597684110995,0.2644895,-0.5655815,0.42,0.0,2140.0
28,CONTOUR,0.254997,-0.569417,0.42,0.193136,-0.59441,0.42,30.0,1070.0,False,25,-0.06186099999999997,-0.024993000000000043,0.0,0.06671906301800108,-158.00037132696232,0.0018296538559650743,0.5,0.13343812603600216,4501.4597684110995,4501.593206537135,0.2240665,-0.5819135,0.42,0.0,2140.0
28,CONTOUR,0.193136,-0.59441,0.42,0.173268,-0.599364,0.42,30.0,1070.0,False,26,-0.019867999999999997,-0.004954000000000014,0.0,0.020476316563288428,-165.99904637356693,7.998675046604599,0.5,0.040952633126576855,4501.593206537135,4501.634159170262,0.183202,-0.596887,0.42,0.0,2140.0
28,CONTOUR,0.173268,-0.599364,0.42,0.10853,-0.615505,0.42,30.0,1070.0,False,27,-0.064738,-0.01614099999999996,0.0,0.0667198660445298,-165.99999687372446,0.0009505008743479603,0.5,0.1334397320890596,4501.634159170262,4501.767598902351,0.140899,-0.6074345,0.42,0.0,2140.0
28,CONTOUR,0.10853,-0.615505,0.42,0.088166,-0.617645,0.42,30.0,1070.0,False,28,-0.020364000000000007,-0.0021400000000000308,0.0,0.020476134791507904,-174.00095353331727,8.00095665959289,0.5,0.04095226958301581,4501.767598902351,4501.808551171934,0.09834799999999999,-0.616575,0.42,0.0,2140.0
28,CONTOUR,0.088166,-0.617645,0.42,0.021812,-0.624619,0.42,30.0,1070.0,False,29,-0.066354,-0.006974000000000036,0.0,0.06671948734815039,-174.00007381299167,0.0008797208415252885,0.5,0.13343897469630078,4501.808551171934,4501.94199014663,0.054988999999999996,-0.621132,0.42,0.0,2140.0
28,CONTOUR,0.021812,-0.624619,0.42,0.001349,-0.623905,0.42,30.0,1070.0,False,30,-0.020463000000000002,0.0007139999999999924,0.0,0.02047545274224724,178.00163237042256,7.998293816585804,0.5,0.04095090548449448,4501.94199014663,4501.982941052114,0.0115805,-0.6242620000000001,0.42,0.0,2140.0
28,CONTOUR,0.001349,-0.623905,0.42,-0.06533,-0.621576,0.42,30.0,1070.0,False,31,-0.066679,0.0023290000000000255,0.0,0.06671966188463488,177.99955542689415,0.0020769433365884853,0.5,0.13343932376926976,4501.982941052114,4502.116380375884,-0.0319905,-0.6227405,0.42,0.0,2140.0
28,CONTOUR,-0.06533,-0.621576,0.42,-0.085495,-0.618021,0.42,30.0,1070.0,False,32,-0.020165000000000002,0.003554999999999975,0.0,0.020475967620603424,170.00174590862682,7.9978095182672915,0.5,0.04095193524120685,4502.116380375884,4502.157332311125,-0.0754125,-0.6197985,0.42,0.0,2140.0
28,CONTOUR,-0.085495,-0.618021,0.42,-0.151201,-0.606435,0.42,30.0,1070.0,False,33,-0.065706,0.011586000000000096,0.0,0.0667196660063583,169.99978061874106,0.001965289945358555,0.5,0.1334393320127166,4502.157332311125,4502.290771643138,-0.11834800000000001,-0.612228,0.42,0.0,2140.0
28,CONTOUR,-0.151201,-0.606435,0.42,-0.170675,-0.600107,0.42,30.0,1070.0,False,34,-0.01947399999999999,0.006328,0.0,0.02047633414456796,161.9986325832147,8.001148035526468,0.5,0.04095266828913592,4502.290771643138,4502.331724311427,-0.160938,-0.6032709999999999,0.42,0.0,2140.0
28,CONTOUR,-0.170675,-0.600107,0.42,-0.234129,-0.57949,0.42,30.0,1070.0,False,35,-0.06345400000000001,0.020616999999999996,0.0,0.06671934355942062,162.00037112487817,0.0017385416469383325,0.5,0.13343868711884124,4502.331724311427,4502.465162998546,-0.202402,-0.5897984999999999,0.42,0.0,2140.0
28,CONTOUR,-0.234129,-0.57949,0.42,-0.252533,-0.570514,0.42,30.0,1070.0,False,36,-0.018404000000000004,0.008975999999999984,0.0,0.02047622504271722,154.00057985155354,7.999791273324704,0.5,0.04095245008543444,4502.465162998546,4502.506115448631,-0.24333100000000002,-0.575002,0.42,0.0,2140.0
28,CONTOUR,-0.252533,-0.570514,0.42,-0.3125,-0.541266,0.42,30.0,1070.0,False,37,-0.05996699999999999,0.02924799999999994,0.0,0.06671946187582747,153.99989204857593,0.0006878025081524661,0.5,0.13343892375165495,4502.506115448631,4502.639554372383,-0.2825165,-0.55589,0.42,0.0,2140.0
28,CONTOUR,-0.3125,-0.541266,0.42,-0.329475,-0.529816,0.42,30.0,1070.0,False,38,-0.016975000000000018,0.011450000000000071,0.0,0.020475671539659016,145.99949444438917,8.000397604186716,0.5,0.04095134307931803,4502.639554372383,4502.6805057154625,-0.3209875,-0.535541,0.42,0.0,2140.0
28,CONTOUR,-0.329475,-0.529816,0.42,-0.384788,-0.492507,0.42,30.0,1070.0,False,39,-0.055313,0.03730899999999998,0.0,0.06671948328636845,146.00006378431752,0.000569340285923999,0.5,0.1334389665727369,4502.6805057154625,4502.813944682035,-0.35713150000000005,-0.5111614999999999,0.42,0.0,2140.0
28,CONTOUR,-0.384788,-0.492507,0.42,-0.400005,-0.478806,0.42,30.0,1070.0,False,40,-0.01521699999999998,0.013700999999999963,0.0,0.02047619324972292,138.0009323014796,7.999131482838068,0.5,0.04095238649944584,4502.813944682035,4502.854897068534,-0.39239650000000004,-0.4856565,0.42,0.0,2140.0
28,CONTOUR,-0.400005,-0.478806,0.42,-0.449587,-0.434161,0.42,30.0,1070.0,False,41,-0.049582000000000015,0.04464499999999999,0.0,0.06671994266334468,137.9992554556877,0.0016768460005166252,0.5,0.13343988532668935,4502.854897068534,4502.988336953861,-0.424796,-0.45648350000000004,0.42,0.0,2140.0
28,CONTOUR,-0.449587,-0.434161,0.42,-0.462749,-0.418476,0.42,30.0,1070.0,False,42,-0.013162000000000007,0.015685000000000004,0.0,0.020475777616491157,130.00154826316407,7.997707192523655,0.5,0.040951555232982315,4502.988336953861,4503.029288509094,-0.456168,-0.42631850000000004,0.42,0.0,2140.0
28,CONTOUR,-0.462749,-0.418476,0.42,-0.505636,-0.367366,0.42,30.0,1070.0,False,43,-0.04288699999999995,0.05110999999999999,0.0,0.0667197637061163,130.00040644849744,0.0011418146074938294,0.5,0.1334395274122326,4503.029288509094,4503.162728036506,-0.4841925,-0.392921,0.42,0.0,2140.0
28,CONTOUR,-0.505636,-0.367366,0.42,-0.516486,-0.350001,0.42,30.0,1070.0,False,44,-0.010850000000000026,0.01736500000000002,0.0,0.02047597921956362,121.9979680065521,8.00243844194529,0.5,0.04095195843912724,4503.162728036506,4503.203679994946,-0.511061,-0.35868350000000004,0.42,0.0,2140.0
28,CONTOUR,-0.516486,-0.350001,0.42,-0.551842,-0.29342,0.42,30.0,1070.0,False,45,-0.035356000000000054,0.05658099999999999,0.0,0.06671923483524075,122.00019459330423,0.002226586507508515,0.5,0.1334384696704815,4503.203679994946,4503.337118464616,-0.5341640000000001,-0.3217105,0.42,0.0,2140.0
28,CONTOUR,-0.551842,-0.29342,0.42,-0.560171,-0.274714,0.42,30.0,1070.0,False,46,-0.00832899999999992,0.018706,0.0,0.02047649083705503,114.00141157380351,7.99878301950073,0.5,0.04095298167411006,4503.337118464616,4503.37807144629,-0.5560065000000001,-0.284067,0.42,0.0,2140.0
28,CONTOUR,-0.560171,-0.274714,0.42,-0.587308,-0.213763,0.42,30.0,1070.0,False,47,-0.027137000000000078,0.060951000000000005,0.0,0.06671912147203382,113.99989518988092,0.0015163834770623628,0.5,0.13343824294406764,4503.37807144629,4503.511509689234,-0.5737395000000001,-0.24423850000000003,0.42,0.0,2140.0
28,CONTOUR,-0.587308,-0.213763,0.42,-0.592952,-0.19408,0.42,30.0,1070.0,False,48,-0.005643999999999982,0.019683000000000006,0.0,0.02047621119738708,105.99997464117043,7.999920548710538,0.5,0.04095242239477416,4503.511509689234,4503.552462111629,-0.59013,-0.2039215,0.42,0.0,2140.0
28,CONTOUR,-0.592952,-0.19408,0.42,-0.611342,-0.129945,0.42,30.0,1070.0,False,49,-0.018390000000000017,0.064135,0.0,0.06671948984367312,105.99965716129985,0.0003174809853227853,0.5,0.13343897968734625,4503.552462111629,4503.685901091317,-0.602147,-0.1620125,0.42,0.0,2140.0
28,CONTOUR,-0.611342,-0.129945,0.42,-0.614192,-0.109668,0.42,30.0,1070.0,False,50,-0.002849999999999908,0.020277000000000003,0.0,0.020476308969147726,98.00070241323358,7.998954748066365,0.5,0.04095261793829545,4503.685901091317,4503.726853709255,-0.6127670000000001,-0.11980650000000001,0.42,0.0,2140.0
28,CONTOUR,-0.614192,-0.109668,0.42,-0.623478,-0.043598,0.42,30.0,1070.0,False,51,-0.009286000000000016,0.06607,0.0,0.06671937271887379,98.00039718053611,0.0003052321385297426,0.5,0.13343874543774759,4503.726853709255,4503.860292454693,-0.618835,-0.076633,0.42,0.0,2140.0
28,CONTOUR,-0.623478,-0.043598,0.42,-0.623478,-0.023122,0.42,30.0,1070.0,False,52,0.0,0.020475999999999998,0.0,0.020475999999999998,90.0,8.0003971805361,0.5,0.040951999999999995,4503.860292454693,4503.901244454693,-0.623478,-0.03336,0.42,0.0,2140.0
28,CONTOUR,-0.623478,-0.023122,0.42,-0.623478,0.043598,0.42,30.0,1070.0,False,53,0.0,0.06672,0.0,0.06672,90.0,0.0,0.5,0.13344,4503.901244454693,4504.034684454693,-0.623478,0.010237999999999999,0.42,0.0,2140.0
28,CONTOUR,-0.623478,0.043598,0.42,-0.620628,0.063874,0.42,30.0,1070.0,False,54,0.002850000000000019,0.020276000000000002,0.0,0.020475318703258326,81.99890810677809,8.001091893221927,0.5,0.04095063740651665,4504.034684454693,4504.075635092099,-0.622053,0.053736,0.42,0.0,2140.0
28,CONTOUR,-0.620628,0.063874,0.42,-0.611342,0.129945,0.42,30.0,1070.0,False,55,0.009285999999999905,0.066071,0.0,0.0667203629861229,81.99972233956647,0.0008142333224580816,0.5,0.1334407259722458,4504.075635092099,4504.209075818071,-0.615985,0.09690950000000001,0.42,0.0,2140.0
28,CONTOUR,-0.611342,0.129945,0.42,-0.605698,0.149627,0.42,30.0,1070.0,False,56,0.005644000000000093,0.019682000000000005,0.0,0.020475249937424483,73.99925404551996,8.00046829404653,0.5,0.040950499874848965,4504.209075818071,4504.250026317946,-0.60852,0.13978600000000002,0.42,0.0,2140.0
28,CONTOUR,-0.605698,0.149627,0.42,-0.587308,0.213763,0.42,30.0,1070.0,False,57,0.018389999999999906,0.064136,0.0,0.06672045110758766,74.00057953565513,0.00132549011629382,0.5,0.13344090221517532,4504.250026317946,4504.383467220162,-0.596503,0.181695,0.42,0.0,2140.0
28,CONTOUR,-0.587308,0.213763,0.42,-0.57898,0.232468,0.42,30.0,1070.0,False,58,0.008328000000000002,0.018705,0.0,0.02047517054874025,66.00000654099753,8.000572994657656,0.5,0.0409503410974805,4504.383467220162,4504.424417561259,-0.5831440000000001,0.22311550000000002,0.42,0.0,2140.0
28,CONTOUR,-0.57898,0.232468,0.42,-0.551842,0.29342,0.42,30.0,1070.0,False,59,0.027137999999999995,0.060952000000000006,0.0,0.0667204417551323,65.99966958901284,0.00033695407613534346,0.5,0.1334408835102646,4504.424417561259,4504.557858444769,-0.5654110000000001,0.262944,0.42,0.0,2140.0
28,CONTOUR,-0.551842,0.29342,0.42,-0.540992,0.310784,0.42,30.0,1070.0,False,60,0.010850000000000026,0.01736399999999999,0.0,0.020475131159531073,58.000549198839984,7.999120390172882,0.5,0.040950262319062146,4504.557858444769,4504.598808707088,-0.546417,0.302102,0.42,0.0,2140.0
28,CONTOUR,-0.540992,0.310784,0.42,-0.505636,0.367366,0.42,30.0,1070.0,False,61,0.035356000000000054,0.05658200000000002,0.0,0.0667200828836416,58.00026047660931,0.000288720698458971,0.5,0.1334401657672832,4504.598808707088,4504.732248872855,-0.5233140000000001,0.339075,0.42,0.0,2140.0
28,CONTOUR,-0.505636,0.367366,0.42,-0.492474,0.383051,0.42,30.0,1070.0,False,62,0.013161999999999952,0.01568499999999995,0.0,0.020475777616491077,49.998451736835946,8.001808739773319,0.5,0.040951555232982155,4504.732248872855,4504.773200428088,-0.499055,0.3752085,0.42,0.0,2140.0
28,CONTOUR,-0.492474,0.383051,0.42,-0.449587,0.434161,0.42,30.0,1070.0,False,63,0.04288700000000001,0.051110000000000044,0.0,0.06671976370611639,49.99959355150254,0.0011418146074938294,0.5,0.13343952741223278,4504.773200428088,4504.9066399555,-0.4710305,0.408606,0.42,0.0,2140.0
28,CONTOUR,-0.449587,0.434161,0.42,-0.434371,0.447863,0.42,30.0,1070.0,False,64,0.015216000000000007,0.013701999999999992,0.0,0.02047611926122721,42.003019489959605,7.996574061542988,0.5,0.04095223852245442,4504.9066399555,4504.947592194023,-0.441979,0.441012,0.42,0.0,2140.0
28,CONTOUR,-0.434371,0.447863,0.42,-0.384788,0.492507,0.42,30.0,1070.0,False,65,0.04958299999999999,0.04464399999999996,0.0,0.06672001667415854,41.999531752696036,0.0034877371369644024,0.5,0.13344003334831708,4504.947592194023,4505.081032227371,-0.4095795,0.47018499999999996,0.42,0.0,2140.0
28,CONTOUR,-0.384788,0.492507,0.42,-0.367813,0.503957,0.42,30.0,1070.0,False,66,0.016975000000000018,0.011450000000000016,0.0,0.020475671539658985,34.000505555610694,7.999026197085282,0.5,0.04095134307931797,4505.081032227371,4505.1219835704505,-0.37630050000000004,0.498232,0.42,0.0,2140.0
28,CONTOUR,-0.367813,0.503957,0.42,-0.3125,0.541266,0.42,30.0,1070.0,False,67,0.055313,0.03730900000000004,0.0,0.06671948328636848,33.99993621568251,0.000569340285923999,0.5,0.13343896657273696,4505.1219835704505,4505.255422537023,-0.3401565,0.5226115,0.42,0.0,2140.0
28,CONTOUR,-0.3125,0.541266,0.42,-0.294096,0.550242,0.42,30.0,1070.0,False,68,0.018403999999999976,0.008975999999999984,0.0,0.020476225042717195,25.99942014844652,8.000516067236,0.5,0.04095245008543439,4505.255422537023,4505.296374987109,-0.303298,0.5457540000000001,0.42,0.0,2140.0
28,CONTOUR,-0.294096,0.550242,0.42,-0.234129,0.57949,0.42,30.0,1070.0,False,69,0.05996700000000002,0.02924799999999994,0.0,0.0667194618758275,26.00010795142409,0.0006878035679463297,0.5,0.133438923751655,4505.296374987109,4505.4298139108605,-0.26411250000000003,0.564866,0.42,0.0,2140.0
28,CONTOUR,-0.234129,0.57949,0.42,-0.214655,0.585817,0.42,30.0,1070.0,False,70,0.01947399999999999,0.0063270000000000826,0.0,0.020476025126962526,17.99870620194655,8.001401749477571,0.5,0.04095205025392505,4505.4298139108605,4505.470765961114,-0.224392,0.5826534999999999,0.42,0.0,2140.0
28,CONTOUR,-0.214655,0.585817,0.42,-0.151201,0.606435,0.42,30.0,1070.0,False,71,0.06345400000000001,0.020617999999999914,0.0,0.06671965257703308,18.000445600584825,0.0017393980176565104,0.5,0.13343930515406616,4505.470765961114,4505.604205266268,-0.182928,0.5961259999999999,0.42,0.0,2140.0
28,CONTOUR,-0.151201,0.606435,0.42,-0.131036,0.60999,0.42,30.0,1070.0,False,72,0.02016499999999999,0.003555000000000086,0.0,0.02047596762060343,9.998254091373493,8.002191509211302,0.5,0.04095193524120686,4505.604205266268,4505.645157201509,-0.1411185,0.6082125,0.42,0.0,2140.0
28,CONTOUR,-0.131036,0.60999,0.42,-0.06533,0.621576,0.42,30.0,1070.0,False,73,0.06570600000000001,0.011585999999999985,0.0,0.06671966600635829,10.000219381258834,0.001965289945358555,0.5,0.13343933201271657,4505.645157201509,4505.778596533522,-0.098183,0.615783,0.42,0.0,2140.0
28,CONTOUR,-0.06533,0.621576,0.42,-0.044867,0.622291,0.42,30.0,1070.0,False,74,0.020463000000000002,0.0007150000000000212,0.0,0.020475487637660796,2.0011641897598293,7.999055191498991,0.5,0.04095097527532159,4505.778596533522,4505.819547508798,-0.055098499999999995,0.6219335,0.42,0.0,2140.0
28,CONTOUR,-0.044867,0.622291,0.42,0.021812,0.624619,0.42,30.0,1070.0,False,75,0.066679,0.0023279999999999967,0.0,0.06671962698486855,1.9995863419743762,0.0015778478473760249,0.5,0.1334392539697371,4505.819547508798,4505.952986762767,-0.011527499999999998,0.6234550000000001,0.42,0.0,2140.0
28,CONTOUR,0.021812,0.624619,0.42,0.042176,0.622479,0.42,30.0,1070.0,False,76,0.020363999999999997,-0.0021400000000000308,0.0,0.020476134791507894,-5.999046466682721,7.998632808657133,0.5,0.04095226958301579,4505.952986762767,4505.99393903235,0.031994,0.623549,0.42,0.0,2140.0
28,CONTOUR,0.042176,0.622479,0.42,0.10853,0.615505,0.42,30.0,1070.0,False,77,0.066354,-0.006974000000000036,0.0,0.06671948734815039,-5.999926187008332,0.0008797208415252885,0.5,0.13343897469630078,4505.99393903235,4506.127378007046,0.075353,0.618992,0.42,0.0,2140.0
28,CONTOUR,0.10853,0.615505,0.42,0.128398,0.610551,0.42,30.0,1070.0,False,78,0.01986800000000001,-0.004954000000000014,0.0,0.02047631656328844,-14.000953626433066,8.001027439424794,0.5,0.04095263312657688,4506.127378007046,4506.168330640173,0.11846400000000001,0.6130279999999999,0.42,0.0,2140.0
28,CONTOUR,0.128398,0.610551,0.42,0.193136,0.59441,0.42,30.0,1070.0,False,79,0.06473799999999999,-0.01614099999999996,0.0,0.06671986604452979,-14.000003126275548,0.0009505008743479603,0.5,0.13343973208905957,4506.168330640173,4506.301770372262,0.160767,0.6024805,0.42,0.0,2140.0
28,CONTOUR,0.193136,0.59441,0.42,0.212121,0.58674,0.42,30.0,1070.0,False,80,0.018985000000000002,-0.007669999999999955,0.0,0.020475818054475854,-21.998863891844202,7.998860765568684,0.5,0.04095163610895171,4506.301770372262,4506.34272200837,0.2026285,0.5905750000000001,0.42,0.0,2140.0
28,CONTOUR,0.212121,0.58674,0.42,0.273982,0.561746,0.42,30.0,1070.0,False,81,0.061861,-0.02499400000000007,0.0,0.06671943762502801,-22.00042490068427,0.0015610085515394626,0.5,0.13343887525005602,4506.34272200837,4506.476160883621,0.2430515,0.5742430000000001,0.42,0.0,2140.0
28,CONTOUR,0.273982,0.561746,0.42,0.291715,0.551508,0.42,30.0,1070.0,False,82,0.017733,-0.01023799999999997,0.0,0.02047622848573436,-29.999630877668533,7.999205976984212,0.5,0.04095245697146872,4506.476160883621,4506.517113340592,0.2828485,0.556627,0.42,0.0,2140.0
28,CONTOUR,0.291715,0.551508,0.42,0.349496,0.518148,0.42,30.0,1070.0,False,83,0.05778099999999997,-0.033359999999999945,0.0,0.06671981385615515,-30.000092290300675,0.00046141153870276437,0.5,0.1334396277123103,4506.517113340592,4506.6505529683045,0.3206055,0.5348280000000001,0.42,0.0,2140.0
28,CONTOUR,0.349496,0.518148,0.42,0.365631,0.505542,0.42,30.0,1070.0,False,84,0.01613500000000001,-0.012606000000000006,0.0,0.020475582067428524,-37.99990389577608,7.999811605475432,0.5,0.04095116413485705,4506.6505529683045,4506.691504132439,0.3575635,0.5118450000000001,0.42,0.0,2140.0
28,CONTOUR,0.365631,0.505542,0.42,0.418207,0.464466,0.42,30.0,1070.0,False,85,0.05257600000000001,-0.04107600000000006,0.0,0.06671936414565119,-37.99940916464297,0.0004947321770819748,0.5,0.13343872829130238,4506.691504132439,4506.8249428607305,0.391919,0.485004,0.42,0.0,2140.0
28,CONTOUR,0.418207,0.464466,0.42,0.43243,0.449736,0.42,30.0,1070.0,False,86,0.014222999999999986,-0.014729999999999965,0.0,0.02047600129419801,-46.00321181115724,8.003802646514243,0.5,0.04095200258839602,4506.8249428607305,4506.865894863319,0.4253185,0.457101,0.42,0.0,2140.0
28,CONTOUR,0.43243,0.449736,0.42,0.478778,0.401742,0.42,30.0,1070.0,False,87,0.046348,-0.04799400000000004,0.0,0.06672002053357001,-45.999547237857556,0.003664573327814982,0.5,0.13344004106714002,4506.865894863319,4506.999334904386,0.455604,0.425739,0.42,0.0,2140.0
28,CONTOUR,0.478778,0.401742,0.42,0.490813,0.385177,0.42,30.0,1070.0,False,88,0.012035000000000018,-0.016564999999999996,0.0,0.020475362023661518,-54.000400649002565,8.000853411145021,0.5,0.040950724047323035,4506.999334904386,4507.040285628434,0.4847955,0.39345949999999996,0.42,0.0,2140.0
28,CONTOUR,0.490813,0.385177,0.42,0.53003,0.3312,0.42,30.0,1070.0,False,89,0.039217,-0.053977,0.0,0.066719484545371,-53.9997123978588,0.0006882501257514027,0.5,0.133438969090742,4507.040285628434,4507.173724597525,0.5104215,0.3581885,0.42,0.0,2140.0
28,CONTOUR,0.53003,0.3312,0.42,0.539643,0.31312,0.42,30.0,1070.0,False,90,0.009612999999999983,-0.018079999999999985,0.0,0.02047672261373873,-62.00075728999503,8.001044892136193,0.5,0.04095344522747746,4507.173724597525,4507.214678042752,0.5348364999999999,0.32216,0.42,0.0,2140.0
28,CONTOUR,0.539643,0.31312,0.42,0.570966,0.25421,0.42,30.0,1070.0,False,91,0.03132299999999999,-0.05891000000000002,0.0,0.0667197004564619,-62.000001985950604,0.0007553040670270193,0.5,0.1334394009129238,4507.214678042752,4507.348117443665,0.5553045,0.283665,0.42,0.0,2140.0
28,CONTOUR,0.570966,0.25421,0.42,0.577969,0.234969,0.42,30.0,1070.0,False,92,0.0070029999999999815,-0.01924099999999998,0.0,0.020475792780744753,-70.00039777923467,8.000395793284083,0.5,0.040951585561489506,4507.348117443665,4507.389069029226,0.5744674999999999,0.24458950000000002,0.42,0.0,2140.0
28,CONTOUR,0.577969,0.234969,0.42,0.600789,0.172273,0.42,30.0,1070.0,False,93,0.022820000000000062,-0.062696,0.0,0.06671986822528955,-69.9995786103599,0.000819169007590688,0.5,0.1334397364505791,4507.389069029226,4507.522508765677,0.589379,0.203621,0.42,0.0,2140.0
28,CONTOUR,0.600789,0.172273,0.42,0.605046,0.152245,0.42,30.0,1070.0,False,94,0.004256999999999955,-0.020028000000000018,0.0,0.020475420215468113,-78.00022668060579,8.000648070245767,0.5,0.040950840430936226,4507.522508765677,4507.563459606108,0.6029175,0.162259,0.42,0.0,2140.0
28,CONTOUR,0.605046,0.152245,0.42,0.618918,0.086983,0.42,30.0,1070.0,False,95,0.013871999999999995,-0.06526199999999999,0.0,0.06672001969424168,-77.9998877174539,0.000338963191171476,0.5,0.13344003938848337,4507.563459606108,4507.696899645497,0.611982,0.119614,0.42,0.0,2140.0
28,CONTOUR,0.618918,0.086983,0.42,0.620346,0.066557,0.42,30.0,1070.0,False,96,0.0014279999999999848,-0.020426,0.0,0.020475855537681446,-86.00090737311962,8.0010196556657,0.5,0.04095171107536289,4507.696899645497,4507.737851356573,0.619632,0.07677,0.42,0.0,2140.0
28,CONTOUR,0.620346,0.066557,0.42,0.625,0.0,0.42,30.0,1070.0,False,97,0.004654000000000047,-0.066557,0.0,0.06671951712205358,-86.00010179098146,0.0008055823755921395,0.5,0.13343903424410716,4507.737851356573,4507.871290390817,0.622673,0.0332785,0.42,0.0,2140.0
28,CONTOUR,0.625,0.0,0.42,0.623572,-0.020426,0.42,30.0,1070.0,False,98,-0.0014279999999999848,-0.020426,0.0,0.020475855537681446,-93.9990926268804,7.998990835898973,0.5,0.04095171107536289,4507.871290390817,4507.912242101893,0.624286,-0.010213,0.42,0.0,2140.0
28,CONTOUR,0.623572,-0.020426,0.42,0.618918,-0.086983,0.42,30.0,1070.0,False,99,-0.004654000000000047,-0.066557,0.0,0.06671951712205358,-93.99989820901855,0.0008055823755921395,0.5,0.13343903424410716,4507.912242101893,4508.045681136137,0.621245,-0.0537045,0.42,0.0,2140.0
28,CONTOUR,0.618918,-0.086983,0.42,0.61466,-0.107012,0.42,30.0,1070.0,False,100,-0.004257999999999984,-0.02002899999999999,0.0,0.02047660628619888,-102.0019285366758,8.0020303276572,0.5,0.04095321257239776,4508.045681136137,4508.08663434871,0.616789,-0.0969975,0.42,0.0,2140.0
28,CONTOUR,0.61466,-0.107012,0.42,0.600789,-0.172273,0.42,30.0,1070.0,False,101,-0.013870999999999967,-0.06526100000000001,0.0,0.0667188336378867,-101.99945083312785,0.002477703488983559,0.5,0.1334376672757734,4508.08663434871,4508.220072015985,0.6077245,-0.1396425,0.42,0.0,2140.0
28,CONTOUR,0.600789,-0.172273,0.42,0.593785,-0.191514,0.42,30.0,1070.0,False,102,-0.00700400000000001,-0.01924099999999998,0.0,0.02047613481592655,-110.00223165047764,8.002780817349738,0.5,0.0409522696318531,4508.220072015985,4508.261024285617,0.597287,-0.18189349999999999,0.42,0.0,2140.0
28,CONTOUR,0.593785,-0.191514,0.42,0.570966,-0.25421,0.42,30.0,1070.0,False,103,-0.022819000000000034,-0.062696,0.0,0.06671952620485253,-109.99961442532019,0.002617225253271156,0.5,0.13343905240970505,4508.261024285617,4508.394463338027,0.5823754999999999,-0.222862,0.42,0.0,2140.0
28,CONTOUR,0.570966,-0.25421,0.42,0.561353,-0.27229,0.42,30.0,1070.0,False,104,-0.009612999999999983,-0.018079999999999985,0.0,0.02047672261373873,-117.99924271000499,7.999628284684794,0.5,0.04095344522747746,4508.394463338027,4508.435416783254,0.5661594999999999,-0.26325,0.42,0.0,2140.0
28,CONTOUR,0.561353,-0.27229,0.42,0.53003,-0.3312,0.42,30.0,1070.0,False,105,-0.03132299999999999,-0.05891000000000002,0.0,0.0667197004564619,-117.99999801404941,0.0007553040670270193,0.5,0.1334394009129238,4508.435416783254,4508.568856184167,0.5456915,-0.301745,0.42,0.0,2140.0
28,CONTOUR,0.53003,-0.3312,0.42,0.517995,-0.347765,0.42,30.0,1070.0,False,106,-0.012035000000000018,-0.016564999999999996,0.0,0.020475362023661518,-125.99959935099743,7.999601336948071,0.5,0.040950724047323035,4508.568856184167,4508.6098069082145,0.5240125,-0.3394825,0.42,0.0,2140.0
28,CONTOUR,0.517995,-0.347765,0.42,0.478778,-0.401742,0.42,30.0,1070.0,False,107,-0.039217,-0.053977,0.0,0.066719484545371,-126.0002876021412,0.0006882501257514027,0.5,0.133438969090742,4508.6098069082145,4508.7432458773055,0.49838649999999995,-0.37475349999999996,0.42,0.0,2140.0
28,CONTOUR,0.478778,-0.401742,0.42,0.464554,-0.416471,0.42,30.0,1070.0,False,108,-0.014223999999999959,-0.014728999999999992,0.0,0.020475976582326878,-134.00074482787107,8.000457225729875,0.5,0.040951953164653755,4508.7432458773055,4508.7841978304705,0.47166600000000003,-0.4091065,0.42,0.0,2140.0
28,CONTOUR,0.464554,-0.416471,0.42,0.418207,-0.464466,0.42,30.0,1070.0,False,109,-0.04634700000000003,-0.04799500000000001,0.0,0.06672004521880964,-133.9992384923029,0.0015063361953283597,0.5,0.13344009043761929,4508.7841978304705,4508.917637920908,0.4413805,-0.4404685,0.42,0.0,2140.0
28,CONTOUR,0.418207,-0.464466,0.42,0.402071,-0.477072,0.42,30.0,1070.0,False,110,-0.016135999999999984,-0.012606000000000006,0.0,0.020476370088470263,-142.00181880840762,8.002580316104687,0.5,0.040952740176940526,4508.917637920908,4508.9585906610855,0.41013900000000003,-0.470769,0.42,0.0,2140.0
28,CONTOUR,0.402071,-0.477072,0.42,0.349496,-0.518148,0.42,30.0,1070.0,False,111,-0.05257500000000004,-0.04107600000000006,0.0,0.06671857613138944,-142.0000621319493,0.0017566767785532926,0.5,0.13343715226277889,4508.9585906610855,4509.092027813348,0.3757835,-0.49761,0.42,0.0,2140.0
28,CONTOUR,0.349496,-0.518148,0.42,0.331763,-0.528386,0.42,30.0,1070.0,False,112,-0.017733,-0.01023799999999997,0.0,0.02047622848573436,-150.00036912233148,8.000306990382136,0.5,0.04095245697146872,4509.092027813348,4509.132980270319,0.3406295,-0.523267,0.42,0.0,2140.0
28,OTHER,0.331763,-0.528386,0.42,0.149246,0.009144,0.42,40.0,1070.0,False,115,-0.18251699999999998,0.5375300000000001,0.0,0.5676715213827448,108.75479329034873,101.24483758731981,0.6666666666666666,0.8515072820741172,4509.132980270319,4509.984487552393,0.24050449999999998,-0.259621,0.42,14.106848075959533,1605.0
28,CONTOUR,0.149246,0.009144,0.42,0.15045,0.0,0.42,30.0,1070.0,False,118,0.0012040000000000106,-0.009144,0.0,0.009222925349367197,-82.49895563768679,168.74625107196448,0.5,0.018445850698734393,4509.984487552393,4510.002933403091,0.14984799999999998,0.004572,0.42,56.58863161274894,2140.0
28,CONTOUR,0.15045,0.0,0.42,0.146527,-0.029795,0.42,30.0,1070.0,False,119,-0.00392300000000001,-0.029795,0.0,0.03005215389951276,-97.50078224386492,15.001826606178119,0.5,0.06010430779902552,4510.002933403091,4510.06303771089,0.1484885,-0.0148975,0.42,0.0,2140.0
28,CONTOUR,0.146527,-0.029795,0.42,0.145324,-0.038939,0.42,30.0,1070.0,False,120,-0.0012029999999999819,-0.009144000000000003,0.0,0.009222794858392981,-97.49488511548687,0.0058971284826944016,0.5,0.018445589716785962,4510.06303771089,4510.081483300607,0.14592549999999999,-0.034367,0.42,0.0,2140.0
28,CONTOUR,0.145324,-0.038939,0.42,0.133823,-0.066704,0.42,30.0,1070.0,False,121,-0.011501000000000011,-0.027764999999999998,0.0,0.030052757377651725,-112.50063487392556,15.005749758438716,0.5,0.06010551475530345,4510.081483300607,4510.141588815362,0.13957350000000002,-0.0528215,0.42,0.0,2140.0
28,CONTOUR,0.133823,-0.066704,0.42,0.130294,-0.075225,0.42,30.0,1070.0,False,122,-0.0035290000000000044,-0.008521,0.0,0.009222867341559242,-112.49705125976656,0.0035836142723350544,0.5,0.018445734683118484,4510.141588815362,4510.160034550046,0.1320585,-0.0709645,0.42,0.0,2140.0
28,CONTOUR,0.130294,-0.075225,0.42,0.111999,-0.099067,0.42,30.0,1070.0,False,123,-0.018294999999999992,-0.023842000000000002,0.0,0.03005242068453055,-127.50058982293244,15.003538563165847,0.5,0.0601048413690611,4510.160034550046,4510.220139391415,0.12114649999999999,-0.087146,0.42,0.0,2140.0
28,CONTOUR,0.111999,-0.099067,0.42,0.106384,-0.106384,0.42,30.0,1070.0,False,124,-0.005614999999999995,-0.007317000000000004,0.0,0.009223161822281988,-127.50230862393333,0.0017188005143016591,0.5,0.018446323644563976,4510.220139391415,4510.238585715059,0.1091915,-0.1027255,0.42,0.0,2140.0
28,CONTOUR,0.106384,-0.106384,0.42,0.082542,-0.124679,0.42,30.0,1070.0,False,125,-0.023842000000000002,-0.018294999999999992,0.0,0.03005242068453055,-142.49941017706757,14.997101553134199,0.5,0.0601048413690611,4510.238585715059,4510.2986905564285,0.094463,-0.11553150000000001,0.42,0.0,2140.0
28,CONTOUR,0.082542,-0.124679,0.42,0.075225,-0.130294,0.42,30.0,1070.0,False,126,-0.007317000000000004,-0.005614999999999995,0.0,0.009223161822281988,-142.49769137606668,0.0017188005143016591,0.5,0.018446323644563976,4510.2986905564285,4510.317136880073,0.0788835,-0.1274865,0.42,0.0,2140.0
28,CONTOUR,0.075225,-0.130294,0.42,0.04746,-0.141794,0.42,30.0,1070.0,False,127,-0.027764999999999998,-0.01150000000000001,0.0,0.030052374698183174,-157.50112652282172,15.003435146755042,0.5,0.06010474939636635,4510.317136880073,4510.37724162947,0.0613425,-0.136044,0.42,0.0,2140.0
28,CONTOUR,0.04746,-0.141794,0.42,0.038939,-0.145324,0.42,30.0,1070.0,False,128,-0.008521,-0.0035300000000000054,0.0,0.009223250023717239,-157.49720938303204,0.003917139728143766,0.5,0.018446500047434478,4510.37724162947,4510.395688129517,0.0431995,-0.143559,0.42,0.0,2140.0
28,CONTOUR,0.038939,-0.145324,0.42,0.009144,-0.149246,0.42,30.0,1070.0,False,129,-0.029795000000000002,-0.003921999999999981,0.0,0.030052023376138916,-172.50110799505077,15.003898612018716,0.5,0.06010404675227783,4510.395688129517,4510.45579217627,0.0240415,-0.147285,0.42,0.0,2140.0
28,CONTOUR,0.009144,-0.149246,0.42,0.0,-0.15045,0.42,30.0,1070.0,False,130,-0.009144,-0.0012040000000000106,0.0,0.009222925349367197,-172.49895563768678,0.002152357605019646,0.5,0.018445850698734393,4510.45579217627,4510.474238026968,0.004572,-0.14984799999999998,0.42,0.0,2140.0
28,CONTOUR,0.0,-0.15045,0.42,-0.029795,-0.146527,0.42,30.0,1070.0,False,131,-0.029795,0.00392300000000001,0.0,0.03005215389951276,172.49921775613512,15.001826606178119,0.5,0.06010430779902552,4510.474238026968,4510.534342334767,-0.0148975,-0.1484885,0.42,0.0,2140.0
28,CONTOUR,-0.029795,-0.146527,0.42,-0.038939,-0.145324,0.42,30.0,1070.0,False,132,-0.009144000000000003,0.0012029999999999819,0.0,0.009222794858392981,172.50511488451315,0.0058971284826944016,0.5,0.018445589716785962,4510.534342334767,4510.552787924484,-0.034367,-0.14592549999999999,0.42,0.0,2140.0
28,CONTOUR,-0.038939,-0.145324,0.42,-0.066704,-0.133823,0.42,30.0,1070.0,False,133,-0.027764999999999998,0.011501000000000011,0.0,0.030052757377651725,157.49936512607445,15.005749758438716,0.5,0.06010551475530345,4510.552787924484,4510.612893439239,-0.0528215,-0.13957350000000002,0.42,0.0,2140.0
28,CONTOUR,-0.066704,-0.133823,0.42,-0.075225,-0.130294,0.42,30.0,1070.0,False,134,-0.008521,0.0035290000000000044,0.0,0.009222867341559242,157.50294874023345,0.0035836142723350544,0.5,0.018445734683118484,4510.612893439239,4510.631339173922,-0.0709645,-0.1320585,0.42,0.0,2140.0
28,CONTOUR,-0.075225,-0.130294,0.42,-0.099067,-0.111999,0.42,30.0,1070.0,False,135,-0.023842000000000002,0.018294999999999992,0.0,0.03005242068453055,142.49941017706757,15.003538563165847,0.5,0.0601048413690611,4510.631339173922,4510.691444015291,-0.087146,-0.12114649999999999,0.42,0.0,2140.0
28,CONTOUR,-0.099067,-0.111999,0.42,-0.106384,-0.106384,0.42,30.0,1070.0,False,136,-0.007317000000000004,0.005614999999999995,0.0,0.009223161822281988,142.49769137606668,0.0017188005143016591,0.5,0.018446323644563976,4510.691444015291,4510.709890338936,-0.1027255,-0.1091915,0.42,0.0,2140.0
28,CONTOUR,-0.106384,-0.106384,0.42,-0.124679,-0.082542,0.42,30.0,1070.0,False,137,-0.018294999999999992,0.023842000000000002,0.0,0.03005242068453055,127.50058982293244,14.997101553134199,0.5,0.0601048413690611,4510.709890338936,4510.769995180305,-0.11553150000000001,-0.094463,0.42,0.0,2140.0
28,CONTOUR,-0.124679,-0.082542,0.42,-0.130294,-0.075225,0.42,30.0,1070.0,False,138,-0.005614999999999995,0.007317000000000004,0.0,0.009223161822281988,127.50230862393333,0.0017188005143016591,0.5,0.018446323644563976,4510.769995180305,4510.78844150395,-0.1274865,-0.0788835,0.42,0.0,2140.0
28,CONTOUR,-0.130294,-0.075225,0.42,-0.141794,-0.04746,0.42,30.0,1070.0,False,139,-0.01150000000000001,0.027764999999999998,0.0,0.030052374698183174,112.49887347717831,15.003435146755042,0.5,0.06010474939636635,4510.78844150395,4510.848546253346,-0.136044,-0.0613425,0.42,0.0,2140.0
28,CONTOUR,-0.141794,-0.04746,0.42,-0.145324,-0.038939,0.42,30.0,1070.0,False,140,-0.0035300000000000054,0.008521,0.0,0.009223250023717239,112.50279061696797,0.003917139728143766,0.5,0.018446500047434478,4510.848546253346,4510.866992753394,-0.143559,-0.0431995,0.42,0.0,2140.0
28,CONTOUR,-0.145324,-0.038939,0.42,-0.149246,-0.009144,0.42,30.0,1070.0,False,141,-0.003921999999999981,0.029795000000000002,0.0,0.030052023376138916,97.49889200494924,15.003898612018716,0.5,0.06010404675227783,4510.866992753394,4510.9270968001465,-0.147285,-0.0240415,0.42,0.0,2140.0
28,CONTOUR,-0.149246,-0.009144,0.42,-0.15045,0.0,0.42,30.0,1070.0,False,142,-0.0012040000000000106,0.009144,0.0,0.009222925349367197,97.50104436231321,0.002152357605019646,0.5,0.018445850698734393,4510.9270968001465,4510.945542650845,-0.14984799999999998,-0.004572,0.42,0.0,2140.0
28,CONTOUR,-0.15045,0.0,0.42,-0.146527,0.029795,0.42,30.0,1070.0,False,143,0.00392300000000001,0.029795,0.0,0.03005215389951276,82.4992177561351,15.001826606178119,0.5,0.06010430779902552,4510.945542650845,4511.005646958643,-0.1484885,0.0148975,0.42,0.0,2140.0
28,CONTOUR,-0.146527,0.029795,0.42,-0.145324,0.038939,0.42,30.0,1070.0,False,144,0.0012029999999999819,0.009144000000000003,0.0,0.009222794858392981,82.50511488451315,0.0058971284826944016,0.5,0.018445589716785962,4511.005646958643,4511.02409254836,-0.14592549999999999,0.034367,0.42,0.0,2140.0
28,CONTOUR,-0.145324,0.038939,0.42,-0.133823,0.066704,0.42,30.0,1070.0,False,145,0.011501000000000011,0.027764999999999998,0.0,0.030052757377651725,67.49936512607445,15.005749758438716,0.5,0.06010551475530345,4511.02409254836,4511.084198063116,-0.13957350000000002,0.0528215,0.42,0.0,2140.0
28,CONTOUR,-0.133823,0.066704,0.42,-0.130294,0.075225,0.42,30.0,1070.0,False,146,0.0035290000000000044,0.008521,0.0,0.009222867341559242,67.50294874023344,0.0035836142723350544,0.5,0.018445734683118484,4511.084198063116,4511.102643797799,-0.1320585,0.0709645,0.42,0.0,2140.0
28,CONTOUR,-0.130294,0.075225,0.42,-0.111999,0.099067,0.42,30.0,1070.0,False,147,0.018294999999999992,0.023842000000000002,0.0,0.03005242068453055,52.499410177067574,15.003538563165847,0.5,0.0601048413690611,4511.102643797799,4511.162748639168,-0.12114649999999999,0.087146,0.42,0.0,2140.0
28,CONTOUR,-0.111999,0.099067,0.42,-0.106384,0.106384,0.42,30.0,1070.0,False,148,0.005614999999999995,0.007317000000000004,0.0,0.009223161822281988,52.49769137606667,0.0017188005143016591,0.5,0.018446323644563976,4511.162748639168,4511.181194962813,-0.1091915,0.1027255,0.42,0.0,2140.0
28,CONTOUR,-0.106384,0.106384,0.42,-0.082542,0.124679,0.42,30.0,1070.0,False,149,0.023842000000000002,0.018294999999999992,0.0,0.03005242068453055,37.50058982293243,14.997101553134199,0.5,0.0601048413690611,4511.181194962813,4511.241299804182,-0.094463,0.11553150000000001,0.42,0.0,2140.0
28,CONTOUR,-0.082542,0.124679,0.42,-0.075225,0.130294,0.42,30.0,1070.0,False,150,0.007317000000000004,0.005614999999999995,0.0,0.009223161822281988,37.50230862393333,0.0017188005143016591,0.5,0.018446323644563976,4511.241299804182,4511.2597461278265,-0.0788835,0.1274865,0.42,0.0,2140.0
28,CONTOUR,-0.075225,0.130294,0.42,-0.04746,0.141794,0.42,30.0,1070.0,False,151,0.027764999999999998,0.01150000000000001,0.0,0.030052374698183174,22.4988734771783,15.003435146755042,0.5,0.06010474939636635,4511.2597461278265,4511.319850877223,-0.0613425,0.136044,0.42,0.0,2140.0
28,CONTOUR,-0.04746,0.141794,0.42,-0.038939,0.145324,0.42,30.0,1070.0,False,152,0.008521,0.0035300000000000054,0.0,0.009223250023717239,22.502790616967967,0.003917139728143766,0.5,0.018446500047434478,4511.319850877223,4511.3382973772705,-0.0431995,0.143559,0.42,0.0,2140.0
28,CONTOUR,-0.038939,0.145324,0.42,-0.009144,0.149246,0.42,30.0,1070.0,False,153,0.029795000000000002,0.003921999999999981,0.0,0.030052023376138916,7.498892004949242,15.003898612018716,0.5,0.06010404675227783,4511.3382973772705,4511.398401424023,-0.0240415,0.147285,0.42,0.0,2140.0
28,CONTOUR,-0.009144,0.149246,0.42,0.0,0.15045,0.42,30.0,1070.0,False,154,0.009144,0.0012040000000000106,0.0,0.009222925349367197,7.50104436231321,0.002152357605019646,0.5,0.018445850698734393,4511.398401424023,4511.4168472747215,-0.004572,0.14984799999999998,0.42,0.0,2140.0
28,CONTOUR,0.0,0.15045,0.42,0.029795,0.146527,0.42,30.0,1070.0,False,155,0.029795,-0.00392300000000001,0.0,0.03005215389951276,-7.500782243864905,15.001826606178119,0.5,0.06010430779902552,4511.4168472747215,4511.47695158252,0.0148975,0.1484885,0.42,0.0,2140.0
28,CONTOUR,0.029795,0.146527,0.42,0.038939,0.145324,0.42,30.0,1070.0,False,156,0.009144000000000003,-0.0012029999999999819,0.0,0.009222794858392981,-7.494885115486858,0.0058971284826944016,0.5,0.018445589716785962,4511.47695158252,4511.495397172237,0.034367,0.14592549999999999,0.42,0.0,2140.0
28,CONTOUR,0.038939,0.145324,0.42,0.066704,0.133823,0.42,30.0,1070.0,False,157,0.027764999999999998,-0.011501000000000011,0.0,0.030052757377651725,-22.500634873925563,15.005749758438716,0.5,0.06010551475530345,4511.495397172237,4511.555502686992,0.0528215,0.13957350000000002,0.42,0.0,2140.0
28,CONTOUR,0.066704,0.133823,0.42,0.075225,0.130294,0.42,30.0,1070.0,False,158,0.008521,-0.0035290000000000044,0.0,0.009222867341559242,-22.497051259766568,0.0035836142723350544,0.5,0.018445734683118484,4511.555502686992,4511.573948421676,0.0709645,0.1320585,0.42,0.0,2140.0
28,CONTOUR,0.075225,0.130294,0.42,0.099067,0.111999,0.42,30.0,1070.0,False,159,0.023842000000000002,-0.018294999999999992,0.0,0.03005242068453055,-37.50058982293243,15.003538563165847,0.5,0.0601048413690611,4511.573948421676,4511.634053263045,0.087146,0.12114649999999999,0.42,0.0,2140.0
28,CONTOUR,0.099067,0.111999,0.42,0.106384,0.106384,0.42,30.0,1070.0,False,160,0.007317000000000004,-0.005614999999999995,0.0,0.009223161822281988,-37.50230862393333,0.0017188005143016591,0.5,0.018446323644563976,4511.634053263045,4511.652499586689,0.1027255,0.1091915,0.42,0.0,2140.0
28,CONTOUR,0.106384,0.106384,0.42,0.124679,0.082542,0.42,30.0,1070.0,False,161,0.018294999999999992,-0.023842000000000002,0.0,0.03005242068453055,-52.499410177067574,14.997101553134199,0.5,0.0601048413690611,4511.652499586689,4511.7126044280585,0.11553150000000001,0.094463,0.42,0.0,2140.0
28,CONTOUR,0.124679,0.082542,0.42,0.130294,0.075225,0.42,30.0,1070.0,False,162,0.005614999999999995,-0.007317000000000004,0.0,0.009223161822281988,-52.49769137606667,0.0017188005143016591,0.5,0.018446323644563976,4511.7126044280585,4511.731050751703,0.1274865,0.0788835,0.42,0.0,2140.0
28,CONTOUR,0.130294,0.075225,0.42,0.141794,0.04746,0.42,30.0,1070.0,False,163,0.01150000000000001,-0.027764999999999998,0.0,0.030052374698183174,-67.5011265228217,15.003435146755042,0.5,0.06010474939636635,4511.731050751703,4511.7911555011,0.136044,0.0613425,0.42,0.0,2140.0
28,CONTOUR,0.141794,0.04746,0.42,0.145324,0.038939,0.42,30.0,1070.0,False,164,0.0035300000000000054,-0.008521,0.0,0.009223250023717239,-67.49720938303203,0.003917139728143766,0.5,0.018446500047434478,4511.7911555011,4511.809602001147,0.143559,0.0431995,0.42,0.0,2140.0
28,CONTOUR,0.145324,0.038939,0.42,0.149246,0.009144,0.42,30.0,1070.0,False,165,0.003921999999999981,-0.029795000000000002,0.0,0.030052023376138916,-82.50110799505076,15.003898612018716,0.5,0.06010404675227783,4511.809602001147,4511.8697060479,0.147285,0.0240415,0.42,0.0,2140.0
28,OTHER,0.149246,0.009144,0.42,0.149742,-0.005381,0.42,40.0,1070.0,False,170,0.0004959999999999964,-0.014525,0.0,0.014533466241747011,-88.04422250399473,5.54311450894394,0.6666666666666666,0.02180019936262052,4511.8697060479,4511.891506247262,0.149494,0.0018814999999999995,0.42,0.0,1605.0
28,HATCH,0.149742,-0.005381,0.42,0.624624,-0.005381,0.42,30.0,1070.0,False,173,0.47488199999999997,0.0,0.0,0.47488199999999997,0.0,88.04422250399473,0.5,0.9497639999999999,4511.891506247262,4512.841270247262,0.38718299999999994,-0.005381,0.42,77.1169605761961,2140.0
28,OTHER,0.624624,-0.005381,0.42,0.62223,0.039619,0.42,40.0,1070.0,False,176,-0.0023940000000000072,0.045,0.0,0.04506363540594567,93.04526469187194,93.04526469187194,0.6666666666666666,0.06759545310891851,4512.841270247262,4512.908865700371,0.623427,0.017119000000000002,0.42,4.795589111125082,1605.0
28,HATCH,0.62223,0.039619,0.42,0.145042,0.039619,0.42,30.0,1070.0,False,179,-0.47718799999999995,0.0,0.0,0.47718799999999995,180.0,86.95473530812806,0.5,0.9543759999999999,4512.908865700371,4513.863241700371,0.383636,0.039619,0.42,0.06759545310887916,2140.0
28,OTHER,0.145042,0.039619,0.42,0.123085,0.084619,0.42,40.0,1070.0,False,182,-0.021957000000000004,0.045,0.0,0.05007104801180019,116.0092907952132,63.990709204786825,0.6666666666666666,0.0751065720177003,4513.863241700371,4513.938348272389,0.1340635,0.062119,0.42,1.971735453108522,1605.0
28,HATCH,0.123085,0.084619,0.42,0.619083,0.084619,0.42,30.0,1070.0,False,185,0.49599800000000005,0.0,0.0,0.49599800000000005,0.0,116.0092907952132,0.5,0.9919960000000001,4513.938348272389,4514.9303442723885,0.371084,0.084619,0.42,0.07510657201783033,2140.0
28,OTHER,0.619083,0.084619,0.42,0.609855,0.129619,0.42,40.0,1070.0,False,188,-0.009228000000000014,0.04500000000000001,0.0,0.04593643416722723,101.5887918456724,101.5887918456724,0.6666666666666666,0.06890465125084085,4514.9303442723885,4514.999248923639,0.614469,0.107119,0.42,2.0214785720172586,1605.0
28,HATCH,0.609855,0.129619,0.42,0.076104,0.129619,0.42,30.0,1070.0,False,191,-0.5337510000000001,0.0,0.0,0.5337510000000001,180.0,78.41120815432761,0.5,1.0675020000000002,4514.999248923639,4516.066750923639,0.3429795,0.129619,0.42,0.06890465125070477,2140.0
28,OTHER,0.076104,0.129619,0.42,-0.076104,0.129619,0.42,40.0,1070.0,False,194,-0.152208,0.0,0.0,0.152208,180.0,0.0,0.6666666666666666,0.22831200000000001,4516.066750923639,4516.295062923639,0.0,0.129619,0.42,4.4326976605943855,1605.0
28,HATCH,-0.076104,0.129619,0.42,-0.611388,0.129619,0.42,30.0,1070.0,False,197,-0.5352840000000001,0.0,0.0,0.5352840000000001,180.0,0.0,0.5,1.0705680000000002,4516.295062923639,4517.365630923639,-0.343746,0.129619,0.42,144.94252839562068,2140.0
28,OTHER,-0.611388,0.129619,0.42,-0.617712,0.084619,0.42,40.0,1070.0,False,200,-0.006323999999999996,-0.04500000000000001,0.0,0.04544219378507161,-97.99957852757599,82.00042147242401,0.6666666666666666,0.06816329067760742,4517.365630923639,4517.4337942143175,-0.61455,0.107119,0.42,12.982163703477454,1605.0
28,HATCH,-0.617712,0.084619,0.42,-0.123085,0.084619,0.42,30.0,1070.0,False,203,0.49462700000000004,0.0,0.0,0.49462700000000004,0.0,97.99957852757599,0.5,0.9892540000000001,4517.4337942143175,4518.4230482143175,-0.3703985,0.084619,0.42,0.06816329067805782,2140.0
28,OTHER,-0.123085,0.084619,0.42,-0.145042,0.039619,0.42,40.0,1070.0,False,206,-0.021957000000000004,-0.045,0.0,0.05007104801180019,-116.0092907952132,116.0092907952132,0.6666666666666666,0.0751065720177003,4518.4230482143175,4518.498154786335,-0.1340635,0.062119,0.42,7.163302086491058,1605.0
28,HATCH,-0.145042,0.039619,0.42,-0.623478,0.039619,0.42,30.0,1070.0,False,209,-0.478436,0.0,0.0,0.478436,180.0,63.99070920478681,0.5,0.956872,4518.498154786335,4519.455026786335,-0.38426,0.039619,0.42,0.07510657201783033,2140.0
28,OTHER,-0.623478,0.039619,0.42,-0.623478,-0.005381,0.42,40.0,1070.0,False,212,0.0,-0.045,0.0,0.045,-90.0,90.0,0.6666666666666666,0.0675,4519.455026786335,4519.522526786335,-0.623478,0.017119000000000002,0.42,2.0212325720176523,1605.0
28,HATCH,-0.623478,-0.005381,0.42,-0.149742,-0.005381,0.42,30.0,1070.0,False,215,0.473736,0.0,0.0,0.473736,0.0,90.0,0.5,0.947472,4519.522526786335,4520.469998786335,-0.38661,-0.005381,0.42,0.06750000000010914,2140.0
28,OTHER,-0.149742,-0.005381,0.42,-0.140584,-0.050381,0.42,40.0,1070.0,False,218,0.009158,-0.045,0.0,0.045922423324558995,-78.49676431157242,78.49676431157242,0.6666666666666666,0.0688836349868385,4520.469998786335,4520.538882421322,-0.145163,-0.027881000000000003,0.42,1.9718439999996917,1605.0
28,HATCH,-0.140584,-0.050381,0.42,-0.622524,-0.050381,0.42,30.0,1070.0,False,221,-0.48194,0.0,0.0,0.48194,180.0,101.50323568842758,0.5,0.96388,4520.538882421322,4521.502762421323,-0.38155399999999995,-0.050381,0.42,0.06888363498728722,2140.0
28,OTHER,-0.622524,-0.050381,0.42,-0.6162,-0.095381,0.42,40.0,1070.0,False,224,0.006323999999999996,-0.04499999999999999,0.0,0.04544219378507159,-82.00042147242401,97.999578527576,0.6666666666666666,0.06816329067760739,4521.502762421323,4521.570925712001,-0.619362,-0.072881,0.42,1.9802356349873662,1605.0
28,HATCH,-0.6162,-0.095381,0.42,-0.114827,-0.095381,0.42,30.0,1070.0,False,227,0.501373,0.0,0.0,0.501373,0.0,82.00042147242401,0.5,1.002746,4521.570925712001,4522.573671712001,-0.3655135,-0.095381,0.42,0.06816329067805782,2140.0
28,OTHER,-0.114827,-0.095381,0.42,-0.050872,-0.140381,0.42,40.0,1070.0,False,230,0.063955,-0.04500000000000001,0.0,0.07820001294756926,-35.13097517160735,35.13097517160734,0.6666666666666666,0.11730001942135389,4522.573671712001,4522.690971731422,-0.08284949999999999,-0.117881,0.42,11.706678958606972,1605.0
28,HATCH,-0.050872,-0.140381,0.42,-0.60835,-0.140381,0.42,30.0,1070.0,False,233,-0.5574779999999999,0.0,0.0,0.5574779999999999,180.0,144.86902482839267,0.5,1.1149559999999998,4522.690971731422,4523.805927731422,-0.329611,-0.140381,0.42,0.11730001942123636,2140.0
28,OTHER,-0.60835,-0.140381,0.42,-0.595446,-0.185381,0.42,40.0,1070.0,False,236,0.012903999999999916,-0.044999999999999984,0.0,0.04681360075875382,-73.99946158517513,106.00053841482487,0.6666666666666666,0.07022040113813073,4523.805927731422,4523.87614813256,-0.601898,-0.162881,0.42,2.2350020194216995,1605.0
28,HATCH,-0.595446,-0.185381,0.42,0.596018,-0.185381,0.42,30.0,1070.0,False,239,1.191464,0.0,0.0,1.191464,0.0,73.99946158517513,0.5,2.382928,4523.87614813256,4526.25907613256,0.00028600000000000847,-0.185381,0.42,13.244808958637805,2140.0
28,OTHER,0.596018,-0.185381,0.42,0.607567,-0.140381,0.42,40.0,1070.0,False,242,0.01154899999999992,0.044999999999999984,0.0,0.04645836201374298,75.6060158922583,75.6060158922583,0.6666666666666666,0.06968754302061447,4526.25907613256,4526.32876367558,0.6017925,-0.162881,0.42,17.86461279453306,1605.0
28,HATCH,0.607567,-0.140381,0.42,0.050872,-0.140381,0.42,30.0,1070.0,False,245,-0.5566949999999999,0.0,0.0,0.5566949999999999,180.0,104.39398410774172,0.5,1.1133899999999999,4526.32876367558,4527.442153675581,0.3292195,-0.140381,0.42,181.09593106958164,2140.0
28,OTHER,0.050872,-0.140381,0.42,0.114827,-0.095381,0.42,40.0,1070.0,False,248,0.063955,0.04500000000000001,0.0,0.07820001294756926,35.13097517160735,144.86902482839267,0.6666666666666666,0.11730001942135389,4527.442153675581,4527.559453695002,0.08284949999999999,-0.117881,0.42,16.96791564861269,1605.0
28,HATCH,0.114827,-0.095381,0.42,0.617133,-0.095381,0.42,30.0,1070.0,False,251,0.502306,0.0,0.0,0.502306,0.0,35.13097517160734,0.5,1.004612,4527.559453695002,4528.564065695002,0.36598,-0.095381,0.42,0.11730001942123636,2140.0
28,OTHER,0.617133,-0.095381,0.42,0.621477,-0.050381,0.42,40.0,1070.0,False,254,0.0043439999999999035,0.04499999999999999,0.0,0.045209184199673395,84.48613239381946,84.48613239381946,0.6666666666666666,0.0678137762995101,4528.564065695002,4528.6318794713015,0.619305,-0.072881,0.42,2.235302019421397,1605.0
28,HATCH,0.621477,-0.050381,0.42,0.140584,-0.050381,0.42,30.0,1070.0,False,257,-0.48089299999999996,0.0,0.0,0.48089299999999996,180.0,95.51386760618054,0.5,0.9617859999999999,4528.6318794713015,4529.593665471301,0.38103049999999994,-0.050381,0.42,0.06781377629977214,2140.0
28,OTHER,0.140584,-0.050381,0.42,0.579639,-0.230381,0.42,40.0,1070.0,False,260,0.43905500000000003,-0.18,0.0,0.47452006598773044,-22.29222708301988,157.70777291698013,0.6666666666666666,0.7117800989815957,4529.593665471301,4530.305445570283,0.36011150000000003,-0.140381,0.42,0.0,1605.0
28,HATCH,0.579639,-0.230381,0.42,-0.579909,-0.230381,0.42,30.0,1070.0,False,263,-1.159548,0.0,0.0,1.159548,180.0,157.7077729169801,0.5,2.319096,4530.305445570283,4532.624541570283,-0.00013499999999999623,-0.230381,0.42,4.046369437723115,2140.0
28,OTHER,-0.579909,-0.230381,0.42,-0.559874,-0.275381,0.42,40.0,1070.0,False,266,0.020035000000000025,-0.044999999999999984,0.0,0.04925851423865726,-66.00030904659025,113.99969095340975,0.6666666666666666,0.0738877713579859,4532.624541570283,4532.698429341642,-0.5698915,-0.252881,0.42,8.74839343772328,1605.0
28,HATCH,-0.559874,-0.275381,0.42,0.559709,-0.275381,0.42,30.0,1070.0,False,269,1.119583,0.0,0.0,1.119583,0.0,66.00030904659025,0.5,2.239166,4532.698429341642,4534.937595341642,-8.249999999998536e-05,-0.275381,0.42,0.07388777135838609,2140.0
28,OTHER,0.559709,-0.275381,0.42,0.535783,-0.320381,0.42,40.0,1070.0,False,272,-0.023926000000000003,-0.04500000000000004,0.0,0.05096521829640293,-117.9990823961166,117.9990823961166,0.6666666666666666,0.0764478274446044,4534.937595341642,4535.014043169087,0.5477460000000001,-0.297881,0.42,26.194349464336483,1605.0
28,HATCH,0.535783,-0.320381,0.42,-0.534995,-0.320381,0.42,30.0,1070.0,False,275,-1.070778,0.0,0.0,1.070778,180.0,62.000917603883394,0.5,2.141556,4535.014043169087,4537.155599169087,0.00039400000000000546,-0.320381,0.42,0.07644782744500844,2140.0
28,OTHER,-0.534995,-0.320381,0.42,-0.506876,-0.365381,0.42,40.0,1070.0,False,278,0.028119000000000005,-0.044999999999999984,0.0,0.053062964118111594,-58.00011064904292,121.9998893509571,0.6666666666666666,0.07959444617716739,4537.155599169087,4537.235193615264,-0.5209355,-0.342881,0.42,33.77752772279655,1605.0
28,HATCH,-0.506876,-0.365381,0.42,0.505196,-0.365381,0.42,30.0,1070.0,False,281,1.0120719999999999,0.0,0.0,1.0120719999999999,0.0,58.00011064904292,0.5,2.0241439999999997,4537.235193615264,4539.259337615264,-0.0008400000000000074,-0.365381,0.42,0.07959444617699774,2140.0
28,OTHER,0.505196,-0.365381,0.42,0.470436,-0.410381,0.42,40.0,1070.0,False,284,-0.03475999999999996,-0.044999999999999984,0.0,0.05686174109188001,-127.6840926931801,127.6840926931801,0.6666666666666666,0.08529261163782002,4539.259337615264,4539.344630226901,0.487816,-0.38788100000000003,0.42,30.341699694355157,1605.0
28,HATCH,0.470436,-0.410381,0.42,-0.469542,-0.410381,0.42,30.0,1070.0,False,287,-0.939978,0.0,0.0,0.939978,180.0,52.315907306819895,0.5,1.879956,4539.344630226901,4541.224586226901,0.00044700000000000295,-0.410381,0.42,0.08529261163766932,2140.0
28,OTHER,-0.469542,-0.410381,0.42,-0.426021,-0.455381,0.42,40.0,1070.0,False,290,0.04352100000000003,-0.044999999999999984,0.0,0.06260253541990134,-45.95720308186827,134.04279691813173,0.6666666666666666,0.09390380312985201,4541.224586226901,4541.318490030031,-0.4477815,-0.43288099999999996,0.42,38.02090623195545,1605.0
28,HATCH,-0.426021,-0.455381,0.42,0.42698,-0.455381,0.42,30.0,1070.0,False,293,0.853001,0.0,0.0,0.853001,0.0,45.95720308186828,0.5,1.706002,4541.318490030031,4543.024492030031,0.0004795000000000216,-0.455381,0.42,0.09390380313016067,2140.0
28,OTHER,0.42698,-0.455381,0.42,0.372237,-0.500381,0.42,40.0,1070.0,False,296,-0.05474300000000004,-0.044999999999999984,0.0,0.07086463186244604,-140.5790120635097,140.57901206350968,0.6666666666666666,0.10629694779366906,4543.024492030031,4543.1307889778245,0.39960850000000003,-0.477881,0.42,33.89151175971165,1605.0
28,HATCH,0.372237,-0.500381,0.42,-0.373115,-0.500381,0.42,30.0,1070.0,False,299,-0.745352,0.0,0.0,0.745352,180.0,39.420987936490285,0.5,1.490704,4543.1307889778245,4544.621492977824,-0.00043899999999999495,-0.500381,0.42,0.106296947793453,2140.0
28,OTHER,-0.373115,-0.500381,0.42,-0.304063,-0.545381,0.42,40.0,1070.0,False,302,0.06905199999999995,-0.04500000000000004,0.0,0.08242074195249638,-33.091595236601464,146.90840476339855,0.6666666666666666,0.12363111292874457,4544.621492977824,4544.745124090753,-0.33858900000000003,-0.5228809999999999,0.42,41.76659590929012,1605.0
28,HATCH,-0.304063,-0.545381,0.42,0.302328,-0.545381,0.42,30.0,1070.0,False,305,0.606391,0.0,0.0,0.606391,0.0,33.09159523660145,0.5,1.212782,4544.745124090753,4545.957906090753,-0.000867500000000021,-0.545381,0.42,0.12363111292870599,2140.0
28,OTHER,0.302328,-0.545381,0.42,0.203109,-0.590381,0.42,40.0,1070.0,False,308,-0.09921899999999997,-0.04500000000000004,0.0,0.1089468217113285,-155.603704316488,155.603704316488,0.6666666666666666,0.16342023256699276,4545.957906090753,4546.121326323319,0.2527185,-0.5678810000000001,0.42,36.824925820433236,1605.0
28,HATCH,0.203109,-0.590381,0.42,-0.20061,-0.590381,0.42,30.0,1070.0,False,311,-0.40371900000000005,0.0,0.0,0.40371900000000005,180.0,24.396295683511987,0.5,0.8074380000000001,4546.121326323319,4546.928764323319,0.0012495000000000006,-0.590381,0.42,0.1634202325667502,2140.0
28,OTHER,-0.20061,-0.590381,0.42,-0.598532,0.174619,0.42,40.0,1070.0,False,314,-0.39792199999999994,0.765,0.0,0.8623032634079497,117.48162366789725,62.518376332102754,0.6666666666666666,1.2934548951119247,4546.928764323319,4548.222219218431,-0.399571,-0.20788100000000004,0.42,23.122836591896885,1605.0
28,HATCH,-0.598532,0.174619,0.42,0.599935,0.174619,0.42,30.0,1070.0,False,317,1.198467,0.0,0.0,1.198467,0.0,117.48162366789725,0.5,2.396934,4548.222219218431,4550.619153218431,0.0007015000000000216,0.174619,0.42,31.92715629479153,2140.0
28,OTHER,0.599935,0.174619,0.42,0.583556,0.219619,0.42,40.0,1070.0,False,320,-0.016379000000000032,0.04500000000000001,0.0,0.04788811586395942,110.00038165132413,110.00038165132415,0.6666666666666666,0.07183217379593913,4550.619153218431,4550.690985392227,0.5917455,0.197119,0.42,35.61990429479192,1605.0
28,HATCH,0.583556,0.219619,0.42,-0.5847,0.219619,0.42,30.0,1070.0,False,323,-1.168256,0.0,0.0,1.168256,180.0,69.99961834867587,0.5,2.336512,4550.690985392227,4553.027497392227,-0.0005720000000000169,0.219619,0.42,0.07183217379588314,2140.0
28,OTHER,-0.5847,0.219619,0.42,-0.564665,0.264619,0.42,40.0,1070.0,False,326,0.020035000000000025,0.044999999999999984,0.0,0.04925851423865726,66.00030904659025,113.99969095340977,0.6666666666666666,0.0738877713579859,4553.027497392227,4553.101385163585,-0.5746825,0.242119,0.42,48.428688685138695,1605.0
28,HATCH,-0.564665,0.264619,0.42,0.565431,0.264619,0.42,30.0,1070.0,False,329,1.130096,0.0,0.0,1.130096,0.0,66.00030904659025,0.5,2.260192,4553.101385163585,4555.361577163585,0.0003830000000000222,0.264619,0.42,0.07388777135838609,2140.0
28,OTHER,0.565431,0.264619,0.42,0.541505,0.309619,0.42,40.0,1070.0,False,332,-0.023926000000000003,0.044999999999999984,0.0,0.050965218296402874,117.99908239611666,117.99908239611666,0.6666666666666666,0.07644782744460432,4555.361577163585,4555.43802499103,0.5534680000000001,0.287119,0.42,4.6705917713579765,1605.0
28,HATCH,0.541505,0.309619,0.42,-0.54172,0.309619,0.42,30.0,1070.0,False,335,-1.083225,0.0,0.0,1.083225,180.0,62.00091760388335,0.5,2.16645,4555.43802499103,4557.60447499103,-0.00010749999999998261,0.309619,0.42,0.07644782744500844,2140.0
28,OTHER,-0.54172,0.309619,0.42,-0.513601,0.354619,0.42,40.0,1070.0,False,338,0.028119000000000005,0.04500000000000004,0.0,0.05306296411811164,58.00011064904294,121.99988935095708,0.6666666666666666,0.07959444617716747,4557.60447499103,4557.684069437207,-0.5276605,0.332119,0.42,52.69783503552935,1605.0
28,HATCH,-0.513601,0.354619,0.42,0.513015,0.354619,0.42,30.0,1070.0,False,341,1.026616,0.0,0.0,1.026616,0.0,58.00011064904294,0.5,2.053232,4557.684069437207,4559.737301437207,-0.0002929999999999877,0.354619,0.42,0.07959444617699774,2140.0
28,OTHER,0.513015,0.354619,0.42,0.48032,0.399619,0.42,40.0,1070.0,False,344,-0.032694999999999974,0.044999999999999984,0.0,0.055623403572597,126.00048853759071,126.00048853759071,0.6666666666666666,0.0834351053588955,4559.737301437207,4559.820736542566,0.49666750000000004,0.377119,0.42,52.52262339445497,1605.0
28,HATCH,0.48032,0.399619,0.42,-0.478572,0.399619,0.42,30.0,1070.0,False,347,-0.9588920000000001,0.0,0.0,0.9588920000000001,180.0,53.999511462409295,0.5,1.9177840000000002,4559.820736542566,4561.738520542566,0.0008740000000000137,0.399619,0.42,0.08343510535905807,2140.0
28,OTHER,-0.478572,0.399619,0.42,-0.437973,0.444619,0.42,40.0,1070.0,False,350,0.040598999999999996,0.044999999999999984,0.0,0.06060758039222485,47.94322235832628,132.05677764167373,0.6666666666666666,0.09091137058833729,4561.738520542566,4561.829431913155,-0.45827249999999997,0.422119,0.42,56.65748831519522,1605.0
28,HATCH,-0.437973,0.444619,0.42,0.437372,0.444619,0.42,30.0,1070.0,False,353,0.875345,0.0,0.0,0.875345,0.0,47.94322235832628,0.5,1.75069,4561.829431913155,4563.5801219131545,-0.0003005000000000091,0.444619,0.42,0.09091137058840104,2140.0
28,OTHER,0.437372,0.444619,0.42,0.386011,0.489619,0.42,40.0,1070.0,False,356,-0.05136099999999999,0.04500000000000004,0.0,0.06828581346809894,138.77674001146093,138.77674001146093,0.6666666666666666,0.10242872020214841,4563.5801219131545,4563.682550633356,0.4116915,0.467119,0.42,56.58078700876831,1605.0
28,HATCH,0.386011,0.489619,0.42,-0.387995,0.489619,0.42,30.0,1070.0,False,359,-0.774006,0.0,0.0,0.774006,180.0,41.22325998853907,0.5,1.548012,4563.682550633356,4565.230562633356,-0.0009919999999999929,0.489619,0.42,0.1024287202017149,2140.0
28,OTHER,-0.387995,0.489619,0.42,-0.322354,0.534619,0.42,40.0,1070.0,False,362,0.065641,0.04499999999999993,0.0,0.0795848030782259,34.43247502229969,145.56752497770032,0.6666666666666666,0.11937720461733885,4565.230562633356,4565.349939837974,-0.35517449999999995,0.512119,0.42,59.934187646247665,1605.0
28,HATCH,-0.322354,0.534619,0.42,0.320967,0.534619,0.42,30.0,1070.0,False,365,0.643321,0.0,0.0,0.643321,0.0,34.4324750222997,0.5,1.286642,4565.349939837974,4566.636581837974,-0.0006934999999999858,0.534619,0.42,0.11937720461719437,2140.0
28,OTHER,0.320967,0.534619,0.42,0.229745,0.579619,0.42,40.0,1070.0,False,368,-0.091222,0.04500000000000004,0.0,0.10171751709513954,153.74278182303394,153.74278182303394,0.6666666666666666,0.1525762756427093,4566.636581837974,4566.789158113616,0.275356,0.5571189999999999,0.42,59.94507770553446,1605.0
28,HATCH,0.229745,0.579619,0.42,-0.233731,0.579619,0.42,30.0,1070.0,False,371,-0.463476,0.0,0.0,0.463476,180.0,26.25721817696608,0.5,0.926952,4566.789158113616,4567.716110113616,-0.0019929999999999948,0.579619,0.42,0.15257627564278664,2140.0
28,OTHER,-0.233731,0.579619,0.42,-0.233731,0.579619,0.435,40.0,1070.0,False,374,0.0,0.0,0.015000000000000013,0.015000000000000013,0.0,,0.6666666666666666,0.02250000000000002,4567.716110113616,4567.738610113616,-0.233731,0.579619,0.4275,62.070952912106804,1605.0
29,OTHER,-0.233731,0.579619,0.435,-0.038939,0.145324,0.435,40.0,1070.0,False,20,0.194792,-0.434295,0.0,0.4759790649692484,-65.84259121583243,,0.6666666666666666,0.7139685974538726,4567.738610113616,4568.45257871107,-0.13633499999999998,0.3624715,0.435,166.44403666210837,1605.0
29,CONTOUR,-0.038939,0.145324,0.435,-0.075225,0.130294,0.435,30.0,1070.0,False,23,-0.036286,-0.015030000000000016,0.0,0.039275624705407304,-157.50020664541933,91.65761542958688,0.5,0.07855124941081461,4568.45257871107,4568.531129960481,-0.057082,0.13780900000000001,0.435,15.425081318842786,2140.0
29,CONTOUR,-0.075225,0.130294,0.435,-0.106384,0.106384,0.435,30.0,1070.0,False,24,-0.031159000000000006,-0.023909999999999987,0.0,0.03927558250363704,-142.49900654766836,15.001200097750994,0.5,0.07855116500727408,4568.531129960481,4568.609681125488,-0.09080450000000001,0.118339,0.435,0.0,2140.0
29,CONTOUR,-0.106384,0.106384,0.435,-0.130294,0.075225,0.435,30.0,1070.0,False,25,-0.023909999999999987,-0.031159000000000006,0.0,0.03927558250363704,-127.50099345233163,14.99801309533674,0.5,0.07855116500727408,4568.609681125488,4568.688232290496,-0.118339,0.09080450000000001,0.435,0.0,2140.0
29,CONTOUR,-0.130294,0.075225,0.435,-0.145324,0.038939,0.435,30.0,1070.0,False,26,-0.015030000000000016,-0.036286,0.0,0.039275624705407304,-112.4997933545807,15.001200097750994,0.5,0.07855124941081461,4568.688232290496,4568.766783539907,-0.13780900000000001,0.057082,0.435,0.0,2140.0
29,CONTOUR,-0.145324,0.038939,0.435,-0.15045,0.0,0.435,30.0,1070.0,False,27,-0.005125999999999992,-0.038939,0.0,0.03927494872052668,-97.49939744243383,15.000395912146894,0.5,0.07854989744105335,4568.766783539907,4568.845333437348,-0.147887,0.0194695,0.435,0.0,2140.0
29,CONTOUR,-0.15045,0.0,0.435,-0.145324,-0.038939,0.435,30.0,1070.0,False,28,0.005125999999999992,-0.038939,0.0,0.03927494872052668,-82.50060255756617,14.998794884867625,0.5,0.07854989744105335,4568.845333437348,4568.923883334789,-0.147887,-0.0194695,0.435,0.0,2140.0
29,CONTOUR,-0.145324,-0.038939,0.435,-0.130294,-0.075225,0.435,30.0,1070.0,False,29,0.015030000000000016,-0.036286,0.0,0.039275624705407304,-67.50020664541931,15.000395912146894,0.5,0.07855124941081461,4568.923883334789,4569.0024345842,-0.13780900000000001,-0.057082,0.435,0.0,2140.0
29,CONTOUR,-0.130294,-0.075225,0.435,-0.106384,-0.106384,0.435,30.0,1070.0,False,30,0.023909999999999987,-0.031159000000000006,0.0,0.03927558250363704,-52.499006547668365,15.001200097750994,0.5,0.07855116500727408,4569.0024345842,4569.080985749208,-0.118339,-0.09080450000000001,0.435,0.0,2140.0
29,CONTOUR,-0.106384,-0.106384,0.435,-0.075225,-0.130294,0.435,30.0,1070.0,False,31,0.031159000000000006,-0.023909999999999987,0.0,0.03927558250363704,-37.500993452331635,14.99801309533674,0.5,0.07855116500727408,4569.080985749208,4569.159536914215,-0.09080450000000001,-0.118339,0.435,0.0,2140.0
29,CONTOUR,-0.075225,-0.130294,0.435,-0.038939,-0.145324,0.435,30.0,1070.0,False,32,0.036286,-0.015030000000000016,0.0,0.039275624705407304,-22.499793354580692,15.001200097750994,0.5,0.07855124941081461,4569.159536914215,4569.238088163626,-0.057082,-0.13780900000000001,0.435,0.0,2140.0
29,CONTOUR,-0.038939,-0.145324,0.435,0.0,-0.15045,0.435,30.0,1070.0,False,33,0.038939,-0.005125999999999992,0.0,0.03927494872052668,-7.49939744243383,15.000395912146894,0.5,0.07854989744105335,4569.238088163626,4569.316638061067,-0.0194695,-0.147887,0.435,0.0,2140.0
29,CONTOUR,0.0,-0.15045,0.435,0.038939,-0.145324,0.435,30.0,1070.0,False,34,0.038939,0.005125999999999992,0.0,0.03927494872052668,7.49939744243383,14.998794884867625,0.5,0.07854989744105335,4569.316638061067,4569.395187958508,0.0194695,-0.147887,0.435,0.0,2140.0
29,CONTOUR,0.038939,-0.145324,0.435,0.075225,-0.130294,0.435,30.0,1070.0,False,35,0.036286,0.015030000000000016,0.0,0.039275624705407304,22.499793354580692,15.000395912146894,0.5,0.07855124941081461,4569.395187958508,4569.47373920792,0.057082,-0.13780900000000001,0.435,0.0,2140.0
29,CONTOUR,0.075225,-0.130294,0.435,0.106384,-0.106384,0.435,30.0,1070.0,False,36,0.031159000000000006,0.023909999999999987,0.0,0.03927558250363704,37.500993452331635,15.001200097750994,0.5,0.07855116500727408,4569.47373920792,4569.552290372927,0.09080450000000001,-0.118339,0.435,0.0,2140.0
29,CONTOUR,0.106384,-0.106384,0.435,0.130294,-0.075225,0.435,30.0,1070.0,False,37,0.023909999999999987,0.031159000000000006,0.0,0.03927558250363704,52.499006547668365,14.99801309533674,0.5,0.07855116500727408,4569.552290372927,4569.630841537934,0.118339,-0.09080450000000001,0.435,0.0,2140.0
29,CONTOUR,0.130294,-0.075225,0.435,0.145324,-0.038939,0.435,30.0,1070.0,False,38,0.015030000000000016,0.036286,0.0,0.039275624705407304,67.50020664541931,15.001200097750994,0.5,0.07855124941081461,4569.630841537934,4569.709392787346,0.13780900000000001,-0.057082,0.435,0.0,2140.0
29,CONTOUR,0.145324,-0.038939,0.435,0.15045,0.0,0.435,30.0,1070.0,False,39,0.005125999999999992,0.038939,0.0,0.03927494872052668,82.50060255756617,15.000395912146894,0.5,0.07854989744105335,4569.709392787346,4569.787942684787,0.147887,-0.0194695,0.435,0.0,2140.0
29,CONTOUR,0.15045,0.0,0.435,0.145324,0.038939,0.435,30.0,1070.0,False,40,-0.005125999999999992,0.038939,0.0,0.03927494872052668,97.49939744243383,14.998794884867625,0.5,0.07854989744105335,4569.787942684787,4569.866492582228,0.147887,0.0194695,0.435,0.0,2140.0
29,CONTOUR,0.145324,0.038939,0.435,0.130294,0.075225,0.435,30.0,1070.0,False,41,-0.015030000000000016,0.036286,0.0,0.039275624705407304,112.4997933545807,15.000395912146894,0.5,0.07855124941081461,4569.866492582228,4569.945043831639,0.13780900000000001,0.057082,0.435,0.0,2140.0
29,CONTOUR,0.130294,0.075225,0.435,0.106384,0.106384,0.435,30.0,1070.0,False,42,-0.023909999999999987,0.031159000000000006,0.0,0.03927558250363704,127.50099345233163,15.001200097750994,0.5,0.07855116500727408,4569.945043831639,4570.023594996646,0.118339,0.09080450000000001,0.435,0.0,2140.0
29,CONTOUR,0.106384,0.106384,0.435,0.075225,0.130294,0.435,30.0,1070.0,False,43,-0.031159000000000006,0.023909999999999987,0.0,0.03927558250363704,142.49900654766836,14.99801309533674,0.5,0.07855116500727408,4570.023594996646,4570.102146161654,0.09080450000000001,0.118339,0.435,0.0,2140.0
29,CONTOUR,0.075225,0.130294,0.435,0.038939,0.145324,0.435,30.0,1070.0,False,44,-0.036286,0.015030000000000016,0.0,0.039275624705407304,157.50020664541933,15.001200097750994,0.5,0.07855124941081461,4570.102146161654,4570.180697411065,0.057082,0.13780900000000001,0.435,0.0,2140.0
29,CONTOUR,0.038939,0.145324,0.435,0.0,0.15045,0.435,30.0,1070.0,False,45,-0.038939,0.005125999999999992,0.0,0.03927494872052668,172.50060255756617,15.000395912146894,0.5,0.07854989744105335,4570.180697411065,4570.259247308506,0.0194695,0.147887,0.435,0.0,2140.0
29,CONTOUR,0.0,0.15045,0.435,-0.038939,0.145324,0.435,30.0,1070.0,False,46,-0.038939,-0.005125999999999992,0.0,0.03927494872052668,-172.50060255756617,14.998794884867625,0.5,0.07854989744105335,4570.259247308506,4570.337797205947,-0.0194695,0.147887,0.435,0.0,2140.0
29,OTHER,-0.038939,0.145324,0.435,0.482092,0.397181,0.435,40.0,1070.0,False,49,0.521031,0.251857,0.0,0.5787099890359593,25.79828619291637,161.70111124951745,0.6666666666666666,0.8680649835539389,4570.337797205947,4571.205862189501,0.2215765,0.2712525,0.435,117.01964092694925,1605.0
29,CONTOUR,0.482092,0.397181,0.435,0.478778,0.401742,0.435,30.0,1070.0,False,52,-0.003314000000000039,0.004560999999999982,0.0,0.005637846840771759,126.00196936627601,100.20368317335965,0.5,0.011275693681543518,4571.205862189501,4571.217137883183,0.480435,0.3994615,0.435,7.523311556145018,2140.0
29,CONTOUR,0.478778,0.401742,0.435,0.422123,0.46041,0.435,30.0,1070.0,False,53,-0.056654999999999955,0.058668,0.0,0.08155809738462512,133.99998532453222,7.998015958256282,0.5,0.16311619476925024,4571.217137883183,4571.380254077952,0.4504505,0.431076,0.435,0.0,2140.0
29,CONTOUR,0.422123,0.46041,0.435,0.418207,0.464466,0.435,30.0,1070.0,False,54,-0.003916000000000031,0.004056000000000004,0.0,0.005637924440784948,133.99390558579978,0.006079738743271024,0.5,0.011275848881569897,4571.380254077952,4571.391529926833,0.420165,0.462438,0.435,0.0,2140.0
29,CONTOUR,0.418207,0.464466,0.435,0.353939,0.514677,0.435,30.0,1070.0,False,55,-0.06426799999999999,0.05021100000000006,0.0,0.08155685345205518,142.00036794560623,8.00646235980646,0.5,0.16311370690411037,4571.391529926833,4571.554643633737,0.386073,0.48957150000000005,0.435,0.0,2140.0
29,CONTOUR,0.353939,0.514677,0.435,0.349496,0.518148,0.435,30.0,1070.0,False,56,-0.00444300000000003,0.003471000000000002,0.0,0.005638092762628181,142.00201831787015,0.0016503720632311818,0.5,0.011276185525256362,4571.554643633737,4571.5659198192625,0.3517175,0.5164125,0.435,0.0,2140.0
29,CONTOUR,0.349496,0.518148,0.435,0.278865,0.558927,0.435,30.0,1070.0,False,57,-0.070631,0.0407789999999999,0.0,0.08155774029483646,149.99989466380288,7.997876345932671,0.5,0.16311548058967293,4571.5659198192625,4571.7290352998525,0.3141805,0.5385375,0.435,0.0,2140.0
29,CONTOUR,0.278865,0.558927,0.435,0.273982,0.561746,0.435,30.0,1070.0,False,58,-0.004882999999999971,0.002819000000000016,0.0,0.005638302049376195,150.0017720979898,0.0018774342709444634,0.5,0.01127660409875239,4571.7290352998525,4571.740311903951,0.2764235,0.5603365,0.435,0.0,2140.0
29,CONTOUR,0.273982,0.561746,0.435,0.198363,0.592298,0.435,30.0,1070.0,False,59,-0.07561899999999999,0.030552000000000024,0.0,0.08155769654054729,158.00003854211982,7.99826644412992,0.5,0.16311539308109457,4571.740311903951,4571.903427297032,0.2361725,0.5770219999999999,0.435,0.0,2140.0
29,CONTOUR,0.198363,0.592298,0.435,0.193136,0.59441,0.435,30.0,1070.0,False,60,-0.005227000000000009,0.0021120000000000028,0.0,0.005637559134944849,157.9985401843017,0.0014983576682363357,0.5,0.011275118269889698,4571.903427297032,4571.914702415302,0.19574950000000002,0.5933539999999999,0.435,0.0,2140.0
29,CONTOUR,0.193136,0.59441,0.435,0.114001,0.614141,0.435,30.0,1070.0,False,61,-0.079135,0.019731000000000054,0.0,0.08155771322198778,165.99970791619717,8.001167731895379,0.5,0.16311542644397556,4571.914702415302,4572.077817841746,0.1535685,0.6042755,0.435,0.0,2140.0
29,CONTOUR,0.114001,0.614141,0.435,0.10853,0.615505,0.435,30.0,1070.0,False,62,-0.005471000000000004,0.0013639999999999208,0.0,0.005638469384504967,166.00072472604512,0.0010168096446639212,0.5,0.011276938769009934,4572.077817841746,4572.089094780515,0.1112655,0.614823,0.435,0.0,2140.0
29,CONTOUR,0.10853,0.615505,0.435,0.02742,0.62403,0.435,30.0,1070.0,False,63,-0.08111,0.008525000000000005,0.0,0.08155677608267752,174.0000031596997,7.999278433654521,0.5,0.16311355216535503,4572.089094780515,4572.25220833268,0.06797500000000001,0.6197675,0.435,0.0,2140.0
29,CONTOUR,0.02742,0.62403,0.435,0.021812,0.624619,0.435,30.0,1070.0,False,64,-0.005607999999999998,0.0005890000000000617,0.0,0.005638846069897639,174.00429019457124,0.004287034848877646,0.5,0.011277692139795278,4572.25220833268,4572.26348602482,0.024616,0.6243245,0.435,0.0,2140.0
29,CONTOUR,0.021812,0.624619,0.435,-0.059695,0.621773,0.435,30.0,1070.0,False,65,-0.081507,-0.002846000000000015,0.0,0.08155667210596568,-178.00020161408668,7.995508191342018,0.5,0.16311334421193135,4572.26348602482,4572.4265993690315,-0.0189415,0.6231960000000001,0.435,0.0,2140.0
29,CONTOUR,-0.059695,0.621773,0.435,-0.06533,0.621576,0.435,30.0,1070.0,False,66,-0.005635000000000001,-0.00019700000000000273,0.0,0.0056384425154469755,-177.9977509360446,0.002450678245557861,0.5,0.011276885030893951,4572.4265993690315,4572.437876254063,-0.0625125,0.6216745,0.435,0.0,2140.0
29,CONTOUR,-0.06533,0.621576,0.435,-0.145649,0.607414,0.435,30.0,1070.0,False,67,-0.080319,-0.014162000000000008,0.0,0.08155797940729037,-170.0002814165497,7.997469519494896,0.5,0.16311595881458074,4572.437876254063,4572.600992212877,-0.1054895,0.614495,0.435,0.0,2140.0
29,CONTOUR,-0.145649,0.607414,0.435,-0.151201,0.606435,0.435,30.0,1070.0,False,68,-0.005552000000000001,-0.0009790000000000632,0.0,0.005637654210751147,-169.99967368680043,0.00060772973107456,0.5,0.011275308421502294,4572.600992212877,4572.612267521298,-0.148425,0.6069245,0.435,0.0,2140.0
29,CONTOUR,-0.151201,0.606435,0.435,-0.228767,0.581232,0.435,30.0,1070.0,False,69,-0.077566,-0.025202999999999975,0.0,0.08155780505261283,-161.99981369624203,7.999859990558482,0.5,0.16311561010522566,4572.612267521298,4572.775383131403,-0.189984,0.5938334999999999,0.435,0.0,2140.0
29,CONTOUR,-0.228767,0.581232,0.435,-0.234129,0.57949,0.435,30.0,1070.0,False,70,-0.005362000000000006,-0.0017420000000000213,0.0,0.005637872648437541,-162.00212066706104,0.0023069706460574365,0.5,0.011275745296875082,4572.775383131403,4572.7866588767,-0.231448,0.5803609999999999,0.435,0.0,2140.0
29,CONTOUR,-0.234129,0.57949,0.435,-0.307432,0.543738,0.435,30.0,1070.0,False,71,-0.07330299999999998,-0.035751999999999895,0.0,0.08155694521621067,-154.00016539527587,8.001955271785105,0.5,0.16311389043242133,4572.7866588767,4572.949772767132,-0.2707805,0.5616140000000001,0.435,0.0,2140.0
29,CONTOUR,-0.307432,0.543738,0.435,-0.3125,0.541266,0.435,30.0,1070.0,False,72,-0.005068000000000017,-0.0024720000000000297,0.0,0.005638741703607314,-153.99843610082854,0.0017292940199583947,0.5,0.011277483407214628,4572.949772767132,4572.961050250539,-0.30996599999999996,0.542502,0.435,0.0,2140.0
29,CONTOUR,-0.3125,0.541266,0.435,-0.380114,0.49566,0.435,30.0,1070.0,False,73,-0.06761400000000001,-0.045606000000000035,0.0,0.08155709798662532,-146.00012746679877,7.998308634029676,0.5,0.16311419597325064,4572.961050250539,4573.124164446513,-0.34630700000000003,0.518463,0.435,0.0,2140.0
29,CONTOUR,-0.380114,0.49566,0.435,-0.384788,0.492507,0.435,30.0,1070.0,False,74,-0.0046740000000000115,-0.003153000000000017,0.0,0.005638056846112871,-145.9970749219846,0.0030525449050318467,0.5,0.011276113692225743,4573.124164446513,4573.135440560205,-0.382451,0.4940835,0.435,0.0,2140.0
29,CONTOUR,-0.384788,0.492507,0.435,-0.445397,0.437934,0.435,30.0,1070.0,False,75,-0.06060899999999997,-0.05457299999999998,0.0,0.08155772930875402,-137.99978528239203,7.9972896395925455,0.5,0.16311545861750804,4573.135440560205,4573.298556018823,-0.4150925,0.4652205,0.435,0.0,2140.0
29,CONTOUR,-0.445397,0.437934,0.435,-0.449587,0.434161,0.435,30.0,1070.0,False,76,-0.004190000000000027,-0.003772999999999971,0.0,0.005638406601159587,-137.9976812441984,0.002104038152587704,0.5,0.011276813202319174,4573.298556018823,4573.309832832025,-0.447492,0.43604750000000003,0.435,0.0,2140.0
29,CONTOUR,-0.449587,0.434161,0.435,-0.502011,0.371685,0.435,30.0,1070.0,False,77,-0.05242399999999997,-0.06247600000000003,0.0,0.08155689027911744,-130.0002214242402,7.997459819958183,0.5,0.1631137805582349,4573.309832832025,4573.472946612583,-0.47579899999999997,0.40292300000000003,0.435,0.0,2140.0
29,CONTOUR,-0.502011,0.371685,0.435,-0.505636,0.367366,0.435,30.0,1070.0,False,78,-0.0036249999999999893,-0.004318999999999962,0.0,0.005638651079823932,-130.00722892177782,0.007007497557466374,0.5,0.011277302159647864,4573.472946612583,4573.484223914742,-0.5038235,0.3695255,0.435,0.0,2140.0
29,CONTOUR,-0.505636,0.367366,0.435,-0.548854,0.298201,0.435,30.0,1070.0,False,79,-0.04321799999999998,-0.06916500000000003,0.0,0.08155729733751604,-121.99935136794178,8.007877553836048,0.5,0.1631145946750321,4573.484223914742,4573.647338509417,-0.527245,0.3327835,0.435,0.0,2140.0
29,CONTOUR,-0.548854,0.298201,0.435,-0.551842,0.29342,0.435,30.0,1070.0,False,80,-0.0029880000000001017,-0.00478099999999998,0.0,0.0056379167251743275,-122.0043059767634,0.004954608762201433,0.5,0.011275833450348655,4573.647338509417,4573.658614342868,-0.5503480000000001,0.2958105,0.435,0.0,2140.0
29,CONTOUR,-0.551842,0.29342,0.435,-0.585015,0.218913,0.435,30.0,1070.0,False,81,-0.0331729999999999,-0.07450700000000002,0.0,0.08155820607394448,-114.0002222759339,8.004083700829442,0.5,0.16311641214788897,4573.658614342868,4573.821730755016,-0.5684285,0.2561665,0.435,0.0,2140.0
29,CONTOUR,-0.585015,0.218913,0.435,-0.587308,0.213763,0.435,30.0,1070.0,False,82,-0.0022930000000001005,-0.005149999999999988,0.0,0.005637406229818846,-114.00067102004165,0.0004487439482719904,0.5,0.011274812459637693,4573.821730755016,4573.833005567475,-0.5861615,0.216338,0.435,0.0,2140.0
29,CONTOUR,-0.587308,0.213763,0.435,-0.609788,0.135365,0.435,30.0,1070.0,False,83,-0.022479999999999944,-0.078398,0.0,0.08155732219733552,-105.99982121061086,8.000849809430857,0.5,0.16311464439467105,4573.833005567475,4573.996120211869,-0.5985480000000001,0.174564,0.435,0.0,2140.0
29,CONTOUR,-0.609788,0.135365,0.435,-0.611342,0.129945,0.435,30.0,1070.0,False,84,-0.0015540000000000553,-0.005420000000000008,0.0,0.005638378845022766,-105.99843719403215,0.001384016325774483,0.5,0.011276757690045531,4573.996120211869,4574.0073969695595,-0.610565,0.13265500000000002,0.435,0.0,2140.0
29,CONTOUR,-0.611342,0.129945,0.435,-0.622693,0.049181,0.435,30.0,1070.0,False,85,-0.011351,-0.080764,0.0,0.08155776417362115,-98.000250463288,7.998186730744164,0.5,0.1631155283472423,4574.0073969695595,4574.170512497907,-0.6170175,0.089563,0.435,0.0,2140.0
29,CONTOUR,-0.622693,0.049181,0.435,-0.623478,0.043598,0.435,30.0,1070.0,False,86,-0.0007849999999999246,-0.005583000000000005,0.0,0.005637917523341392,-98.0036281553912,0.003377692238593842,0.5,0.011275835046682784,4574.170512497907,4574.181788332954,-0.6230855,0.0463895,0.435,0.0,2140.0
29,CONTOUR,-0.623478,0.043598,0.435,-0.623478,-0.03796,0.435,30.0,1070.0,False,87,0.0,-0.08155799999999999,0.0,0.08155799999999999,-90.0,8.003628155391192,0.5,0.16311599999999998,4574.181788332954,4574.344904332954,-0.623478,0.0028189999999999986,0.435,0.0,2140.0
29,CONTOUR,-0.623478,-0.03796,0.435,-0.623478,-0.043598,0.435,30.0,1070.0,False,88,0.0,-0.005637999999999997,0.0,0.005637999999999997,-90.0,0.0,0.5,0.011275999999999994,4574.344904332954,4574.356180332954,-0.623478,-0.040778999999999996,0.435,0.0,2140.0
29,CONTOUR,-0.623478,-0.043598,0.435,-0.612127,-0.124361,0.435,30.0,1070.0,False,89,0.011351,-0.080763,0.0,0.08155677390627955,-81.99965176090565,8.00034823909441,0.5,0.1631135478125591,4574.356180332954,4574.519293880767,-0.6178025,-0.0839795,0.435,0.0,2140.0
29,CONTOUR,-0.612127,-0.124361,0.435,-0.611342,-0.129945,0.435,30.0,1070.0,False,90,0.0007849999999999246,-0.005584000000000006,0.0,0.00563890778431426,-81.99778659094677,0.001865170290561034,0.5,0.01127781556862852,4574.519293880767,4574.530571696336,-0.6117345000000001,-0.12715300000000002,0.435,0.0,2140.0
29,CONTOUR,-0.611342,-0.129945,0.435,-0.588862,-0.208343,0.435,30.0,1070.0,False,91,0.022480000000000055,-0.078398,0.0,0.08155732219733555,-74.00017878938907,7.9976078015577965,0.5,0.1631146443946711,4574.530571696336,4574.69368634073,-0.600102,-0.16914400000000002,0.435,0.0,2140.0
29,CONTOUR,-0.588862,-0.208343,0.435,-0.587308,-0.213763,0.435,30.0,1070.0,False,92,0.0015539999999999443,-0.005420000000000008,0.0,0.005638378845022735,-74.00156280596894,0.001384016589112912,0.5,0.01127675769004547,4574.69368634073,4574.70496309842,-0.588085,-0.211053,0.435,0.0,2140.0
29,CONTOUR,-0.587308,-0.213763,0.435,-0.554136,-0.288269,0.435,30.0,1070.0,False,93,0.03317200000000009,-0.07450599999999999,0.0,0.08155688579145237,-66.00013376650612,8.00142903946284,0.5,0.16311377158290474,4574.70496309842,4574.868076870003,-0.570722,-0.251016,0.435,0.0,2140.0
29,CONTOUR,-0.554136,-0.288269,0.435,-0.551842,-0.29342,0.435,30.0,1070.0,False,94,0.0022939999999999072,-0.005151000000000017,0.0,0.00563872654062952,-65.99417939166463,0.005954374905941164,0.5,0.01127745308125904,4574.868076870003,4574.879354323085,-0.552989,-0.2908445,0.435,0.0,2140.0
29,CONTOUR,-0.551842,-0.29342,0.435,-0.508623,-0.362584,0.435,30.0,1070.0,False,95,0.04321900000000001,-0.069164,0.0,0.08155697920472534,-57.999680578698715,7.994498812965913,0.5,0.16311395840945067,4574.879354323085,4575.042468281495,-0.5302325000000001,-0.328002,0.435,0.0,2140.0
29,CONTOUR,-0.508623,-0.362584,0.435,-0.505636,-0.367366,0.435,30.0,1070.0,False,96,0.002987000000000073,-0.0047820000000000085,0.0,0.005638234918837678,-58.009697179475104,0.0100166007286785,0.5,0.011276469837675355,4575.042468281495,4575.0537447513325,-0.5071295,-0.36497500000000005,0.435,0.0,2140.0
29,CONTOUR,-0.505636,-0.367366,0.435,-0.453212,-0.429842,0.435,30.0,1070.0,False,97,0.05242399999999997,-0.062475999999999976,0.0,0.0815568902791174,-49.99977857575977,8.009918603715347,0.5,0.1631137805582348,4575.0537447513325,4575.2168585318905,-0.47942399999999996,-0.398604,0.435,0.0,2140.0
29,CONTOUR,-0.453212,-0.429842,0.435,-0.449587,-0.434161,0.435,30.0,1070.0,False,98,0.0036249999999999893,-0.004319000000000017,0.0,0.005638651079823974,-49.992771078222525,0.007007497505455692,0.5,0.011277302159647949,4575.2168585318905,4575.22813583405,-0.4513995,-0.43200150000000004,0.435,0.0,2140.0
29,CONTOUR,-0.449587,-0.434161,0.435,-0.388978,-0.488734,0.435,30.0,1070.0,False,99,0.060609000000000024,-0.05457299999999998,0.0,0.08155772930875406,-42.00021471760796,7.992556360614567,0.5,0.16311545861750812,4575.22813583405,4575.391251292667,-0.4192825,-0.4614475,0.435,0.0,2140.0
29,CONTOUR,-0.388978,-0.488734,0.435,-0.384788,-0.492507,0.435,30.0,1070.0,False,100,0.0041899999999999715,-0.003772999999999971,0.0,0.005638406601159546,-42.002318755801994,0.0021040383258092324,0.5,0.011276813202319092,4575.391251292667,4575.402528105869,-0.386883,-0.4906205,0.435,0.0,2140.0
29,CONTOUR,-0.384788,-0.492507,0.435,-0.317174,-0.538113,0.435,30.0,1070.0,False,101,0.06761400000000001,-0.04560599999999998,0.0,0.08155709798662529,-33.999872533201184,8.002446222600781,0.5,0.16311419597325058,4575.402528105869,4575.565642301843,-0.350981,-0.5153099999999999,0.435,0.0,2140.0
29,CONTOUR,-0.317174,-0.538113,0.435,-0.3125,-0.541266,0.435,30.0,1070.0,False,102,0.0046740000000000115,-0.0031530000000000724,0.0,0.005638056846112902,-34.00292507801588,0.0030525449050318467,0.5,0.011276113692225804,4575.565642301843,4575.576918415535,-0.31483700000000003,-0.5396894999999999,0.435,0.0,2140.0
29,CONTOUR,-0.3125,-0.541266,0.435,-0.239197,-0.577018,0.435,30.0,1070.0,False,103,0.07330300000000001,-0.035752000000000006,0.0,0.08155694521621075,-25.999834604724185,8.00309047329166,0.5,0.1631138904324215,4575.576918415535,4575.740032305967,-0.2758485,-0.559142,0.435,0.0,2140.0
29,CONTOUR,-0.239197,-0.577018,0.435,-0.234129,-0.57949,0.435,30.0,1070.0,False,104,0.005067999999999989,-0.0024719999999999187,0.0,0.005638741703607241,-26.001563899170595,0.0017292944414768537,0.5,0.011277483407214482,4575.740032305967,4575.751309789374,-0.236663,-0.578254,0.435,0.0,2140.0
29,CONTOUR,-0.234129,-0.57949,0.435,-0.156564,-0.604693,0.435,30.0,1070.0,False,105,0.077565,-0.025203000000000086,0.0,0.08155685399768682,-18.000403398286522,8.001160500884149,0.5,0.16311370799537364,4575.751309789374,4575.91442349737,-0.1953465,-0.5920915,0.435,0.0,2140.0
29,CONTOUR,-0.156564,-0.604693,0.435,-0.151201,-0.606435,0.435,30.0,1070.0,False,106,0.005363000000000007,-0.0017419999999999103,0.0,0.0056388237248560765,-17.994739785833442,0.005663612492044638,0.5,0.011277647449712153,4575.91442349737,4575.92570114482,-0.1538825,-0.605564,0.435,0.0,2140.0
29,CONTOUR,-0.151201,-0.606435,0.435,-0.070883,-0.620597,0.435,30.0,1070.0,False,107,0.080318,-0.014162000000000008,0.0,0.08155699459886932,-9.999840572135733,7.994899213697637,0.5,0.16311398919773865,4575.92570114482,4576.088815134018,-0.111042,-0.613516,0.435,0.0,2140.0
29,CONTOUR,-0.070883,-0.620597,0.435,-0.06533,-0.621576,0.435,30.0,1070.0,False,108,0.005553000000000002,-0.0009790000000000632,0.0,0.005638639020189193,-9.998561768772785,0.0012788033034919276,0.5,0.011277278040378386,4576.088815134018,4576.100092412058,-0.0681065,-0.6210865,0.435,0.0,2140.0
29,CONTOUR,-0.06533,-0.621576,0.435,0.016177,-0.624422,0.435,30.0,1070.0,False,109,0.081507,-0.002846000000000015,0.0,0.08155667210596568,-1.999798385913337,7.998763382859438,0.5,0.16311334421193135,4576.100092412058,4576.26320575627,-0.0245765,-0.6229990000000001,0.435,0.0,2140.0
29,CONTOUR,0.016177,-0.624422,0.435,0.021812,-0.624619,0.435,30.0,1070.0,False,110,0.005635000000000001,-0.00019700000000000273,0.0,0.0056384425154469755,-2.0022490639554062,0.002450678245557861,0.5,0.011276885030893951,4576.26320575627,4576.274482641301,0.0189945,-0.6245205,0.435,0.0,2140.0
29,CONTOUR,0.021812,-0.624619,0.435,0.102923,-0.616094,0.435,30.0,1070.0,False,111,0.081111,0.008525000000000005,0.0,0.08155777060464564,5.99992340724055,8.002172471195992,0.5,0.16311554120929128,4576.274482641301,4576.437598182511,0.0623675,-0.6203565,0.435,0.0,2140.0
29,CONTOUR,0.102923,-0.616094,0.435,0.10853,-0.615505,0.435,30.0,1070.0,False,112,0.005607000000000001,0.0005890000000000617,0.0,0.005637851541145801,5.996771339779486,0.0031520674361688043,0.5,0.011275703082291602,4576.437598182511,4576.448873885593,0.1057265,-0.6157995,0.435,0.0,2140.0
29,CONTOUR,0.10853,-0.615505,0.435,0.187665,-0.595774,0.435,30.0,1070.0,False,113,0.079135,0.019730999999999943,0.0,0.08155771322198777,14.000292083802767,8.003520744023264,0.5,0.16311542644397553,4576.448873885593,4576.611989312037,0.1480975,-0.6056395,0.435,0.0,2140.0
29,CONTOUR,0.187665,-0.595774,0.435,0.193136,-0.59441,0.435,30.0,1070.0,False,114,0.005471000000000004,0.0013640000000000319,0.0,0.005638469384504994,13.99927527395596,0.0010168103615426272,0.5,0.011276938769009988,4576.611989312037,4576.6232662508055,0.1904005,-0.595092,0.435,0.0,2140.0
29,CONTOUR,0.193136,-0.59441,0.435,0.268754,-0.563858,0.435,30.0,1070.0,False,115,0.07561799999999999,0.030552000000000024,0.0,0.08155676935730105,22.00022462844488,8.000949354488942,0.5,0.1631135387146021,4576.6232662508055,4576.78637978952,0.230945,-0.579134,0.435,0.0,2140.0
29,CONTOUR,0.268754,-0.563858,0.435,0.273982,-0.561746,0.435,30.0,1070.0,False,116,0.00522800000000001,0.0021120000000000028,0.0,0.005638486321700189,21.99765299076652,0.002571637794719596,0.5,0.011276972643400378,4576.78637978952,4576.797656762164,0.271368,-0.562802,0.435,0.0,2140.0
29,CONTOUR,0.273982,-0.561746,0.435,0.344613,-0.520968,0.435,30.0,1070.0,False,117,0.070631,0.04077799999999998,0.0,0.08155724029784234,29.999496934689983,8.001843943923502,0.5,0.16311448059568467,4576.797656762164,4576.96077124276,0.3092975,-0.541357,0.435,0.0,2140.0
29,CONTOUR,0.344613,-0.520968,0.435,0.349496,-0.518148,0.435,30.0,1070.0,False,118,0.004882999999999971,0.0028199999999999337,0.0,0.005638802089096525,30.00702772970768,0.007530795037779644,0.5,0.01127760417819305,4576.96077124276,4576.9720488469375,0.3470545,-0.519558,0.435,0.0,2140.0
29,CONTOUR,0.349496,-0.518148,0.435,0.413764,-0.467937,0.435,30.0,1070.0,False,119,0.06426800000000005,0.05021100000000006,0.0,0.08155685345205523,37.99963205439375,7.992604324686109,0.5,0.16311370690411045,4576.9720488469375,4577.135162553842,0.38163,-0.49304250000000005,0.435,0.0,2140.0
29,CONTOUR,0.413764,-0.467937,0.435,0.418207,-0.464466,0.435,30.0,1070.0,False,120,0.004442999999999975,0.003471000000000002,0.0,0.0056380927626281385,37.99798168213022,0.0016503725049069457,0.5,0.011276185525256277,4577.135162553842,4577.146438739367,0.4159855,-0.4662015,0.435,0.0,2140.0
29,CONTOUR,0.418207,-0.464466,0.435,0.474861,-0.405798,0.435,30.0,1070.0,False,121,0.05665399999999998,0.058668,0.0,0.08155740272961123,46.00052002683271,8.002538344702547,0.5,0.16311480545922247,4577.146438739367,4577.3095535448265,0.446534,-0.43513199999999996,0.435,0.0,2140.0
29,CONTOUR,0.474861,-0.405798,0.435,0.478778,-0.401742,0.435,30.0,1070.0,False,122,0.003917000000000004,0.004056000000000004,0.0,0.005638619068530882,45.998784225746704,0.0017358009830840322,0.5,0.011277238137061763,4577.3095535448265,4577.320830782964,0.47681949999999995,-0.40376999999999996,0.435,0.0,2140.0
29,CONTOUR,0.478778,-0.401742,0.435,0.526716,-0.335761,0.435,30.0,1070.0,False,123,0.04793799999999998,0.06598100000000001,0.0,0.08155699973025,54.00000144380241,8.001217218055698,0.5,0.1631139994605,4577.320830782964,4577.483944782424,0.5027469999999999,-0.3687515,0.435,0.0,2140.0
29,CONTOUR,0.526716,-0.335761,0.435,0.53003,-0.3312,0.435,30.0,1070.0,False,124,0.003314000000000039,0.004560999999999982,0.0,0.005637846840771759,53.998030633723985,0.001970810112124053,0.5,0.011275693681543518,4577.483944782424,4577.495220476106,0.528373,-0.33348049999999996,0.435,0.0,2140.0
29,CONTOUR,0.53003,-0.3312,0.435,0.568319,-0.259189,0.435,30.0,1070.0,False,125,0.03828900000000002,0.07201099999999999,0.0,0.08155753577689802,61.99995526691403,8.001924633190129,0.5,0.16311507155379604,4577.495220476106,4577.65833554766,0.5491745,-0.2951945,0.435,0.0,2140.0
29,CONTOUR,0.568319,-0.259189,0.435,0.570966,-0.25421,0.435,30.0,1070.0,False,126,0.002646999999999955,0.004979000000000011,0.0,0.005638887301587067,62.003420469045444,0.0034652020858364557,0.5,0.011277774603174135,4577.65833554766,4577.669613322263,0.5696425,-0.25669949999999997,0.435,0.0,2140.0
29,CONTOUR,0.570966,-0.25421,0.435,0.59886,-0.177572,0.435,30.0,1070.0,False,127,0.027893999999999974,0.07663799999999998,0.0,0.08155647294972973,69.99996752910741,7.996547060062044,0.5,0.16311294589945946,4577.669613322263,4577.832726268162,0.584913,-0.215891,0.435,0.0,2140.0
29,CONTOUR,0.59886,-0.177572,0.435,0.600789,-0.172273,0.435,30.0,1070.0,False,128,0.0019290000000000695,0.005298999999999998,0.0,0.005639188062123859,69.99692828038003,0.0030392486714419646,0.5,0.011278376124247718,4577.832726268162,4577.8440046442865,0.5998245,-0.1749225,0.435,0.0,2140.0
29,CONTOUR,0.600789,-0.172273,0.435,0.617745,-0.092498,0.435,30.0,1070.0,False,129,0.01695599999999997,0.07977500000000001,0.0,0.08155707548091705,78.00048081913322,8.003552538753135,0.5,0.1631141509618341,4577.8440046442865,4578.007118795248,0.609267,-0.1323855,0.435,0.0,2140.0
29,CONTOUR,0.617745,-0.092498,0.435,0.618918,-0.086983,0.435,30.0,1070.0,False,130,0.0011729999999999796,0.005514999999999992,0.0,0.005638364479173005,77.99253962462987,0.00794119450999355,0.5,0.01127672895834601,4578.007118795248,4578.018395524206,0.6183315,-0.0897405,0.435,0.0,2140.0
29,CONTOUR,0.618918,-0.086983,0.435,0.624607,-0.005625,0.435,30.0,1070.0,False,131,0.005689000000000055,0.081358,0.0,0.08155666058023711,86.00007398240841,8.007534357778672,0.5,0.16311332116047422,4578.018395524206,4578.181508845367,0.6217625,-0.046304000000000005,0.435,0.0,2140.0
29,CONTOUR,0.624607,-0.005625,0.435,0.625,0.0,0.435,30.0,1070.0,False,132,0.0003929999999999767,0.005625,0.0,0.0056387120869929135,86.00342931640895,0.0033553340147921508,0.5,0.011277424173985827,4578.181508845367,4578.192786269541,0.6248035000000001,-0.0028125,0.435,0.0,2140.0
29,CONTOUR,0.625,0.0,0.435,0.619311,0.081359,0.435,30.0,1070.0,False,133,-0.005689000000000055,0.081359,0.0,0.08155765814440727,93.99987701326965,7.996447696860708,0.5,0.16311531628881454,4578.192786269541,4578.35590158583,0.6221555,0.0406795,0.435,0.0,2140.0
29,CONTOUR,0.619311,0.081359,0.435,0.618918,0.086983,0.435,30.0,1070.0,False,134,-0.0003929999999999767,0.005624000000000004,0.0,0.005637714519200136,93.99727900795828,0.002598005288929423,0.5,0.011275429038400273,4578.35590158583,4578.3671770148685,0.6191145,0.084171,0.435,0.0,2140.0
29,CONTOUR,0.618918,0.086983,0.435,0.601961,0.166758,0.435,30.0,1070.0,False,135,-0.016957,0.07977499999999998,0.0,0.08155728339026502,102.0002063522254,8.00292734426709,0.5,0.16311456678053005,4578.3671770148685,4578.530291581649,0.6104395,0.1268705,0.435,0.0,2140.0
29,CONTOUR,0.601961,0.166758,0.435,0.600789,0.172273,0.435,30.0,1070.0,False,136,-0.0011719999999999509,0.00551500000000002,0.0,0.005638156524964529,101.99752057009451,0.002685782187331051,0.5,0.011276313049929059,4578.530291581649,4578.541567894699,0.601375,0.16951549999999999,0.435,0.0,2140.0
29,CONTOUR,0.600789,0.172273,0.435,0.572894,0.248912,0.435,30.0,1070.0,False,137,-0.027895000000000003,0.07663899999999998,0.0,0.08155775466502249,110.00045234597393,8.002931775879357,0.5,0.16311550933004498,4578.541567894699,4578.704683404029,0.5868415,0.21059250000000002,0.435,0.0,2140.0
29,CONTOUR,0.572894,0.248912,0.435,0.570966,0.25421,0.435,30.0,1070.0,False,138,-0.0019280000000000408,0.005297999999999997,0.0,0.00563790634899163,109.9969985124178,0.003453833626547665,0.5,0.01127581269798326,4578.704683404029,4578.715959216727,0.57193,0.251561,0.435,0.0,2140.0
29,CONTOUR,0.570966,0.25421,0.435,0.532677,0.326221,0.435,30.0,1070.0,False,139,-0.03828900000000002,0.07201099999999999,0.0,0.08155753577689802,118.00004473308599,8.003046220668185,0.5,0.16311507155379604,4578.715959216727,4578.879074288281,0.5518215,0.29021549999999996,0.435,0.0,2140.0
29,CONTOUR,0.532677,0.326221,0.435,0.53003,0.3312,0.435,30.0,1070.0,False,140,-0.002646999999999955,0.004979000000000011,0.0,0.005638887301587067,117.99657953095458,0.0034652020858364557,0.5,0.011277774603174135,4578.879074288281,4578.890352062885,0.5313535,0.3287105,0.435,0.0,2140.0
29,CONTOUR,0.53003,0.3312,0.435,0.482092,0.397181,0.435,30.0,1070.0,False,141,-0.04793799999999998,0.06598100000000001,0.0,0.08155699973025,125.99999855619761,8.003419025243057,0.5,0.1631139994605,4578.890352062885,4579.053466062345,0.506061,0.3641905,0.435,0.0,2140.0
29,OTHER,0.482092,0.397181,0.435,0.574482,0.244551,0.435,40.0,1070.0,False,146,0.09239000000000003,-0.15263000000000002,0.0,0.1784147667655343,-58.81263949622004,175.1873619475825,0.6666666666666666,0.2676221501483015,4579.053466062345,4579.321088212493,0.5282870000000001,0.320866,0.435,0.0,1605.0
29,HATCH,0.574482,0.244551,0.435,0.245968,0.573065,0.435,30.0,1070.0,False,149,-0.3285140000000001,0.3285140000000001,0.0,0.4645889542294351,135.0,166.18736050377996,0.5,0.9291779084588702,4579.321088212493,4580.250266120952,0.410225,0.408808,0.435,7.766444578755909,2140.0
29,OTHER,0.245968,0.573065,0.435,0.150303,0.60509,0.435,40.0,1070.0,False,152,-0.095665,0.03202499999999997,0.0,0.10088306522900659,161.4914154907046,26.4914154907046,0.6666666666666666,0.15132459784350988,4580.250266120952,4580.401590718795,0.1981355,0.5890775,0.435,8.16117134043725,1605.0
29,HATCH,0.150303,0.60509,0.435,0.605558,0.149835,0.435,30.0,1070.0,False,155,0.4552550000000001,-0.455255,0.0,0.6438277953381635,-45.0,153.50858450929542,0.5,1.287655590676327,4580.401590718795,4581.689246309471,0.3779305,0.37746250000000003,0.435,0.15132459784308594,2140.0
29,OTHER,0.605558,0.149835,0.435,0.619981,0.071772,0.435,40.0,1070.0,False,158,0.014422999999999964,-0.078063,0.0,0.07938422323106777,-79.53202149580525,34.53202149580526,0.6666666666666666,0.11907633484660166,4581.689246309471,4581.808322644318,0.6127695,0.1108035,0.435,3.14767841477169,1605.0
29,HATCH,0.619981,0.071772,0.435,0.072457,0.619296,0.435,30.0,1070.0,False,161,-0.547524,0.5475239999999999,0.0,0.7743158665247665,135.0,145.46797850419475,0.5,1.548631733049533,4581.808322644318,4583.356954377367,0.346219,0.345534,0.435,0.11907633484679536,2140.0
29,OTHER,0.072457,0.619296,0.435,0.004113,0.624001,0.435,40.0,1070.0,False,164,-0.06834399999999999,0.00470500000000007,0.0,0.06850576151682425,176.06180532074356,41.061805320743545,0.6666666666666666,0.10275864227523637,4583.356954377367,4583.459713019643,0.038285,0.6216485,0.435,10.930355008335937,1605.0
29,HATCH,0.004113,0.624001,0.435,0.624766,0.003348,0.435,30.0,1070.0,False,167,0.620653,-0.620653,0.0,0.8777358901275486,-45.0,138.9381946792564,0.5,1.7554717802550972,4583.459713019643,4585.2151847998975,0.31443950000000004,0.3136745,0.435,0.1027586422751483,2140.0
29,OTHER,0.624766,0.003348,0.435,0.621044,-0.05657,0.435,40.0,1070.0,False,170,-0.003722000000000003,-0.059918,0.0,0.06003349071976408,-93.55454506036965,48.554545060369655,0.6666666666666666,0.09005023607964611,4585.2151847998975,4585.305235035978,0.622905,-0.026611000000000003,0.435,6.8592832140675455,1605.0
29,HATCH,0.621044,-0.05657,0.435,-0.05738,0.621854,0.435,30.0,1070.0,False,173,-0.678424,0.678424,0.0,0.9594364218394047,135.0,131.44545493963037,0.5,1.9188728436788094,4585.305235035978,4587.224107879656,0.281832,0.282642,0.435,0.09005023608006013,2140.0
29,OTHER,-0.05738,0.621854,0.435,-0.112436,0.61327,0.435,40.0,1070.0,False,176,-0.055055999999999994,-0.008584000000000036,0.0,0.05572116466837354,-171.1381355936024,53.86186440639759,0.6666666666666666,0.08358174700256031,4587.224107879656,4587.307689626658,-0.084908,0.6175619999999999,0.435,14.611840358357767,1605.0
29,HATCH,-0.112436,0.61327,0.435,0.613466,-0.112631,0.435,30.0,1070.0,False,179,0.7259019999999999,-0.725901,0.0,1.0265797462472168,-44.999960534742314,126.13817505886009,0.5,2.0531594924944336,4587.307689626658,4589.360849119153,0.250515,0.2503195,0.435,0.08358174700242671,2140.0
29,OTHER,0.613466,-0.112631,0.435,0.60231,-0.165115,0.435,40.0,1070.0,False,182,-0.011155999999999944,-0.05248400000000002,0.0,0.05365656149996942,-102.00018948852384,57.00022895378154,0.6666666666666666,0.08048484224995413,4589.360849119153,4589.441333961403,0.607888,-0.138873,0.435,11.179340273785783,1605.0
29,HATCH,0.60231,-0.165115,0.435,-0.164816,0.602011,0.435,30.0,1070.0,False,185,-0.767126,0.767126,0.0,1.084879993249023,135.0,122.99981051147617,0.5,2.169759986498046,4589.441333961403,4591.611093947901,0.21874700000000002,0.21844799999999998,0.435,0.080484842250371,2140.0
29,OTHER,-0.164816,0.602011,0.435,-0.212849,0.586404,0.435,40.0,1070.0,False,188,-0.04803300000000002,-0.015606999999999926,0.0,0.050504925878571486,-161.9998573315338,63.0001426684662,0.6666666666666666,0.07575738881785724,4591.611093947901,4591.686851336719,-0.18883250000000001,0.5942075,0.435,18.661321180768937,1605.0
29,HATCH,-0.212849,0.586404,0.435,0.586123,-0.212567,0.435,30.0,1070.0,False,191,0.798972,-0.7989710000000001,0.0,1.1299163312497966,-44.99996414404049,116.99989318749333,0.5,2.2598326624995932,4591.686851336719,4593.946683999218,0.18663699999999997,0.18691850000000002,0.435,0.07575738881769212,2140.0
29,OTHER,0.586123,-0.212567,0.435,0.568592,-0.258676,0.435,40.0,1070.0,False,194,-0.017530999999999963,-0.04610900000000001,0.0,0.04932925949170532,-110.81719248037389,65.8172283363334,0.6666666666666666,0.073993889237558,4593.946683999218,4594.020677888456,0.5773575,-0.2356215,0.435,16.10267935493175,1605.0
29,HATCH,0.568592,-0.258676,0.435,-0.257954,0.56787,0.435,30.0,1070.0,False,197,-0.826546,0.826546,0.0,1.1689125631252322,135.0,114.18280751962612,0.5,2.3378251262504643,4594.020677888456,4596.358503014706,0.15531899999999998,0.15459699999999998,0.435,0.07399388923749939,2140.0
29,OTHER,-0.257954,0.56787,0.435,-0.30073,0.547006,0.435,40.0,1070.0,False,200,-0.04277599999999998,-0.020863999999999994,0.0,0.047592989735884404,-153.99918762007496,71.00081237992505,0.6666666666666666,0.07138948460382662,4596.358503014706,4596.42989249931,-0.279342,0.557438,0.435,4.671651677987029,1605.0
29,HATCH,-0.30073,0.547006,0.435,0.5465,-0.300224,0.435,30.0,1070.0,False,203,0.8472299999999999,-0.8472299999999999,0.0,1.1981641564493573,-45.0,108.99918762007495,0.5,2.3963283128987145,4596.42989249931,4598.826220812209,0.122885,0.123391,0.435,0.07138948460396932,2140.0
29,OTHER,0.5465,-0.300224,0.435,0.523215,-0.340579,0.435,40.0,1070.0,False,206,-0.023285,-0.04035500000000003,0.0,0.04659095674055216,-119.98512175986875,74.98512175986875,0.6666666666666666,0.06988643511082825,4598.826220812209,4598.896107247319,0.5348575,-0.3204015,0.435,4.80554292375291,1605.0
29,HATCH,0.523215,-0.340579,0.435,0.14557,0.037066,0.435,30.0,1070.0,False,209,-0.377645,0.377645,0.0,0.5340706807623875,135.0,105.01487824013127,0.5,1.068141361524775,4598.896107247319,4599.964248608844,0.3343925,-0.15175650000000002,0.435,68.59066167703622,2140.0
29,OTHER,0.14557,0.037066,0.435,0.146791,-0.027794,0.435,40.0,1070.0,False,212,0.0012209999999999999,-0.06486,0.0,0.06487149174329199,-88.92152506224419,136.07847493775583,0.6666666666666666,0.09730723761493798,4599.964248608844,4600.061555846459,0.1461805,0.004636000000000001,0.435,29.94065361219782,1605.0
29,HATCH,0.146791,-0.027794,0.435,0.496435,-0.377439,0.435,30.0,1070.0,False,215,0.349644,-0.34964500000000004,0.0,0.49447199390966523,-45.00008193433547,43.92144312790871,0.5,0.9889439878193305,4600.061555846459,4601.0504998342785,0.32161300000000004,-0.2026165,0.435,0.09730723761458648,2140.0
29,OTHER,0.496435,-0.377439,0.435,0.468128,-0.412771,0.435,40.0,1070.0,False,218,-0.028307000000000027,-0.035331999999999975,0.0,0.045272911028561,-128.70072138034368,83.70063944600822,0.6666666666666666,0.0679093665428415,4601.0504998342785,4601.118409200822,0.48228150000000003,-0.39510500000000004,0.435,2.1543925869591476,1605.0
29,HATCH,0.468128,-0.412771,0.435,0.130378,-0.075021,0.435,30.0,1070.0,False,221,-0.33775,0.33775,0.0,0.4776506306915128,135.0,96.29927861965632,0.5,0.9553012613830256,4601.118409200822,4602.073710462205,0.299253,-0.243896,0.435,0.06790936654306279,2140.0
29,OTHER,0.130378,-0.075021,0.435,0.101698,-0.10998,0.435,40.0,1070.0,False,224,-0.028679999999999997,-0.03495899999999999,0.0,0.0452180725042543,-129.36509759678043,95.63490240321958,0.6666666666666666,0.06782710875638145,4602.073710462205,4602.141537570961,0.116038,-0.0925005,0.435,32.28576777741819,1605.0
29,HATCH,0.101698,-0.10998,0.435,0.436863,-0.445146,0.435,30.0,1070.0,False,227,0.335165,-0.33516599999999996,0.0,0.473995595740087,-45.000085473862185,84.36501212291824,0.5,0.947991191480174,4602.141537570961,4603.089528762442,0.2692805,-0.277563,0.435,0.06782710875631892,2140.0
29,OTHER,0.436863,-0.445146,0.435,0.4038,-0.475722,0.435,40.0,1070.0,False,230,-0.03306300000000001,-0.030575999999999992,0.0,0.04503391771764922,-137.2379693159657,92.2378838421035,0.6666666666666666,0.06755087657647384,4603.089528762442,4603.157079639018,0.42033149999999997,-0.460434,0.435,1.9711195616200712,1605.0
29,HATCH,0.4038,-0.475722,0.435,0.063308,-0.13523,0.435,30.0,1070.0,False,233,-0.340492,0.340492,0.0,0.4815284042795399,135.0,87.76203068403431,0.5,0.9630568085590798,4603.157079639018,4604.120136447577,0.23355399999999998,-0.30547599999999997,0.435,0.06755087657620606,2140.0
29,OTHER,0.063308,-0.13523,0.435,0.013156,-0.148718,0.435,40.0,1070.0,False,236,-0.050152,-0.013488,0.0,0.05193408560858658,-164.9469178084488,60.0530821915512,0.6666666666666666,0.07790112841287988,4604.120136447577,4604.19803757599,0.038232,-0.141974,0.435,1.9785988766161609,1605.0
29,HATCH,0.013156,-0.148718,0.435,0.368073,-0.503634,0.435,30.0,1070.0,False,239,0.354917,-0.354916,0.0,0.5019277278104887,-44.99991928273339,119.94699852571541,0.5,1.0038554556209773,4604.19803757599,4605.201893031612,0.1906145,-0.326176,0.435,0.07790112841303198,2140.0
29,OTHER,0.368073,-0.503634,0.435,0.330129,-0.52933,0.435,40.0,1070.0,False,242,-0.03794399999999998,-0.02569599999999994,0.0,0.04582610120880889,-145.8938081426255,100.89388885989209,0.6666666666666666,0.06873915181321334,4605.201893031612,4605.270632183425,0.349101,-0.516482,0.435,2.0448133925938237,1605.0
29,HATCH,0.330129,-0.52933,0.435,-0.064441,-0.134761,0.435,30.0,1070.0,False,245,-0.39457,0.39456899999999995,0.0,0.5580055381992189,135.00007260543393,79.1061192519406,0.5,1.1160110763984379,4605.270632183425,4606.386643259823,0.13284400000000002,-0.3320455,0.435,0.0687391518131335,2140.0
29,OTHER,-0.064441,-0.134761,0.435,-0.134761,-0.064441,0.435,40.0,1070.0,False,248,-0.07032,0.07032,0.0,0.09944749770607604,135.0,7.261092639907412e-05,0.6666666666666666,0.14917124655911407,4606.386643259823,4606.535814506383,-0.099601,-0.099601,0.435,37.07000519875601,1605.0
29,HATCH,-0.134761,-0.064441,0.435,-0.529068,0.329867,0.435,30.0,1070.0,False,251,-0.39430699999999996,0.394308,0.0,0.5576350142458775,134.99992734632298,7.265107065999805e-05,0.5,1.115270028491755,4606.535814506383,4607.651084534875,-0.3319145,0.13271300000000003,0.435,88.11276629206532,2140.0
29,OTHER,-0.529068,0.329867,0.435,-0.5044,0.368838,0.435,40.0,1070.0,False,254,0.024668000000000023,0.03897099999999998,0.0,0.04612211037019013,57.66686451042331,77.33306283589967,0.6666666666666666,0.0691831655552852,4607.651084534875,4607.72026770043,-0.516734,0.3493525,0.435,33.992470192007204,1605.0
29,HATCH,-0.5044,0.368838,0.435,-0.148718,0.013156,0.435,30.0,1070.0,False,257,0.35568199999999994,-0.355682,0.0,0.5030103082919871,-45.00000000000001,102.66686451042331,0.5,1.0060206165839742,4607.72026770043,4608.726288317013,-0.326559,0.190997,0.435,0.0691831655549322,2140.0
29,OTHER,-0.148718,0.013156,0.435,-0.13523,0.063308,0.435,40.0,1070.0,False,260,0.013488,0.050152,0.0,0.05193408560858658,74.9469178084488,119.94691780844883,0.6666666666666666,0.07790112841287988,4608.726288317013,4608.804189445426,-0.141974,0.038232,0.435,39.72385373281304,1605.0
29,HATCH,-0.13523,0.063308,0.435,-0.475364,0.403442,0.435,30.0,1070.0,False,263,-0.34013400000000005,0.34013400000000005,0.0,0.4810221158242104,135.0,60.0530821915512,0.5,0.9620442316484208,4608.804189445426,4609.7662336770745,-0.305297,0.233375,0.435,0.07790112841303198,2140.0
29,OTHER,-0.475364,0.403442,0.435,-0.445828,0.437546,0.435,40.0,1070.0,False,266,0.029536000000000007,0.03410399999999997,0.0,0.04511605160028965,49.10557850365607,85.89442149634392,0.6666666666666666,0.06767407740043448,4609.7662336770745,4609.833907754475,-0.460596,0.42049400000000003,0.435,2.0459659766447658,1605.0
29,HATCH,-0.445828,0.437546,0.435,-0.10998,0.101698,0.435,30.0,1070.0,False,269,0.33584800000000004,-0.335848,0.0,0.47496079649587924,-45.0,94.10557850365606,0.5,0.9499215929917585,4609.833907754475,4610.783829347467,-0.277904,0.269622,0.435,0.06767407740062481,2140.0
29,OTHER,-0.10998,0.101698,0.435,-0.075021,0.130378,0.435,40.0,1070.0,False,272,0.03495899999999999,0.028679999999999997,0.0,0.0452180725042543,39.365097596780416,84.36509759678042,0.6666666666666666,0.06782710875638145,4610.783829347467,4610.851656456223,-0.0925005,0.116038,0.435,1.979639902040617,1605.0
29,HATCH,-0.075021,0.130378,0.435,-0.412341,0.467698,0.435,30.0,1070.0,False,275,-0.33732,0.33732,0.0,0.47704251885969245,135.0,95.63490240321958,0.5,0.9540850377193849,4610.851656456223,4611.805741493943,-0.243681,0.299038,0.435,0.06782710875631892,2140.0
29,OTHER,-0.412341,0.467698,0.435,-0.378053,0.49705,0.435,40.0,1070.0,False,278,0.03428800000000004,0.02935199999999999,0.0,0.04513542785883393,40.564945051220555,94.43505494877945,0.6666666666666666,0.0677031417882509,4611.805741493943,4611.873444635731,-0.395197,0.48237399999999997,0.435,1.971833739467911,1605.0
29,HATCH,-0.378053,0.49705,0.435,-0.027794,0.146791,0.435,30.0,1070.0,False,281,0.350259,-0.350259,0.0,0.4953410281432379,-45.0,85.56494505122056,0.5,0.9906820562864758,4611.873444635731,4612.864126692018,-0.20292349999999998,0.3219205,0.435,0.06770314178811532,2140.0
29,OTHER,-0.027794,0.146791,0.435,0.037066,0.14557,0.435,40.0,1070.0,False,284,0.06486,-0.0012209999999999999,0.0,0.06487149174329199,-1.0784749377558251,43.92152506224417,0.6666666666666666,0.09730723761493798,4612.864126692018,4612.961433929632,0.004636000000000001,0.1461805,0.435,42.52632948607061,1605.0
29,HATCH,0.037066,0.14557,0.435,-0.340048,0.522685,0.435,30.0,1070.0,False,287,-0.377114,0.377115,0.0,0.5333204404680173,134.99992403397442,136.07839897173025,0.5,1.0666408809360346,4612.961433929632,4614.028074810568,-0.15149100000000001,0.33412749999999997,0.435,0.09730723761458648,2140.0
29,OTHER,-0.340048,0.522685,0.435,-0.553203,0.290363,0.435,40.0,1070.0,False,290,-0.21315499999999998,-0.23232199999999997,0.0,0.3152912395056354,-132.53632332201855,92.46375264400704,0.6666666666666666,0.47293685925845314,4614.028074810568,4614.501011669827,-0.4466255,0.406524,0.435,2.1546301748367114,1605.0
29,HATCH,-0.553203,0.290363,0.435,0.289783,-0.552624,0.435,30.0,1070.0,False,293,0.842986,-0.8429869999999999,0.0,1.1921629411976369,-45.00003398380609,87.53628933821246,0.5,2.3843258823952738,4614.501011669827,4616.885337552222,-0.13171,-0.1311305,0.435,7.965197163443918,2140.0
29,OTHER,0.289783,-0.552624,0.435,0.246407,-0.572887,0.435,40.0,1070.0,False,296,-0.043376000000000026,-0.02026300000000003,0.0,0.04787553179861299,-154.96047685878492,109.96044287497882,0.6666666666666666,0.07181329769791948,4616.885337552222,4616.95715084992,0.26809499999999997,-0.5627555,0.435,11.614705368797331,1605.0
29,HATCH,0.246407,-0.572887,0.435,-0.572809,0.246328,0.435,30.0,1070.0,False,299,-0.8192159999999999,0.819215,0.0,1.158545670606472,135.0000349699069,70.03948817130821,0.5,2.317091341212944,4616.95715084992,4619.274242191133,-0.163201,-0.16327950000000002,0.435,0.07181329769809963,2140.0
29,OTHER,-0.572809,0.246328,0.435,-0.591002,0.200881,0.435,40.0,1070.0,False,302,-0.018193000000000015,-0.04544699999999999,0.0,0.0489531925210195,-111.81684073138568,113.18312429870744,0.6666666666666666,0.07342978878152925,4619.274242191133,4619.347671979915,-0.5819055,0.22360449999999998,0.435,45.26684522157393,1605.0
29,HATCH,-0.591002,0.200881,0.435,0.20108,-0.5912,0.435,30.0,1070.0,False,305,0.7920820000000001,-0.7920809999999999,0.0,1.120172399805048,-44.99996383214384,66.81687689924186,0.5,2.240344799610096,4619.347671979915,4621.588016779525,-0.194961,-0.19515949999999999,0.435,0.07342978878114081,2140.0
29,OTHER,0.20108,-0.5912,0.435,0.151125,-0.604885,0.435,40.0,1070.0,False,308,-0.049955,-0.013685000000000058,0.0,0.051795571721914624,-164.67987832382576,119.67991449168193,0.6666666666666666,0.07769335758287194,4621.588016779525,4621.665710137107,0.1761025,-0.5980425,0.435,4.630865929604624,1605.0
29,HATCH,0.151125,-0.604885,0.435,-0.605183,0.151424,0.435,30.0,1070.0,False,311,-0.756308,0.756309,0.0,1.0695817380382857,134.99996212142298,60.32015955475125,0.5,2.1391634760765714,4621.665710137107,4623.804873613184,-0.227029,-0.2267305,0.435,0.07769335758257512,2140.0
29,OTHER,-0.605183,0.151424,0.435,-0.615779,0.098379,0.435,40.0,1070.0,False,314,-0.010595999999999939,-0.05304500000000001,0.0,0.05409295001199324,-101.29643014606323,123.70360773251377,0.6666666666666666,0.08113942501798986,4623.804873613184,4623.886013038202,-0.610481,0.1249015,0.435,49.62308528023004,1605.0
29,HATCH,-0.615779,0.098379,0.435,0.099097,-0.616496,0.435,30.0,1070.0,False,317,0.714876,-0.714875,0.0,1.0109866275084949,-44.99995992604341,56.29647022001982,0.5,2.0219732550169898,4623.886013038202,4625.9079862932185,-0.258341,-0.2590585,0.435,0.08113942501768179,2140.0
29,OTHER,0.099097,-0.616496,0.435,0.04151,-0.622549,0.435,40.0,1070.0,False,320,-0.057587000000000006,-0.006052999999999975,0.0,0.05790424317785356,-173.9996433688441,128.9996834428007,0.6666666666666666,0.08685636476678034,4625.9079862932185,4625.994842657985,0.0703035,-0.6195225,0.435,49.295996981181815,1605.0
29,HATCH,0.04151,-0.622549,0.435,-0.623478,0.042439,0.435,30.0,1070.0,False,323,-0.664988,0.664988,0.0,0.9404350484153597,135.0,51.0003566311559,0.5,1.8808700968307195,4625.994842657985,4627.875712754816,-0.29098399999999996,-0.290055,0.435,0.08685636476639047,2140.0
29,OTHER,-0.623478,0.042439,0.435,-0.623478,-0.021201,0.435,40.0,1070.0,False,326,0.0,-0.06364,0.0,0.06364,-90.0,135.0,0.6666666666666666,0.09546,4627.875712754816,4627.971172754816,-0.623478,0.010618999999999998,0.435,53.35641887404927,1605.0
29,HATCH,-0.623478,-0.021201,0.435,-0.021574,-0.623104,0.435,30.0,1070.0,False,329,0.601904,-0.601903,0.0,0.8512200929401279,-44.999952404513756,45.000047595486244,0.5,1.7024401858802558,4627.971172754816,4629.673612940695,-0.322526,-0.3221525,0.435,0.09545999999954802,2140.0
29,OTHER,-0.021574,-0.623104,0.435,-0.091326,-0.616993,0.435,40.0,1070.0,False,332,-0.06975200000000001,0.0061109999999999776,0.0,0.0700191818361226,174.99307857592925,140.006969019557,0.6666666666666666,0.1050287727541839,4629.673612940695,4629.778641713449,-0.05645,-0.6200485,0.435,53.39913029939453,1605.0
29,HATCH,-0.091326,-0.616993,0.435,-0.616733,-0.091585,0.435,30.0,1070.0,False,335,-0.525407,0.525408,0.0,0.7430384122728784,134.9999454749128,39.99313310101645,0.5,1.4860768245457567,4629.778641713449,4631.264718537995,-0.3540295,-0.354289,0.435,0.10502877275393985,2140.0
29,OTHER,-0.616733,-0.091585,0.435,-0.599012,-0.172946,0.435,40.0,1070.0,False,338,0.017720999999999987,-0.08136099999999999,0.0,0.0832685184328387,-77.71248228916565,147.28757223592157,0.6666666666666666,0.12490277764925804,4631.264718537995,4631.389621315644,-0.6078725,-0.13226549999999998,0.435,56.559755439574474,1605.0
29,HATCH,-0.599012,-0.172946,0.435,-0.172416,-0.599542,0.435,30.0,1070.0,False,341,0.426596,-0.42659600000000003,0.0,0.6032978488541129,-45.00000000000001,32.712482289165635,0.5,1.2065956977082257,4631.389621315644,4632.5962170133525,-0.385714,-0.38624400000000003,0.435,0.12490277764936764,2140.0
29,OTHER,-0.172416,-0.599542,0.435,-0.277033,-0.558564,0.435,40.0,1070.0,False,344,-0.10461699999999996,0.04097800000000007,0.0,0.11235618885045895,158.60994873517635,156.39005126482368,0.6666666666666666,0.16853428327568842,4632.5962170133525,4632.764751296629,-0.2247245,-0.579053,0.435,56.670515868532675,1605.0
29,HATCH,-0.277033,-0.558564,0.435,-0.559599,-0.275999,0.435,30.0,1070.0,False,347,-0.282566,0.28256499999999996,0.0,0.39960796235936036,135.00010138495236,23.60984735022397,0.5,0.7992159247187207,4632.764751296629,4633.563967221347,-0.41831599999999997,-0.41728149999999997,0.435,0.16853428327613074,2140.0
29,OTHER,-0.559599,-0.275999,0.435,-0.559599,-0.275999,0.45,40.0,1070.0,False,350,0.0,0.0,0.015000000000000013,0.015000000000000013,0.0,,0.6666666666666666,0.02250000000000002,4633.563967221347,4633.586467221347,-0.559599,-0.275999,0.4425,58.52149893985279,1605.0
