Change Timestamp,Variable,New Value
2026-03-20T19:12:22Z,xpostn,10.4666
2026-03-20T19:12:22Z,ypostn,7.1165
2026-03-20T19:12:22Z,zpostn,-0.38785
2026-03-20T19:12:22Z,xlod,1
2026-03-20T19:12:22Z,ylod,5
2026-03-20T19:12:22Z,zlod,58
2026-03-20T19:12:22Z,fact,0
2026-03-20T19:12:22Z,toolnum,6
2026-03-20T19:12:22Z,program,CDSDRYRUN
2026-03-20T19:12:23Z,xpostn,10.4666
2026-03-20T19:12:23Z,ypostn,7.1165
2026-03-20T19:12:23Z,zpostn,-0.38785
2026-03-20T19:12:23Z,xlod,1
2026-03-20T19:12:23Z,ylod,5
2026-03-20T19:12:23Z,zlod,58
2026-03-20T19:12:23Z,fact,0
2026-03-20T19:12:23Z,toolnum,6
2026-03-20T19:12:23Z,program,CDSDRYRUN
2026-03-20T19:12:24Z,xpostn,10.4666
2026-03-20T19:12:24Z,ypostn,7.1165
2026-03-20T19:12:24Z,zpostn,-0.38785
2026-03-20T19:12:24Z,xlod,1
2026-03-20T19:12:24Z,ylod,5
2026-03-20T19:12:24Z,zlod,58
2026-03-20T19:12:24Z,fact,0
2026-03-20T19:12:24Z,toolnum,6
2026-03-20T19:12:24Z,program,CDSDRYRUN
2026-03-20T19:12:25Z,xpostn,10.4666
2026-03-20T19:12:25Z,ypostn,7.1165
2026-03-20T19:12:25Z,zpostn,-0.38785
2026-03-20T19:12:25Z,xlod,1
2026-03-20T19:12:25Z,ylod,5
2026-03-20T19:12:25Z,zlod,58
2026-03-20T19:12:25Z,fact,0
2026-03-20T19:12:25Z,toolnum,6
2026-03-20T19:12:25Z,program,CDSDRYRUN
2026-03-20T19:12:26Z,xpostn,10.4666
2026-03-20T19:12:26Z,ypostn,7.1165
2026-03-20T19:12:26Z,zpostn,-0.38785
2026-03-20T19:12:26Z,xlod,1
2026-03-20T19:12:26Z,ylod,5
2026-03-20T19:12:26Z,zlod,58
2026-03-20T19:12:26Z,fact,0
2026-03-20T19:12:26Z,toolnum,6
2026-03-20T19:12:26Z,program,CDSDRYRUN
2026-03-20T19:12:27Z,xpostn,10.4666
2026-03-20T19:12:27Z,ypostn,7.1165
2026-03-20T19:12:27Z,zpostn,-0.38785
2026-03-20T19:12:27Z,xlod,1
2026-03-20T19:12:27Z,ylod,5
2026-03-20T19:12:27Z,zlod,58
2026-03-20T19:12:27Z,fact,0
2026-03-20T19:12:27Z,toolnum,6
2026-03-20T19:12:27Z,program,CDSDRYRUN
2026-03-20T19:12:28Z,xpostn,10.4666
2026-03-20T19:12:28Z,ypostn,7.1165
2026-03-20T19:12:28Z,zpostn,-0.38785
2026-03-20T19:12:28Z,xlod,1
2026-03-20T19:12:28Z,ylod,5
2026-03-20T19:12:28Z,zlod,58
2026-03-20T19:12:28Z,fact,0
2026-03-20T19:12:28Z,toolnum,6
2026-03-20T19:12:28Z,program,CDSDRYRUN
2026-03-20T19:12:29Z,xpostn,10.4666
2026-03-20T19:12:29Z,ypostn,7.1165
2026-03-20T19:12:29Z,zpostn,-0.38785
2026-03-20T19:12:29Z,xlod,1
2026-03-20T19:12:29Z,ylod,5
2026-03-20T19:12:29Z,zlod,58
2026-03-20T19:12:29Z,fact,0
2026-03-20T19:12:29Z,toolnum,6
2026-03-20T19:12:29Z,program,CDSDRYRUN
2026-03-20T19:12:30Z,xpostn,10.4666
2026-03-20T19:12:30Z,ypostn,7.1165
2026-03-20T19:12:30Z,zpostn,-0.38785
2026-03-20T19:12:30Z,xlod,1
2026-03-20T19:12:30Z,ylod,5
2026-03-20T19:12:30Z,zlod,58
2026-03-20T19:12:30Z,fact,0
2026-03-20T19:12:30Z,toolnum,6
2026-03-20T19:12:30Z,program,CDSDRYRUN
2026-03-20T19:12:31Z,xpostn,10.4666
2026-03-20T19:12:31Z,ypostn,7.1165
2026-03-20T19:12:31Z,zpostn,51.70105
2026-03-20T19:12:31Z,xlod,1
2026-03-20T19:12:31Z,ylod,5
2026-03-20T19:12:31Z,zlod,71
2026-03-20T19:12:31Z,fact,49.998
2026-03-20T19:12:31Z,toolnum,6
2026-03-20T19:12:31Z,program,CDSDRYRUN
2026-03-20T19:12:32Z,xpostn,10.4666
2026-03-20T19:12:32Z,ypostn,7.1165
2026-03-20T19:12:32Z,zpostn,67.2814
2026-03-20T19:12:32Z,xlod,1
2026-03-20T19:12:32Z,ylod,5
2026-03-20T19:12:32Z,zlod,66
2026-03-20T19:12:32Z,fact,9.9996
2026-03-20T19:12:32Z,toolnum,6
2026-03-20T19:12:32Z,program,CDSDRYRUN
2026-03-20T19:12:33Z,xpostn,10.4666
2026-03-20T19:12:33Z,ypostn,7.1165
2026-03-20T19:12:33Z,zpostn,85.68235
2026-03-20T19:12:33Z,xlod,1
2026-03-20T19:12:33Z,ylod,5
2026-03-20T19:12:33Z,zlod,66
2026-03-20T19:12:33Z,fact,24.999
2026-03-20T19:12:33Z,toolnum,6
2026-03-20T19:12:33Z,program,CDSDRYRUN
2026-03-20T19:12:34Z,xpostn,10.4666
2026-03-20T19:12:34Z,ypostn,7.1165
2026-03-20T19:12:34Z,zpostn,98.4788
2026-03-20T19:12:34Z,xlod,1
2026-03-20T19:12:34Z,ylod,5
2026-03-20T19:12:34Z,zlod,66
2026-03-20T19:12:34Z,fact,24.999
2026-03-20T19:12:34Z,toolnum,6
2026-03-20T19:12:34Z,program,CDSDRYRUN
2026-03-20T19:12:35Z,xpostn,10.4666
2026-03-20T19:12:35Z,ypostn,7.1165
2026-03-20T19:12:35Z,zpostn,126.2045
2026-03-20T19:12:35Z,xlod,1
2026-03-20T19:12:35Z,ylod,5
2026-03-20T19:12:35Z,zlod,66
2026-03-20T19:12:35Z,fact,24.999
2026-03-20T19:12:35Z,toolnum,6
2026-03-20T19:12:35Z,program,CDSDRYRUN
2026-03-20T19:12:36Z,xpostn,10.4666
2026-03-20T19:12:36Z,ypostn,7.1165
2026-03-20T19:12:36Z,zpostn,154.64115
2026-03-20T19:12:36Z,xlod,1
2026-03-20T19:12:36Z,ylod,5
2026-03-20T19:12:36Z,zlod,69
2026-03-20T19:12:36Z,fact,24.999
2026-03-20T19:12:36Z,toolnum,6
2026-03-20T19:12:36Z,program,CDSDRYRUN
2026-03-20T19:12:37Z,xpostn,10.4666
2026-03-20T19:12:37Z,ypostn,7.1165
2026-03-20T19:12:37Z,zpostn,182.36685
2026-03-20T19:12:37Z,xlod,1
2026-03-20T19:12:37Z,ylod,5
2026-03-20T19:12:37Z,zlod,69
2026-03-20T19:12:37Z,fact,24.999
2026-03-20T19:12:37Z,toolnum,6
2026-03-20T19:12:37Z,program,CDSDRYRUN
2026-03-20T19:12:38Z,xpostn,10.4666
2026-03-20T19:12:38Z,ypostn,7.1165
2026-03-20T19:12:38Z,zpostn,210.8035
2026-03-20T19:12:38Z,xlod,1
2026-03-20T19:12:38Z,ylod,5
2026-03-20T19:12:38Z,zlod,69
2026-03-20T19:12:38Z,fact,24.999
2026-03-20T19:12:38Z,toolnum,6
2026-03-20T19:12:38Z,program,CDSDRYRUN
2026-03-20T19:12:39Z,xpostn,10.4666
2026-03-20T19:12:39Z,ypostn,7.1165
2026-03-20T19:12:39Z,zpostn,226.44365
2026-03-20T19:12:39Z,xlod,1
2026-03-20T19:12:39Z,ylod,5
2026-03-20T19:12:39Z,zlod,69
2026-03-20T19:12:39Z,fact,24.999
2026-03-20T19:12:39Z,toolnum,6
2026-03-20T19:12:39Z,program,CDSDRYRUN
2026-03-20T19:12:40Z,xpostn,10.4666
2026-03-20T19:12:40Z,ypostn,7.1165
2026-03-20T19:12:40Z,zpostn,254.16935
2026-03-20T19:12:40Z,xlod,1
2026-03-20T19:12:40Z,ylod,5
2026-03-20T19:12:40Z,zlod,69
2026-03-20T19:12:40Z,fact,24.999
2026-03-20T19:12:40Z,toolnum,6
2026-03-20T19:12:40Z,program,CDSDRYRUN
2026-03-20T19:12:42Z,xpostn,10.4666
2026-03-20T19:12:42Z,ypostn,7.1165
2026-03-20T19:12:42Z,zpostn,286.3704
2026-03-20T19:12:42Z,xlod,1
2026-03-20T19:12:42Z,ylod,5
2026-03-20T19:12:42Z,zlod,43
2026-03-20T19:12:42Z,fact,70.313854
2026-03-20T19:12:42Z,toolnum,6
2026-03-20T19:12:42Z,program,CDSDRYRUN
2026-03-20T19:12:43Z,xpostn,73.8176
2026-03-20T19:12:43Z,ypostn,71.17075
2026-03-20T19:12:43Z,zpostn,286.3817
2026-03-20T19:12:43Z,xlod,32
2026-03-20T19:12:43Z,ylod,34
2026-03-20T19:12:43Z,zlod,60
2026-03-20T19:12:43Z,fact,70.313854
2026-03-20T19:12:43Z,toolnum,6
2026-03-20T19:12:43Z,program,CDSDRYRUN
2026-03-20T19:12:44Z,xpostn,210.96125
2026-03-20T19:12:44Z,ypostn,209.83675
2026-03-20T19:12:44Z,zpostn,286.3817
2026-03-20T19:12:44Z,xlod,32
2026-03-20T19:12:44Z,ylod,37
2026-03-20T19:12:44Z,zlod,66
2026-03-20T19:12:44Z,fact,175.792968
2026-03-20T19:12:44Z,toolnum,6
2026-03-20T19:12:44Z,program,CDSDRYRUN
2026-03-20T19:12:45Z,xpostn,221.59995
2026-03-20T19:12:45Z,ypostn,192.9666
2026-03-20T19:12:45Z,zpostn,286.3817
2026-03-20T19:12:45Z,xlod,22
2026-03-20T19:12:45Z,ylod,36
2026-03-20T19:12:45Z,zlod,57
2026-03-20T19:12:45Z,fact,108.628988
2026-03-20T19:12:45Z,toolnum,6
2026-03-20T19:12:45Z,program,CDSDRYRUN
2026-03-20T19:12:46Z,xpostn,191.3903
2026-03-20T19:12:46Z,ypostn,133.5109
2026-03-20T19:12:46Z,zpostn,286.3817
2026-03-20T19:12:46Z,xlod,17
2026-03-20T19:12:46Z,ylod,23
2026-03-20T19:12:46Z,zlod,54
2026-03-20T19:12:46Z,fact,56.08109
2026-03-20T19:12:46Z,toolnum,6
2026-03-20T19:12:46Z,program,CDSDRYRUN
2026-03-20T19:12:47Z,xpostn,178.39005
2026-03-20T19:12:47Z,ypostn,107.9251
2026-03-20T19:12:47Z,zpostn,286.3817
2026-03-20T19:12:47Z,xlod,14
2026-03-20T19:12:47Z,ylod,23
2026-03-20T19:12:47Z,zlod,54
2026-03-20T19:12:47Z,fact,56.08109
2026-03-20T19:12:47Z,toolnum,6
2026-03-20T19:12:47Z,program,CDSDRYRUN
2026-03-20T19:12:48Z,xpostn,150.2229
2026-03-20T19:12:48Z,ypostn,52.48925
2026-03-20T19:12:48Z,zpostn,286.3817
2026-03-20T19:12:48Z,xlod,14
2026-03-20T19:12:48Z,ylod,23
2026-03-20T19:12:48Z,zlod,51
2026-03-20T19:12:48Z,fact,56.08109
2026-03-20T19:12:48Z,toolnum,6
2026-03-20T19:12:48Z,program,CDSDRYRUN
2026-03-20T19:12:49Z,xpostn,121.33355
2026-03-20T19:12:49Z,ypostn,-4.36805
2026-03-20T19:12:49Z,zpostn,286.3817
2026-03-20T19:12:49Z,xlod,14
2026-03-20T19:12:49Z,ylod,23
2026-03-20T19:12:49Z,zlod,59
2026-03-20T19:12:49Z,fact,56.08109
2026-03-20T19:12:49Z,toolnum,6
2026-03-20T19:12:49Z,program,CDSDRYRUN
2026-03-20T19:12:50Z,xpostn,90.73005
2026-03-20T19:12:50Z,ypostn,-64.5989
2026-03-20T19:12:50Z,zpostn,286.3795
2026-03-20T19:12:50Z,xlod,23
2026-03-20T19:12:50Z,ylod,30
2026-03-20T19:12:50Z,zlod,62
2026-03-20T19:12:50Z,fact,56.08109
2026-03-20T19:12:50Z,toolnum,6
2026-03-20T19:12:50Z,program,CDSDRYRUN
2026-03-20T19:12:51Z,xpostn,90.73
2026-03-20T19:12:51Z,ypostn,-64.599
2026-03-20T19:12:51Z,zpostn,238.36705
2026-03-20T19:12:51Z,xlod,1
2026-03-20T19:12:51Z,ylod,3
2026-03-20T19:12:51Z,zlod,34
2026-03-20T19:12:51Z,fact,49.998
2026-03-20T19:12:51Z,toolnum,6
2026-03-20T19:12:51Z,program,CDSDRYRUN
2026-03-20T19:12:52Z,xpostn,90.73
2026-03-20T19:12:52Z,ypostn,-64.599
2026-03-20T19:12:52Z,zpostn,207.08795
2026-03-20T19:12:52Z,xlod,1
2026-03-20T19:12:52Z,ylod,3
2026-03-20T19:12:52Z,zlod,37
2026-03-20T19:12:52Z,fact,49.998
2026-03-20T19:12:52Z,toolnum,6
2026-03-20T19:12:52Z,program,CDSDRYRUN
2026-03-20T19:12:53Z,xpostn,90.73
2026-03-20T19:12:53Z,ypostn,-64.599
2026-03-20T19:12:53Z,zpostn,150.21685
2026-03-20T19:12:53Z,xlod,1
2026-03-20T19:12:53Z,ylod,3
2026-03-20T19:12:53Z,zlod,34
2026-03-20T19:12:53Z,fact,49.998
2026-03-20T19:12:53Z,toolnum,6
2026-03-20T19:12:53Z,program,CDSDRYRUN
2026-03-20T19:12:54Z,xpostn,90.73
2026-03-20T19:12:54Z,ypostn,-64.599
2026-03-20T19:12:54Z,zpostn,94.76755
2026-03-20T19:12:54Z,xlod,4
2026-03-20T19:12:54Z,ylod,3
2026-03-20T19:12:54Z,zlod,37
2026-03-20T19:12:54Z,fact,49.998
2026-03-20T19:12:54Z,toolnum,6
2026-03-20T19:12:54Z,program,CDSDRYRUN
2026-03-20T19:12:55Z,xpostn,90.73
2026-03-20T19:12:55Z,ypostn,-64.599
2026-03-20T19:12:55Z,zpostn,39.31825
2026-03-20T19:12:55Z,xlod,4
2026-03-20T19:12:55Z,ylod,0
2026-03-20T19:12:55Z,zlod,37
2026-03-20T19:12:55Z,fact,49.998
2026-03-20T19:12:55Z,toolnum,6
2026-03-20T19:12:55Z,program,CDSDRYRUN
2026-03-20T19:12:56Z,xpostn,90.70015
2026-03-20T19:12:56Z,ypostn,-64.599
2026-03-20T19:12:56Z,zpostn,6.46045
2026-03-20T19:12:56Z,xlod,12
2026-03-20T19:12:56Z,ylod,3
2026-03-20T19:12:56Z,zlod,41
2026-03-20T19:12:56Z,fact,44.431556
2026-03-20T19:12:56Z,toolnum,6
2026-03-20T19:12:56Z,program,CDSDRYRUN
2026-03-20T19:12:57Z,xpostn,89.95555
2026-03-20T19:12:57Z,ypostn,-64.599
2026-03-20T19:12:57Z,zpostn,3.7758
2026-03-20T19:12:57Z,xlod,12
2026-03-20T19:12:57Z,ylod,3
2026-03-20T19:12:57Z,zlod,41
2026-03-20T19:12:57Z,fact,2.816554
2026-03-20T19:12:57Z,toolnum,6
2026-03-20T19:12:57Z,program,CDSDRYRUN
2026-03-20T19:12:58Z,xpostn,87.9953
2026-03-20T19:12:58Z,ypostn,-64.599
2026-03-20T19:12:58Z,zpostn,1.27375
2026-03-20T19:12:58Z,xlod,12
2026-03-20T19:12:58Z,ylod,3
2026-03-20T19:12:58Z,zlod,41
2026-03-20T19:12:58Z,fact,2.816554
2026-03-20T19:12:58Z,toolnum,6
2026-03-20T19:12:58Z,program,CDSDRYRUN
2026-03-20T19:12:59Z,xpostn,86.8091
2026-03-20T19:12:59Z,ypostn,-64.599
2026-03-20T19:12:59Z,zpostn,0.45955
2026-03-20T19:12:59Z,xlod,12
2026-03-20T19:12:59Z,ylod,3
2026-03-20T19:12:59Z,zlod,41
2026-03-20T19:12:59Z,fact,2.816554
2026-03-20T19:12:59Z,toolnum,6
2026-03-20T19:12:59Z,program,CDSDRYRUN
2026-03-20T19:13:00Z,xpostn,83.8493
2026-03-20T19:13:00Z,ypostn,-64.599
2026-03-20T19:13:00Z,zpostn,-0.46275
2026-03-20T19:13:00Z,xlod,12
2026-03-20T19:13:00Z,ylod,3
2026-03-20T19:13:00Z,zlod,41
2026-03-20T19:13:00Z,fact,2.816554
2026-03-20T19:13:00Z,toolnum,6
2026-03-20T19:13:00Z,program,CDSDRYRUN
2026-03-20T19:13:01Z,xpostn,80.4759
2026-03-20T19:13:01Z,ypostn,-64.599
2026-03-20T19:13:01Z,zpostn,-0.5
2026-03-20T19:13:01Z,xlod,12
2026-03-20T19:13:01Z,ylod,3
2026-03-20T19:13:01Z,zlod,47
2026-03-20T19:13:01Z,fact,3.74985
2026-03-20T19:13:01Z,toolnum,6
2026-03-20T19:13:01Z,program,CDSDRYRUN
2026-03-20T19:13:02Z,xpostn,76.05905
2026-03-20T19:13:02Z,ypostn,-64.599
2026-03-20T19:13:02Z,zpostn,-0.5
2026-03-20T19:13:02Z,xlod,12
2026-03-20T19:13:02Z,ylod,3
2026-03-20T19:13:02Z,zlod,47
2026-03-20T19:13:02Z,fact,4.683146
2026-03-20T19:13:02Z,toolnum,6
2026-03-20T19:13:02Z,program,CDSDRYRUN
2026-03-20T19:13:03Z,xpostn,69.94955
2026-03-20T19:13:03Z,ypostn,-64.599
2026-03-20T19:13:03Z,zpostn,-0.5
2026-03-20T19:13:03Z,xlod,12
2026-03-20T19:13:03Z,ylod,3
2026-03-20T19:13:03Z,zlod,47
2026-03-20T19:13:03Z,fact,5.633108
2026-03-20T19:13:03Z,toolnum,6
2026-03-20T19:13:03Z,program,CDSDRYRUN
2026-03-20T19:13:04Z,xpostn,62.65875
2026-03-20T19:13:04Z,ypostn,-64.599
2026-03-20T19:13:04Z,zpostn,-0.5
2026-03-20T19:13:04Z,xlod,12
2026-03-20T19:13:04Z,ylod,3
2026-03-20T19:13:04Z,zlod,47
2026-03-20T19:13:04Z,fact,6.566404
2026-03-20T19:13:04Z,toolnum,6
2026-03-20T19:13:04Z,program,CDSDRYRUN
2026-03-20T19:13:05Z,xpostn,54.14005
2026-03-20T19:13:05Z,ypostn,-64.599
2026-03-20T19:13:05Z,zpostn,-0.5
2026-03-20T19:13:05Z,xlod,12
2026-03-20T19:13:05Z,ylod,3
2026-03-20T19:13:05Z,zlod,47
2026-03-20T19:13:05Z,fact,8.449662
2026-03-20T19:13:05Z,toolnum,6
2026-03-20T19:13:05Z,program,CDSDRYRUN
2026-03-20T19:13:06Z,xpostn,43.50075
2026-03-20T19:13:06Z,ypostn,-64.599
2026-03-20T19:13:06Z,zpostn,-0.5
2026-03-20T19:13:06Z,xlod,12
2026-03-20T19:13:06Z,ylod,3
2026-03-20T19:13:06Z,zlod,47
2026-03-20T19:13:06Z,fact,9.382958
2026-03-20T19:13:06Z,toolnum,6
2026-03-20T19:13:06Z,program,CDSDRYRUN
2026-03-20T19:13:07Z,xpostn,38.5706
2026-03-20T19:13:07Z,ypostn,-64.599
2026-03-20T19:13:07Z,zpostn,-0.5
2026-03-20T19:13:07Z,xlod,12
2026-03-20T19:13:07Z,ylod,3
2026-03-20T19:13:07Z,zlod,47
2026-03-20T19:13:07Z,fact,10.316254
2026-03-20T19:13:07Z,toolnum,6
2026-03-20T19:13:07Z,program,CDSDRYRUN
2026-03-20T19:13:08Z,xpostn,25.64615
2026-03-20T19:13:08Z,ypostn,-64.599
2026-03-20T19:13:08Z,zpostn,-0.5
2026-03-20T19:13:08Z,xlod,12
2026-03-20T19:13:08Z,ylod,3
2026-03-20T19:13:08Z,zlod,47
2026-03-20T19:13:08Z,fact,10.316254
2026-03-20T19:13:08Z,toolnum,6
2026-03-20T19:13:08Z,program,CDSDRYRUN
2026-03-20T19:13:09Z,xpostn,15.36535
2026-03-20T19:13:09Z,ypostn,-64.599
2026-03-20T19:13:09Z,zpostn,-0.5
2026-03-20T19:13:09Z,xlod,12
2026-03-20T19:13:09Z,ylod,3
2026-03-20T19:13:09Z,zlod,47
2026-03-20T19:13:09Z,fact,10.316254
2026-03-20T19:13:09Z,toolnum,6
2026-03-20T19:13:09Z,program,CDSDRYRUN
2026-03-20T19:13:10Z,xpostn,3.61585
2026-03-20T19:13:10Z,ypostn,-64.599
2026-03-20T19:13:10Z,zpostn,-0.5
2026-03-20T19:13:10Z,xlod,12
2026-03-20T19:13:10Z,ylod,3
2026-03-20T19:13:10Z,zlod,47
2026-03-20T19:13:10Z,fact,10.316254
2026-03-20T19:13:10Z,toolnum,6
2026-03-20T19:13:10Z,program,CDSDRYRUN
2026-03-20T19:13:11Z,xpostn,-2.84635
2026-03-20T19:13:11Z,ypostn,-64.599
2026-03-20T19:13:11Z,zpostn,-0.5
2026-03-20T19:13:11Z,xlod,12
2026-03-20T19:13:11Z,ylod,3
2026-03-20T19:13:11Z,zlod,47
2026-03-20T19:13:11Z,fact,10.316254
2026-03-20T19:13:11Z,toolnum,6
2026-03-20T19:13:11Z,program,CDSDRYRUN
2026-03-20T19:13:12Z,xpostn,-14.3021
2026-03-20T19:13:12Z,ypostn,-64.599
2026-03-20T19:13:12Z,zpostn,-0.5
2026-03-20T19:13:12Z,xlod,12
2026-03-20T19:13:12Z,ylod,3
2026-03-20T19:13:12Z,zlod,47
2026-03-20T19:13:12Z,fact,10.316254
2026-03-20T19:13:12Z,toolnum,6
2026-03-20T19:13:12Z,program,CDSDRYRUN
2026-03-20T19:13:13Z,xpostn,-26.05155
2026-03-20T19:13:13Z,ypostn,-64.599
2026-03-20T19:13:13Z,zpostn,-0.5
2026-03-20T19:13:13Z,xlod,12
2026-03-20T19:13:13Z,ylod,3
2026-03-20T19:13:13Z,zlod,47
2026-03-20T19:13:13Z,fact,10.316254
2026-03-20T19:13:13Z,toolnum,6
2026-03-20T19:13:13Z,program,CDSDRYRUN
2026-03-20T19:13:14Z,xpostn,-38.151
2026-03-20T19:13:14Z,ypostn,-64.599
2026-03-20T19:13:14Z,zpostn,-0.5
2026-03-20T19:13:14Z,xlod,12
2026-03-20T19:13:14Z,ylod,3
2026-03-20T19:13:14Z,zlod,47
2026-03-20T19:13:14Z,fact,9.382958
2026-03-20T19:13:14Z,toolnum,6
2026-03-20T19:13:14Z,program,CDSDRYRUN
2026-03-20T19:13:15Z,xpostn,-43.7584
2026-03-20T19:13:15Z,ypostn,-64.599
2026-03-20T19:13:15Z,zpostn,-0.5
2026-03-20T19:13:15Z,xlod,12
2026-03-20T19:13:15Z,ylod,3
2026-03-20T19:13:15Z,zlod,47
2026-03-20T19:13:15Z,fact,9.382958
2026-03-20T19:13:15Z,toolnum,6
2026-03-20T19:13:15Z,program,CDSDRYRUN
2026-03-20T19:13:17Z,xpostn,-54.43905
2026-03-20T19:13:17Z,ypostn,-64.599
2026-03-20T19:13:17Z,zpostn,-0.5
2026-03-20T19:13:17Z,xlod,12
2026-03-20T19:13:17Z,ylod,3
2026-03-20T19:13:17Z,zlod,47
2026-03-20T19:13:17Z,fact,9.382958
2026-03-20T19:13:17Z,toolnum,6
2026-03-20T19:13:17Z,program,CDSDRYRUN
2026-03-20T19:13:18Z,xpostn,-65.1197
2026-03-20T19:13:18Z,ypostn,-64.599
2026-03-20T19:13:18Z,zpostn,-0.5
2026-03-20T19:13:18Z,xlod,12
2026-03-20T19:13:18Z,ylod,3
2026-03-20T19:13:18Z,zlod,47
2026-03-20T19:13:18Z,fact,9.382958
2026-03-20T19:13:18Z,toolnum,6
2026-03-20T19:13:18Z,program,CDSDRYRUN
2026-03-20T19:13:19Z,xpostn,-75.5334
2026-03-20T19:13:19Z,ypostn,-64.599
2026-03-20T19:13:19Z,zpostn,-0.5
2026-03-20T19:13:19Z,xlod,12
2026-03-20T19:13:19Z,ylod,3
2026-03-20T19:13:19Z,zlod,47
2026-03-20T19:13:19Z,fact,9.382958
2026-03-20T19:13:19Z,toolnum,6
2026-03-20T19:13:19Z,program,CDSDRYRUN
2026-03-20T19:13:20Z,xpostn,-84.8662
2026-03-20T19:13:20Z,ypostn,-64.41725
2026-03-20T19:13:20Z,zpostn,-0.5
2026-03-20T19:13:20Z,xlod,12
2026-03-20T19:13:20Z,ylod,14
2026-03-20T19:13:20Z,zlod,47
2026-03-20T19:13:20Z,fact,9.382958
2026-03-20T19:13:20Z,toolnum,6
2026-03-20T19:13:20Z,program,CDSDRYRUN
2026-03-20T19:13:21Z,xpostn,-92.04855
2026-03-20T19:13:21Z,ypostn,-57.3524
2026-03-20T19:13:21Z,zpostn,-0.5
2026-03-20T19:13:21Z,xlod,12
2026-03-20T19:13:21Z,ylod,14
2026-03-20T19:13:21Z,zlod,47
2026-03-20T19:13:21Z,fact,9.382958
2026-03-20T19:13:21Z,toolnum,6
2026-03-20T19:13:21Z,program,CDSDRYRUN
2026-03-20T19:13:22Z,xpostn,-88.584
2026-03-20T19:13:22Z,ypostn,-48.1304
2026-03-20T19:13:22Z,zpostn,-0.5
2026-03-20T19:13:22Z,xlod,12
2026-03-20T19:13:22Z,ylod,14
2026-03-20T19:13:22Z,zlod,47
2026-03-20T19:13:22Z,fact,9.382958
2026-03-20T19:13:22Z,toolnum,6
2026-03-20T19:13:22Z,program,CDSDRYRUN
2026-03-20T19:13:23Z,xpostn,-78.3027
2026-03-20T19:13:23Z,ypostn,-46.298
2026-03-20T19:13:23Z,zpostn,-0.5
2026-03-20T19:13:23Z,xlod,12
2026-03-20T19:13:23Z,ylod,8
2026-03-20T19:13:23Z,zlod,44
2026-03-20T19:13:23Z,fact,9.382958
2026-03-20T19:13:23Z,toolnum,6
2026-03-20T19:13:23Z,program,CDSDRYRUN
2026-03-20T19:13:24Z,xpostn,-73.76245
2026-03-20T19:13:24Z,ypostn,-46.298
2026-03-20T19:13:24Z,zpostn,-0.5
2026-03-20T19:13:24Z,xlod,12
2026-03-20T19:13:24Z,ylod,8
2026-03-20T19:13:24Z,zlod,44
2026-03-20T19:13:24Z,fact,9.382958
2026-03-20T19:13:24Z,toolnum,6
2026-03-20T19:13:24Z,program,CDSDRYRUN
2026-03-20T19:13:25Z,xpostn,-63.0795
2026-03-20T19:13:25Z,ypostn,-46.298
2026-03-20T19:13:25Z,zpostn,-0.5
2026-03-20T19:13:25Z,xlod,12
2026-03-20T19:13:25Z,ylod,8
2026-03-20T19:13:25Z,zlod,44
2026-03-20T19:13:25Z,fact,9.382958
2026-03-20T19:13:25Z,toolnum,6
2026-03-20T19:13:25Z,program,CDSDRYRUN
2026-03-20T19:13:26Z,xpostn,-52.39655
2026-03-20T19:13:26Z,ypostn,-46.298
2026-03-20T19:13:26Z,zpostn,-0.5
2026-03-20T19:13:26Z,xlod,12
2026-03-20T19:13:26Z,ylod,8
2026-03-20T19:13:26Z,zlod,44
2026-03-20T19:13:26Z,fact,9.382958
2026-03-20T19:13:26Z,toolnum,6
2026-03-20T19:13:26Z,program,CDSDRYRUN
2026-03-20T19:13:27Z,xpostn,-43.049
2026-03-20T19:13:27Z,ypostn,-46.298
2026-03-20T19:13:27Z,zpostn,-0.5
2026-03-20T19:13:27Z,xlod,12
2026-03-20T19:13:27Z,ylod,8
2026-03-20T19:13:27Z,zlod,44
2026-03-20T19:13:27Z,fact,9.382958
2026-03-20T19:13:27Z,toolnum,6
2026-03-20T19:13:27Z,program,CDSDRYRUN
2026-03-20T19:13:28Z,xpostn,-32.6331
2026-03-20T19:13:28Z,ypostn,-46.298
2026-03-20T19:13:28Z,zpostn,-0.5
2026-03-20T19:13:28Z,xlod,12
2026-03-20T19:13:28Z,ylod,8
2026-03-20T19:13:28Z,zlod,44
2026-03-20T19:13:28Z,fact,9.382958
2026-03-20T19:13:28Z,toolnum,6
2026-03-20T19:13:28Z,program,CDSDRYRUN
2026-03-20T19:13:29Z,xpostn,-21.95015
2026-03-20T19:13:29Z,ypostn,-46.298
2026-03-20T19:13:29Z,zpostn,-0.5
2026-03-20T19:13:29Z,xlod,12
2026-03-20T19:13:29Z,ylod,8
2026-03-20T19:13:29Z,zlod,44
2026-03-20T19:13:29Z,fact,9.382958
2026-03-20T19:13:29Z,toolnum,6
2026-03-20T19:13:29Z,program,CDSDRYRUN
2026-03-20T19:13:30Z,xpostn,-11.5343
2026-03-20T19:13:30Z,ypostn,-46.298
2026-03-20T19:13:30Z,zpostn,-0.5
2026-03-20T19:13:30Z,xlod,12
2026-03-20T19:13:30Z,ylod,8
2026-03-20T19:13:30Z,zlod,44
2026-03-20T19:13:30Z,fact,9.382958
2026-03-20T19:13:30Z,toolnum,6
2026-03-20T19:13:30Z,program,CDSDRYRUN
2026-03-20T19:13:31Z,xpostn,-5.3916
2026-03-20T19:13:31Z,ypostn,-46.298
2026-03-20T19:13:31Z,zpostn,-0.5
2026-03-20T19:13:31Z,xlod,12
2026-03-20T19:13:31Z,ylod,8
2026-03-20T19:13:31Z,zlod,44
2026-03-20T19:13:31Z,fact,9.382958
2026-03-20T19:13:31Z,toolnum,6
2026-03-20T19:13:31Z,program,CDSDRYRUN
2026-03-20T19:13:32Z,xpostn,5.29135
2026-03-20T19:13:32Z,ypostn,-46.298
2026-03-20T19:13:32Z,zpostn,-0.5
2026-03-20T19:13:32Z,xlod,12
2026-03-20T19:13:32Z,ylod,8
2026-03-20T19:13:32Z,zlod,44
2026-03-20T19:13:32Z,fact,9.382958
2026-03-20T19:13:32Z,toolnum,6
2026-03-20T19:13:32Z,program,CDSDRYRUN
2026-03-20T19:13:33Z,xpostn,15.70725
2026-03-20T19:13:33Z,ypostn,-46.298
2026-03-20T19:13:33Z,zpostn,-0.5
2026-03-20T19:13:33Z,xlod,12
2026-03-20T19:13:33Z,ylod,8
2026-03-20T19:13:33Z,zlod,44
2026-03-20T19:13:33Z,fact,9.382958
2026-03-20T19:13:33Z,toolnum,6
2026-03-20T19:13:33Z,program,CDSDRYRUN
2026-03-20T19:13:34Z,xpostn,27.1914
2026-03-20T19:13:34Z,ypostn,-46.298
2026-03-20T19:13:34Z,zpostn,-0.5
2026-03-20T19:13:34Z,xlod,12
2026-03-20T19:13:34Z,ylod,8
2026-03-20T19:13:34Z,zlod,44
2026-03-20T19:13:34Z,fact,9.382958
2026-03-20T19:13:34Z,toolnum,6
2026-03-20T19:13:34Z,program,CDSDRYRUN
2026-03-20T19:13:35Z,xpostn,37.87435
2026-03-20T19:13:35Z,ypostn,-46.298
2026-03-20T19:13:35Z,zpostn,-0.5
2026-03-20T19:13:35Z,xlod,12
2026-03-20T19:13:35Z,ylod,8
2026-03-20T19:13:35Z,zlod,44
2026-03-20T19:13:35Z,fact,9.382958
2026-03-20T19:13:35Z,toolnum,6
2026-03-20T19:13:35Z,program,CDSDRYRUN
2026-03-20T19:13:36Z,xpostn,42.6817
2026-03-20T19:13:36Z,ypostn,-46.298
2026-03-20T19:13:36Z,zpostn,-0.5
2026-03-20T19:13:36Z,xlod,12
2026-03-20T19:13:36Z,ylod,8
2026-03-20T19:13:36Z,zlod,44
2026-03-20T19:13:36Z,fact,9.382958
2026-03-20T19:13:36Z,toolnum,6
2026-03-20T19:13:36Z,program,CDSDRYRUN
2026-03-20T19:13:37Z,xpostn,53.09755
2026-03-20T19:13:37Z,ypostn,-46.298
2026-03-20T19:13:37Z,zpostn,-0.5
2026-03-20T19:13:37Z,xlod,12
2026-03-20T19:13:37Z,ylod,8
2026-03-20T19:13:37Z,zlod,44
2026-03-20T19:13:37Z,fact,9.382958
2026-03-20T19:13:37Z,toolnum,6
2026-03-20T19:13:37Z,program,CDSDRYRUN
2026-03-20T19:13:38Z,xpostn,63.7805
2026-03-20T19:13:38Z,ypostn,-46.298
2026-03-20T19:13:38Z,zpostn,-0.5
2026-03-20T19:13:38Z,xlod,12
2026-03-20T19:13:38Z,ylod,8
2026-03-20T19:13:38Z,zlod,44
2026-03-20T19:13:38Z,fact,9.382958
2026-03-20T19:13:38Z,toolnum,6
2026-03-20T19:13:38Z,program,CDSDRYRUN
2026-03-20T19:13:39Z,xpostn,73.1281
2026-03-20T19:13:39Z,ypostn,-46.298
2026-03-20T19:13:39Z,zpostn,-0.5
2026-03-20T19:13:39Z,xlod,12
2026-03-20T19:13:39Z,ylod,8
2026-03-20T19:13:39Z,zlod,44
2026-03-20T19:13:39Z,fact,9.382958
2026-03-20T19:13:39Z,toolnum,6
2026-03-20T19:13:39Z,program,CDSDRYRUN
2026-03-20T19:13:40Z,xpostn,83.5428
2026-03-20T19:13:40Z,ypostn,-46.27685
2026-03-20T19:13:40Z,zpostn,-0.5
2026-03-20T19:13:40Z,xlod,12
2026-03-20T19:13:40Z,ylod,16
2026-03-20T19:13:40Z,zlod,44
2026-03-20T19:13:40Z,fact,9.382958
2026-03-20T19:13:40Z,toolnum,6
2026-03-20T19:13:40Z,program,CDSDRYRUN
2026-03-20T19:13:41Z,xpostn,91.6724
2026-03-20T19:13:41Z,ypostn,-40.34225
2026-03-20T19:13:41Z,zpostn,-0.5
2026-03-20T19:13:41Z,xlod,9
2026-03-20T19:13:41Z,ylod,13
2026-03-20T19:13:41Z,zlod,44
2026-03-20T19:13:41Z,fact,9.382958
2026-03-20T19:13:41Z,toolnum,6
2026-03-20T19:13:41Z,program,CDSDRYRUN
2026-03-20T19:13:42Z,xpostn,89.4172
2026-03-20T19:13:42Z,ypostn,-30.53365
2026-03-20T19:13:42Z,zpostn,-0.5
2026-03-20T19:13:42Z,xlod,12
2026-03-20T19:13:42Z,ylod,13
2026-03-20T19:13:42Z,zlod,44
2026-03-20T19:13:42Z,fact,9.382958
2026-03-20T19:13:42Z,toolnum,6
2026-03-20T19:13:42Z,program,CDSDRYRUN
2026-03-20T19:13:43Z,xpostn,85.51275
2026-03-20T19:13:43Z,ypostn,-28.32995
2026-03-20T19:13:43Z,zpostn,-0.5
2026-03-20T19:13:43Z,xlod,12
2026-03-20T19:13:43Z,ylod,13
2026-03-20T19:13:43Z,zlod,44
2026-03-20T19:13:43Z,fact,9.382958
2026-03-20T19:13:43Z,toolnum,6
2026-03-20T19:13:43Z,program,CDSDRYRUN
2026-03-20T19:13:44Z,xpostn,73.79585
2026-03-20T19:13:44Z,ypostn,-27.997
2026-03-20T19:13:44Z,zpostn,-0.5
2026-03-20T19:13:44Z,xlod,12
2026-03-20T19:13:44Z,ylod,7
2026-03-20T19:13:44Z,zlod,44
2026-03-20T19:13:44Z,fact,9.382958
2026-03-20T19:13:44Z,toolnum,6
2026-03-20T19:13:44Z,program,CDSDRYRUN
2026-03-20T19:13:45Z,xpostn,63.1129
2026-03-20T19:13:45Z,ypostn,-27.997
2026-03-20T19:13:45Z,zpostn,-0.5
2026-03-20T19:13:45Z,xlod,12
2026-03-20T19:13:45Z,ylod,7
2026-03-20T19:13:45Z,zlod,44
2026-03-20T19:13:45Z,fact,9.382958
2026-03-20T19:13:45Z,toolnum,6
2026-03-20T19:13:45Z,program,CDSDRYRUN
2026-03-20T19:13:46Z,xpostn,53.7653
2026-03-20T19:13:46Z,ypostn,-27.997
2026-03-20T19:13:46Z,zpostn,-0.5
2026-03-20T19:13:46Z,xlod,12
2026-03-20T19:13:46Z,ylod,7
2026-03-20T19:13:46Z,zlod,44
2026-03-20T19:13:46Z,fact,9.382958
2026-03-20T19:13:46Z,toolnum,6
2026-03-20T19:13:46Z,program,CDSDRYRUN
2026-03-20T19:13:47Z,xpostn,42.01405
2026-03-20T19:13:47Z,ypostn,-27.997
2026-03-20T19:13:47Z,zpostn,-0.5
2026-03-20T19:13:47Z,xlod,12
2026-03-20T19:13:47Z,ylod,7
2026-03-20T19:13:47Z,zlod,44
2026-03-20T19:13:47Z,fact,9.382958
2026-03-20T19:13:47Z,toolnum,6
2026-03-20T19:13:47Z,program,CDSDRYRUN
2026-03-20T19:13:48Z,xpostn,37.4738
2026-03-20T19:13:48Z,ypostn,-27.997
2026-03-20T19:13:48Z,zpostn,-0.5
2026-03-20T19:13:48Z,xlod,12
2026-03-20T19:13:48Z,ylod,7
2026-03-20T19:13:48Z,zlod,44
2026-03-20T19:13:48Z,fact,9.382958
2026-03-20T19:13:48Z,toolnum,6
2026-03-20T19:13:48Z,program,CDSDRYRUN
2026-03-20T19:13:49Z,xpostn,25.72255
2026-03-20T19:13:49Z,ypostn,-27.997
2026-03-20T19:13:49Z,zpostn,-0.5
2026-03-20T19:13:49Z,xlod,12
2026-03-20T19:13:49Z,ylod,7
2026-03-20T19:13:49Z,zlod,44
2026-03-20T19:13:49Z,fact,9.382958
2026-03-20T19:13:49Z,toolnum,6
2026-03-20T19:13:49Z,program,CDSDRYRUN
2026-03-20T19:13:50Z,xpostn,16.375
2026-03-20T19:13:50Z,ypostn,-27.997
2026-03-20T19:13:50Z,zpostn,-0.5
2026-03-20T19:13:50Z,xlod,12
2026-03-20T19:13:50Z,ylod,7
2026-03-20T19:13:50Z,zlod,44
2026-03-20T19:13:50Z,fact,9.382958
2026-03-20T19:13:50Z,toolnum,6
2026-03-20T19:13:50Z,program,CDSDRYRUN
2026-03-20T19:13:52Z,xpostn,5.69205
2026-03-20T19:13:52Z,ypostn,-27.997
2026-03-20T19:13:52Z,zpostn,-0.5
2026-03-20T19:13:52Z,xlod,12
2026-03-20T19:13:52Z,ylod,7
2026-03-20T19:13:52Z,zlod,44
2026-03-20T19:13:52Z,fact,9.382958
2026-03-20T19:13:52Z,toolnum,6
2026-03-20T19:13:52Z,program,CDSDRYRUN
2026-03-20T19:13:53Z,xpostn,-4.9909
2026-03-20T19:13:53Z,ypostn,-27.997
2026-03-20T19:13:53Z,zpostn,-0.5
2026-03-20T19:13:53Z,xlod,12
2026-03-20T19:13:53Z,ylod,7
2026-03-20T19:13:53Z,zlod,44
2026-03-20T19:13:53Z,fact,9.382958
2026-03-20T19:13:53Z,toolnum,6
2026-03-20T19:13:53Z,program,CDSDRYRUN
2026-03-20T19:13:54Z,xpostn,-16.4751
2026-03-20T19:13:54Z,ypostn,-27.997
2026-03-20T19:13:54Z,zpostn,-0.5
2026-03-20T19:13:54Z,xlod,12
2026-03-20T19:13:54Z,ylod,7
2026-03-20T19:13:54Z,zlod,44
2026-03-20T19:13:54Z,fact,9.382958
2026-03-20T19:13:54Z,toolnum,6
2026-03-20T19:13:54Z,program,CDSDRYRUN
2026-03-20T19:13:55Z,xpostn,-21.2824
2026-03-20T19:13:55Z,ypostn,-27.997
2026-03-20T19:13:55Z,zpostn,-0.5
2026-03-20T19:13:55Z,xlod,12
2026-03-20T19:13:55Z,ylod,7
2026-03-20T19:13:55Z,zlod,44
2026-03-20T19:13:55Z,fact,9.382958
2026-03-20T19:13:55Z,toolnum,6
2026-03-20T19:13:55Z,program,CDSDRYRUN
2026-03-20T19:13:56Z,xpostn,-31.96535
2026-03-20T19:13:56Z,ypostn,-27.997
2026-03-20T19:13:56Z,zpostn,-0.5
2026-03-20T19:13:56Z,xlod,12
2026-03-20T19:13:56Z,ylod,7
2026-03-20T19:13:56Z,zlod,44
2026-03-20T19:13:56Z,fact,9.382958
2026-03-20T19:13:56Z,toolnum,6
2026-03-20T19:13:56Z,program,CDSDRYRUN
2026-03-20T19:13:57Z,xpostn,-42.9154
2026-03-20T19:13:57Z,ypostn,-27.997
2026-03-20T19:13:57Z,zpostn,-0.5
2026-03-20T19:13:57Z,xlod,12
2026-03-20T19:13:57Z,ylod,7
2026-03-20T19:13:57Z,zlod,44
2026-03-20T19:13:57Z,fact,9.382958
2026-03-20T19:13:57Z,toolnum,6
2026-03-20T19:13:57Z,program,CDSDRYRUN
2026-03-20T19:13:58Z,xpostn,-53.0642
2026-03-20T19:13:58Z,ypostn,-27.997
2026-03-20T19:13:58Z,zpostn,-0.5
2026-03-20T19:13:58Z,xlod,12
2026-03-20T19:13:58Z,ylod,7
2026-03-20T19:13:58Z,zlod,44
2026-03-20T19:13:58Z,fact,9.382958
2026-03-20T19:13:58Z,toolnum,6
2026-03-20T19:13:58Z,program,CDSDRYRUN
2026-03-20T19:13:59Z,xpostn,-64.8154
2026-03-20T19:13:59Z,ypostn,-27.997
2026-03-20T19:13:59Z,zpostn,-0.5
2026-03-20T19:13:59Z,xlod,12
2026-03-20T19:13:59Z,ylod,7
2026-03-20T19:13:59Z,zlod,44
2026-03-20T19:13:59Z,fact,9.382958
2026-03-20T19:13:59Z,toolnum,6
2026-03-20T19:13:59Z,program,CDSDRYRUN
2026-03-20T19:14:00Z,xpostn,-69.35565
2026-03-20T19:14:00Z,ypostn,-27.997
2026-03-20T19:14:00Z,zpostn,-0.5
2026-03-20T19:14:00Z,xlod,12
2026-03-20T19:14:00Z,ylod,7
2026-03-20T19:14:00Z,zlod,44
2026-03-20T19:14:00Z,fact,9.382958
2026-03-20T19:14:00Z,toolnum,6
2026-03-20T19:14:00Z,program,CDSDRYRUN
2026-03-20T19:14:01Z,xpostn,-80.0386
2026-03-20T19:14:01Z,ypostn,-27.997
2026-03-20T19:14:01Z,zpostn,-0.5
2026-03-20T19:14:01Z,xlod,12
2026-03-20T19:14:01Z,ylod,7
2026-03-20T19:14:01Z,zlod,44
2026-03-20T19:14:01Z,fact,9.382958
2026-03-20T19:14:01Z,toolnum,6
2026-03-20T19:14:01Z,program,CDSDRYRUN
2026-03-20T19:14:02Z,xpostn,-89.6831
2026-03-20T19:14:02Z,ypostn,-25.19615
2026-03-20T19:14:02Z,zpostn,-0.5
2026-03-20T19:14:02Z,xlod,12
2026-03-20T19:14:02Z,ylod,13
2026-03-20T19:14:02Z,zlod,44
2026-03-20T19:14:02Z,fact,9.382958
2026-03-20T19:14:02Z,toolnum,6
2026-03-20T19:14:02Z,program,CDSDRYRUN
2026-03-20T19:14:03Z,xpostn,-91.05795
2026-03-20T19:14:03Z,ypostn,-14.33535
2026-03-20T19:14:03Z,zpostn,-0.5
2026-03-20T19:14:03Z,xlod,9
2026-03-20T19:14:03Z,ylod,13
2026-03-20T19:14:03Z,zlod,44
2026-03-20T19:14:03Z,fact,9.382958
2026-03-20T19:14:03Z,toolnum,6
2026-03-20T19:14:03Z,program,CDSDRYRUN
2026-03-20T19:14:04Z,xpostn,-86.77245
2026-03-20T19:14:04Z,ypostn,-10.47355
2026-03-20T19:14:04Z,zpostn,-0.5
2026-03-20T19:14:04Z,xlod,9
2026-03-20T19:14:04Z,ylod,10
2026-03-20T19:14:04Z,zlod,44
2026-03-20T19:14:04Z,fact,9.382958
2026-03-20T19:14:04Z,toolnum,6
2026-03-20T19:14:04Z,program,CDSDRYRUN
2026-03-20T19:14:05Z,xpostn,-76.1995
2026-03-20T19:14:05Z,ypostn,-9.696
2026-03-20T19:14:05Z,zpostn,-0.5
2026-03-20T19:14:05Z,xlod,9
2026-03-20T19:14:05Z,ylod,7
2026-03-20T19:14:05Z,zlod,44
2026-03-20T19:14:05Z,fact,9.382958
2026-03-20T19:14:05Z,toolnum,6
2026-03-20T19:14:05Z,program,CDSDRYRUN
2026-03-20T19:14:06Z,xpostn,-65.78365
2026-03-20T19:14:06Z,ypostn,-9.696
2026-03-20T19:14:06Z,zpostn,-0.5
2026-03-20T19:14:06Z,xlod,9
2026-03-20T19:14:06Z,ylod,7
2026-03-20T19:14:06Z,zlod,44
2026-03-20T19:14:06Z,fact,9.382958
2026-03-20T19:14:06Z,toolnum,6
2026-03-20T19:14:06Z,program,CDSDRYRUN
2026-03-20T19:14:07Z,xpostn,-55.1007
2026-03-20T19:14:07Z,ypostn,-9.696
2026-03-20T19:14:07Z,zpostn,-0.5
2026-03-20T19:14:07Z,xlod,12
2026-03-20T19:14:07Z,ylod,7
2026-03-20T19:14:07Z,zlod,44
2026-03-20T19:14:07Z,fact,9.382958
2026-03-20T19:14:07Z,toolnum,6
2026-03-20T19:14:07Z,program,CDSDRYRUN
2026-03-20T19:14:08Z,xpostn,-45.7531
2026-03-20T19:14:08Z,ypostn,-9.696
2026-03-20T19:14:08Z,zpostn,-0.5
2026-03-20T19:14:08Z,xlod,12
2026-03-20T19:14:08Z,ylod,7
2026-03-20T19:14:08Z,zlod,44
2026-03-20T19:14:08Z,fact,9.382958
2026-03-20T19:14:08Z,toolnum,6
2026-03-20T19:14:08Z,program,CDSDRYRUN
2026-03-20T19:14:09Z,xpostn,-35.07015
2026-03-20T19:14:09Z,ypostn,-9.696
2026-03-20T19:14:09Z,zpostn,-0.5
2026-03-20T19:14:09Z,xlod,12
2026-03-20T19:14:09Z,ylod,7
2026-03-20T19:14:09Z,zlod,44
2026-03-20T19:14:09Z,fact,9.382958
2026-03-20T19:14:09Z,toolnum,6
2026-03-20T19:14:09Z,program,CDSDRYRUN
2026-03-20T19:14:10Z,xpostn,-24.6543
2026-03-20T19:14:10Z,ypostn,-9.696
2026-03-20T19:14:10Z,zpostn,-0.5
2026-03-20T19:14:10Z,xlod,12
2026-03-20T19:14:10Z,ylod,7
2026-03-20T19:14:10Z,zlod,44
2026-03-20T19:14:10Z,fact,9.382958
2026-03-20T19:14:10Z,toolnum,6
2026-03-20T19:14:10Z,program,CDSDRYRUN
2026-03-20T19:14:11Z,xpostn,-13.97135
2026-03-20T19:14:11Z,ypostn,-9.696
2026-03-20T19:14:11Z,zpostn,-0.5
2026-03-20T19:14:11Z,xlod,12
2026-03-20T19:14:11Z,ylod,7
2026-03-20T19:14:11Z,zlod,44
2026-03-20T19:14:11Z,fact,9.382958
2026-03-20T19:14:11Z,toolnum,6
2026-03-20T19:14:11Z,program,CDSDRYRUN
2026-03-20T19:14:12Z,xpostn,-8.0957
2026-03-20T19:14:12Z,ypostn,-9.696
2026-03-20T19:14:12Z,zpostn,-0.5
2026-03-20T19:14:12Z,xlod,12
2026-03-20T19:14:12Z,ylod,7
2026-03-20T19:14:12Z,zlod,44
2026-03-20T19:14:12Z,fact,9.382958
2026-03-20T19:14:12Z,toolnum,6
2026-03-20T19:14:12Z,program,CDSDRYRUN
2026-03-20T19:14:13Z,xpostn,2.32015
2026-03-20T19:14:13Z,ypostn,-9.696
2026-03-20T19:14:13Z,zpostn,-0.5
2026-03-20T19:14:13Z,xlod,12
2026-03-20T19:14:13Z,ylod,7
2026-03-20T19:14:13Z,zlod,44
2026-03-20T19:14:13Z,fact,9.382958
2026-03-20T19:14:13Z,toolnum,6
2026-03-20T19:14:13Z,program,CDSDRYRUN
2026-03-20T19:14:14Z,xpostn,13.0031
2026-03-20T19:14:14Z,ypostn,-9.696
2026-03-20T19:14:14Z,zpostn,-0.5
2026-03-20T19:14:14Z,xlod,12
2026-03-20T19:14:14Z,ylod,7
2026-03-20T19:14:14Z,zlod,44
2026-03-20T19:14:14Z,fact,9.382958
2026-03-20T19:14:14Z,toolnum,6
2026-03-20T19:14:14Z,program,CDSDRYRUN
2026-03-20T19:14:15Z,xpostn,23.419
2026-03-20T19:14:15Z,ypostn,-9.696
2026-03-20T19:14:15Z,zpostn,-0.5
2026-03-20T19:14:15Z,xlod,12
2026-03-20T19:14:15Z,ylod,7
2026-03-20T19:14:15Z,zlod,44
2026-03-20T19:14:15Z,fact,9.382958
2026-03-20T19:14:15Z,toolnum,6
2026-03-20T19:14:15Z,program,CDSDRYRUN
2026-03-20T19:14:16Z,xpostn,29.5617
2026-03-20T19:14:16Z,ypostn,-9.696
2026-03-20T19:14:16Z,zpostn,-0.5
2026-03-20T19:14:16Z,xlod,12
2026-03-20T19:14:16Z,ylod,7
2026-03-20T19:14:16Z,zlod,44
2026-03-20T19:14:16Z,fact,9.382958
2026-03-20T19:14:16Z,toolnum,6
2026-03-20T19:14:16Z,program,CDSDRYRUN
2026-03-20T19:14:17Z,xpostn,38.90925
2026-03-20T19:14:17Z,ypostn,-9.696
2026-03-20T19:14:17Z,zpostn,-0.5
2026-03-20T19:14:17Z,xlod,12
2026-03-20T19:14:17Z,ylod,7
2026-03-20T19:14:17Z,zlod,44
2026-03-20T19:14:17Z,fact,9.382958
2026-03-20T19:14:17Z,toolnum,6
2026-03-20T19:14:17Z,program,CDSDRYRUN
2026-03-20T19:14:18Z,xpostn,49.32515
2026-03-20T19:14:18Z,ypostn,-9.696
2026-03-20T19:14:18Z,zpostn,-0.5
2026-03-20T19:14:18Z,xlod,12
2026-03-20T19:14:18Z,ylod,7
2026-03-20T19:14:18Z,zlod,44
2026-03-20T19:14:18Z,fact,9.382958
2026-03-20T19:14:18Z,toolnum,6
2026-03-20T19:14:18Z,program,CDSDRYRUN
2026-03-20T19:14:19Z,xpostn,60.0081
2026-03-20T19:14:19Z,ypostn,-9.696
2026-03-20T19:14:19Z,zpostn,-0.5
2026-03-20T19:14:19Z,xlod,12
2026-03-20T19:14:19Z,ylod,7
2026-03-20T19:14:19Z,zlod,44
2026-03-20T19:14:19Z,fact,9.382958
2026-03-20T19:14:19Z,toolnum,6
2026-03-20T19:14:19Z,program,CDSDRYRUN
2026-03-20T19:14:20Z,xpostn,70.42395
2026-03-20T19:14:20Z,ypostn,-9.696
2026-03-20T19:14:20Z,zpostn,-0.5
2026-03-20T19:14:20Z,xlod,12
2026-03-20T19:14:20Z,ylod,7
2026-03-20T19:14:20Z,zlod,44
2026-03-20T19:14:20Z,fact,9.382958
2026-03-20T19:14:20Z,toolnum,6
2026-03-20T19:14:20Z,program,CDSDRYRUN
2026-03-20T19:14:21Z,xpostn,80.83985
2026-03-20T19:14:21Z,ypostn,-9.696
2026-03-20T19:14:21Z,zpostn,-0.5
2026-03-20T19:14:21Z,xlod,12
2026-03-20T19:14:21Z,ylod,7
2026-03-20T19:14:21Z,zlod,44
2026-03-20T19:14:21Z,fact,9.382958
2026-03-20T19:14:21Z,toolnum,6
2026-03-20T19:14:21Z,program,CDSDRYRUN
2026-03-20T19:14:22Z,xpostn,90.37245
2026-03-20T19:14:22Z,ypostn,-6.0932
2026-03-20T19:14:22Z,zpostn,-0.5
2026-03-20T19:14:22Z,xlod,12
2026-03-20T19:14:22Z,ylod,12
2026-03-20T19:14:22Z,zlod,44
2026-03-20T19:14:22Z,fact,9.382958
2026-03-20T19:14:22Z,toolnum,6
2026-03-20T19:14:22Z,program,CDSDRYRUN
2026-03-20T19:14:23Z,xpostn,92.1748
2026-03-20T19:14:23Z,ypostn,-1.7076
2026-03-20T19:14:23Z,zpostn,-0.5
2026-03-20T19:14:23Z,xlod,12
2026-03-20T19:14:23Z,ylod,12
2026-03-20T19:14:23Z,zlod,41
2026-03-20T19:14:23Z,fact,9.382958
2026-03-20T19:14:23Z,toolnum,6
2026-03-20T19:14:23Z,program,CDSDRYRUN
2026-03-20T19:14:24Z,xpostn,86.7986
2026-03-20T19:14:24Z,ypostn,7.81615
2026-03-20T19:14:24Z,zpostn,-0.5
2026-03-20T19:14:24Z,xlod,12
2026-03-20T19:14:24Z,ylod,12
2026-03-20T19:14:24Z,zlod,41
2026-03-20T19:14:24Z,fact,9.382958
2026-03-20T19:14:24Z,toolnum,6
2026-03-20T19:14:24Z,program,CDSDRYRUN
2026-03-20T19:14:25Z,xpostn,76.2329
2026-03-20T19:14:25Z,ypostn,8.605
2026-03-20T19:14:25Z,zpostn,-0.5
2026-03-20T19:14:25Z,xlod,12
2026-03-20T19:14:25Z,ylod,6
2026-03-20T19:14:25Z,zlod,41
2026-03-20T19:14:25Z,fact,9.382958
2026-03-20T19:14:25Z,toolnum,6
2026-03-20T19:14:25Z,program,CDSDRYRUN
2026-03-20T19:14:26Z,xpostn,65.817
2026-03-20T19:14:26Z,ypostn,8.605
2026-03-20T19:14:26Z,zpostn,-0.5
2026-03-20T19:14:26Z,xlod,12
2026-03-20T19:14:26Z,ylod,6
2026-03-20T19:14:26Z,zlod,41
2026-03-20T19:14:26Z,fact,9.382958
2026-03-20T19:14:26Z,toolnum,6
2026-03-20T19:14:26Z,program,CDSDRYRUN
2026-03-20T19:14:28Z,xpostn,55.40115
2026-03-20T19:14:28Z,ypostn,8.605
2026-03-20T19:14:28Z,zpostn,-0.5
2026-03-20T19:14:28Z,xlod,12
2026-03-20T19:14:28Z,ylod,6
2026-03-20T19:14:28Z,zlod,41
2026-03-20T19:14:28Z,fact,9.382958
2026-03-20T19:14:28Z,toolnum,6
2026-03-20T19:14:28Z,program,CDSDRYRUN
2026-03-20T19:14:29Z,xpostn,44.7182
2026-03-20T19:14:29Z,ypostn,8.605
2026-03-20T19:14:29Z,zpostn,-0.5
2026-03-20T19:14:29Z,xlod,12
2026-03-20T19:14:29Z,ylod,6
2026-03-20T19:14:29Z,zlod,41
2026-03-20T19:14:29Z,fact,9.382958
2026-03-20T19:14:29Z,toolnum,6
2026-03-20T19:14:29Z,program,CDSDRYRUN
2026-03-20T19:14:30Z,xpostn,39.91085
2026-03-20T19:14:30Z,ypostn,8.605
2026-03-20T19:14:30Z,zpostn,-0.5
2026-03-20T19:14:30Z,xlod,12
2026-03-20T19:14:30Z,ylod,6
2026-03-20T19:14:30Z,zlod,41
2026-03-20T19:14:30Z,fact,9.382958
2026-03-20T19:14:30Z,toolnum,6
2026-03-20T19:14:30Z,program,CDSDRYRUN
2026-03-20T19:14:31Z,xpostn,29.495
2026-03-20T19:14:31Z,ypostn,8.605
2026-03-20T19:14:31Z,zpostn,-0.5
2026-03-20T19:14:31Z,xlod,12
2026-03-20T19:14:31Z,ylod,6
2026-03-20T19:14:31Z,zlod,41
2026-03-20T19:14:31Z,fact,9.382958
2026-03-20T19:14:31Z,toolnum,6
2026-03-20T19:14:31Z,program,CDSDRYRUN
2026-03-20T19:14:32Z,xpostn,18.81205
2026-03-20T19:14:32Z,ypostn,8.605
2026-03-20T19:14:32Z,zpostn,-0.5
2026-03-20T19:14:32Z,xlod,12
2026-03-20T19:14:32Z,ylod,6
2026-03-20T19:14:32Z,zlod,41
2026-03-20T19:14:32Z,fact,9.382958
2026-03-20T19:14:32Z,toolnum,6
2026-03-20T19:14:32Z,program,CDSDRYRUN
2026-03-20T19:14:33Z,xpostn,8.39615
2026-03-20T19:14:33Z,ypostn,8.605
2026-03-20T19:14:33Z,zpostn,-0.5
2026-03-20T19:14:33Z,xlod,12
2026-03-20T19:14:33Z,ylod,6
2026-03-20T19:14:33Z,zlod,41
2026-03-20T19:14:33Z,fact,9.382958
2026-03-20T19:14:33Z,toolnum,6
2026-03-20T19:14:33Z,program,CDSDRYRUN
2026-03-20T19:14:34Z,xpostn,-2.2868
2026-03-20T19:14:34Z,ypostn,8.605
2026-03-20T19:14:34Z,zpostn,-0.5
2026-03-20T19:14:34Z,xlod,12
2026-03-20T19:14:34Z,ylod,6
2026-03-20T19:14:34Z,zlod,41
2026-03-20T19:14:34Z,fact,9.382958
2026-03-20T19:14:34Z,toolnum,6
2026-03-20T19:14:34Z,program,CDSDRYRUN
2026-03-20T19:14:35Z,xpostn,-12.96975
2026-03-20T19:14:35Z,ypostn,8.605
2026-03-20T19:14:35Z,zpostn,-0.5
2026-03-20T19:14:35Z,xlod,12
2026-03-20T19:14:35Z,ylod,6
2026-03-20T19:14:35Z,zlod,41
2026-03-20T19:14:35Z,fact,9.382958
2026-03-20T19:14:35Z,toolnum,6
2026-03-20T19:14:35Z,program,CDSDRYRUN
2026-03-20T19:14:36Z,xpostn,-22.3173
2026-03-20T19:14:36Z,ypostn,8.605
2026-03-20T19:14:36Z,zpostn,-0.5
2026-03-20T19:14:36Z,xlod,12
2026-03-20T19:14:36Z,ylod,6
2026-03-20T19:14:36Z,zlod,41
2026-03-20T19:14:36Z,fact,9.382958
2026-03-20T19:14:36Z,toolnum,6
2026-03-20T19:14:36Z,program,CDSDRYRUN
2026-03-20T19:14:37Z,xpostn,-31.6649
2026-03-20T19:14:37Z,ypostn,8.605
2026-03-20T19:14:37Z,zpostn,-0.5
2026-03-20T19:14:37Z,xlod,12
2026-03-20T19:14:37Z,ylod,6
2026-03-20T19:14:37Z,zlod,41
2026-03-20T19:14:37Z,fact,9.382958
2026-03-20T19:14:37Z,toolnum,6
2026-03-20T19:14:37Z,program,CDSDRYRUN
2026-03-20T19:14:38Z,xpostn,-37.5405
2026-03-20T19:14:38Z,ypostn,8.605
2026-03-20T19:14:38Z,zpostn,-0.5
2026-03-20T19:14:38Z,xlod,12
2026-03-20T19:14:38Z,ylod,6
2026-03-20T19:14:38Z,zlod,41
2026-03-20T19:14:38Z,fact,9.382958
2026-03-20T19:14:38Z,toolnum,6
2026-03-20T19:14:38Z,program,CDSDRYRUN
2026-03-20T19:14:39Z,xpostn,-47.9564
2026-03-20T19:14:39Z,ypostn,8.605
2026-03-20T19:14:39Z,zpostn,-0.5
2026-03-20T19:14:39Z,xlod,12
2026-03-20T19:14:39Z,ylod,6
2026-03-20T19:14:39Z,zlod,41
2026-03-20T19:14:39Z,fact,9.382958
2026-03-20T19:14:39Z,toolnum,6
2026-03-20T19:14:39Z,program,CDSDRYRUN
2026-03-20T19:14:40Z,xpostn,-58.63935
2026-03-20T19:14:40Z,ypostn,8.605
2026-03-20T19:14:40Z,zpostn,-0.5
2026-03-20T19:14:40Z,xlod,12
2026-03-20T19:14:40Z,ylod,6
2026-03-20T19:14:40Z,zlod,41
2026-03-20T19:14:40Z,fact,9.382958
2026-03-20T19:14:40Z,toolnum,6
2026-03-20T19:14:40Z,program,CDSDRYRUN
2026-03-20T19:14:41Z,xpostn,-69.0552
2026-03-20T19:14:41Z,ypostn,8.605
2026-03-20T19:14:41Z,zpostn,-0.5
2026-03-20T19:14:41Z,xlod,12
2026-03-20T19:14:41Z,ylod,6
2026-03-20T19:14:41Z,zlod,41
2026-03-20T19:14:41Z,fact,9.382958
2026-03-20T19:14:41Z,toolnum,6
2026-03-20T19:14:41Z,program,CDSDRYRUN
2026-03-20T19:14:42Z,xpostn,-78.4028
2026-03-20T19:14:42Z,ypostn,8.605
2026-03-20T19:14:42Z,zpostn,-0.5
2026-03-20T19:14:42Z,xlod,12
2026-03-20T19:14:42Z,ylod,6
2026-03-20T19:14:42Z,zlod,41
2026-03-20T19:14:42Z,fact,9.382958
2026-03-20T19:14:42Z,toolnum,6
2026-03-20T19:14:42Z,program,CDSDRYRUN
2026-03-20T19:14:43Z,xpostn,-87.67185
2026-03-20T19:14:43Z,ypostn,8.605
2026-03-20T19:14:43Z,zpostn,1.03355
2026-03-20T19:14:43Z,xlod,12
2026-03-20T19:14:43Z,ylod,6
2026-03-20T19:14:43Z,zlod,66
2026-03-20T19:14:43Z,fact,9.382958
2026-03-20T19:14:43Z,toolnum,6
2026-03-20T19:14:43Z,program,CDSDRYRUN
2026-03-20T19:14:44Z,xpostn,-90.73
2026-03-20T19:14:44Z,ypostn,8.605
2026-03-20T19:14:44Z,zpostn,12.39435
2026-03-20T19:14:44Z,xlod,9
2026-03-20T19:14:44Z,ylod,6
2026-03-20T19:14:44Z,zlod,66
2026-03-20T19:14:44Z,fact,1.16662
2026-03-20T19:14:44Z,toolnum,6
2026-03-20T19:14:44Z,program,CDSDRYRUN
2026-03-20T19:14:45Z,xpostn,-90.73
2026-03-20T19:14:45Z,ypostn,8.605
2026-03-20T19:14:45Z,zpostn,118.13665
2026-03-20T19:14:45Z,xlod,9
2026-03-20T19:14:45Z,ylod,6
2026-03-20T19:14:45Z,zlod,68
2026-03-20T19:14:45Z,fact,10.432916
2026-03-20T19:14:45Z,toolnum,6
2026-03-20T19:14:45Z,program,CDSDRYRUN
2026-03-20T19:14:46Z,xpostn,-90.73
2026-03-20T19:14:46Z,ypostn,8.605
2026-03-20T19:14:46Z,zpostn,146.57215
2026-03-20T19:14:46Z,xlod,9
2026-03-20T19:14:46Z,ylod,6
2026-03-20T19:14:46Z,zlod,68
2026-03-20T19:14:46Z,fact,24.999
2026-03-20T19:14:46Z,toolnum,6
2026-03-20T19:14:46Z,program,CDSDRYRUN
2026-03-20T19:14:47Z,xpostn,-90.73
2026-03-20T19:14:47Z,ypostn,8.605
2026-03-20T19:14:47Z,zpostn,163.86215
2026-03-20T19:14:47Z,xlod,9
2026-03-20T19:14:47Z,ylod,6
2026-03-20T19:14:47Z,zlod,68
2026-03-20T19:14:47Z,fact,124.995
2026-03-20T19:14:47Z,toolnum,6
2026-03-20T19:14:47Z,program,CDSDRYRUN
2026-03-20T19:14:48Z,xpostn,-90.73
2026-03-20T19:14:48Z,ypostn,8.605
2026-03-20T19:14:48Z,zpostn,299.01065
2026-03-20T19:14:48Z,xlod,9
2026-03-20T19:14:48Z,ylod,6
2026-03-20T19:14:48Z,zlod,77
2026-03-20T19:14:48Z,fact,124.995
2026-03-20T19:14:48Z,toolnum,6
2026-03-20T19:14:48Z,program,CDSDRYRUN
2026-03-20T19:14:49Z,xpostn,-53.87385
2026-03-20T19:14:49Z,ypostn,34.6569
2026-03-20T19:14:49Z,zpostn,383.07
2026-03-20T19:14:49Z,xlod,40
2026-03-20T19:14:49Z,ylod,31
2026-03-20T19:14:49Z,zlod,60
2026-03-20T19:14:49Z,fact,153.060544
2026-03-20T19:14:49Z,toolnum,6
2026-03-20T19:14:49Z,program,CDSDRYRUN
2026-03-20T19:14:50Z,xpostn,88.292
2026-03-20T19:14:50Z,ypostn,135.1473
2026-03-20T19:14:50Z,zpostn,383.07
2026-03-20T19:14:50Z,xlod,33
2026-03-20T19:14:50Z,ylod,28
2026-03-20T19:14:50Z,zlod,66
2026-03-20T19:14:50Z,fact,153.060544
2026-03-20T19:14:50Z,toolnum,6
2026-03-20T19:14:50Z,program,CDSDRYRUN
2026-03-20T19:14:51Z,xpostn,226.90365
2026-03-20T19:14:51Z,ypostn,233.12545
2026-03-20T19:14:51Z,zpostn,383.07
2026-03-20T19:14:51Z,xlod,33
2026-03-20T19:14:51Z,ylod,32
2026-03-20T19:14:51Z,zlod,66
2026-03-20T19:14:51Z,fact,153.060544
2026-03-20T19:14:51Z,toolnum,6
2026-03-20T19:14:51Z,program,CDSDRYRUN
2026-03-20T19:14:52Z,xpostn,165.69025
2026-03-20T19:14:52Z,ypostn,179.22145
2026-03-20T19:14:52Z,zpostn,383.07
2026-03-20T19:14:52Z,xlod,33
2026-03-20T19:14:52Z,ylod,32
2026-03-20T19:14:52Z,zlod,56
2026-03-20T19:14:52Z,fact,162.610162
2026-03-20T19:14:52Z,toolnum,6
2026-03-20T19:14:52Z,program,CDSDRYRUN
2026-03-20T19:14:53Z,xpostn,37.69025
2026-03-20T19:14:53Z,ypostn,72.687
2026-03-20T19:14:53Z,zpostn,383.07
2026-03-20T19:14:53Z,xlod,33
2026-03-20T19:14:53Z,ylod,29
2026-03-20T19:14:53Z,zlod,53
2026-03-20T19:14:53Z,fact,162.610162
2026-03-20T19:14:53Z,toolnum,6
2026-03-20T19:14:53Z,program,CDSDRYRUN
2026-03-20T19:14:54Z,xpostn,-100.9764
2026-03-20T19:14:54Z,ypostn,-42.72535
2026-03-20T19:14:54Z,zpostn,383.07
2026-03-20T19:14:54Z,xlod,33
2026-03-20T19:14:54Z,ylod,29
2026-03-20T19:14:54Z,zlod,62
2026-03-20T19:14:54Z,fact,162.610162
2026-03-20T19:14:54Z,toolnum,6
2026-03-20T19:14:54Z,program,CDSDRYRUN
2026-03-20T19:14:55Z,xpostn,-179.19865
2026-03-20T19:14:55Z,ypostn,-107.82975
2026-03-20T19:14:55Z,zpostn,383.07
2026-03-20T19:14:55Z,xlod,33
2026-03-20T19:14:55Z,ylod,32
2026-03-20T19:14:55Z,zlod,62
2026-03-20T19:14:55Z,fact,162.610162
2026-03-20T19:14:55Z,toolnum,6
2026-03-20T19:14:55Z,program,CDSDRYRUN
2026-03-20T19:14:56Z,xpostn,-321.42085
2026-03-20T19:14:56Z,ypostn,-226.20135
2026-03-20T19:14:56Z,zpostn,383.07
2026-03-20T19:14:56Z,xlod,33
2026-03-20T19:14:56Z,ylod,32
2026-03-20T19:14:56Z,zlod,66
2026-03-20T19:14:56Z,fact,108.945642
2026-03-20T19:14:56Z,toolnum,6
2026-03-20T19:14:56Z,program,CDSDRYRUN
2026-03-20T19:14:57Z,xpostn,-352.0787
2026-03-20T19:14:57Z,ypostn,-251.7179
2026-03-20T19:14:57Z,zpostn,276.9589
2026-03-20T19:14:57Z,xlod,7
2026-03-20T19:14:57Z,ylod,6
2026-03-20T19:14:57Z,zlod,29
2026-03-20T19:14:57Z,fact,124.995
2026-03-20T19:14:57Z,toolnum,6
2026-03-20T19:14:57Z,program,CDSDRYRUN
2026-03-20T19:14:58Z,xpostn,-352.0787
2026-03-20T19:14:58Z,ypostn,-251.7179
2026-03-20T19:14:58Z,zpostn,227.77
2026-03-20T19:14:58Z,xlod,7
2026-03-20T19:14:58Z,ylod,6
2026-03-20T19:14:58Z,zlod,51
2026-03-20T19:14:58Z,fact,0
2026-03-20T19:14:58Z,toolnum,6
2026-03-20T19:14:58Z,program,CDSDRYRUN
2026-03-20T19:14:59Z,xpostn,-352.0787
2026-03-20T19:14:59Z,ypostn,-251.7179
2026-03-20T19:14:59Z,zpostn,227.77
2026-03-20T19:14:59Z,xlod,10
2026-03-20T19:14:59Z,ylod,6
2026-03-20T19:14:59Z,zlod,51
2026-03-20T19:14:59Z,fact,77.563564
2026-03-20T19:14:59Z,toolnum,5
2026-03-20T19:14:59Z,program,CDSDRYRUN
2026-03-20T19:15:00Z,xpostn,-347.28705
2026-03-20T19:15:00Z,ypostn,-252.03705
2026-03-20T19:15:00Z,zpostn,381.9636
2026-03-20T19:15:00Z,xlod,52
2026-03-20T19:15:00Z,ylod,17
2026-03-20T19:15:00Z,zlod,51
2026-03-20T19:15:00Z,fact,124.995
2026-03-20T19:15:00Z,toolnum,5
2026-03-20T19:15:00Z,program,CDSDRYRUN
2026-03-20T19:15:01Z,xpostn,-286.28135
2026-03-20T19:15:01Z,ypostn,-244.92485
2026-03-20T19:15:01Z,zpostn,383.07
2026-03-20T19:15:01Z,xlod,5
2026-03-20T19:15:01Z,ylod,17
2026-03-20T19:15:01Z,zlod,61
2026-03-20T19:15:01Z,fact,63.297468
2026-03-20T19:15:01Z,toolnum,5
2026-03-20T19:15:01Z,program,CDSDRYRUN
2026-03-20T19:15:03Z,xpostn,-227.8153
2026-03-20T19:15:03Z,ypostn,-199.5083
2026-03-20T19:15:03Z,zpostn,383.07
2026-03-20T19:15:03Z,xlod,19
2026-03-20T19:15:03Z,ylod,23
2026-03-20T19:15:03Z,zlod,56
2026-03-20T19:15:03Z,fact,63.297468
2026-03-20T19:15:03Z,toolnum,5
2026-03-20T19:15:03Z,program,CDSDRYRUN
2026-03-20T19:15:04Z,xpostn,-185.66585
2026-03-20T19:15:04Z,ypostn,-166.76645
2026-03-20T19:15:04Z,zpostn,383.07
2026-03-20T19:15:04Z,xlod,15
2026-03-20T19:15:04Z,ylod,16
2026-03-20T19:15:04Z,zlod,56
2026-03-20T19:15:04Z,fact,31.648734
2026-03-20T19:15:04Z,toolnum,5
2026-03-20T19:15:04Z,program,CDSDRYRUN
2026-03-20T19:15:05Z,xpostn,-162.16295
2026-03-20T19:15:05Z,ypostn,-148.50935
2026-03-20T19:15:05Z,zpostn,383.07
2026-03-20T19:15:05Z,xlod,21
2026-03-20T19:15:05Z,ylod,20
2026-03-20T19:15:05Z,zlod,56
2026-03-20T19:15:05Z,fact,63.297468
2026-03-20T19:15:05Z,toolnum,5
2026-03-20T19:15:05Z,program,CDSDRYRUN
2026-03-20T19:15:06Z,xpostn,-112.42865
2026-03-20T19:15:06Z,ypostn,-109.8756
2026-03-20T19:15:06Z,zpostn,383.07
2026-03-20T19:15:06Z,xlod,21
2026-03-20T19:15:06Z,ylod,20
2026-03-20T19:15:06Z,zlod,56
2026-03-20T19:15:06Z,fact,63.297468
2026-03-20T19:15:06Z,toolnum,5
2026-03-20T19:15:06Z,program,CDSDRYRUN
2026-03-20T19:15:07Z,xpostn,-57.0104
2026-03-20T19:15:07Z,ypostn,-66.8266
2026-03-20T19:15:07Z,zpostn,383.07
2026-03-20T19:15:07Z,xlod,21
2026-03-20T19:15:07Z,ylod,16
2026-03-20T19:15:07Z,zlod,56
2026-03-20T19:15:07Z,fact,31.698732
2026-03-20T19:15:07Z,toolnum,5
2026-03-20T19:15:07Z,program,CDSDRYRUN
2026-03-20T19:15:08Z,xpostn,-45.994
2026-03-20T19:15:08Z,ypostn,-58.269
2026-03-20T19:15:08Z,zpostn,182.4035
2026-03-20T19:15:08Z,xlod,1
2026-03-20T19:15:08Z,ylod,3
2026-03-20T19:15:08Z,zlod,39
2026-03-20T19:15:08Z,fact,24.999
2026-03-20T19:15:08Z,toolnum,5
2026-03-20T19:15:08Z,program,CDSDRYRUN
2026-03-20T19:15:09Z,xpostn,-45.994
2026-03-20T19:15:09Z,ypostn,-58.269
2026-03-20T19:15:09Z,zpostn,157.5199
2026-03-20T19:15:09Z,xlod,1
2026-03-20T19:15:09Z,ylod,3
2026-03-20T19:15:09Z,zlod,39
2026-03-20T19:15:09Z,fact,24.999
2026-03-20T19:15:09Z,toolnum,5
2026-03-20T19:15:09Z,program,CDSDRYRUN
2026-03-20T19:15:10Z,xpostn,-45.994
2026-03-20T19:15:10Z,ypostn,-58.269
2026-03-20T19:15:10Z,zpostn,129.08155
2026-03-20T19:15:10Z,xlod,1
2026-03-20T19:15:10Z,ylod,3
2026-03-20T19:15:10Z,zlod,39
2026-03-20T19:15:10Z,fact,24.999
2026-03-20T19:15:10Z,toolnum,5
2026-03-20T19:15:10Z,program,CDSDRYRUN
2026-03-20T19:15:11Z,xpostn,-45.994
2026-03-20T19:15:11Z,ypostn,-58.269
2026-03-20T19:15:11Z,zpostn,116.99525
2026-03-20T19:15:11Z,xlod,1
2026-03-20T19:15:11Z,ylod,3
2026-03-20T19:15:11Z,zlod,39
2026-03-20T19:15:11Z,fact,24.999
2026-03-20T19:15:11Z,toolnum,5
2026-03-20T19:15:11Z,program,CDSDRYRUN
2026-03-20T19:15:12Z,xpostn,-45.994
2026-03-20T19:15:12Z,ypostn,-58.269
2026-03-20T19:15:12Z,zpostn,88.55685
2026-03-20T19:15:12Z,xlod,1
2026-03-20T19:15:12Z,ylod,3
2026-03-20T19:15:12Z,zlod,39
2026-03-20T19:15:12Z,fact,24.999
2026-03-20T19:15:12Z,toolnum,5
2026-03-20T19:15:12Z,program,CDSDRYRUN
2026-03-20T19:15:13Z,xpostn,-45.994
2026-03-20T19:15:13Z,ypostn,-58.269
2026-03-20T19:15:13Z,zpostn,60.1185
2026-03-20T19:15:13Z,xlod,1
2026-03-20T19:15:13Z,ylod,3
2026-03-20T19:15:13Z,zlod,39
2026-03-20T19:15:13Z,fact,24.999
2026-03-20T19:15:13Z,toolnum,5
2026-03-20T19:15:13Z,program,CDSDRYRUN
2026-03-20T19:15:14Z,xpostn,-45.994
2026-03-20T19:15:14Z,ypostn,-58.269
2026-03-20T19:15:14Z,zpostn,44.91385
2026-03-20T19:15:14Z,xlod,1
2026-03-20T19:15:14Z,ylod,3
2026-03-20T19:15:14Z,zlod,46
2026-03-20T19:15:14Z,fact,0
2026-03-20T19:15:14Z,toolnum,5
2026-03-20T19:15:14Z,program,CDSDRYRUN
2026-03-20T19:15:15Z,xpostn,-45.994
2026-03-20T19:15:15Z,ypostn,-58.269
2026-03-20T19:15:15Z,zpostn,44.91385
2026-03-20T19:15:15Z,xlod,1
2026-03-20T19:15:15Z,ylod,3
2026-03-20T19:15:15Z,zlod,49
2026-03-20T19:15:15Z,fact,0
2026-03-20T19:15:15Z,toolnum,5
2026-03-20T19:15:15Z,program,CDSDRYRUN
2026-03-20T19:15:16Z,xpostn,-45.994
2026-03-20T19:15:16Z,ypostn,-58.269
2026-03-20T19:15:16Z,zpostn,44.91385
2026-03-20T19:15:16Z,xlod,1
2026-03-20T19:15:16Z,ylod,3
2026-03-20T19:15:16Z,zlod,49
2026-03-20T19:15:16Z,fact,0
2026-03-20T19:15:16Z,toolnum,5
2026-03-20T19:15:16Z,program,CDSDRYRUN
2026-03-20T19:15:17Z,xpostn,-45.994
2026-03-20T19:15:17Z,ypostn,-58.269
2026-03-20T19:15:17Z,zpostn,44.91385
2026-03-20T19:15:17Z,xlod,1
2026-03-20T19:15:17Z,ylod,3
2026-03-20T19:15:17Z,zlod,49
2026-03-20T19:15:17Z,fact,0
2026-03-20T19:15:17Z,toolnum,5
2026-03-20T19:15:17Z,program,CDSDRYRUN
2026-03-20T19:15:18Z,xpostn,-45.994
2026-03-20T19:15:18Z,ypostn,-58.269
2026-03-20T19:15:18Z,zpostn,44.91385
2026-03-20T19:15:18Z,xlod,1
2026-03-20T19:15:18Z,ylod,3
2026-03-20T19:15:18Z,zlod,49
2026-03-20T19:15:18Z,fact,0
2026-03-20T19:15:18Z,toolnum,5
2026-03-20T19:15:18Z,program,CDSDRYRUN
2026-03-20T19:15:19Z,xpostn,-45.994
2026-03-20T19:15:19Z,ypostn,-58.269
2026-03-20T19:15:19Z,zpostn,44.91385
2026-03-20T19:15:19Z,xlod,1
2026-03-20T19:15:19Z,ylod,3
2026-03-20T19:15:19Z,zlod,49
2026-03-20T19:15:19Z,fact,0
2026-03-20T19:15:19Z,toolnum,5
2026-03-20T19:15:19Z,program,CDSDRYRUN
2026-03-20T19:15:20Z,xpostn,-45.994
2026-03-20T19:15:20Z,ypostn,-58.269
2026-03-20T19:15:20Z,zpostn,44.91385
2026-03-20T19:15:20Z,xlod,1
2026-03-20T19:15:20Z,ylod,3
2026-03-20T19:15:20Z,zlod,49
2026-03-20T19:15:20Z,fact,0
2026-03-20T19:15:20Z,toolnum,5
2026-03-20T19:15:20Z,program,CDSDRYRUN
2026-03-20T19:15:21Z,xpostn,-45.994
2026-03-20T19:15:21Z,ypostn,-58.269
2026-03-20T19:15:21Z,zpostn,44.91385
2026-03-20T19:15:21Z,xlod,1
2026-03-20T19:15:21Z,ylod,3
2026-03-20T19:15:21Z,zlod,49
2026-03-20T19:15:21Z,fact,0
2026-03-20T19:15:21Z,toolnum,5
2026-03-20T19:15:21Z,program,CDSDRYRUN
2026-03-20T19:15:22Z,xpostn,-45.994
2026-03-20T19:15:22Z,ypostn,-58.269
2026-03-20T19:15:22Z,zpostn,44.91385
2026-03-20T19:15:22Z,xlod,1
2026-03-20T19:15:22Z,ylod,3
2026-03-20T19:15:22Z,zlod,49
2026-03-20T19:15:22Z,fact,0
2026-03-20T19:15:22Z,toolnum,5
2026-03-20T19:15:22Z,program,CDSDRYRUN
2026-03-20T19:15:23Z,xpostn,-45.994
2026-03-20T19:15:23Z,ypostn,-58.269
2026-03-20T19:15:23Z,zpostn,44.91385
2026-03-20T19:15:23Z,xlod,1
2026-03-20T19:15:23Z,ylod,3
2026-03-20T19:15:23Z,zlod,49
2026-03-20T19:15:23Z,fact,0
2026-03-20T19:15:23Z,toolnum,5
2026-03-20T19:15:23Z,program,CDSDRYRUN
2026-03-20T19:15:24Z,xpostn,-45.994
2026-03-20T19:15:24Z,ypostn,-58.269
2026-03-20T19:15:24Z,zpostn,44.91385
2026-03-20T19:15:24Z,xlod,1
2026-03-20T19:15:24Z,ylod,3
2026-03-20T19:15:24Z,zlod,49
2026-03-20T19:15:24Z,fact,0
2026-03-20T19:15:24Z,toolnum,5
2026-03-20T19:15:24Z,program,CDSDRYRUN
2026-03-20T19:15:25Z,xpostn,-45.994
2026-03-20T19:15:25Z,ypostn,-58.269
2026-03-20T19:15:25Z,zpostn,44.91385
2026-03-20T19:15:25Z,xlod,1
2026-03-20T19:15:25Z,ylod,3
2026-03-20T19:15:25Z,zlod,49
2026-03-20T19:15:25Z,fact,0
2026-03-20T19:15:25Z,toolnum,5
2026-03-20T19:15:25Z,program,CDSDRYRUN
2026-03-20T19:15:26Z,xpostn,-45.994
2026-03-20T19:15:26Z,ypostn,-58.269
2026-03-20T19:15:26Z,zpostn,44.91385
2026-03-20T19:15:26Z,xlod,1
2026-03-20T19:15:26Z,ylod,3
2026-03-20T19:15:26Z,zlod,49
2026-03-20T19:15:26Z,fact,0
2026-03-20T19:15:26Z,toolnum,5
2026-03-20T19:15:26Z,program,CDSDRYRUN
2026-03-20T19:15:27Z,xpostn,-45.994
2026-03-20T19:15:27Z,ypostn,-58.269
2026-03-20T19:15:27Z,zpostn,44.91385
2026-03-20T19:15:27Z,xlod,1
2026-03-20T19:15:27Z,ylod,3
2026-03-20T19:15:27Z,zlod,49
2026-03-20T19:15:27Z,fact,0
2026-03-20T19:15:27Z,toolnum,5
2026-03-20T19:15:27Z,program,CDSDRYRUN
2026-03-20T19:15:28Z,xpostn,-45.994
2026-03-20T19:15:28Z,ypostn,-58.269
2026-03-20T19:15:28Z,zpostn,44.91385
2026-03-20T19:15:28Z,xlod,1
2026-03-20T19:15:28Z,ylod,3
2026-03-20T19:15:28Z,zlod,49
2026-03-20T19:15:28Z,fact,0
2026-03-20T19:15:28Z,toolnum,5
2026-03-20T19:15:28Z,program,CDSDRYRUN
2026-03-20T19:15:29Z,xpostn,-45.994
2026-03-20T19:15:29Z,ypostn,-58.269
2026-03-20T19:15:29Z,zpostn,44.91385
2026-03-20T19:15:29Z,xlod,1
2026-03-20T19:15:29Z,ylod,3
2026-03-20T19:15:29Z,zlod,49
2026-03-20T19:15:29Z,fact,0
2026-03-20T19:15:29Z,toolnum,5
2026-03-20T19:15:29Z,program,CDSDRYRUN
2026-03-20T19:15:30Z,xpostn,-45.994
2026-03-20T19:15:30Z,ypostn,-58.269
2026-03-20T19:15:30Z,zpostn,44.91385
2026-03-20T19:15:30Z,xlod,1
2026-03-20T19:15:30Z,ylod,3
2026-03-20T19:15:30Z,zlod,49
2026-03-20T19:15:30Z,fact,0
2026-03-20T19:15:30Z,toolnum,5
2026-03-20T19:15:30Z,program,CDSDRYRUN
2026-03-20T19:15:31Z,xpostn,-45.994
2026-03-20T19:15:31Z,ypostn,-58.269
2026-03-20T19:15:31Z,zpostn,44.91385
2026-03-20T19:15:31Z,xlod,1
2026-03-20T19:15:31Z,ylod,3
2026-03-20T19:15:31Z,zlod,49
2026-03-20T19:15:31Z,fact,0
2026-03-20T19:15:31Z,toolnum,5
2026-03-20T19:15:31Z,program,CDSDRYRUN
2026-03-20T19:15:32Z,xpostn,-45.994
2026-03-20T19:15:32Z,ypostn,-58.269
2026-03-20T19:15:32Z,zpostn,44.91385
2026-03-20T19:15:32Z,xlod,1
2026-03-20T19:15:32Z,ylod,3
2026-03-20T19:15:32Z,zlod,49
2026-03-20T19:15:32Z,fact,0
2026-03-20T19:15:32Z,toolnum,5
2026-03-20T19:15:32Z,program,CDSDRYRUN
2026-03-20T19:15:33Z,xpostn,-45.994
2026-03-20T19:15:33Z,ypostn,-58.269
2026-03-20T19:15:33Z,zpostn,44.91385
2026-03-20T19:15:33Z,xlod,1
2026-03-20T19:15:33Z,ylod,3
2026-03-20T19:15:33Z,zlod,49
2026-03-20T19:15:33Z,fact,0
2026-03-20T19:15:33Z,toolnum,5
2026-03-20T19:15:33Z,program,CDSDRYRUN
2026-03-20T19:15:34Z,xpostn,-45.994
2026-03-20T19:15:34Z,ypostn,-58.269
2026-03-20T19:15:34Z,zpostn,44.91385
2026-03-20T19:15:34Z,xlod,1
2026-03-20T19:15:34Z,ylod,3
2026-03-20T19:15:34Z,zlod,49
2026-03-20T19:15:34Z,fact,0
2026-03-20T19:15:34Z,toolnum,5
2026-03-20T19:15:34Z,program,CDSDRYRUN
2026-03-20T19:15:35Z,xpostn,-45.994
2026-03-20T19:15:35Z,ypostn,-58.269
2026-03-20T19:15:35Z,zpostn,44.91385
2026-03-20T19:15:35Z,xlod,1
2026-03-20T19:15:35Z,ylod,3
2026-03-20T19:15:35Z,zlod,49
2026-03-20T19:15:35Z,fact,0
2026-03-20T19:15:35Z,toolnum,5
2026-03-20T19:15:35Z,program,CDSDRYRUN
2026-03-20T19:15:37Z,xpostn,-45.994
2026-03-20T19:15:37Z,ypostn,-58.269
2026-03-20T19:15:37Z,zpostn,44.91385
2026-03-20T19:15:37Z,xlod,1
2026-03-20T19:15:37Z,ylod,3
2026-03-20T19:15:37Z,zlod,49
2026-03-20T19:15:37Z,fact,0
2026-03-20T19:15:37Z,toolnum,5
2026-03-20T19:15:37Z,program,CDSDRYRUN
2026-03-20T19:15:38Z,xpostn,-45.994
2026-03-20T19:15:38Z,ypostn,-58.269
2026-03-20T19:15:38Z,zpostn,44.85895
2026-03-20T19:15:38Z,xlod,1
2026-03-20T19:15:38Z,ylod,3
2026-03-20T19:15:38Z,zlod,49
2026-03-20T19:15:38Z,fact,9.9996
2026-03-20T19:15:38Z,toolnum,5
2026-03-20T19:15:38Z,program,CDSDRYRUN
2026-03-20T19:15:39Z,xpostn,-45.994
2026-03-20T19:15:39Z,ypostn,-58.269
2026-03-20T19:15:39Z,zpostn,33.8511
2026-03-20T19:15:39Z,xlod,1
2026-03-20T19:15:39Z,ylod,3
2026-03-20T19:15:39Z,zlod,41
2026-03-20T19:15:39Z,fact,9.9996
2026-03-20T19:15:39Z,toolnum,5
2026-03-20T19:15:39Z,program,CDSDRYRUN
2026-03-20T19:15:40Z,xpostn,-45.994
2026-03-20T19:15:40Z,ypostn,-58.269
2026-03-20T19:15:40Z,zpostn,22.4824
2026-03-20T19:15:40Z,xlod,1
2026-03-20T19:15:40Z,ylod,6
2026-03-20T19:15:40Z,zlod,41
2026-03-20T19:15:40Z,fact,9.9996
2026-03-20T19:15:40Z,toolnum,5
2026-03-20T19:15:40Z,program,CDSDRYRUN
2026-03-20T19:15:41Z,xpostn,-45.994
2026-03-20T19:15:41Z,ypostn,-58.269
2026-03-20T19:15:41Z,zpostn,12.14925
2026-03-20T19:15:41Z,xlod,1
2026-03-20T19:15:41Z,ylod,2
2026-03-20T19:15:41Z,zlod,41
2026-03-20T19:15:41Z,fact,4.049838
2026-03-20T19:15:41Z,toolnum,5
2026-03-20T19:15:41Z,program,CDSDRYRUN
2026-03-20T19:15:42Z,xpostn,-45.994
2026-03-20T19:15:42Z,ypostn,-58.269
2026-03-20T19:15:42Z,zpostn,2.1178
2026-03-20T19:15:42Z,xlod,1
2026-03-20T19:15:42Z,ylod,2
2026-03-20T19:15:42Z,zlod,41
2026-03-20T19:15:42Z,fact,8.616322
2026-03-20T19:15:42Z,toolnum,5
2026-03-20T19:15:42Z,program,CDSDRYRUN
2026-03-20T19:15:43Z,xpostn,-45.96985
2026-03-20T19:15:43Z,ypostn,-58.17135
2026-03-20T19:15:43Z,zpostn,-3.73135
2026-03-20T19:15:43Z,xlod,5
2026-03-20T19:15:43Z,ylod,8
2026-03-20T19:15:43Z,zlod,41
2026-03-20T19:15:43Z,fact,16.666
2026-03-20T19:15:43Z,toolnum,5
2026-03-20T19:15:43Z,program,CDSDRYRUN
2026-03-20T19:15:44Z,xpostn,-46.09155
2026-03-20T19:15:44Z,ypostn,-40.1657
2026-03-20T19:15:44Z,zpostn,-4.467
2026-03-20T19:15:44Z,xlod,11
2026-03-20T19:15:44Z,ylod,17
2026-03-20T19:15:44Z,zlod,46
2026-03-20T19:15:44Z,fact,16.666
2026-03-20T19:15:44Z,toolnum,5
2026-03-20T19:15:44Z,program,CDSDRYRUN
2026-03-20T19:15:45Z,xpostn,-46.2641
2026-03-20T19:15:45Z,ypostn,-21.20425
2026-03-20T19:15:45Z,zpostn,-4.467
2026-03-20T19:15:45Z,xlod,11
2026-03-20T19:15:45Z,ylod,17
2026-03-20T19:15:45Z,zlod,43
2026-03-20T19:15:45Z,fact,16.666
2026-03-20T19:15:45Z,toolnum,5
2026-03-20T19:15:45Z,program,CDSDRYRUN
2026-03-20T19:15:46Z,xpostn,-46.27
2026-03-20T19:15:46Z,ypostn,-4.6118
2026-03-20T19:15:46Z,zpostn,-4.467
2026-03-20T19:15:46Z,xlod,11
2026-03-20T19:15:46Z,ylod,13
2026-03-20T19:15:46Z,zlod,43
2026-03-20T19:15:46Z,fact,16.666
2026-03-20T19:15:46Z,toolnum,5
2026-03-20T19:15:46Z,program,CDSDRYRUN
2026-03-20T19:15:47Z,xpostn,-46.27
2026-03-20T19:15:47Z,ypostn,14.82525
2026-03-20T19:15:47Z,zpostn,-4.467
2026-03-20T19:15:47Z,xlod,11
2026-03-20T19:15:47Z,ylod,13
2026-03-20T19:15:47Z,zlod,43
2026-03-20T19:15:47Z,fact,16.666
2026-03-20T19:15:47Z,toolnum,5
2026-03-20T19:15:47Z,program,CDSDRYRUN
2026-03-20T19:15:48Z,xpostn,-46.27
2026-03-20T19:15:48Z,ypostn,32.84005
2026-03-20T19:15:48Z,zpostn,-4.467
2026-03-20T19:15:48Z,xlod,11
2026-03-20T19:15:48Z,ylod,13
2026-03-20T19:15:48Z,zlod,43
2026-03-20T19:15:48Z,fact,16.666
2026-03-20T19:15:48Z,toolnum,5
2026-03-20T19:15:48Z,program,CDSDRYRUN
2026-03-20T19:15:49Z,xpostn,-35.7344
2026-03-20T19:15:49Z,ypostn,45.48125
2026-03-20T19:15:49Z,zpostn,-4.467
2026-03-20T19:15:49Z,xlod,14
2026-03-20T19:15:49Z,ylod,13
2026-03-20T19:15:49Z,zlod,43
2026-03-20T19:15:49Z,fact,16.666
2026-03-20T19:15:49Z,toolnum,5
2026-03-20T19:15:49Z,program,CDSDRYRUN
2026-03-20T19:15:50Z,xpostn,-28.1757
2026-03-20T19:15:50Z,ypostn,46.06655
2026-03-20T19:15:50Z,zpostn,-4.467
2026-03-20T19:15:50Z,xlod,14
2026-03-20T19:15:50Z,ylod,9
2026-03-20T19:15:50Z,zlod,43
2026-03-20T19:15:50Z,fact,16.666
2026-03-20T19:15:50Z,toolnum,5
2026-03-20T19:15:50Z,program,CDSDRYRUN
2026-03-20T19:15:51Z,xpostn,-9.2147
2026-03-20T19:15:51Z,ypostn,46.26295
2026-03-20T19:15:51Z,zpostn,-4.467
2026-03-20T19:15:51Z,xlod,14
2026-03-20T19:15:51Z,ylod,14
2026-03-20T19:15:51Z,zlod,43
2026-03-20T19:15:51Z,fact,16.666
2026-03-20T19:15:51Z,toolnum,5
2026-03-20T19:15:51Z,program,CDSDRYRUN
2026-03-20T19:15:52Z,xpostn,9.27405
2026-03-20T19:15:52Z,ypostn,46.2697
2026-03-20T19:15:52Z,zpostn,-4.467
2026-03-20T19:15:52Z,xlod,11
2026-03-20T19:15:52Z,ylod,14
2026-03-20T19:15:52Z,zlod,43
2026-03-20T19:15:52Z,fact,16.666
2026-03-20T19:15:52Z,toolnum,5
2026-03-20T19:15:52Z,program,CDSDRYRUN
2026-03-20T19:15:53Z,xpostn,30.1333
2026-03-20T19:15:53Z,ypostn,46.27
2026-03-20T19:15:53Z,zpostn,-4.467
2026-03-20T19:15:53Z,xlod,12
2026-03-20T19:15:53Z,ylod,10
2026-03-20T19:15:53Z,zlod,43
2026-03-20T19:15:53Z,fact,16.666
2026-03-20T19:15:53Z,toolnum,5
2026-03-20T19:15:53Z,program,CDSDRYRUN
2026-03-20T19:15:54Z,xpostn,40.4619
2026-03-20T19:15:54Z,ypostn,45.7736
2026-03-20T19:15:54Z,zpostn,-4.467
2026-03-20T19:15:54Z,xlod,12
2026-03-20T19:15:54Z,ylod,14
2026-03-20T19:15:54Z,zlod,43
2026-03-20T19:15:54Z,fact,16.666
2026-03-20T19:15:54Z,toolnum,5
2026-03-20T19:15:54Z,program,CDSDRYRUN
2026-03-20T19:15:55Z,xpostn,46.0342
2026-03-20T19:15:55Z,ypostn,28.96355
2026-03-20T19:15:55Z,zpostn,-4.467
2026-03-20T19:15:55Z,xlod,12
2026-03-20T19:15:55Z,ylod,14
2026-03-20T19:15:55Z,zlod,48
2026-03-20T19:15:55Z,fact,16.666
2026-03-20T19:15:55Z,toolnum,5
2026-03-20T19:15:55Z,program,CDSDRYRUN
2026-03-20T19:15:56Z,xpostn,46.26165
2026-03-20T19:15:56Z,ypostn,10.0032
2026-03-20T19:15:56Z,zpostn,-4.467
2026-03-20T19:15:56Z,xlod,12
2026-03-20T19:15:56Z,ylod,10
2026-03-20T19:15:56Z,zlod,51
2026-03-20T19:15:56Z,fact,16.666
2026-03-20T19:15:56Z,toolnum,5
2026-03-20T19:15:56Z,program,CDSDRYRUN
2026-03-20T19:15:57Z,xpostn,46.26945
2026-03-20T19:15:57Z,ypostn,-8.95965
2026-03-20T19:15:57Z,zpostn,-4.467
2026-03-20T19:15:57Z,xlod,12
2026-03-20T19:15:57Z,ylod,16
2026-03-20T19:15:57Z,zlod,54
2026-03-20T19:15:57Z,fact,16.666
2026-03-20T19:15:57Z,toolnum,5
2026-03-20T19:15:57Z,program,CDSDRYRUN
2026-03-20T19:15:58Z,xpostn,46.27
2026-03-20T19:15:58Z,ypostn,-27.44845
2026-03-20T19:15:58Z,zpostn,-4.467
2026-03-20T19:15:58Z,xlod,12
2026-03-20T19:15:58Z,ylod,12
2026-03-20T19:15:58Z,zlod,54
2026-03-20T19:15:58Z,fact,16.666
2026-03-20T19:15:58Z,toolnum,5
2026-03-20T19:15:58Z,program,CDSDRYRUN
2026-03-20T19:15:59Z,xpostn,41.4075
2026-03-20T19:15:59Z,ypostn,-44.0676
2026-03-20T19:15:59Z,zpostn,-4.467
2026-03-20T19:15:59Z,xlod,12
2026-03-20T19:15:59Z,ylod,10
2026-03-20T19:15:59Z,zlod,54
2026-03-20T19:15:59Z,fact,16.666
2026-03-20T19:15:59Z,toolnum,5
2026-03-20T19:15:59Z,program,CDSDRYRUN
2026-03-20T19:16:00Z,xpostn,23.1396
2026-03-20T19:16:00Z,ypostn,-46.1875
2026-03-20T19:16:00Z,zpostn,-4.467
2026-03-20T19:16:00Z,xlod,15
2026-03-20T19:16:00Z,ylod,14
2026-03-20T19:16:00Z,zlod,54
2026-03-20T19:16:00Z,fact,16.666
2026-03-20T19:16:00Z,toolnum,5
2026-03-20T19:16:00Z,program,CDSDRYRUN
2026-03-20T19:16:01Z,xpostn,4.17705
2026-03-20T19:16:01Z,ypostn,-46.2673
2026-03-20T19:16:01Z,zpostn,-4.467
2026-03-20T19:16:01Z,xlod,15
2026-03-20T19:16:01Z,ylod,14
2026-03-20T19:16:01Z,zlod,54
2026-03-20T19:16:01Z,fact,16.666
2026-03-20T19:16:01Z,toolnum,5
2026-03-20T19:16:01Z,program,CDSDRYRUN
2026-03-20T19:16:02Z,xpostn,-3.88215
2026-03-20T19:16:02Z,ypostn,-46.26915
2026-03-20T19:16:02Z,zpostn,-4.467
2026-03-20T19:16:02Z,xlod,12
2026-03-20T19:16:02Z,ylod,14
2026-03-20T19:16:02Z,zlod,54
2026-03-20T19:16:02Z,fact,16.666
2026-03-20T19:16:02Z,toolnum,5
2026-03-20T19:16:02Z,program,CDSDRYRUN
2026-03-20T19:16:03Z,xpostn,-20.4747
2026-03-20T19:16:03Z,ypostn,-46.27
2026-03-20T19:16:03Z,zpostn,-4.467
2026-03-20T19:16:03Z,xlod,12
2026-03-20T19:16:03Z,ylod,9
2026-03-20T19:16:03Z,zlod,54
2026-03-20T19:16:03Z,fact,16.666
2026-03-20T19:16:03Z,toolnum,5
2026-03-20T19:16:03Z,program,CDSDRYRUN
2026-03-20T19:16:04Z,xpostn,-38.06545
2026-03-20T19:16:04Z,ypostn,-42.9019
2026-03-20T19:16:04Z,zpostn,-4.467
2026-03-20T19:16:04Z,xlod,12
2026-03-20T19:16:04Z,ylod,14
2026-03-20T19:16:04Z,zlod,54
2026-03-20T19:16:04Z,fact,16.666
2026-03-20T19:16:04Z,toolnum,5
2026-03-20T19:16:04Z,program,CDSDRYRUN
2026-03-20T19:16:05Z,xpostn,-41.1021
2026-03-20T19:16:05Z,ypostn,-22.4747
2026-03-20T19:16:05Z,zpostn,-4.467
2026-03-20T19:16:05Z,xlod,12
2026-03-20T19:16:05Z,ylod,14
2026-03-20T19:16:05Z,zlod,46
2026-03-20T19:16:05Z,fact,16.666
2026-03-20T19:16:05Z,toolnum,5
2026-03-20T19:16:05Z,program,CDSDRYRUN
2026-03-20T19:16:06Z,xpostn,-41.1848
2026-03-20T19:16:06Z,ypostn,-5.88255
2026-03-20T19:16:06Z,zpostn,-4.467
2026-03-20T19:16:06Z,xlod,12
2026-03-20T19:16:06Z,ylod,14
2026-03-20T19:16:06Z,zlod,46
2026-03-20T19:16:06Z,fact,16.666
2026-03-20T19:16:06Z,toolnum,5
2026-03-20T19:16:06Z,program,CDSDRYRUN
2026-03-20T19:16:07Z,xpostn,-41.18875
2026-03-20T19:16:07Z,ypostn,4.547
2026-03-20T19:16:07Z,zpostn,-4.467
2026-03-20T19:16:07Z,xlod,12
2026-03-20T19:16:07Z,ylod,14
2026-03-20T19:16:07Z,zlod,43
2026-03-20T19:16:07Z,fact,16.666
2026-03-20T19:16:07Z,toolnum,5
2026-03-20T19:16:07Z,program,CDSDRYRUN
2026-03-20T19:16:08Z,xpostn,-41.1897
2026-03-20T19:16:08Z,ypostn,25.4062
2026-03-20T19:16:08Z,zpostn,-4.467
2026-03-20T19:16:08Z,xlod,12
2026-03-20T19:16:08Z,ylod,14
2026-03-20T19:16:08Z,zlod,43
2026-03-20T19:16:08Z,fact,16.666
2026-03-20T19:16:08Z,toolnum,5
2026-03-20T19:16:08Z,program,CDSDRYRUN
2026-03-20T19:16:09Z,xpostn,-32.60885
2026-03-20T19:16:09Z,ypostn,39.60095
2026-03-20T19:16:09Z,zpostn,-4.467
2026-03-20T19:16:09Z,xlod,12
2026-03-20T19:16:09Z,ylod,9
2026-03-20T19:16:09Z,zlod,43
2026-03-20T19:16:09Z,fact,16.666
2026-03-20T19:16:09Z,toolnum,5
2026-03-20T19:16:09Z,program,CDSDRYRUN
2026-03-20T19:16:10Z,xpostn,-14.2228
2026-03-20T19:16:10Z,ypostn,41.1111
2026-03-20T19:16:10Z,zpostn,-4.467
2026-03-20T19:16:10Z,xlod,12
2026-03-20T19:16:10Z,ylod,12
2026-03-20T19:16:10Z,zlod,43
2026-03-20T19:16:10Z,fact,16.666
2026-03-20T19:16:10Z,toolnum,5
2026-03-20T19:16:10Z,program,CDSDRYRUN
2026-03-20T19:16:12Z,xpostn,4.2657
2026-03-20T19:16:12Z,ypostn,41.18595
2026-03-20T19:16:12Z,zpostn,-4.467
2026-03-20T19:16:12Z,xlod,12
2026-03-20T19:16:12Z,ylod,12
2026-03-20T19:16:12Z,zlod,43
2026-03-20T19:16:12Z,fact,16.666
2026-03-20T19:16:12Z,toolnum,5
2026-03-20T19:16:12Z,program,CDSDRYRUN
2026-03-20T19:16:13Z,xpostn,23.22855
2026-03-20T19:16:13Z,ypostn,41.18985
2026-03-20T19:16:13Z,zpostn,-4.467
2026-03-20T19:16:13Z,xlod,12
2026-03-20T19:16:13Z,ylod,12
2026-03-20T19:16:13Z,zlod,43
2026-03-20T19:16:13Z,fact,16.666
2026-03-20T19:16:13Z,toolnum,5
2026-03-20T19:16:13Z,program,CDSDRYRUN
2026-03-20T19:16:14Z,xpostn,31.761
2026-03-20T19:16:14Z,ypostn,41.1677
2026-03-20T19:16:14Z,zpostn,-4.467
2026-03-20T19:16:14Z,xlod,12
2026-03-20T19:16:14Z,ylod,2
2026-03-20T19:16:14Z,zlod,43
2026-03-20T19:16:14Z,fact,16.666
2026-03-20T19:16:14Z,toolnum,5
2026-03-20T19:16:14Z,program,CDSDRYRUN
2026-03-20T19:16:15Z,xpostn,40.7662
2026-03-20T19:16:15Z,ypostn,24.42515
2026-03-20T19:16:15Z,zpostn,-4.467
2026-03-20T19:16:15Z,xlod,12
2026-03-20T19:16:15Z,ylod,9
2026-03-20T19:16:15Z,zlod,48
2026-03-20T19:16:15Z,fact,16.666
2026-03-20T19:16:15Z,toolnum,5
2026-03-20T19:16:15Z,program,CDSDRYRUN
2026-03-20T19:16:16Z,xpostn,41.16995
2026-03-20T19:16:16Z,ypostn,5.94365
2026-03-20T19:16:16Z,zpostn,-4.467
2026-03-20T19:16:16Z,xlod,12
2026-03-20T19:16:16Z,ylod,13
2026-03-20T19:16:16Z,zlod,51
2026-03-20T19:16:16Z,fact,16.666
2026-03-20T19:16:16Z,toolnum,5
2026-03-20T19:16:16Z,program,CDSDRYRUN
2026-03-20T19:16:17Z,xpostn,41.18815
2026-03-20T19:16:17Z,ypostn,-10.6487
2026-03-20T19:16:17Z,zpostn,-4.467
2026-03-20T19:16:17Z,xlod,12
2026-03-20T19:16:17Z,ylod,13
2026-03-20T19:16:17Z,zlod,54
2026-03-20T19:16:17Z,fact,16.666
2026-03-20T19:16:17Z,toolnum,5
2026-03-20T19:16:17Z,program,CDSDRYRUN
2026-03-20T19:16:18Z,xpostn,41.19
2026-03-20T19:16:18Z,ypostn,-29.6116
2026-03-20T19:16:18Z,zpostn,-4.467
2026-03-20T19:16:18Z,xlod,12
2026-03-20T19:16:18Z,ylod,16
2026-03-20T19:16:18Z,zlod,54
2026-03-20T19:16:18Z,fact,16.666
2026-03-20T19:16:18Z,toolnum,5
2026-03-20T19:16:18Z,program,CDSDRYRUN
2026-03-20T19:16:19Z,xpostn,28.92185
2026-03-20T19:16:19Z,ypostn,-40.3108
2026-03-20T19:16:19Z,zpostn,-4.467
2026-03-20T19:16:19Z,xlod,15
2026-03-20T19:16:19Z,ylod,12
2026-03-20T19:16:19Z,zlod,54
2026-03-20T19:16:19Z,fact,16.666
2026-03-20T19:16:19Z,toolnum,5
2026-03-20T19:16:19Z,program,CDSDRYRUN
2026-03-20T19:16:20Z,xpostn,9.9906
2026-03-20T19:16:20Z,ypostn,-41.1512
2026-03-20T19:16:20Z,zpostn,-4.467
2026-03-20T19:16:20Z,xlod,15
2026-03-20T19:16:20Z,ylod,12
2026-03-20T19:16:20Z,zlod,54
2026-03-20T19:16:20Z,fact,16.666
2026-03-20T19:16:20Z,toolnum,5
2026-03-20T19:16:20Z,program,CDSDRYRUN
2026-03-20T19:16:21Z,xpostn,-0.4388
2026-03-20T19:16:21Z,ypostn,-41.1832
2026-03-20T19:16:21Z,zpostn,-4.467
2026-03-20T19:16:21Z,xlod,11
2026-03-20T19:16:21Z,ylod,12
2026-03-20T19:16:21Z,zlod,54
2026-03-20T19:16:21Z,fact,16.666
2026-03-20T19:16:21Z,toolnum,5
2026-03-20T19:16:21Z,program,CDSDRYRUN
2026-03-20T19:16:22Z,xpostn,-19.40165
2026-03-20T19:16:22Z,ypostn,-41.1894
2026-03-20T19:16:22Z,zpostn,-4.467
2026-03-20T19:16:22Z,xlod,11
2026-03-20T19:16:22Z,ylod,12
2026-03-20T19:16:22Z,zlod,54
2026-03-20T19:16:22Z,fact,16.666
2026-03-20T19:16:22Z,toolnum,5
2026-03-20T19:16:22Z,program,CDSDRYRUN
2026-03-20T19:16:23Z,xpostn,-34.0959
2026-03-20T19:16:23Z,ypostn,-33.8474
2026-03-20T19:16:23Z,zpostn,-4.467
2026-03-20T19:16:23Z,xlod,11
2026-03-20T19:16:23Z,ylod,19
2026-03-20T19:16:23Z,zlod,54
2026-03-20T19:16:23Z,fact,16.666
2026-03-20T19:16:23Z,toolnum,5
2026-03-20T19:16:23Z,program,CDSDRYRUN
2026-03-20T19:16:24Z,xpostn,-36.01165
2026-03-20T19:16:24Z,ypostn,-15.0467
2026-03-20T19:16:24Z,zpostn,-4.467
2026-03-20T19:16:24Z,xlod,11
2026-03-20T19:16:24Z,ylod,13
2026-03-20T19:16:24Z,zlod,45
2026-03-20T19:16:24Z,fact,16.666
2026-03-20T19:16:24Z,toolnum,5
2026-03-20T19:16:24Z,program,CDSDRYRUN
2026-03-20T19:16:25Z,xpostn,-36.2045
2026-03-20T19:16:25Z,ypostn,-6.99735
2026-03-20T19:16:25Z,zpostn,-4.467
2026-03-20T19:16:25Z,xlod,11
2026-03-20T19:16:25Z,ylod,18
2026-03-20T19:16:25Z,zlod,45
2026-03-20T19:16:25Z,fact,16.666
2026-03-20T19:16:25Z,toolnum,5
2026-03-20T19:16:25Z,program,CDSDRYRUN
2026-03-20T19:16:26Z,xpostn,-36.31705
2026-03-20T19:16:26Z,ypostn,9.5489
2026-03-20T19:16:26Z,zpostn,-4.467
2026-03-20T19:16:26Z,xlod,11
2026-03-20T19:16:26Z,ylod,9
2026-03-20T19:16:26Z,zlod,45
2026-03-20T19:16:26Z,fact,0
2026-03-20T19:16:26Z,toolnum,5
2026-03-20T19:16:26Z,program,CDSDRYRUN
2026-03-20T19:16:27Z,xpostn,-36.31635
2026-03-20T19:16:27Z,ypostn,9.568
2026-03-20T19:16:27Z,zpostn,-4.467
2026-03-20T19:16:27Z,xlod,6
2026-03-20T19:16:27Z,ylod,5
2026-03-20T19:16:27Z,zlod,45
2026-03-20T19:16:27Z,fact,0
2026-03-20T19:16:27Z,toolnum,5
2026-03-20T19:16:27Z,program,CDSDRYRUN
2026-03-20T19:16:28Z,xpostn,-36.31635
2026-03-20T19:16:28Z,ypostn,9.568
2026-03-20T19:16:28Z,zpostn,-4.467
2026-03-20T19:16:28Z,xlod,6
2026-03-20T19:16:28Z,ylod,5
2026-03-20T19:16:28Z,zlod,45
2026-03-20T19:16:28Z,fact,0
2026-03-20T19:16:28Z,toolnum,5
2026-03-20T19:16:28Z,program,CDSDRYRUN
2026-03-20T19:16:29Z,xpostn,-36.31635
2026-03-20T19:16:29Z,ypostn,9.568
2026-03-20T19:16:29Z,zpostn,-4.467
2026-03-20T19:16:29Z,xlod,6
2026-03-20T19:16:29Z,ylod,5
2026-03-20T19:16:29Z,zlod,45
2026-03-20T19:16:29Z,fact,0
2026-03-20T19:16:29Z,toolnum,5
2026-03-20T19:16:29Z,program,CDSDRYRUN
2026-03-20T19:16:30Z,xpostn,-36.31635
2026-03-20T19:16:30Z,ypostn,9.568
2026-03-20T19:16:30Z,zpostn,-4.467
2026-03-20T19:16:30Z,xlod,6
2026-03-20T19:16:30Z,ylod,5
2026-03-20T19:16:30Z,zlod,45
2026-03-20T19:16:30Z,fact,0
2026-03-20T19:16:30Z,toolnum,5
2026-03-20T19:16:30Z,program,CDSDRYRUN
2026-03-20T19:16:31Z,xpostn,-36.31635
2026-03-20T19:16:31Z,ypostn,9.568
2026-03-20T19:16:31Z,zpostn,-4.467
2026-03-20T19:16:31Z,xlod,6
2026-03-20T19:16:31Z,ylod,5
2026-03-20T19:16:31Z,zlod,45
2026-03-20T19:16:31Z,fact,0
2026-03-20T19:16:31Z,toolnum,5
2026-03-20T19:16:31Z,program,CDSDRYRUN
2026-03-20T19:16:32Z,xpostn,-36.31635
2026-03-20T19:16:32Z,ypostn,9.568
2026-03-20T19:16:32Z,zpostn,-4.467
2026-03-20T19:16:32Z,xlod,6
2026-03-20T19:16:32Z,ylod,5
2026-03-20T19:16:32Z,zlod,45
2026-03-20T19:16:32Z,fact,0
2026-03-20T19:16:32Z,toolnum,5
2026-03-20T19:16:32Z,program,CDSDRYRUN
2026-03-20T19:16:33Z,xpostn,-36.3047
2026-03-20T19:16:33Z,ypostn,9.90385
2026-03-20T19:16:33Z,zpostn,-4.467
2026-03-20T19:16:33Z,xlod,12
2026-03-20T19:16:33Z,ylod,11
2026-03-20T19:16:33Z,zlod,45
2026-03-20T19:16:33Z,fact,0.016666
2026-03-20T19:16:33Z,toolnum,5
2026-03-20T19:16:33Z,program,CDSDRYRUN
2026-03-20T19:16:34Z,xpostn,-36.207
2026-03-20T19:16:34Z,ypostn,13.75615
2026-03-20T19:16:34Z,zpostn,-4.467
2026-03-20T19:16:34Z,xlod,12
2026-03-20T19:16:34Z,ylod,14
2026-03-20T19:16:34Z,zlod,45
2026-03-20T19:16:34Z,fact,8.333
2026-03-20T19:16:34Z,toolnum,5
2026-03-20T19:16:34Z,program,CDSDRYRUN
2026-03-20T19:16:35Z,xpostn,-35.85825
2026-03-20T19:16:35Z,ypostn,27.66235
2026-03-20T19:16:35Z,zpostn,-4.467
2026-03-20T19:16:35Z,xlod,12
2026-03-20T19:16:35Z,ylod,18
2026-03-20T19:16:35Z,zlod,45
2026-03-20T19:16:35Z,fact,11.782862
2026-03-20T19:16:35Z,toolnum,5
2026-03-20T19:16:35Z,program,CDSDRYRUN
2026-03-20T19:16:36Z,xpostn,-28.8377
2026-03-20T19:16:36Z,ypostn,33.83595
2026-03-20T19:16:36Z,zpostn,-4.467
2026-03-20T19:16:36Z,xlod,12
2026-03-20T19:16:36Z,ylod,8
2026-03-20T19:16:36Z,zlod,42
2026-03-20T19:16:36Z,fact,16.666
2026-03-20T19:16:36Z,toolnum,5
2026-03-20T19:16:36Z,program,CDSDRYRUN
2026-03-20T19:16:37Z,xpostn,-10.07315
2026-03-20T19:16:37Z,ypostn,35.98545
2026-03-20T19:16:37Z,zpostn,-4.467
2026-03-20T19:16:37Z,xlod,12
2026-03-20T19:16:37Z,ylod,11
2026-03-20T19:16:37Z,zlod,42
2026-03-20T19:16:37Z,fact,16.666
2026-03-20T19:16:37Z,toolnum,5
2026-03-20T19:16:37Z,program,CDSDRYRUN
2026-03-20T19:16:38Z,xpostn,6.4456
2026-03-20T19:16:38Z,ypostn,36.47725
2026-03-20T19:16:38Z,zpostn,-4.467
2026-03-20T19:16:38Z,xlod,12
2026-03-20T19:16:38Z,ylod,11
2026-03-20T19:16:38Z,zlod,42
2026-03-20T19:16:38Z,fact,16.666
2026-03-20T19:16:38Z,toolnum,5
2026-03-20T19:16:38Z,program,CDSDRYRUN
2026-03-20T19:16:39Z,xpostn,24.9283
2026-03-20T19:16:39Z,ypostn,36.1224
2026-03-20T19:16:39Z,zpostn,-4.467
2026-03-20T19:16:39Z,xlod,12
2026-03-20T19:16:39Z,ylod,11
2026-03-20T19:16:39Z,zlod,42
2026-03-20T19:16:39Z,fact,16.666
2026-03-20T19:16:39Z,toolnum,5
2026-03-20T19:16:39Z,program,CDSDRYRUN
2026-03-20T19:16:40Z,xpostn,35.2396
2026-03-20T19:16:40Z,ypostn,22.56145
2026-03-20T19:16:40Z,zpostn,-4.467
2026-03-20T19:16:40Z,xlod,12
2026-03-20T19:16:40Z,ylod,12
2026-03-20T19:16:40Z,zlod,47
2026-03-20T19:16:40Z,fact,16.666
2026-03-20T19:16:40Z,toolnum,5
2026-03-20T19:16:40Z,program,CDSDRYRUN
2026-03-20T19:16:41Z,xpostn,36.6745
2026-03-20T19:16:41Z,ypostn,3.69585
2026-03-20T19:16:41Z,zpostn,-4.467
2026-03-20T19:16:41Z,xlod,8
2026-03-20T19:16:41Z,ylod,12
2026-03-20T19:16:41Z,zlod,51
2026-03-20T19:16:41Z,fact,16.666
2026-03-20T19:16:41Z,toolnum,5
2026-03-20T19:16:41Z,program,CDSDRYRUN
2026-03-20T19:16:42Z,xpostn,36.19135
2026-03-20T19:16:42Z,ypostn,-14.7649
2026-03-20T19:16:42Z,zpostn,-4.467
2026-03-20T19:16:42Z,xlod,12
2026-03-20T19:16:42Z,ylod,16
2026-03-20T19:16:42Z,zlod,55
2026-03-20T19:16:42Z,fact,16.666
2026-03-20T19:16:42Z,toolnum,5
2026-03-20T19:16:42Z,program,CDSDRYRUN
2026-03-20T19:16:43Z,xpostn,36.11855
2026-03-20T19:16:43Z,ypostn,-25.19405
2026-03-20T19:16:43Z,zpostn,-4.467
2026-03-20T19:16:43Z,xlod,12
2026-03-20T19:16:43Z,ylod,12
2026-03-20T19:16:43Z,zlod,55
2026-03-20T19:16:43Z,fact,16.666
2026-03-20T19:16:43Z,toolnum,5
2026-03-20T19:16:43Z,program,CDSDRYRUN
2026-03-20T19:16:44Z,xpostn,22.30075
2026-03-20T19:16:44Z,ypostn,-35.275
2026-03-20T19:16:44Z,zpostn,-4.467
2026-03-20T19:16:44Z,xlod,15
2026-03-20T19:16:44Z,ylod,12
2026-03-20T19:16:44Z,zlod,55
2026-03-20T19:16:44Z,fact,16.666
2026-03-20T19:16:44Z,toolnum,5
2026-03-20T19:16:44Z,program,CDSDRYRUN
2026-03-20T19:16:45Z,xpostn,3.88885
2026-03-20T19:16:45Z,ypostn,-36.65535
2026-03-20T19:16:45Z,zpostn,-4.467
2026-03-20T19:16:45Z,xlod,15
2026-03-20T19:16:45Z,ylod,12
2026-03-20T19:16:45Z,zlod,55
2026-03-20T19:16:45Z,fact,16.666
2026-03-20T19:16:45Z,toolnum,5
2026-03-20T19:16:45Z,program,CDSDRYRUN
2026-03-20T19:16:46Z,xpostn,-15.04485
2026-03-20T19:16:46Z,ypostn,-36.1873
2026-03-20T19:16:46Z,zpostn,-4.467
2026-03-20T19:16:46Z,xlod,12
2026-03-20T19:16:46Z,ylod,12
2026-03-20T19:16:46Z,zlod,55
2026-03-20T19:16:46Z,fact,16.666
2026-03-20T19:16:46Z,toolnum,5
2026-03-20T19:16:46Z,program,CDSDRYRUN
2026-03-20T19:16:48Z,xpostn,-29.2191
2026-03-20T19:16:48Z,ypostn,-27.23175
2026-03-20T19:16:48Z,zpostn,-4.467
2026-03-20T19:16:48Z,xlod,12
2026-03-20T19:16:48Z,ylod,17
2026-03-20T19:16:48Z,zlod,52
2026-03-20T19:16:48Z,fact,16.666
2026-03-20T19:16:48Z,toolnum,5
2026-03-20T19:16:48Z,program,CDSDRYRUN
2026-03-20T19:16:49Z,xpostn,-35.4582
2026-03-20T19:16:49Z,ypostn,-10.0217
2026-03-20T19:16:49Z,zpostn,-4.467
2026-03-20T19:16:49Z,xlod,12
2026-03-20T19:16:49Z,ylod,14
2026-03-20T19:16:49Z,zlod,45
2026-03-20T19:16:49Z,fact,16.666
2026-03-20T19:16:49Z,toolnum,5
2026-03-20T19:16:49Z,program,CDSDRYRUN
2026-03-20T19:16:50Z,xpostn,-38.90485
2026-03-20T19:16:50Z,ypostn,-3.24315
2026-03-20T19:16:50Z,zpostn,-4.267
2026-03-20T19:16:50Z,xlod,8
2026-03-20T19:16:50Z,ylod,14
2026-03-20T19:16:50Z,zlod,64
2026-03-20T19:16:50Z,fact,15.799368
2026-03-20T19:16:50Z,toolnum,5
2026-03-20T19:16:50Z,program,CDSDRYRUN
2026-03-20T19:16:51Z,xpostn,-33.23125
2026-03-20T19:16:51Z,ypostn,16.106
2026-03-20T19:16:51Z,zpostn,-4.467
2026-03-20T19:16:51Z,xlod,8
2026-03-20T19:16:51Z,ylod,14
2026-03-20T19:16:51Z,zlod,48
2026-03-20T19:16:51Z,fact,16.666
2026-03-20T19:16:51Z,toolnum,5
2026-03-20T19:16:51Z,program,CDSDRYRUN
2026-03-20T19:16:52Z,xpostn,-23.59105
2026-03-20T19:16:52Z,ypostn,28.8021
2026-03-20T19:16:52Z,zpostn,-4.467
2026-03-20T19:16:52Z,xlod,11
2026-03-20T19:16:52Z,ylod,10
2026-03-20T19:16:52Z,zlod,44
2026-03-20T19:16:52Z,fact,16.666
2026-03-20T19:16:52Z,toolnum,5
2026-03-20T19:16:52Z,program,CDSDRYRUN
2026-03-20T19:16:53Z,xpostn,-7.54395
2026-03-20T19:16:53Z,ypostn,37.2154
2026-03-20T19:16:53Z,zpostn,-4.30495
2026-03-20T19:16:53Z,xlod,8
2026-03-20T19:16:53Z,ylod,18
2026-03-20T19:16:53Z,zlod,64
2026-03-20T19:16:53Z,fact,16.666
2026-03-20T19:16:53Z,toolnum,5
2026-03-20T19:16:53Z,program,CDSDRYRUN
2026-03-20T19:16:54Z,xpostn,9.59245
2026-03-20T19:16:54Z,ypostn,35.5812
2026-03-20T19:16:54Z,zpostn,-4.467
2026-03-20T19:16:54Z,xlod,12
2026-03-20T19:16:54Z,ylod,9
2026-03-20T19:16:54Z,zlod,46
2026-03-20T19:16:54Z,fact,16.666
2026-03-20T19:16:54Z,toolnum,5
2026-03-20T19:16:54Z,program,CDSDRYRUN
2026-03-20T19:16:55Z,xpostn,26.29245
2026-03-20T19:16:55Z,ypostn,28.45755
2026-03-20T19:16:55Z,zpostn,-4.467
2026-03-20T19:16:55Z,xlod,12
2026-03-20T19:16:55Z,ylod,16
2026-03-20T19:16:55Z,zlod,51
2026-03-20T19:16:55Z,fact,16.666
2026-03-20T19:16:55Z,toolnum,5
2026-03-20T19:16:55Z,program,CDSDRYRUN
2026-03-20T19:16:56Z,xpostn,31.33995
2026-03-20T19:16:56Z,ypostn,19.40645
2026-03-20T19:16:56Z,zpostn,-4.467
2026-03-20T19:16:56Z,xlod,12
2026-03-20T19:16:56Z,ylod,12
2026-03-20T19:16:56Z,zlod,51
2026-03-20T19:16:56Z,fact,16.666
2026-03-20T19:16:56Z,toolnum,5
2026-03-20T19:16:56Z,program,CDSDRYRUN
2026-03-20T19:16:57Z,xpostn,38.79195
2026-03-20T19:16:57Z,ypostn,3.28505
2026-03-20T19:16:57Z,zpostn,-4.267
2026-03-20T19:16:57Z,xlod,9
2026-03-20T19:16:57Z,ylod,15
2026-03-20T19:16:57Z,zlod,62
2026-03-20T19:16:57Z,fact,16.666
2026-03-20T19:16:57Z,toolnum,5
2026-03-20T19:16:57Z,program,CDSDRYRUN
2026-03-20T19:16:58Z,xpostn,33.9848
2026-03-20T19:16:58Z,ypostn,-14.23795
2026-03-20T19:16:58Z,zpostn,-4.467
2026-03-20T19:16:58Z,xlod,9
2026-03-20T19:16:58Z,ylod,15
2026-03-20T19:16:58Z,zlod,52
2026-03-20T19:16:58Z,fact,16.666
2026-03-20T19:16:58Z,toolnum,5
2026-03-20T19:16:58Z,program,CDSDRYRUN
2026-03-20T19:16:59Z,xpostn,23.69855
2026-03-20T19:16:59Z,ypostn,-28.7576
2026-03-20T19:16:59Z,zpostn,-4.467
2026-03-20T19:16:59Z,xlod,15
2026-03-20T19:16:59Z,ylod,9
2026-03-20T19:16:59Z,zlod,55
2026-03-20T19:16:59Z,fact,16.666
2026-03-20T19:16:59Z,toolnum,5
2026-03-20T19:16:59Z,program,CDSDRYRUN
2026-03-20T19:17:00Z,xpostn,7.6136
2026-03-20T19:17:00Z,ypostn,-37.12315
2026-03-20T19:17:00Z,zpostn,-4.31135
2026-03-20T19:17:00Z,xlod,10
2026-03-20T19:17:00Z,ylod,13
2026-03-20T19:17:00Z,zlod,64
2026-03-20T19:17:00Z,fact,16.666
2026-03-20T19:17:00Z,toolnum,5
2026-03-20T19:17:00Z,program,CDSDRYRUN
2026-03-20T19:17:01Z,xpostn,-0.2
2026-03-20T19:17:01Z,ypostn,-39.00195
2026-03-20T19:17:01Z,zpostn,-4.267
2026-03-20T19:17:01Z,xlod,14
2026-03-20T19:17:01Z,ylod,10
2026-03-20T19:17:01Z,zlod,61
2026-03-20T19:17:01Z,fact,15.799368
2026-03-20T19:17:01Z,toolnum,5
2026-03-20T19:17:01Z,program,CDSDRYRUN
2026-03-20T19:17:02Z,xpostn,-16.97545
2026-03-20T19:17:02Z,ypostn,-32.71255
2026-03-20T19:17:02Z,zpostn,-4.467
2026-03-20T19:17:02Z,xlod,11
2026-03-20T19:17:02Z,ylod,10
2026-03-20T19:17:02Z,zlod,50
2026-03-20T19:17:02Z,fact,16.666
2026-03-20T19:17:02Z,toolnum,5
2026-03-20T19:17:02Z,program,CDSDRYRUN
2026-03-20T19:17:03Z,xpostn,-30.983
2026-03-20T19:17:03Z,ypostn,-20.28205
2026-03-20T19:17:03Z,zpostn,-4.424
2026-03-20T19:17:03Z,xlod,14
2026-03-20T19:17:03Z,ylod,11
2026-03-20T19:17:03Z,zlod,62
2026-03-20T19:17:03Z,fact,16.666
2026-03-20T19:17:03Z,toolnum,5
2026-03-20T19:17:03Z,program,CDSDRYRUN
2026-03-20T19:17:04Z,xpostn,-39.5887
2026-03-20T19:17:04Z,ypostn,-6.00765
2026-03-20T19:17:04Z,zpostn,-4.267
2026-03-20T19:17:04Z,xlod,13
2026-03-20T19:17:04Z,ylod,12
2026-03-20T19:17:04Z,zlod,59
2026-03-20T19:17:04Z,fact,16.666
2026-03-20T19:17:04Z,toolnum,5
2026-03-20T19:17:04Z,program,CDSDRYRUN
2026-03-20T19:17:05Z,xpostn,-38.8684
2026-03-20T19:17:05Z,ypostn,11.6873
2026-03-20T19:17:05Z,zpostn,-4.267
2026-03-20T19:17:05Z,xlod,13
2026-03-20T19:17:05Z,ylod,15
2026-03-20T19:17:05Z,zlod,59
2026-03-20T19:17:05Z,fact,16.666
2026-03-20T19:17:05Z,toolnum,5
2026-03-20T19:17:05Z,program,CDSDRYRUN
2026-03-20T19:17:06Z,xpostn,-26.9036
2026-03-20T19:17:06Z,ypostn,25.18235
2026-03-20T19:17:06Z,zpostn,-4.467
2026-03-20T19:17:06Z,xlod,13
2026-03-20T19:17:06Z,ylod,15
2026-03-20T19:17:06Z,zlod,49
2026-03-20T19:17:06Z,fact,16.666
2026-03-20T19:17:06Z,toolnum,5
2026-03-20T19:17:06Z,program,CDSDRYRUN
2026-03-20T19:17:07Z,xpostn,-14.70645
2026-03-20T19:17:07Z,ypostn,38.26355
2026-03-20T19:17:07Z,zpostn,-4.267
2026-03-20T19:17:07Z,xlod,14
2026-03-20T19:17:07Z,ylod,10
2026-03-20T19:17:07Z,zlod,60
2026-03-20T19:17:07Z,fact,16.666
2026-03-20T19:17:07Z,toolnum,5
2026-03-20T19:17:07Z,program,CDSDRYRUN
2026-03-20T19:17:08Z,xpostn,4.1332
2026-03-20T19:17:08Z,ypostn,40.26205
2026-03-20T19:17:08Z,zpostn,-4.267
2026-03-20T19:17:08Z,xlod,14
2026-03-20T19:17:08Z,ylod,10
2026-03-20T19:17:08Z,zlod,60
2026-03-20T19:17:08Z,fact,16.666
2026-03-20T19:17:08Z,toolnum,5
2026-03-20T19:17:08Z,program,CDSDRYRUN
2026-03-20T19:17:09Z,xpostn,13.01865
2026-03-20T19:17:09Z,ypostn,36.93265
2026-03-20T19:17:09Z,zpostn,-4.267
2026-03-20T19:17:09Z,xlod,11
2026-03-20T19:17:09Z,ylod,13
2026-03-20T19:17:09Z,zlod,60
2026-03-20T19:17:09Z,fact,16.666
2026-03-20T19:17:09Z,toolnum,5
2026-03-20T19:17:09Z,program,CDSDRYRUN
2026-03-20T19:17:10Z,xpostn,25.529
2026-03-20T19:17:10Z,ypostn,26.58045
2026-03-20T19:17:10Z,zpostn,-4.467
2026-03-20T19:17:10Z,xlod,11
2026-03-20T19:17:10Z,ylod,10
2026-03-20T19:17:10Z,zlod,51
2026-03-20T19:17:10Z,fact,16.666
2026-03-20T19:17:10Z,toolnum,5
2026-03-20T19:17:10Z,program,CDSDRYRUN
2026-03-20T19:17:11Z,xpostn,38.50675
2026-03-20T19:17:11Z,ypostn,12.36505
2026-03-20T19:17:11Z,zpostn,-4.267
2026-03-20T19:17:11Z,xlod,10
2026-03-20T19:17:11Z,ylod,13
2026-03-20T19:17:11Z,zlod,61
2026-03-20T19:17:11Z,fact,16.666
2026-03-20T19:17:11Z,toolnum,5
2026-03-20T19:17:11Z,program,CDSDRYRUN
2026-03-20T19:17:12Z,xpostn,40.51125
2026-03-20T19:17:12Z,ypostn,-6.48055
2026-03-20T19:17:12Z,zpostn,-4.267
2026-03-20T19:17:12Z,xlod,10
2026-03-20T19:17:12Z,ylod,13
2026-03-20T19:17:12Z,zlod,61
2026-03-20T19:17:12Z,fact,16.666
2026-03-20T19:17:12Z,toolnum,5
2026-03-20T19:17:12Z,program,CDSDRYRUN
2026-03-20T19:17:13Z,xpostn,36.9332
2026-03-20T19:17:13Z,ypostn,-13.01685
2026-03-20T19:17:13Z,zpostn,-4.267
2026-03-20T19:17:13Z,xlod,10
2026-03-20T19:17:13Z,ylod,9
2026-03-20T19:17:13Z,zlod,61
2026-03-20T19:17:13Z,fact,15.716038
2026-03-20T19:17:13Z,toolnum,5
2026-03-20T19:17:13Z,program,CDSDRYRUN
2026-03-20T19:17:14Z,xpostn,23.45665
2026-03-20T19:17:14Z,ypostn,-28.4292
2026-03-20T19:17:14Z,zpostn,-4.467
2026-03-20T19:17:14Z,xlod,14
2026-03-20T19:17:14Z,ylod,11
2026-03-20T19:17:14Z,zlod,54
2026-03-20T19:17:14Z,fact,12.932816
2026-03-20T19:17:14Z,toolnum,5
2026-03-20T19:17:14Z,program,CDSDRYRUN
2026-03-20T19:17:15Z,xpostn,-9.9403
2026-03-20T19:17:15Z,ypostn,-39.13305
2026-03-20T19:17:15Z,zpostn,15
2026-03-20T19:17:15Z,xlod,28
2026-03-20T19:17:15Z,ylod,19
2026-03-20T19:17:15Z,zlod,62
2026-03-20T19:17:15Z,fact,128.894844
2026-03-20T19:17:15Z,toolnum,5
2026-03-20T19:17:15Z,program,CDSDRYRUN
2026-03-20T19:17:16Z,xpostn,-58.147
2026-03-20T19:17:16Z,ypostn,-51.28
2026-03-20T19:17:16Z,zpostn,-6.13625
2026-03-20T19:17:16Z,xlod,1
2026-03-20T19:17:16Z,ylod,3
2026-03-20T19:17:16Z,zlod,38
2026-03-20T19:17:16Z,fact,15.449382
2026-03-20T19:17:16Z,toolnum,5
2026-03-20T19:17:16Z,program,CDSDRYRUN
2026-03-20T19:17:17Z,xpostn,-46.66745
2026-03-20T19:17:17Z,ypostn,-39.05035
2026-03-20T19:17:17Z,zpostn,-8.433
2026-03-20T19:17:17Z,xlod,10
2026-03-20T19:17:17Z,ylod,17
2026-03-20T19:17:17Z,zlod,46
2026-03-20T19:17:17Z,fact,16.666
2026-03-20T19:17:17Z,toolnum,5
2026-03-20T19:17:17Z,program,CDSDRYRUN
2026-03-20T19:17:18Z,xpostn,-45.8446
2026-03-20T19:17:18Z,ypostn,-20.11825
2026-03-20T19:17:18Z,zpostn,-8.433
2026-03-20T19:17:18Z,xlod,10
2026-03-20T19:17:18Z,ylod,13
2026-03-20T19:17:18Z,zlod,43
2026-03-20T19:17:18Z,fact,16.666
2026-03-20T19:17:18Z,toolnum,5
2026-03-20T19:17:18Z,program,CDSDRYRUN
2026-03-20T19:17:19Z,xpostn,-45.81855
2026-03-20T19:17:19Z,ypostn,-10.1629
2026-03-20T19:17:19Z,zpostn,-8.433
2026-03-20T19:17:19Z,xlod,10
2026-03-20T19:17:19Z,ylod,17
2026-03-20T19:17:19Z,zlod,43
2026-03-20T19:17:19Z,fact,16.666
2026-03-20T19:17:19Z,toolnum,5
2026-03-20T19:17:19Z,program,CDSDRYRUN
2026-03-20T19:17:20Z,xpostn,-47.9772
2026-03-20T19:17:20Z,ypostn,8.28365
2026-03-20T19:17:20Z,zpostn,-8.433
2026-03-20T19:17:20Z,xlod,10
2026-03-20T19:17:20Z,ylod,15
2026-03-20T19:17:20Z,zlod,43
2026-03-20T19:17:20Z,fact,16.666
2026-03-20T19:17:20Z,toolnum,5
2026-03-20T19:17:20Z,program,CDSDRYRUN
2026-03-20T19:17:21Z,xpostn,-46.4524
2026-03-20T19:17:21Z,ypostn,26.86615
2026-03-20T19:17:21Z,zpostn,-8.433
2026-03-20T19:17:21Z,xlod,10
2026-03-20T19:17:21Z,ylod,15
2026-03-20T19:17:21Z,zlod,43
2026-03-20T19:17:21Z,fact,16.666
2026-03-20T19:17:21Z,toolnum,5
2026-03-20T19:17:21Z,program,CDSDRYRUN
2026-03-20T19:17:22Z,xpostn,-42.38755
2026-03-20T19:17:22Z,ypostn,43.62965
2026-03-20T19:17:22Z,zpostn,-8.433
2026-03-20T19:17:22Z,xlod,10
2026-03-20T19:17:22Z,ylod,11
2026-03-20T19:17:22Z,zlod,43
2026-03-20T19:17:22Z,fact,16.666
2026-03-20T19:17:22Z,toolnum,5
2026-03-20T19:17:22Z,program,CDSDRYRUN
2026-03-20T19:17:23Z,xpostn,-23.7434
2026-03-20T19:17:23Z,ypostn,46.1787
2026-03-20T19:17:23Z,zpostn,-8.433
2026-03-20T19:17:23Z,xlod,14
2026-03-20T19:17:23Z,ylod,14
2026-03-20T19:17:23Z,zlod,43
2026-03-20T19:17:23Z,fact,16.666
2026-03-20T19:17:23Z,toolnum,5
2026-03-20T19:17:23Z,program,CDSDRYRUN
2026-03-20T19:17:25Z,xpostn,-5.25505
2026-03-20T19:17:25Z,ypostn,46.26675
2026-03-20T19:17:25Z,zpostn,-8.433
2026-03-20T19:17:25Z,xlod,14
2026-03-20T19:17:25Z,ylod,14
2026-03-20T19:17:25Z,zlod,43
2026-03-20T19:17:25Z,fact,16.666
2026-03-20T19:17:25Z,toolnum,5
2026-03-20T19:17:25Z,program,CDSDRYRUN
2026-03-20T19:17:26Z,xpostn,3.2782
2026-03-20T19:17:26Z,ypostn,46.26975
2026-03-20T19:17:26Z,zpostn,-8.433
2026-03-20T19:17:26Z,xlod,14
2026-03-20T19:17:26Z,ylod,11
2026-03-20T19:17:26Z,zlod,43
2026-03-20T19:17:26Z,fact,16.666
2026-03-20T19:17:26Z,toolnum,5
2026-03-20T19:17:26Z,program,CDSDRYRUN
2026-03-20T19:17:27Z,xpostn,21.45995
2026-03-20T19:17:27Z,ypostn,46.75735
2026-03-20T19:17:27Z,zpostn,-8.433
2026-03-20T19:17:27Z,xlod,14
2026-03-20T19:17:27Z,ylod,11
2026-03-20T19:17:27Z,zlod,43
2026-03-20T19:17:27Z,fact,16.666
2026-03-20T19:17:27Z,toolnum,5
2026-03-20T19:17:27Z,program,CDSDRYRUN
2026-03-20T19:17:28Z,xpostn,39.89365
2026-03-20T19:17:28Z,ypostn,46.0345
2026-03-20T19:17:28Z,zpostn,-8.433
2026-03-20T19:17:28Z,xlod,14
2026-03-20T19:17:28Z,ylod,11
2026-03-20T19:17:28Z,zlod,43
2026-03-20T19:17:28Z,fact,16.666
2026-03-20T19:17:28Z,toolnum,5
2026-03-20T19:17:28Z,program,CDSDRYRUN
2026-03-20T19:17:29Z,xpostn,46.0063
2026-03-20T19:17:29Z,ypostn,29.6304
2026-03-20T19:17:29Z,zpostn,-8.433
2026-03-20T19:17:29Z,xlod,10
2026-03-20T19:17:29Z,ylod,14
2026-03-20T19:17:29Z,zlod,49
2026-03-20T19:17:29Z,fact,16.666
2026-03-20T19:17:29Z,toolnum,5
2026-03-20T19:17:29Z,program,CDSDRYRUN
2026-03-20T19:17:30Z,xpostn,46.26095
2026-03-20T19:17:30Z,ypostn,10.67065
2026-03-20T19:17:30Z,zpostn,-8.433
2026-03-20T19:17:30Z,xlod,13
2026-03-20T19:17:30Z,ylod,14
2026-03-20T19:17:30Z,zlod,52
2026-03-20T19:17:30Z,fact,16.666
2026-03-20T19:17:30Z,toolnum,5
2026-03-20T19:17:30Z,program,CDSDRYRUN
2026-03-20T19:17:31Z,xpostn,46.26885
2026-03-20T19:17:31Z,ypostn,0.24115
2026-03-20T19:17:31Z,zpostn,-8.433
2026-03-20T19:17:31Z,xlod,13
2026-03-20T19:17:31Z,ylod,14
2026-03-20T19:17:31Z,zlod,55
2026-03-20T19:17:31Z,fact,16.666
2026-03-20T19:17:31Z,toolnum,5
2026-03-20T19:17:31Z,program,CDSDRYRUN
2026-03-20T19:17:32Z,xpostn,47.19765
2026-03-20T19:17:32Z,ypostn,-17.97
2026-03-20T19:17:32Z,zpostn,-8.433
2026-03-20T19:17:32Z,xlod,10
2026-03-20T19:17:32Z,ylod,14
2026-03-20T19:17:32Z,zlod,55
2026-03-20T19:17:32Z,fact,16.666
2026-03-20T19:17:32Z,toolnum,5
2026-03-20T19:17:32Z,program,CDSDRYRUN
2026-03-20T19:17:33Z,xpostn,46.2999
2026-03-20T19:17:33Z,ypostn,-36.89265
2026-03-20T19:17:33Z,zpostn,-8.433
2026-03-20T19:17:33Z,xlod,13
2026-03-20T19:17:33Z,ylod,11
2026-03-20T19:17:33Z,zlod,55
2026-03-20T19:17:33Z,fact,16.666
2026-03-20T19:17:33Z,toolnum,5
2026-03-20T19:17:33Z,program,CDSDRYRUN
2026-03-20T19:17:34Z,xpostn,32.6695
2026-03-20T19:17:34Z,ypostn,-45.8163
2026-03-20T19:17:34Z,zpostn,-8.433
2026-03-20T19:17:34Z,xlod,13
2026-03-20T19:17:34Z,ylod,11
2026-03-20T19:17:34Z,zlod,55
2026-03-20T19:17:34Z,fact,16.666
2026-03-20T19:17:34Z,toolnum,5
2026-03-20T19:17:34Z,program,CDSDRYRUN
2026-03-20T19:17:35Z,xpostn,14.18995
2026-03-20T19:17:35Z,ypostn,-46.25345
2026-03-20T19:17:35Z,zpostn,-8.433
2026-03-20T19:17:35Z,xlod,13
2026-03-20T19:17:35Z,ylod,11
2026-03-20T19:17:35Z,zlod,55
2026-03-20T19:17:35Z,fact,16.666
2026-03-20T19:17:35Z,toolnum,5
2026-03-20T19:17:35Z,program,CDSDRYRUN
2026-03-20T19:17:36Z,xpostn,-4.75715
2026-03-20T19:17:36Z,ypostn,-46.37595
2026-03-20T19:17:36Z,zpostn,-8.433
2026-03-20T19:17:36Z,xlod,13
2026-03-20T19:17:36Z,ylod,15
2026-03-20T19:17:36Z,zlod,55
2026-03-20T19:17:36Z,fact,16.666
2026-03-20T19:17:36Z,toolnum,5
2026-03-20T19:17:36Z,program,CDSDRYRUN
2026-03-20T19:17:37Z,xpostn,-12.73795
2026-03-20T19:17:37Z,ypostn,-48.5512
2026-03-20T19:17:37Z,zpostn,-8.433
2026-03-20T19:17:37Z,xlod,13
2026-03-20T19:17:37Z,ylod,11
2026-03-20T19:17:37Z,zlod,55
2026-03-20T19:17:37Z,fact,16.666
2026-03-20T19:17:37Z,toolnum,5
2026-03-20T19:17:37Z,program,CDSDRYRUN
2026-03-20T19:17:38Z,xpostn,-29.10715
2026-03-20T19:17:38Z,ypostn,-46.39165
2026-03-20T19:17:38Z,zpostn,-8.433
2026-03-20T19:17:38Z,xlod,13
2026-03-20T19:17:38Z,ylod,11
2026-03-20T19:17:38Z,zlod,55
2026-03-20T19:17:38Z,fact,16.666
2026-03-20T19:17:38Z,toolnum,5
2026-03-20T19:17:38Z,program,CDSDRYRUN
2026-03-20T19:17:39Z,xpostn,-40.5948
2026-03-20T19:17:39Z,ypostn,-33.64755
2026-03-20T19:17:39Z,zpostn,-8.433
2026-03-20T19:17:39Z,xlod,9
2026-03-20T19:17:39Z,ylod,14
2026-03-20T19:17:39Z,zlod,51
2026-03-20T19:17:39Z,fact,16.666
2026-03-20T19:17:39Z,toolnum,5
2026-03-20T19:17:39Z,program,CDSDRYRUN
2026-03-20T19:17:40Z,xpostn,-40.7441
2026-03-20T19:17:40Z,ypostn,-15.16095
2026-03-20T19:17:40Z,zpostn,-8.433
2026-03-20T19:17:40Z,xlod,4
2026-03-20T19:17:40Z,ylod,17
2026-03-20T19:17:40Z,zlod,47
2026-03-20T19:17:40Z,fact,16.666
2026-03-20T19:17:40Z,toolnum,5
2026-03-20T19:17:40Z,program,CDSDRYRUN
2026-03-20T19:17:41Z,xpostn,-44.82965
2026-03-20T19:17:41Z,ypostn,2.7349
2026-03-20T19:17:41Z,zpostn,-8.433
2026-03-20T19:17:41Z,xlod,13
2026-03-20T19:17:41Z,ylod,14
2026-03-20T19:17:41Z,zlod,44
2026-03-20T19:17:41Z,fact,16.666
2026-03-20T19:17:41Z,toolnum,5
2026-03-20T19:17:41Z,program,CDSDRYRUN
2026-03-20T19:17:42Z,xpostn,-45.93135
2026-03-20T19:17:42Z,ypostn,16.7651
2026-03-20T19:17:42Z,zpostn,-8.433
2026-03-20T19:17:42Z,xlod,13
2026-03-20T19:17:42Z,ylod,14
2026-03-20T19:17:42Z,zlod,44
2026-03-20T19:17:42Z,fact,15.58271
2026-03-20T19:17:42Z,toolnum,5
2026-03-20T19:17:42Z,program,CDSDRYRUN
2026-03-20T19:17:43Z,xpostn,-42.1085
2026-03-20T19:17:43Z,ypostn,25.73755
2026-03-20T19:17:43Z,zpostn,-8.433
2026-03-20T19:17:43Z,xlod,8
2026-03-20T19:17:43Z,ylod,14
2026-03-20T19:17:43Z,zlod,49
2026-03-20T19:17:43Z,fact,16.666
2026-03-20T19:17:43Z,toolnum,5
2026-03-20T19:17:43Z,program,CDSDRYRUN
2026-03-20T19:17:44Z,xpostn,-32.5464
2026-03-20T19:17:44Z,ypostn,39.66145
2026-03-20T19:17:44Z,zpostn,-8.433
2026-03-20T19:17:44Z,xlod,11
2026-03-20T19:17:44Z,ylod,10
2026-03-20T19:17:44Z,zlod,44
2026-03-20T19:17:44Z,fact,16.666
2026-03-20T19:17:44Z,toolnum,5
2026-03-20T19:17:44Z,program,CDSDRYRUN
2026-03-20T19:17:45Z,xpostn,-14.1524
2026-03-20T19:17:45Z,ypostn,41.11365
2026-03-20T19:17:45Z,zpostn,-8.433
2026-03-20T19:17:45Z,xlod,14
2026-03-20T19:17:45Z,ylod,10
2026-03-20T19:17:45Z,zlod,44
2026-03-20T19:17:45Z,fact,16.666
2026-03-20T19:17:45Z,toolnum,5
2026-03-20T19:17:45Z,program,CDSDRYRUN
2026-03-20T19:17:46Z,xpostn,3.71105
2026-03-20T19:17:46Z,ypostn,45.3931
2026-03-20T19:17:46Z,zpostn,-8.433
2026-03-20T19:17:46Z,xlod,14
2026-03-20T19:17:46Z,ylod,10
2026-03-20T19:17:46Z,zlod,44
2026-03-20T19:17:46Z,fact,16.666
2026-03-20T19:17:46Z,toolnum,5
2026-03-20T19:17:46Z,program,CDSDRYRUN
2026-03-20T19:17:47Z,xpostn,17.5778
2026-03-20T19:17:47Z,ypostn,45.16095
2026-03-20T19:17:47Z,zpostn,-8.433
2026-03-20T19:17:47Z,xlod,14
2026-03-20T19:17:47Z,ylod,10
2026-03-20T19:17:47Z,zlod,46
2026-03-20T19:17:47Z,fact,15.849366
2026-03-20T19:17:47Z,toolnum,5
2026-03-20T19:17:47Z,program,CDSDRYRUN
2026-03-20T19:17:48Z,xpostn,35.1105
2026-03-20T19:17:48Z,ypostn,40.4032
2026-03-20T19:17:48Z,zpostn,-8.433
2026-03-20T19:17:48Z,xlod,11
2026-03-20T19:17:48Z,ylod,13
2026-03-20T19:17:48Z,zlod,51
2026-03-20T19:17:48Z,fact,16.666
2026-03-20T19:17:48Z,toolnum,5
2026-03-20T19:17:48Z,program,CDSDRYRUN
2026-03-20T19:17:49Z,xpostn,39.4661
2026-03-20T19:17:49Z,ypostn,33.29105
2026-03-20T19:17:49Z,zpostn,-8.433
2026-03-20T19:17:49Z,xlod,11
2026-03-20T19:17:49Z,ylod,13
2026-03-20T19:17:49Z,zlod,51
2026-03-20T19:17:49Z,fact,16.666
2026-03-20T19:17:49Z,toolnum,5
2026-03-20T19:17:49Z,program,CDSDRYRUN
2026-03-20T19:17:50Z,xpostn,41.1033
2026-03-20T19:17:50Z,ypostn,14.9227
2026-03-20T19:17:50Z,zpostn,-8.433
2026-03-20T19:17:50Z,xlod,11
2026-03-20T19:17:50Z,ylod,16
2026-03-20T19:17:50Z,zlod,54
2026-03-20T19:17:50Z,fact,16.666
2026-03-20T19:17:50Z,toolnum,5
2026-03-20T19:17:50Z,program,CDSDRYRUN
2026-03-20T19:17:51Z,xpostn,45.0083
2026-03-20T19:17:51Z,ypostn,-3.0445
2026-03-20T19:17:51Z,zpostn,-8.433
2026-03-20T19:17:51Z,xlod,11
2026-03-20T19:17:51Z,ylod,16
2026-03-20T19:17:51Z,zlod,54
2026-03-20T19:17:51Z,fact,15.199392
2026-03-20T19:17:51Z,toolnum,5
2026-03-20T19:17:51Z,program,CDSDRYRUN
2026-03-20T19:17:52Z,xpostn,46.01595
2026-03-20T19:17:52Z,ypostn,-16.6826
2026-03-20T19:17:52Z,zpostn,-8.433
2026-03-20T19:17:52Z,xlod,13
2026-03-20T19:17:52Z,ylod,13
2026-03-20T19:17:52Z,zlod,44
2026-03-20T19:17:52Z,fact,15.66604
2026-03-20T19:17:52Z,toolnum,5
2026-03-20T19:17:52Z,program,CDSDRYRUN
2026-03-20T19:17:53Z,xpostn,40.79755
2026-03-20T19:17:53Z,ypostn,-34.4575
2026-03-20T19:17:53Z,zpostn,-8.433
2026-03-20T19:17:53Z,xlod,13
2026-03-20T19:17:53Z,ylod,11
2026-03-20T19:17:53Z,zlod,53
2026-03-20T19:17:53Z,fact,16.666
2026-03-20T19:17:53Z,toolnum,5
2026-03-20T19:17:53Z,program,CDSDRYRUN
2026-03-20T19:17:54Z,xpostn,26.111
2026-03-20T19:17:54Z,ypostn,-40.6488
2026-03-20T19:17:54Z,zpostn,-8.433
2026-03-20T19:17:54Z,xlod,13
2026-03-20T19:17:54Z,ylod,11
2026-03-20T19:17:54Z,zlod,53
2026-03-20T19:17:54Z,fact,16.666
2026-03-20T19:17:54Z,toolnum,5
2026-03-20T19:17:54Z,program,CDSDRYRUN
2026-03-20T19:17:55Z,xpostn,15.693
2026-03-20T19:17:55Z,ypostn,-41.0918
2026-03-20T19:17:55Z,zpostn,-8.433
2026-03-20T19:17:55Z,xlod,13
2026-03-20T19:17:55Z,ylod,11
2026-03-20T19:17:55Z,zlod,53
2026-03-20T19:17:55Z,fact,16.666
2026-03-20T19:17:55Z,toolnum,5
2026-03-20T19:17:55Z,program,CDSDRYRUN
2026-03-20T19:17:56Z,xpostn,-2.37785
2026-03-20T19:17:56Z,ypostn,-44.62345
2026-03-20T19:17:56Z,zpostn,-8.433
2026-03-20T19:17:56Z,xlod,13
2026-03-20T19:17:56Z,ylod,15
2026-03-20T19:17:56Z,zlod,56
2026-03-20T19:17:56Z,fact,15.932696
2026-03-20T19:17:56Z,toolnum,5
2026-03-20T19:17:56Z,program,CDSDRYRUN
2026-03-20T19:17:57Z,xpostn,-16.1464
2026-03-20T19:17:57Z,ypostn,-46.5661
2026-03-20T19:17:57Z,zpostn,-8.433
2026-03-20T19:17:57Z,xlod,13
2026-03-20T19:17:57Z,ylod,16
2026-03-20T19:17:57Z,zlod,42
2026-03-20T19:17:57Z,fact,16.666
2026-03-20T19:17:57Z,toolnum,5
2026-03-20T19:17:57Z,program,CDSDRYRUN
2026-03-20T19:17:58Z,xpostn,-33.3089
2026-03-20T19:17:58Z,ypostn,-36.65635
2026-03-20T19:17:58Z,zpostn,-8.433
2026-03-20T19:17:58Z,xlod,13
2026-03-20T19:17:58Z,ylod,10
2026-03-20T19:17:58Z,zlod,49
2026-03-20T19:17:58Z,fact,16.666
2026-03-20T19:17:58Z,toolnum,5
2026-03-20T19:17:58Z,program,CDSDRYRUN
2026-03-20T19:17:59Z,xpostn,-35.2874
2026-03-20T19:17:59Z,ypostn,-26.4695
2026-03-20T19:17:59Z,zpostn,-8.433
2026-03-20T19:17:59Z,xlod,13
2026-03-20T19:17:59Z,ylod,14
2026-03-20T19:17:59Z,zlod,43
2026-03-20T19:17:59Z,fact,16.666
2026-03-20T19:17:59Z,toolnum,5
2026-03-20T19:17:59Z,program,CDSDRYRUN
2026-03-20T19:18:00Z,xpostn,-37.3
2026-03-20T19:18:00Z,ypostn,-10.3079
2026-03-20T19:18:00Z,zpostn,-8.433
2026-03-20T19:18:00Z,xlod,13
2026-03-20T19:18:00Z,ylod,17
2026-03-20T19:18:00Z,zlod,43
2026-03-20T19:18:00Z,fact,16.666
2026-03-20T19:18:00Z,toolnum,5
2026-03-20T19:18:00Z,program,CDSDRYRUN
2026-03-20T19:18:02Z,xpostn,-43.1631
2026-03-20T19:18:02Z,ypostn,-1.70575
2026-03-20T19:18:02Z,zpostn,5
2026-03-20T19:18:02Z,xlod,20
2026-03-20T19:18:02Z,ylod,37
2026-03-20T19:18:02Z,zlod,65
2026-03-20T19:18:02Z,fact,51.847926
2026-03-20T19:18:02Z,toolnum,5
2026-03-20T19:18:02Z,program,CDSDRYRUN
2026-03-20T19:18:03Z,xpostn,-44.88395
2026-03-20T19:18:03Z,ypostn,17.32955
2026-03-20T19:18:03Z,zpostn,-8.433
2026-03-20T19:18:03Z,xlod,12
2026-03-20T19:18:03Z,ylod,14
2026-03-20T19:18:03Z,zlod,41
2026-03-20T19:18:03Z,fact,16.666
2026-03-20T19:18:03Z,toolnum,5
2026-03-20T19:18:03Z,program,CDSDRYRUN
2026-03-20T19:18:04Z,xpostn,-34.17615
2026-03-20T19:18:04Z,ypostn,31.6262
2026-03-20T19:18:04Z,zpostn,-8.433
2026-03-20T19:18:04Z,xlod,12
2026-03-20T19:18:04Z,ylod,14
2026-03-20T19:18:04Z,zlod,49
2026-03-20T19:18:04Z,fact,16.666
2026-03-20T19:18:04Z,toolnum,5
2026-03-20T19:18:04Z,program,CDSDRYRUN
2026-03-20T19:18:05Z,xpostn,-16.4322
2026-03-20T19:18:05Z,ypostn,35.8076
2026-03-20T19:18:05Z,zpostn,-8.433
2026-03-20T19:18:05Z,xlod,12
2026-03-20T19:18:05Z,ylod,14
2026-03-20T19:18:05Z,zlod,45
2026-03-20T19:18:05Z,fact,16.666
2026-03-20T19:18:05Z,toolnum,5
2026-03-20T19:18:05Z,program,CDSDRYRUN
2026-03-20T19:18:06Z,xpostn,-2.2105
2026-03-20T19:18:06Z,ypostn,42.67385
2026-03-20T19:18:06Z,zpostn,-8.04975
2026-03-20T19:18:06Z,xlod,7
2026-03-20T19:18:06Z,ylod,14
2026-03-20T19:18:06Z,zlod,69
2026-03-20T19:18:06Z,fact,16.666
2026-03-20T19:18:06Z,toolnum,5
2026-03-20T19:18:06Z,program,CDSDRYRUN
2026-03-20T19:18:07Z,xpostn,16.325
2026-03-20T19:18:07Z,ypostn,48.12
2026-03-20T19:18:07Z,zpostn,-1.184
2026-03-20T19:18:07Z,xlod,0
2026-03-20T19:18:07Z,ylod,5
2026-03-20T19:18:07Z,zlod,35
2026-03-20T19:18:07Z,fact,49.998
2026-03-20T19:18:07Z,toolnum,5
2026-03-20T19:18:07Z,program,CDSDRYRUN
2026-03-20T19:18:08Z,xpostn,23.59875
2026-03-20T19:18:08Z,ypostn,38.7651
2026-03-20T19:18:08Z,zpostn,-8.433
2026-03-20T19:18:08Z,xlod,12
2026-03-20T19:18:08Z,ylod,14
2026-03-20T19:18:08Z,zlod,50
2026-03-20T19:18:08Z,fact,16.666
2026-03-20T19:18:08Z,toolnum,5
2026-03-20T19:18:08Z,program,CDSDRYRUN
2026-03-20T19:18:09Z,xpostn,32.40545
2026-03-20T19:18:09Z,ypostn,32.99125
2026-03-20T19:18:09Z,zpostn,-8.433
2026-03-20T19:18:09Z,xlod,9
2026-03-20T19:18:09Z,ylod,14
2026-03-20T19:18:09Z,zlod,50
2026-03-20T19:18:09Z,fact,16.666
2026-03-20T19:18:09Z,toolnum,5
2026-03-20T19:18:09Z,program,CDSDRYRUN
2026-03-20T19:18:10Z,xpostn,35.86675
2026-03-20T19:18:10Z,ypostn,15.01125
2026-03-20T19:18:10Z,zpostn,-8.433
2026-03-20T19:18:10Z,xlod,9
2026-03-20T19:18:10Z,ylod,11
2026-03-20T19:18:10Z,zlod,54
2026-03-20T19:18:10Z,fact,16.666
2026-03-20T19:18:10Z,toolnum,5
2026-03-20T19:18:10Z,program,CDSDRYRUN
2026-03-20T19:18:11Z,xpostn,43.335
2026-03-20T19:18:11Z,ypostn,1.921
2026-03-20T19:18:11Z,zpostn,-7.0163
2026-03-20T19:18:11Z,xlod,8
2026-03-20T19:18:11Z,ylod,9
2026-03-20T19:18:11Z,zlod,63
2026-03-20T19:18:11Z,fact,16.666
2026-03-20T19:18:11Z,toolnum,5
2026-03-20T19:18:11Z,program,CDSDRYRUN
2026-03-20T19:18:12Z,xpostn,47.82735
2026-03-20T19:18:12Z,ypostn,-16.3348
2026-03-20T19:18:12Z,zpostn,-7.5558
2026-03-20T19:18:12Z,xlod,14
2026-03-20T19:18:12Z,ylod,9
2026-03-20T19:18:12Z,zlod,37
2026-03-20T19:18:12Z,fact,25.232324
2026-03-20T19:18:12Z,toolnum,5
2026-03-20T19:18:12Z,program,CDSDRYRUN
2026-03-20T19:18:13Z,xpostn,41.3429
2026-03-20T19:18:13Z,ypostn,-19.67495
2026-03-20T19:18:13Z,zpostn,-8.433
2026-03-20T19:18:13Z,xlod,14
2026-03-20T19:18:13Z,ylod,9
2026-03-20T19:18:13Z,zlod,47
2026-03-20T19:18:13Z,fact,16.666
2026-03-20T19:18:13Z,toolnum,5
2026-03-20T19:18:13Z,program,CDSDRYRUN
2026-03-20T19:18:14Z,xpostn,26.32205
2026-03-20T19:18:14Z,ypostn,-34.7603
2026-03-20T19:18:14Z,zpostn,-8.433
2026-03-20T19:18:14Z,xlod,14
2026-03-20T19:18:14Z,ylod,9
2026-03-20T19:18:14Z,zlod,53
2026-03-20T19:18:14Z,fact,16.666
2026-03-20T19:18:14Z,toolnum,5
2026-03-20T19:18:14Z,program,CDSDRYRUN
2026-03-20T19:18:15Z,xpostn,9.7535
2026-03-20T19:18:15Z,ypostn,-37.6201
2026-03-20T19:18:15Z,zpostn,-8.433
2026-03-20T19:18:15Z,xlod,14
2026-03-20T19:18:15Z,ylod,12
2026-03-20T19:18:15Z,zlod,53
2026-03-20T19:18:15Z,fact,16.666
2026-03-20T19:18:15Z,toolnum,5
2026-03-20T19:18:15Z,program,CDSDRYRUN
2026-03-20T19:18:16Z,xpostn,1.8971
2026-03-20T19:18:16Z,ypostn,-43.34125
2026-03-20T19:18:16Z,zpostn,5
2026-03-20T19:18:16Z,xlod,6
2026-03-20T19:18:16Z,ylod,4
2026-03-20T19:18:16Z,zlod,54
2026-03-20T19:18:16Z,fact,2.566564
2026-03-20T19:18:16Z,toolnum,5
2026-03-20T19:18:16Z,program,CDSDRYRUN
2026-03-20T19:18:17Z,xpostn,-17.0899
2026-03-20T19:18:17Z,ypostn,-45.2906
2026-03-20T19:18:17Z,zpostn,-8.433
2026-03-20T19:18:17Z,xlod,14
2026-03-20T19:18:17Z,ylod,16
2026-03-20T19:18:17Z,zlod,42
2026-03-20T19:18:17Z,fact,2.383238
2026-03-20T19:18:17Z,toolnum,5
2026-03-20T19:18:17Z,program,CDSDRYRUN
2026-03-20T19:18:18Z,xpostn,-27.7998
2026-03-20T19:18:18Z,ypostn,-33.0647
2026-03-20T19:18:18Z,zpostn,-8.433
2026-03-20T19:18:18Z,xlod,11
2026-03-20T19:18:18Z,ylod,16
2026-03-20T19:18:18Z,zlod,47
2026-03-20T19:18:18Z,fact,16.666
2026-03-20T19:18:18Z,toolnum,5
2026-03-20T19:18:18Z,program,CDSDRYRUN
2026-03-20T19:18:19Z,xpostn,-34.2778
2026-03-20T19:18:19Z,ypostn,-15.5423
2026-03-20T19:18:19Z,zpostn,-8.433
2026-03-20T19:18:19Z,xlod,15
2026-03-20T19:18:19Z,ylod,12
2026-03-20T19:18:19Z,zlod,44
2026-03-20T19:18:19Z,fact,16.666
2026-03-20T19:18:19Z,toolnum,5
2026-03-20T19:18:19Z,program,CDSDRYRUN
2026-03-20T19:18:20Z,xpostn,-37.781
2026-03-20T19:18:20Z,ypostn,-11.539
2026-03-20T19:18:20Z,zpostn,-7.163
2026-03-20T19:18:20Z,xlod,10
2026-03-20T19:18:20Z,ylod,12
2026-03-20T19:18:20Z,zlod,64
2026-03-20T19:18:20Z,fact,49.564684
2026-03-20T19:18:20Z,toolnum,5
2026-03-20T19:18:20Z,program,CDSDRYRUN
2026-03-20T19:18:21Z,xpostn,-44.701
2026-03-20T19:18:21Z,ypostn,18.448
2026-03-20T19:18:21Z,zpostn,-4.1686
2026-03-20T19:18:21Z,xlod,5
2026-03-20T19:18:21Z,ylod,4
2026-03-20T19:18:21Z,zlod,38
2026-03-20T19:18:21Z,fact,12.4995
2026-03-20T19:18:21Z,toolnum,5
2026-03-20T19:18:21Z,program,CDSDRYRUN
2026-03-20T19:18:22Z,xpostn,-33.4108
2026-03-20T19:18:22Z,ypostn,25.23305
2026-03-20T19:18:22Z,zpostn,-8.433
2026-03-20T19:18:22Z,xlod,12
2026-03-20T19:18:22Z,ylod,16
2026-03-20T19:18:22Z,zlod,49
2026-03-20T19:18:22Z,fact,16.666
2026-03-20T19:18:22Z,toolnum,5
2026-03-20T19:18:22Z,program,CDSDRYRUN
2026-03-20T19:18:23Z,xpostn,-16.57145
2026-03-20T19:18:23Z,ypostn,33.68355
2026-03-20T19:18:23Z,zpostn,-8.433
2026-03-20T19:18:23Z,xlod,12
2026-03-20T19:18:23Z,ylod,14
2026-03-20T19:18:23Z,zlod,49
2026-03-20T19:18:23Z,fact,16.666
2026-03-20T19:18:23Z,toolnum,5
2026-03-20T19:18:23Z,program,CDSDRYRUN
2026-03-20T19:18:24Z,xpostn,-11.0381
2026-03-20T19:18:24Z,ypostn,38.04115
2026-03-20T19:18:24Z,zpostn,-7.32315
2026-03-20T19:18:24Z,xlod,7
2026-03-20T19:18:24Z,ylod,7
2026-03-20T19:18:24Z,zlod,65
2026-03-20T19:18:24Z,fact,49.998
2026-03-20T19:18:24Z,toolnum,5
2026-03-20T19:18:24Z,program,CDSDRYRUN
2026-03-20T19:18:25Z,xpostn,-40.129
2026-03-20T19:18:25Z,ypostn,21.087
2026-03-20T19:18:25Z,zpostn,4.89875
2026-03-20T19:18:25Z,xlod,11
2026-03-20T19:18:25Z,ylod,0
2026-03-20T19:18:25Z,zlod,58
2026-03-20T19:18:25Z,fact,34.931936
2026-03-20T19:18:25Z,toolnum,5
2026-03-20T19:18:25Z,program,CDSDRYRUN
2026-03-20T19:18:26Z,xpostn,-30.663
2026-03-20T19:18:26Z,ypostn,25.54735
2026-03-20T19:18:26Z,zpostn,-8.433
2026-03-20T19:18:26Z,xlod,15
2026-03-20T19:18:26Z,ylod,12
2026-03-20T19:18:26Z,zlod,48
2026-03-20T19:18:26Z,fact,16.666
2026-03-20T19:18:26Z,toolnum,5
2026-03-20T19:18:26Z,program,CDSDRYRUN
2026-03-20T19:18:27Z,xpostn,-22.4487
2026-03-20T19:18:27Z,ypostn,31.4313
2026-03-20T19:18:27Z,zpostn,5
2026-03-20T19:18:27Z,xlod,20
2026-03-20T19:18:27Z,ylod,6
2026-03-20T19:18:27Z,zlod,57
2026-03-20T19:18:27Z,fact,3.58319
2026-03-20T19:18:27Z,toolnum,5
2026-03-20T19:18:27Z,program,CDSDRYRUN
2026-03-20T19:18:28Z,xpostn,18.448
2026-03-20T19:18:28Z,ypostn,44.701
2026-03-20T19:18:28Z,zpostn,-4.6741
2026-03-20T19:18:28Z,xlod,0
2026-03-20T19:18:28Z,ylod,4
2026-03-20T19:18:28Z,zlod,36
2026-03-20T19:18:28Z,fact,37.08185
2026-03-20T19:18:28Z,toolnum,5
2026-03-20T19:18:28Z,program,CDSDRYRUN
2026-03-20T19:18:29Z,xpostn,26.6572
2026-03-20T19:18:29Z,ypostn,31.30335
2026-03-20T19:18:29Z,zpostn,-8.433
2026-03-20T19:18:29Z,xlod,8
2026-03-20T19:18:29Z,ylod,14
2026-03-20T19:18:29Z,zlod,52
2026-03-20T19:18:29Z,fact,16.666
2026-03-20T19:18:29Z,toolnum,5
2026-03-20T19:18:29Z,program,CDSDRYRUN
2026-03-20T19:18:30Z,xpostn,29.57725
2026-03-20T19:18:30Z,ypostn,23.8295
2026-03-20T19:18:30Z,zpostn,-8.433
2026-03-20T19:18:30Z,xlod,8
2026-03-20T19:18:30Z,ylod,14
2026-03-20T19:18:30Z,zlod,52
2026-03-20T19:18:30Z,fact,16.666
2026-03-20T19:18:30Z,toolnum,5
2026-03-20T19:18:30Z,program,CDSDRYRUN
2026-03-20T19:18:31Z,xpostn,38.08
2026-03-20T19:18:31Z,ypostn,11.022
2026-03-20T19:18:31Z,zpostn,-7.0163
2026-03-20T19:18:31Z,xlod,8
2026-03-20T19:18:31Z,ylod,8
2026-03-20T19:18:31Z,zlod,62
2026-03-20T19:18:31Z,fact,45.981494
2026-03-20T19:18:31Z,toolnum,5
2026-03-20T19:18:31Z,program,CDSDRYRUN
2026-03-20T19:18:32Z,xpostn,21.087
2026-03-20T19:18:32Z,ypostn,40.129
2026-03-20T19:18:32Z,zpostn,-1.8868
2026-03-20T19:18:32Z,xlod,5
2026-03-20T19:18:32Z,ylod,4
2026-03-20T19:18:32Z,zlod,35
2026-03-20T19:18:32Z,fact,5.516446
2026-03-20T19:18:32Z,toolnum,5
2026-03-20T19:18:32Z,program,CDSDRYRUN
2026-03-20T19:18:33Z,xpostn,26.5832
2026-03-20T19:18:33Z,ypostn,28.8688
2026-03-20T19:18:33Z,zpostn,-8.433
2026-03-20T19:18:33Z,xlod,12
2026-03-20T19:18:33Z,ylod,13
2026-03-20T19:18:33Z,zlod,50
2026-03-20T19:18:33Z,fact,16.666
2026-03-20T19:18:33Z,toolnum,5
2026-03-20T19:18:33Z,program,CDSDRYRUN
2026-03-20T19:18:34Z,xpostn,31.37275
2026-03-20T19:18:34Z,ypostn,22.6291
2026-03-20T19:18:34Z,zpostn,5
2026-03-20T19:18:34Z,xlod,8
2026-03-20T19:18:34Z,ylod,7
2026-03-20T19:18:34Z,zlod,45
2026-03-20T19:18:34Z,fact,47.314774
2026-03-20T19:18:34Z,toolnum,5
2026-03-20T19:18:34Z,program,CDSDRYRUN
2026-03-20T19:18:35Z,xpostn,44.701
2026-03-20T19:18:35Z,ypostn,-18.448
2026-03-20T19:18:35Z,zpostn,-5.99435
2026-03-20T19:18:35Z,xlod,4
2026-03-20T19:18:35Z,ylod,3
2026-03-20T19:18:35Z,zlod,41
2026-03-20T19:18:35Z,fact,28.632188
2026-03-20T19:18:35Z,toolnum,5
2026-03-20T19:18:35Z,program,CDSDRYRUN
2026-03-20T19:18:36Z,xpostn,39.4347
2026-03-20T19:18:36Z,ypostn,-20.4833
2026-03-20T19:18:36Z,zpostn,-8.433
2026-03-20T19:18:36Z,xlod,13
2026-03-20T19:18:36Z,ylod,13
2026-03-20T19:18:36Z,zlod,45
2026-03-20T19:18:36Z,fact,16.666
2026-03-20T19:18:36Z,toolnum,5
2026-03-20T19:18:36Z,program,CDSDRYRUN
2026-03-20T19:18:37Z,xpostn,23.668
2026-03-20T19:18:37Z,ypostn,-29.64805
2026-03-20T19:18:37Z,zpostn,-8.433
2026-03-20T19:18:37Z,xlod,13
2026-03-20T19:18:37Z,ylod,13
2026-03-20T19:18:37Z,zlod,52
2026-03-20T19:18:37Z,fact,16.666
2026-03-20T19:18:37Z,toolnum,5
2026-03-20T19:18:37Z,program,CDSDRYRUN
2026-03-20T19:18:38Z,xpostn,11.022
2026-03-20T19:18:38Z,ypostn,-38.08
2026-03-20T19:18:38Z,zpostn,-6.80475
2026-03-20T19:18:38Z,xlod,13
2026-03-20T19:18:38Z,ylod,9
2026-03-20T19:18:38Z,zlod,71
2026-03-20T19:18:38Z,fact,49.148034
2026-03-20T19:18:38Z,toolnum,5
2026-03-20T19:18:38Z,program,CDSDRYRUN
2026-03-20T19:18:39Z,xpostn,40.129
2026-03-20T19:18:39Z,ypostn,-21.087
2026-03-20T19:18:39Z,zpostn,-1.0083
2026-03-20T19:18:39Z,xlod,0
2026-03-20T19:18:39Z,ylod,6
2026-03-20T19:18:39Z,zlod,36
2026-03-20T19:18:39Z,fact,57.74769
2026-03-20T19:18:39Z,toolnum,5
2026-03-20T19:18:39Z,program,CDSDRYRUN
2026-03-20T19:18:41Z,xpostn,28.715
2026-03-20T19:18:41Z,ypostn,-26.672
2026-03-20T19:18:41Z,zpostn,-8.433
2026-03-20T19:18:41Z,xlod,16
2026-03-20T19:18:41Z,ylod,11
2026-03-20T19:18:41Z,zlod,51
2026-03-20T19:18:41Z,fact,16.666
2026-03-20T19:18:41Z,toolnum,5
2026-03-20T19:18:41Z,program,CDSDRYRUN
2026-03-20T19:18:42Z,xpostn,16.2445
2026-03-20T19:18:42Z,ypostn,-33.44435
2026-03-20T19:18:42Z,zpostn,5
2026-03-20T19:18:42Z,xlod,26
2026-03-20T19:18:42Z,ylod,16
2026-03-20T19:18:42Z,zlod,65
2026-03-20T19:18:42Z,fact,49.998
2026-03-20T19:18:42Z,toolnum,5
2026-03-20T19:18:42Z,program,CDSDRYRUN
2026-03-20T19:18:43Z,xpostn,-14.93555
2026-03-20T19:18:43Z,ypostn,-43.5613
2026-03-20T19:18:43Z,zpostn,5
2026-03-20T19:18:43Z,xlod,20
2026-03-20T19:18:43Z,ylod,16
2026-03-20T19:18:43Z,zlod,62
2026-03-20T19:18:43Z,fact,47.16478
2026-03-20T19:18:43Z,toolnum,5
2026-03-20T19:18:43Z,program,CDSDRYRUN
2026-03-20T19:18:44Z,xpostn,-21.51565
2026-03-20T19:18:44Z,ypostn,-37.647
2026-03-20T19:18:44Z,zpostn,-8.433
2026-03-20T19:18:44Z,xlod,12
2026-03-20T19:18:44Z,ylod,17
2026-03-20T19:18:44Z,zlod,46
2026-03-20T19:18:44Z,fact,16.666
2026-03-20T19:18:44Z,toolnum,5
2026-03-20T19:18:44Z,program,CDSDRYRUN
2026-03-20T19:18:45Z,xpostn,-30.96755
2026-03-20T19:18:45Z,ypostn,-21.97615
2026-03-20T19:18:45Z,zpostn,-8.31005
2026-03-20T19:18:45Z,xlod,12
2026-03-20T19:18:45Z,ylod,12
2026-03-20T19:18:45Z,zlod,65
2026-03-20T19:18:45Z,fact,8.899644
2026-03-20T19:18:45Z,toolnum,5
2026-03-20T19:18:45Z,program,CDSDRYRUN
2026-03-20T19:18:46Z,xpostn,-17.85105
2026-03-20T19:18:46Z,ypostn,-26.1126
2026-03-20T19:18:46Z,zpostn,15
2026-03-20T19:18:46Z,xlod,24
2026-03-20T19:18:46Z,ylod,14
2026-03-20T19:18:46Z,zlod,62
2026-03-20T19:18:46Z,fact,18.849246
2026-03-20T19:18:46Z,toolnum,5
2026-03-20T19:18:46Z,program,CDSDRYRUN
2026-03-20T19:18:47Z,xpostn,37.5786
2026-03-20T19:18:47Z,ypostn,-44.48515
2026-03-20T19:18:47Z,zpostn,15
2026-03-20T19:18:47Z,xlod,20
2026-03-20T19:18:47Z,ylod,14
2026-03-20T19:18:47Z,zlod,62
2026-03-20T19:18:47Z,fact,52.66456
2026-03-20T19:18:47Z,toolnum,5
2026-03-20T19:18:47Z,program,CDSDRYRUN
2026-03-20T19:18:48Z,xpostn,53.894
2026-03-20T19:18:48Z,ypostn,-49.893
2026-03-20T19:18:48Z,zpostn,11.80675
2026-03-20T19:18:48Z,xlod,1
2026-03-20T19:18:48Z,ylod,5
2026-03-20T19:18:48Z,zlod,18
2026-03-20T19:18:48Z,fact,3.58319
2026-03-20T19:18:48Z,toolnum,5
2026-03-20T19:18:48Z,program,CDSDRYRUN
2026-03-20T19:18:49Z,xpostn,50.47345
2026-03-20T19:18:49Z,ypostn,-46.7726
2026-03-20T19:18:49Z,zpostn,-12.4
2026-03-20T19:18:49Z,xlod,14
2026-03-20T19:18:49Z,ylod,10
2026-03-20T19:18:49Z,zlod,44
2026-03-20T19:18:49Z,fact,16.666
2026-03-20T19:18:49Z,toolnum,5
2026-03-20T19:18:49Z,program,CDSDRYRUN
2026-03-20T19:18:50Z,xpostn,31.53895
2026-03-20T19:18:50Z,ypostn,-47.7517
2026-03-20T19:18:50Z,zpostn,-12.4
2026-03-20T19:18:50Z,xlod,14
2026-03-20T19:18:50Z,ylod,10
2026-03-20T19:18:50Z,zlod,50
2026-03-20T19:18:50Z,fact,16.666
2026-03-20T19:18:50Z,toolnum,5
2026-03-20T19:18:50Z,program,CDSDRYRUN
2026-03-20T19:18:51Z,xpostn,13.0762
2026-03-20T19:18:51Z,ypostn,-48.7195
2026-03-20T19:18:51Z,zpostn,-12.4
2026-03-20T19:18:51Z,xlod,14
2026-03-20T19:18:51Z,ylod,14
2026-03-20T19:18:51Z,zlod,50
2026-03-20T19:18:51Z,fact,16.666
2026-03-20T19:18:51Z,toolnum,5
2026-03-20T19:18:51Z,program,CDSDRYRUN
2026-03-20T19:18:52Z,xpostn,-3.49295
2026-03-20T19:18:52Z,ypostn,-49.588
2026-03-20T19:18:52Z,zpostn,-12.4
2026-03-20T19:18:52Z,xlod,14
2026-03-20T19:18:52Z,ylod,11
2026-03-20T19:18:52Z,zlod,50
2026-03-20T19:18:52Z,fact,16.666
2026-03-20T19:18:52Z,toolnum,5
2026-03-20T19:18:52Z,program,CDSDRYRUN
2026-03-20T19:18:53Z,xpostn,-22.42905
2026-03-20T19:18:53Z,ypostn,-50.58065
2026-03-20T19:18:53Z,zpostn,-12.4
2026-03-20T19:18:53Z,xlod,14
2026-03-20T19:18:53Z,ylod,11
2026-03-20T19:18:53Z,zlod,50
2026-03-20T19:18:53Z,fact,16.666
2026-03-20T19:18:53Z,toolnum,5
2026-03-20T19:18:53Z,program,CDSDRYRUN
2026-03-20T19:18:54Z,xpostn,-42.90425
2026-03-20T19:18:54Z,ypostn,-50.8694
2026-03-20T19:18:54Z,zpostn,-12.4
2026-03-20T19:18:54Z,xlod,14
2026-03-20T19:18:54Z,ylod,16
2026-03-20T19:18:54Z,zlod,50
2026-03-20T19:18:54Z,fact,16.666
2026-03-20T19:18:54Z,toolnum,5
2026-03-20T19:18:54Z,program,CDSDRYRUN
2026-03-20T19:18:55Z,xpostn,-46.82665
2026-03-20T19:18:55Z,ypostn,-44.4052
2026-03-20T19:18:55Z,zpostn,-12.4
2026-03-20T19:18:55Z,xlod,11
2026-03-20T19:18:55Z,ylod,16
2026-03-20T19:18:55Z,zlod,50
2026-03-20T19:18:55Z,fact,16.666
2026-03-20T19:18:55Z,toolnum,5
2026-03-20T19:18:55Z,program,CDSDRYRUN
2026-03-20T19:18:56Z,xpostn,-47.92135
2026-03-20T19:18:56Z,ypostn,-23.58785
2026-03-20T19:18:56Z,zpostn,-12.4
2026-03-20T19:18:56Z,xlod,11
2026-03-20T19:18:56Z,ylod,16
2026-03-20T19:18:56Z,zlod,44
2026-03-20T19:18:56Z,fact,16.666
2026-03-20T19:18:56Z,toolnum,5
2026-03-20T19:18:56Z,program,CDSDRYRUN
2026-03-20T19:18:57Z,xpostn,-48.91325
2026-03-20T19:18:57Z,ypostn,-4.66315
2026-03-20T19:18:57Z,zpostn,-12.4
2026-03-20T19:18:57Z,xlod,11
2026-03-20T19:18:57Z,ylod,13
2026-03-20T19:18:57Z,zlod,44
2026-03-20T19:18:57Z,fact,16.666
2026-03-20T19:18:57Z,toolnum,5
2026-03-20T19:18:57Z,program,CDSDRYRUN
2026-03-20T19:18:58Z,xpostn,-49.7811
2026-03-20T19:18:58Z,ypostn,11.896
2026-03-20T19:18:58Z,zpostn,-12.4
2026-03-20T19:18:58Z,xlod,11
2026-03-20T19:18:58Z,ylod,16
2026-03-20T19:18:58Z,zlod,44
2026-03-20T19:18:58Z,fact,16.666
2026-03-20T19:18:58Z,toolnum,5
2026-03-20T19:18:58Z,program,CDSDRYRUN
2026-03-20T19:18:59Z,xpostn,-50.77295
2026-03-20T19:18:59Z,ypostn,30.8207
2026-03-20T19:18:59Z,zpostn,-12.4
2026-03-20T19:18:59Z,xlod,11
2026-03-20T19:18:59Z,ylod,16
2026-03-20T19:18:59Z,zlod,44
2026-03-20T19:18:59Z,fact,16.666
2026-03-20T19:18:59Z,toolnum,5
2026-03-20T19:18:59Z,program,CDSDRYRUN
2026-03-20T19:19:00Z,xpostn,-51.1945
2026-03-20T19:19:00Z,ypostn,38.8637
2026-03-20T19:19:00Z,zpostn,-12.4
2026-03-20T19:19:00Z,xlod,11
2026-03-20T19:19:00Z,ylod,16
2026-03-20T19:19:00Z,zlod,44
2026-03-20T19:19:00Z,fact,15.132728
2026-03-20T19:19:00Z,toolnum,5
2026-03-20T19:19:00Z,program,CDSDRYRUN
2026-03-20T19:19:01Z,xpostn,-46.9217
2026-03-20T19:19:01Z,ypostn,38.58165
2026-03-20T19:19:01Z,zpostn,15
2026-03-20T19:19:01Z,xlod,27
2026-03-20T19:19:01Z,ylod,20
2026-03-20T19:19:01Z,zlod,62
2026-03-20T19:19:01Z,fact,65.147394
2026-03-20T19:19:01Z,toolnum,5
2026-03-20T19:19:01Z,program,CDSDRYRUN
2026-03-20T19:19:02Z,xpostn,0.459
2026-03-20T19:19:02Z,ypostn,-1
2026-03-20T19:19:02Z,zpostn,13.02375
2026-03-20T19:19:02Z,xlod,2
2026-03-20T19:19:02Z,ylod,6
2026-03-20T19:19:02Z,zlod,9
2026-03-20T19:19:02Z,fact,1.133288
2026-03-20T19:19:02Z,toolnum,5
2026-03-20T19:19:02Z,program,CDSDRYRUN
2026-03-20T19:19:03Z,xpostn,-0.89475
2026-03-20T19:19:03Z,ypostn,0.584
2026-03-20T19:19:03Z,zpostn,5.15035
2026-03-20T19:19:03Z,xlod,9
2026-03-20T19:19:03Z,ylod,11
2026-03-20T19:19:03Z,zlod,42
2026-03-20T19:19:03Z,fact,5.349786
2026-03-20T19:19:03Z,toolnum,5
2026-03-20T19:19:03Z,program,CDSDRYRUN
2026-03-20T19:19:04Z,xpostn,-0.4371
2026-03-20T19:19:04Z,ypostn,0.9745
2026-03-20T19:19:04Z,zpostn,4.93135
2026-03-20T19:19:04Z,xlod,9
2026-03-20T19:19:04Z,ylod,5
2026-03-20T19:19:04Z,zlod,39
2026-03-20T19:19:04Z,fact,5.349786
2026-03-20T19:19:04Z,toolnum,5
2026-03-20T19:19:04Z,program,CDSDRYRUN
2026-03-20T19:19:05Z,xpostn,0.30755
2026-03-20T19:19:05Z,ypostn,1.02205
2026-03-20T19:19:05Z,zpostn,4.71685
2026-03-20T19:19:05Z,xlod,9
2026-03-20T19:19:05Z,ylod,11
2026-03-20T19:19:05Z,zlod,39
2026-03-20T19:19:05Z,fact,5.349786
2026-03-20T19:19:05Z,toolnum,5
2026-03-20T19:19:05Z,program,CDSDRYRUN
2026-03-20T19:19:06Z,xpostn,1.0666
2026-03-20T19:19:06Z,ypostn,-0.00815
2026-03-20T19:19:06Z,zpostn,4.5253
2026-03-20T19:19:06Z,xlod,9
2026-03-20T19:19:06Z,ylod,11
2026-03-20T19:19:06Z,zlod,39
2026-03-20T19:19:06Z,fact,5.349786
2026-03-20T19:19:06Z,toolnum,5
2026-03-20T19:19:06Z,program,CDSDRYRUN
2026-03-20T19:19:07Z,xpostn,-1.0686
2026-03-20T19:19:07Z,ypostn,0.0081
2026-03-20T19:19:07Z,zpostn,4.40435
2026-03-20T19:19:07Z,xlod,9
2026-03-20T19:19:07Z,ylod,11
2026-03-20T19:19:07Z,zlod,39
2026-03-20T19:19:07Z,fact,5.349786
2026-03-20T19:19:07Z,toolnum,5
2026-03-20T19:19:07Z,program,CDSDRYRUN
2026-03-20T19:19:08Z,xpostn,-0.89475
2026-03-20T19:19:08Z,ypostn,0.584
2026-03-20T19:19:08Z,zpostn,4.18435
2026-03-20T19:19:08Z,xlod,9
2026-03-20T19:19:08Z,ylod,11
2026-03-20T19:19:08Z,zlod,39
2026-03-20T19:19:08Z,fact,5.349786
2026-03-20T19:19:08Z,toolnum,5
2026-03-20T19:19:08Z,program,CDSDRYRUN
2026-03-20T19:19:09Z,xpostn,-0.294
2026-03-20T19:19:09Z,ypostn,1.02665
2026-03-20T19:19:09Z,zpostn,3.97085
2026-03-20T19:19:09Z,xlod,9
2026-03-20T19:19:09Z,ylod,2
2026-03-20T19:19:09Z,zlod,39
2026-03-20T19:19:09Z,fact,5.349786
2026-03-20T19:19:09Z,toolnum,5
2026-03-20T19:19:09Z,program,CDSDRYRUN
2026-03-20T19:19:10Z,xpostn,0.30755
2026-03-20T19:19:10Z,ypostn,1.02205
2026-03-20T19:19:10Z,zpostn,3.75085
2026-03-20T19:19:10Z,xlod,12
2026-03-20T19:19:10Z,ylod,13
2026-03-20T19:19:10Z,zlod,39
2026-03-20T19:19:10Z,fact,5.349786
2026-03-20T19:19:10Z,toolnum,5
2026-03-20T19:19:10Z,program,CDSDRYRUN
2026-03-20T19:19:11Z,xpostn,0.9015
2026-03-20T19:19:11Z,ypostn,0.57035
2026-03-20T19:19:11Z,zpostn,3.53735
2026-03-20T19:19:11Z,xlod,12
2026-03-20T19:19:11Z,ylod,10
2026-03-20T19:19:11Z,zlod,39
2026-03-20T19:19:11Z,fact,5.349786
2026-03-20T19:19:11Z,toolnum,5
2026-03-20T19:19:11Z,program,CDSDRYRUN
2026-03-20T19:19:12Z,xpostn,-1.0686
2026-03-20T19:19:12Z,ypostn,0.0081
2026-03-20T19:19:12Z,zpostn,3.43835
2026-03-20T19:19:12Z,xlod,12
2026-03-20T19:19:12Z,ylod,10
2026-03-20T19:19:12Z,zlod,39
2026-03-20T19:19:12Z,fact,5.349786
2026-03-20T19:19:12Z,toolnum,5
2026-03-20T19:19:12Z,program,CDSDRYRUN
2026-03-20T19:19:13Z,xpostn,-0.8025
2026-03-20T19:19:13Z,ypostn,0.70525
2026-03-20T19:19:13Z,zpostn,3.22385
2026-03-20T19:19:13Z,xlod,12
2026-03-20T19:19:13Z,ylod,13
2026-03-20T19:19:13Z,zlod,39
2026-03-20T19:19:13Z,fact,5.349786
2026-03-20T19:19:13Z,toolnum,5
2026-03-20T19:19:13Z,program,CDSDRYRUN
2026-03-20T19:19:14Z,xpostn,-0.89475
2026-03-20T19:19:14Z,ypostn,0.584
2026-03-20T19:19:14Z,zpostn,2.97735
2026-03-20T19:19:14Z,xlod,7
2026-03-20T19:19:14Z,ylod,10
2026-03-20T19:19:14Z,zlod,39
2026-03-20T19:19:14Z,fact,5.349786
2026-03-20T19:19:14Z,toolnum,5
2026-03-20T19:19:14Z,program,CDSDRYRUN
2026-03-20T19:19:15Z,xpostn,-0.8025
2026-03-20T19:19:15Z,ypostn,0.70525
2026-03-20T19:19:15Z,zpostn,2.74085
2026-03-20T19:19:15Z,xlod,7
2026-03-20T19:19:15Z,ylod,14
2026-03-20T19:19:15Z,zlod,39
2026-03-20T19:19:15Z,fact,5.349786
2026-03-20T19:19:15Z,toolnum,5
2026-03-20T19:19:15Z,program,CDSDRYRUN
2026-03-20T19:19:16Z,xpostn,0.292
2026-03-20T19:19:16Z,ypostn,-1.0267
2026-03-20T19:19:16Z,zpostn,2.64245
2026-03-20T19:19:16Z,xlod,7
2026-03-20T19:19:16Z,ylod,8
2026-03-20T19:19:16Z,zlod,39
2026-03-20T19:19:16Z,fact,5.349786
2026-03-20T19:19:16Z,toolnum,5
2026-03-20T19:19:16Z,program,CDSDRYRUN
2026-03-20T19:19:17Z,xpostn,-0.30955
2026-03-20T19:19:17Z,ypostn,-1.02205
2026-03-20T19:19:17Z,zpostn,2.42285
2026-03-20T19:19:17Z,xlod,11
2026-03-20T19:19:17Z,ylod,8
2026-03-20T19:19:17Z,zlod,39
2026-03-20T19:19:17Z,fact,5.349786
2026-03-20T19:19:17Z,toolnum,5
2026-03-20T19:19:17Z,program,CDSDRYRUN
2026-03-20T19:19:19Z,xpostn,-0.90355
2026-03-20T19:19:19Z,ypostn,-0.57035
2026-03-20T19:19:19Z,zpostn,2.2085
2026-03-20T19:19:19Z,xlod,11
2026-03-20T19:19:19Z,ylod,11
2026-03-20T19:19:19Z,zlod,39
2026-03-20T19:19:19Z,fact,5.349786
2026-03-20T19:19:19Z,toolnum,5
2026-03-20T19:19:19Z,program,CDSDRYRUN
2026-03-20T19:19:20Z,xpostn,-1.0686
2026-03-20T19:19:20Z,ypostn,0.0081
2026-03-20T19:19:20Z,zpostn,1.98935
2026-03-20T19:19:20Z,xlod,11
2026-03-20T19:19:20Z,ylod,11
2026-03-20T19:19:20Z,zlod,39
2026-03-20T19:19:20Z,fact,5.349786
2026-03-20T19:19:20Z,toolnum,5
2026-03-20T19:19:20Z,program,CDSDRYRUN
2026-03-20T19:19:21Z,xpostn,-0.89475
2026-03-20T19:19:21Z,ypostn,0.584
2026-03-20T19:19:21Z,zpostn,1.76935
2026-03-20T19:19:21Z,xlod,11
2026-03-20T19:19:21Z,ylod,11
2026-03-20T19:19:21Z,zlod,39
2026-03-20T19:19:21Z,fact,5.349786
2026-03-20T19:19:21Z,toolnum,5
2026-03-20T19:19:21Z,program,CDSDRYRUN
2026-03-20T19:19:22Z,xpostn,-0.294
2026-03-20T19:19:22Z,ypostn,1.02665
2026-03-20T19:19:22Z,zpostn,1.55585
2026-03-20T19:19:22Z,xlod,11
2026-03-20T19:19:22Z,ylod,7
2026-03-20T19:19:22Z,zlod,39
2026-03-20T19:19:22Z,fact,5.349786
2026-03-20T19:19:22Z,toolnum,5
2026-03-20T19:19:22Z,program,CDSDRYRUN
2026-03-20T19:19:23Z,xpostn,0.30755
2026-03-20T19:19:23Z,ypostn,1.02205
2026-03-20T19:19:23Z,zpostn,1.33625
2026-03-20T19:19:23Z,xlod,11
2026-03-20T19:19:23Z,ylod,9
2026-03-20T19:19:23Z,zlod,39
2026-03-20T19:19:23Z,fact,5.349786
2026-03-20T19:19:23Z,toolnum,5
2026-03-20T19:19:23Z,program,CDSDRYRUN
2026-03-20T19:19:24Z,xpostn,-0.90355
2026-03-20T19:19:24Z,ypostn,-0.57035
2026-03-20T19:19:24Z,zpostn,1.24335
2026-03-20T19:19:24Z,xlod,11
2026-03-20T19:19:24Z,ylod,9
2026-03-20T19:19:24Z,zlod,39
2026-03-20T19:19:24Z,fact,5.349786
2026-03-20T19:19:24Z,toolnum,5
2026-03-20T19:19:24Z,program,CDSDRYRUN
2026-03-20T19:19:25Z,xpostn,-1.0566
2026-03-20T19:19:25Z,ypostn,0.15995
2026-03-20T19:19:25Z,zpostn,1.02885
2026-03-20T19:19:25Z,xlod,11
2026-03-20T19:19:25Z,ylod,9
2026-03-20T19:19:25Z,zlod,39
2026-03-20T19:19:25Z,fact,5.349786
2026-03-20T19:19:25Z,toolnum,5
2026-03-20T19:19:25Z,program,CDSDRYRUN
2026-03-20T19:19:26Z,xpostn,-0.8025
2026-03-20T19:19:26Z,ypostn,0.70525
2026-03-20T19:19:26Z,zpostn,0.8096
2026-03-20T19:19:26Z,xlod,8
2026-03-20T19:19:26Z,ylod,9
2026-03-20T19:19:26Z,zlod,39
2026-03-20T19:19:26Z,fact,5.349786
2026-03-20T19:19:26Z,toolnum,5
2026-03-20T19:19:26Z,program,CDSDRYRUN
2026-03-20T19:19:27Z,xpostn,0.44985
2026-03-20T19:19:27Z,ypostn,0.96775
2026-03-20T19:19:27Z,zpostn,0.61735
2026-03-20T19:19:27Z,xlod,11
2026-03-20T19:19:27Z,ylod,12
2026-03-20T19:19:27Z,zlod,39
2026-03-20T19:19:27Z,fact,5.349786
2026-03-20T19:19:27Z,toolnum,5
2026-03-20T19:19:27Z,program,CDSDRYRUN
2026-03-20T19:19:28Z,xpostn,0.44985
2026-03-20T19:19:28Z,ypostn,0.96775
2026-03-20T19:19:28Z,zpostn,0.3757
2026-03-20T19:19:28Z,xlod,11
2026-03-20T19:19:28Z,ylod,12
2026-03-20T19:19:28Z,zlod,39
2026-03-20T19:19:28Z,fact,5.349786
2026-03-20T19:19:28Z,toolnum,5
2026-03-20T19:19:28Z,program,CDSDRYRUN
2026-03-20T19:19:29Z,xpostn,-0.4519
2026-03-20T19:19:29Z,ypostn,-0.96775
2026-03-20T19:19:29Z,zpostn,0.25535
2026-03-20T19:19:29Z,xlod,11
2026-03-20T19:19:29Z,ylod,12
2026-03-20T19:19:29Z,zlod,39
2026-03-20T19:19:29Z,fact,5.349786
2026-03-20T19:19:29Z,toolnum,5
2026-03-20T19:19:29Z,program,CDSDRYRUN
2026-03-20T19:19:30Z,xpostn,-0.90355
2026-03-20T19:19:30Z,ypostn,-0.57035
2026-03-20T19:19:30Z,zpostn,0.03535
2026-03-20T19:19:30Z,xlod,11
2026-03-20T19:19:30Z,ylod,12
2026-03-20T19:19:30Z,zlod,39
2026-03-20T19:19:30Z,fact,5.349786
2026-03-20T19:19:30Z,toolnum,5
2026-03-20T19:19:30Z,program,CDSDRYRUN
2026-03-20T19:19:31Z,xpostn,-1.0566
2026-03-20T19:19:31Z,ypostn,0.15995
2026-03-20T19:19:31Z,zpostn,-0.17825
2026-03-20T19:19:31Z,xlod,11
2026-03-20T19:19:31Z,ylod,12
2026-03-20T19:19:31Z,zlod,39
2026-03-20T19:19:31Z,fact,5.349786
2026-03-20T19:19:31Z,toolnum,5
2026-03-20T19:19:31Z,program,CDSDRYRUN
2026-03-20T19:19:32Z,xpostn,-0.694
2026-03-20T19:19:32Z,ypostn,0.81215
2026-03-20T19:19:32Z,zpostn,-0.39265
2026-03-20T19:19:32Z,xlod,11
2026-03-20T19:19:32Z,ylod,12
2026-03-20T19:19:32Z,zlod,39
2026-03-20T19:19:32Z,fact,5.349786
2026-03-20T19:19:32Z,toolnum,5
2026-03-20T19:19:32Z,program,CDSDRYRUN
2026-03-20T19:19:33Z,xpostn,-0.1449
2026-03-20T19:19:33Z,ypostn,1.0579
2026-03-20T19:19:33Z,zpostn,-0.6121
2026-03-20T19:19:33Z,xlod,11
2026-03-20T19:19:33Z,ylod,9
2026-03-20T19:19:33Z,zlod,39
2026-03-20T19:19:33Z,fact,5.349786
2026-03-20T19:19:33Z,toolnum,5
2026-03-20T19:19:33Z,program,CDSDRYRUN
2026-03-20T19:19:34Z,xpostn,-0.4519
2026-03-20T19:19:34Z,ypostn,-0.96775
2026-03-20T19:19:34Z,zpostn,-0.71065
2026-03-20T19:19:34Z,xlod,11
2026-03-20T19:19:34Z,ylod,9
2026-03-20T19:19:34Z,zlod,39
2026-03-20T19:19:34Z,fact,5.349786
2026-03-20T19:19:34Z,toolnum,5
2026-03-20T19:19:34Z,program,CDSDRYRUN
2026-03-20T19:19:35Z,xpostn,-0.90355
2026-03-20T19:19:35Z,ypostn,-0.57035
2026-03-20T19:19:35Z,zpostn,-0.93065
2026-03-20T19:19:35Z,xlod,14
2026-03-20T19:19:35Z,ylod,12
2026-03-20T19:19:35Z,zlod,39
2026-03-20T19:19:35Z,fact,5.349786
2026-03-20T19:19:35Z,toolnum,5
2026-03-20T19:19:35Z,program,CDSDRYRUN
2026-03-20T19:19:36Z,xpostn,-1.0566
2026-03-20T19:19:36Z,ypostn,0.15995
2026-03-20T19:19:36Z,zpostn,-1.14425
2026-03-20T19:19:36Z,xlod,11
2026-03-20T19:19:36Z,ylod,12
2026-03-20T19:19:36Z,zlod,39
2026-03-20T19:19:36Z,fact,5.349786
2026-03-20T19:19:36Z,toolnum,5
2026-03-20T19:19:36Z,program,CDSDRYRUN
2026-03-20T19:19:37Z,xpostn,-0.8025
2026-03-20T19:19:37Z,ypostn,0.70525
2026-03-20T19:19:37Z,zpostn,-1.36415
2026-03-20T19:19:37Z,xlod,8
2026-03-20T19:19:37Z,ylod,12
2026-03-20T19:19:37Z,zlod,39
2026-03-20T19:19:37Z,fact,5.349786
2026-03-20T19:19:37Z,toolnum,5
2026-03-20T19:19:37Z,program,CDSDRYRUN
2026-03-20T19:19:38Z,xpostn,-0.1449
2026-03-20T19:19:38Z,ypostn,1.0579
2026-03-20T19:19:38Z,zpostn,-1.5781
2026-03-20T19:19:38Z,xlod,8
2026-03-20T19:19:38Z,ylod,9
2026-03-20T19:19:38Z,zlod,39
2026-03-20T19:19:38Z,fact,5.349786
2026-03-20T19:19:38Z,toolnum,5
2026-03-20T19:19:38Z,program,CDSDRYRUN
2026-03-20T19:19:39Z,xpostn,0.44985
2026-03-20T19:19:39Z,ypostn,0.96775
2026-03-20T19:19:39Z,zpostn,-1.79765
2026-03-20T19:19:39Z,xlod,8
2026-03-20T19:19:39Z,ylod,9
2026-03-20T19:19:39Z,zlod,39
2026-03-20T19:19:39Z,fact,5.349786
2026-03-20T19:19:39Z,toolnum,5
2026-03-20T19:19:39Z,program,CDSDRYRUN
2026-03-20T19:19:40Z,xpostn,0.9735
2026-03-20T19:19:40Z,ypostn,0.4361
2026-03-20T19:19:40Z,zpostn,-2.01205
2026-03-20T19:19:40Z,xlod,12
2026-03-20T19:19:40Z,ylod,14
2026-03-20T19:19:40Z,zlod,39
2026-03-20T19:19:40Z,fact,5.349786
2026-03-20T19:19:40Z,toolnum,5
2026-03-20T19:19:40Z,program,CDSDRYRUN
2026-03-20T19:19:41Z,xpostn,-0.97555
2026-03-20T19:19:41Z,ypostn,-0.4361
2026-03-20T19:19:41Z,zpostn,-2.13215
2026-03-20T19:19:41Z,xlod,12
2026-03-20T19:19:41Z,ylod,14
2026-03-20T19:19:41Z,zlod,39
2026-03-20T19:19:41Z,fact,5.349786
2026-03-20T19:19:41Z,toolnum,5
2026-03-20T19:19:41Z,program,CDSDRYRUN
2026-03-20T19:19:42Z,xpostn,-0.694
2026-03-20T19:19:42Z,ypostn,0.81215
2026-03-20T19:19:42Z,zpostn,-2.32465
2026-03-20T19:19:42Z,xlod,12
2026-03-20T19:19:42Z,ylod,11
2026-03-20T19:19:42Z,zlod,39
2026-03-20T19:19:42Z,fact,5.349786
2026-03-20T19:19:42Z,toolnum,5
2026-03-20T19:19:42Z,program,CDSDRYRUN
2026-03-20T19:19:43Z,xpostn,-0.694
2026-03-20T19:19:43Z,ypostn,0.81215
2026-03-20T19:19:43Z,zpostn,-2.56565
2026-03-20T19:19:43Z,xlod,9
2026-03-20T19:19:43Z,ylod,11
2026-03-20T19:19:43Z,zlod,39
2026-03-20T19:19:43Z,fact,5.349786
2026-03-20T19:19:43Z,toolnum,5
2026-03-20T19:19:43Z,program,CDSDRYRUN
2026-03-20T19:19:44Z,xpostn,-0.1449
2026-03-20T19:19:44Z,ypostn,1.0579
2026-03-20T19:19:44Z,zpostn,-2.78565
2026-03-20T19:19:44Z,xlod,9
2026-03-20T19:19:44Z,ylod,11
2026-03-20T19:19:44Z,zlod,39
2026-03-20T19:19:44Z,fact,5.349786
2026-03-20T19:19:44Z,toolnum,5
2026-03-20T19:19:44Z,program,CDSDRYRUN
2026-03-20T19:19:45Z,xpostn,0.44985
2026-03-20T19:19:45Z,ypostn,0.96775
2026-03-20T19:19:45Z,zpostn,-3.00465
2026-03-20T19:19:45Z,xlod,12
2026-03-20T19:19:45Z,ylod,11
2026-03-20T19:19:45Z,zlod,39
2026-03-20T19:19:45Z,fact,5.349786
2026-03-20T19:19:45Z,toolnum,5
2026-03-20T19:19:45Z,program,CDSDRYRUN
2026-03-20T19:19:46Z,xpostn,-0.97555
2026-03-20T19:19:46Z,ypostn,-0.4361
2026-03-20T19:19:46Z,zpostn,-3.09815
2026-03-20T19:19:46Z,xlod,12
2026-03-20T19:19:46Z,ylod,11
2026-03-20T19:19:46Z,zlod,39
2026-03-20T19:19:46Z,fact,5.349786
2026-03-20T19:19:46Z,toolnum,5
2026-03-20T19:19:46Z,program,CDSDRYRUN
2026-03-20T19:19:47Z,xpostn,-1.0566
2026-03-20T19:19:47Z,ypostn,0.15995
2026-03-20T19:19:47Z,zpostn,-3.31815
2026-03-20T19:19:47Z,xlod,12
2026-03-20T19:19:47Z,ylod,11
2026-03-20T19:19:47Z,zlod,39
2026-03-20T19:19:47Z,fact,5.349786
2026-03-20T19:19:47Z,toolnum,5
2026-03-20T19:19:47Z,program,CDSDRYRUN
2026-03-20T19:19:48Z,xpostn,-0.1449
2026-03-20T19:19:48Z,ypostn,1.0579
2026-03-20T19:19:48Z,zpostn,-3.50965
2026-03-20T19:19:48Z,xlod,12
2026-03-20T19:19:48Z,ylod,11
2026-03-20T19:19:48Z,zlod,39
2026-03-20T19:19:48Z,fact,5.349786
2026-03-20T19:19:48Z,toolnum,5
2026-03-20T19:19:48Z,program,CDSDRYRUN
2026-03-20T19:19:49Z,xpostn,0.583
2026-03-20T19:19:49Z,ypostn,0.8937
2026-03-20T19:19:49Z,zpostn,-3.72415
2026-03-20T19:19:49Z,xlod,12
2026-03-20T19:19:49Z,ylod,11
2026-03-20T19:19:49Z,zlod,39
2026-03-20T19:19:49Z,fact,5.349786
2026-03-20T19:19:49Z,toolnum,5
2026-03-20T19:19:49Z,program,CDSDRYRUN
2026-03-20T19:19:50Z,xpostn,0.9735
2026-03-20T19:19:50Z,ypostn,0.4361
2026-03-20T19:19:50Z,zpostn,-3.94315
2026-03-20T19:19:50Z,xlod,12
2026-03-20T19:19:50Z,ylod,11
2026-03-20T19:19:50Z,zlod,39
2026-03-20T19:19:50Z,fact,5.349786
2026-03-20T19:19:50Z,toolnum,5
2026-03-20T19:19:50Z,program,CDSDRYRUN
2026-03-20T19:19:51Z,xpostn,1.02105
2026-03-20T19:19:51Z,ypostn,-0.30855
2026-03-20T19:19:51Z,zpostn,-4.15765
2026-03-20T19:19:51Z,xlod,9
2026-03-20T19:19:51Z,ylod,11
2026-03-20T19:19:51Z,zlod,39
2026-03-20T19:19:51Z,fact,5.349786
2026-03-20T19:19:51Z,toolnum,5
2026-03-20T19:19:51Z,program,CDSDRYRUN
2026-03-20T19:19:52Z,xpostn,0.692
2026-03-20T19:19:52Z,ypostn,-0.8122
2026-03-20T19:19:52Z,zpostn,-4.37695
2026-03-20T19:19:52Z,xlod,12
2026-03-20T19:19:52Z,ylod,15
2026-03-20T19:19:52Z,zlod,39
2026-03-20T19:19:52Z,fact,5.349786
2026-03-20T19:19:52Z,toolnum,5
2026-03-20T19:19:52Z,program,CDSDRYRUN
2026-03-20T19:19:53Z,xpostn,-0.6179
2026-03-20T19:19:53Z,ypostn,-0.555
2026-03-20T19:19:53Z,zpostn,-4.467
2026-03-20T19:19:53Z,xlod,1
2026-03-20T19:19:53Z,ylod,15
2026-03-20T19:19:53Z,zlod,39
2026-03-20T19:19:53Z,fact,10.866232
2026-03-20T19:19:53Z,toolnum,5
2026-03-20T19:19:53Z,program,CDSDRYRUN
2026-03-20T19:19:54Z,xpostn,-0.71575
2026-03-20T19:19:54Z,ypostn,0.79375
2026-03-20T19:19:54Z,zpostn,-4.6014
2026-03-20T19:19:54Z,xlod,9
2026-03-20T19:19:54Z,ylod,9
2026-03-20T19:19:54Z,zlod,39
2026-03-20T19:19:54Z,fact,5.349786
2026-03-20T19:19:54Z,toolnum,5
2026-03-20T19:19:54Z,program,CDSDRYRUN
2026-03-20T19:19:55Z,xpostn,-0.17315
2026-03-20T19:19:55Z,ypostn,1.0542
2026-03-20T19:19:55Z,zpostn,-4.8214
2026-03-20T19:19:55Z,xlod,9
2026-03-20T19:19:55Z,ylod,9
2026-03-20T19:19:55Z,zlod,39
2026-03-20T19:19:55Z,fact,5.349786
2026-03-20T19:19:55Z,toolnum,5
2026-03-20T19:19:55Z,program,CDSDRYRUN
2026-03-20T19:19:56Z,xpostn,0.4241
2026-03-20T19:19:56Z,ypostn,0.97985
2026-03-20T19:19:56Z,zpostn,-5.04065
2026-03-20T19:19:56Z,xlod,13
2026-03-20T19:19:56Z,ylod,9
2026-03-20T19:19:56Z,zlod,39
2026-03-20T19:19:56Z,fact,5.349786
2026-03-20T19:19:56Z,toolnum,5
2026-03-20T19:19:56Z,program,CDSDRYRUN
2026-03-20T19:19:58Z,xpostn,0.96195
2026-03-20T19:19:58Z,ypostn,0.46215
2026-03-20T19:19:58Z,zpostn,-5.2549
2026-03-20T19:19:58Z,xlod,10
2026-03-20T19:19:58Z,ylod,13
2026-03-20T19:19:58Z,zlod,39
2026-03-20T19:19:58Z,fact,5.349786
2026-03-20T19:19:58Z,toolnum,5
2026-03-20T19:19:58Z,program,CDSDRYRUN
2026-03-20T19:19:59Z,xpostn,-1.0314
2026-03-20T19:19:59Z,ypostn,0.2813
2026-03-20T19:19:59Z,zpostn,-5.3484
2026-03-20T19:19:59Z,xlod,10
2026-03-20T19:19:59Z,ylod,10
2026-03-20T19:19:59Z,zlod,39
2026-03-20T19:19:59Z,fact,5.349786
2026-03-20T19:19:59Z,toolnum,5
2026-03-20T19:19:59Z,program,CDSDRYRUN
2026-03-20T19:20:00Z,xpostn,-0.71575
2026-03-20T19:20:00Z,ypostn,0.79375
2026-03-20T19:20:00Z,zpostn,-5.5674
2026-03-20T19:20:00Z,xlod,10
2026-03-20T19:20:00Z,ylod,9
2026-03-20T19:20:00Z,zlod,39
2026-03-20T19:20:00Z,fact,5.349786
2026-03-20T19:20:00Z,toolnum,5
2026-03-20T19:20:00Z,program,CDSDRYRUN
2026-03-20T19:20:01Z,xpostn,-0.71575
2026-03-20T19:20:01Z,ypostn,0.79375
2026-03-20T19:20:01Z,zpostn,-5.8094
2026-03-20T19:20:01Z,xlod,10
2026-03-20T19:20:01Z,ylod,9
2026-03-20T19:20:01Z,zlod,39
2026-03-20T19:20:01Z,fact,5.349786
2026-03-20T19:20:01Z,toolnum,5
2026-03-20T19:20:01Z,program,CDSDRYRUN
2026-03-20T19:20:02Z,xpostn,-0.17315
2026-03-20T19:20:02Z,ypostn,1.0542
2026-03-20T19:20:02Z,zpostn,-6.0285
2026-03-20T19:20:02Z,xlod,10
2026-03-20T19:20:02Z,ylod,9
2026-03-20T19:20:02Z,zlod,39
2026-03-20T19:20:02Z,fact,5.349786
2026-03-20T19:20:02Z,toolnum,5
2026-03-20T19:20:02Z,program,CDSDRYRUN
2026-03-20T19:20:03Z,xpostn,0.5592
2026-03-20T19:20:03Z,ypostn,0.9094
2026-03-20T19:20:03Z,zpostn,-6.2429
2026-03-20T19:20:03Z,xlod,13
2026-03-20T19:20:03Z,ylod,9
2026-03-20T19:20:03Z,zlod,39
2026-03-20T19:20:03Z,fact,5.349786
2026-03-20T19:20:03Z,toolnum,5
2026-03-20T19:20:03Z,program,CDSDRYRUN
2026-03-20T19:20:04Z,xpostn,-0.56125
2026-03-20T19:20:04Z,ypostn,-0.9094
2026-03-20T19:20:04Z,zpostn,-6.3632
2026-03-20T19:20:04Z,xlod,13
2026-03-20T19:20:04Z,ylod,9
2026-03-20T19:20:04Z,zlod,39
2026-03-20T19:20:04Z,fact,5.349786
2026-03-20T19:20:04Z,toolnum,5
2026-03-20T19:20:04Z,program,CDSDRYRUN
2026-03-20T19:20:05Z,xpostn,-0.964
2026-03-20T19:20:05Z,ypostn,-0.46215
2026-03-20T19:20:05Z,zpostn,-6.5829
2026-03-20T19:20:05Z,xlod,8
2026-03-20T19:20:05Z,ylod,13
2026-03-20T19:20:05Z,zlod,39
2026-03-20T19:20:05Z,fact,5.349786
2026-03-20T19:20:05Z,toolnum,5
2026-03-20T19:20:05Z,program,CDSDRYRUN
2026-03-20T19:20:06Z,xpostn,-0.71575
2026-03-20T19:20:06Z,ypostn,0.79375
2026-03-20T19:20:06Z,zpostn,-6.7753
2026-03-20T19:20:06Z,xlod,11
2026-03-20T19:20:06Z,ylod,10
2026-03-20T19:20:06Z,zlod,39
2026-03-20T19:20:06Z,fact,5.349786
2026-03-20T19:20:06Z,toolnum,5
2026-03-20T19:20:06Z,program,CDSDRYRUN
2026-03-20T19:20:07Z,xpostn,-0.02135
2026-03-20T19:20:07Z,ypostn,1.06795
2026-03-20T19:20:07Z,zpostn,-6.9889
2026-03-20T19:20:07Z,xlod,11
2026-03-20T19:20:07Z,ylod,10
2026-03-20T19:20:07Z,zlod,39
2026-03-20T19:20:07Z,fact,5.349786
2026-03-20T19:20:07Z,toolnum,5
2026-03-20T19:20:07Z,program,CDSDRYRUN
2026-03-20T19:20:08Z,xpostn,0.5592
2026-03-20T19:20:08Z,ypostn,0.9094
2026-03-20T19:20:08Z,zpostn,-7.2089
2026-03-20T19:20:08Z,xlod,11
2026-03-20T19:20:08Z,ylod,10
2026-03-20T19:20:08Z,zlod,39
2026-03-20T19:20:08Z,fact,5.349786
2026-03-20T19:20:08Z,toolnum,5
2026-03-20T19:20:08Z,program,CDSDRYRUN
2026-03-20T19:20:09Z,xpostn,0.96195
2026-03-20T19:20:09Z,ypostn,0.46215
2026-03-20T19:20:09Z,zpostn,-7.4279
2026-03-20T19:20:09Z,xlod,11
2026-03-20T19:20:09Z,ylod,10
2026-03-20T19:20:09Z,zlod,39
2026-03-20T19:20:09Z,fact,5.349786
2026-03-20T19:20:09Z,toolnum,5
2026-03-20T19:20:09Z,program,CDSDRYRUN
2026-03-20T19:20:10Z,xpostn,-1.0314
2026-03-20T19:20:10Z,ypostn,0.2813
2026-03-20T19:20:10Z,zpostn,-7.5214
2026-03-20T19:20:10Z,xlod,11
2026-03-20T19:20:10Z,ylod,13
2026-03-20T19:20:10Z,zlod,39
2026-03-20T19:20:10Z,fact,5.349786
2026-03-20T19:20:10Z,toolnum,5
2026-03-20T19:20:10Z,program,CDSDRYRUN
2026-03-20T19:20:11Z,xpostn,-1.0314
2026-03-20T19:20:11Z,ypostn,0.2813
2026-03-20T19:20:11Z,zpostn,-7.7631
2026-03-20T19:20:11Z,xlod,11
2026-03-20T19:20:11Z,ylod,13
2026-03-20T19:20:11Z,zlod,39
2026-03-20T19:20:11Z,fact,5.349786
2026-03-20T19:20:11Z,toolnum,5
2026-03-20T19:20:11Z,program,CDSDRYRUN
2026-03-20T19:20:12Z,xpostn,-0.71575
2026-03-20T19:20:12Z,ypostn,0.79375
2026-03-20T19:20:12Z,zpostn,-7.9824
2026-03-20T19:20:12Z,xlod,8
2026-03-20T19:20:12Z,ylod,13
2026-03-20T19:20:12Z,zlod,39
2026-03-20T19:20:12Z,fact,5.349786
2026-03-20T19:20:12Z,toolnum,5
2026-03-20T19:20:12Z,program,CDSDRYRUN
2026-03-20T19:20:13Z,xpostn,-0.02135
2026-03-20T19:20:13Z,ypostn,1.06795
2026-03-20T19:20:13Z,zpostn,-8.1969
2026-03-20T19:20:13Z,xlod,11
2026-03-20T19:20:13Z,ylod,13
2026-03-20T19:20:13Z,zlod,39
2026-03-20T19:20:13Z,fact,5.349786
2026-03-20T19:20:13Z,toolnum,5
2026-03-20T19:20:13Z,program,CDSDRYRUN
2026-03-20T19:20:14Z,xpostn,0.01935
2026-03-20T19:20:14Z,ypostn,-1.06795
2026-03-20T19:20:14Z,zpostn,-8.31705
2026-03-20T19:20:14Z,xlod,11
2026-03-20T19:20:14Z,ylod,13
2026-03-20T19:20:14Z,zlod,39
2026-03-20T19:20:14Z,fact,5.349786
2026-03-20T19:20:14Z,toolnum,5
2026-03-20T19:20:14Z,program,CDSDRYRUN
2026-03-20T19:20:15Z,xpostn,-0.40365
2026-03-20T19:20:15Z,ypostn,0.0855
2026-03-20T19:20:15Z,zpostn,-8.433
2026-03-20T19:20:15Z,xlod,6
2026-03-20T19:20:15Z,ylod,17
2026-03-20T19:20:15Z,zlod,47
2026-03-20T19:20:15Z,fact,5.349786
2026-03-20T19:20:15Z,toolnum,5
2026-03-20T19:20:15Z,program,CDSDRYRUN
2026-03-20T19:20:16Z,xpostn,1.0066
2026-03-20T19:20:16Z,ypostn,-0.35275
2026-03-20T19:20:16Z,zpostn,-8.7084
2026-03-20T19:20:16Z,xlod,7
2026-03-20T19:20:16Z,ylod,12
2026-03-20T19:20:16Z,zlod,38
2026-03-20T19:20:16Z,fact,5.349786
2026-03-20T19:20:16Z,toolnum,5
2026-03-20T19:20:16Z,program,CDSDRYRUN
2026-03-20T19:20:17Z,xpostn,0.5295
2026-03-20T19:20:17Z,ypostn,-0.92645
2026-03-20T19:20:17Z,zpostn,-8.92215
2026-03-20T19:20:17Z,xlod,11
2026-03-20T19:20:17Z,ylod,12
2026-03-20T19:20:17Z,zlod,38
2026-03-20T19:20:17Z,fact,5.349786
2026-03-20T19:20:17Z,toolnum,5
2026-03-20T19:20:17Z,program,CDSDRYRUN
2026-03-20T19:20:18Z,xpostn,-0.5315
2026-03-20T19:20:18Z,ypostn,0.92645
2026-03-20T19:20:18Z,zpostn,-9.04315
2026-03-20T19:20:18Z,xlod,11
2026-03-20T19:20:18Z,ylod,8
2026-03-20T19:20:18Z,zlod,38
2026-03-20T19:20:18Z,fact,5.349786
2026-03-20T19:20:18Z,toolnum,5
2026-03-20T19:20:18Z,program,CDSDRYRUN
2026-03-20T19:20:19Z,xpostn,0.05355
2026-03-20T19:20:19Z,ypostn,1.06615
2026-03-20T19:20:19Z,zpostn,-9.2623
2026-03-20T19:20:19Z,xlod,11
2026-03-20T19:20:19Z,ylod,12
2026-03-20T19:20:19Z,zlod,38
2026-03-20T19:20:19Z,fact,5.349786
2026-03-20T19:20:19Z,toolnum,5
2026-03-20T19:20:19Z,program,CDSDRYRUN
2026-03-20T19:20:20Z,xpostn,0.73845
2026-03-20T19:20:20Z,ypostn,0.77
2026-03-20T19:20:20Z,zpostn,-9.47665
2026-03-20T19:20:20Z,xlod,11
2026-03-20T19:20:20Z,ylod,12
2026-03-20T19:20:20Z,zlod,38
2026-03-20T19:20:20Z,fact,5.349786
2026-03-20T19:20:20Z,toolnum,5
2026-03-20T19:20:20Z,program,CDSDRYRUN
2026-03-20T19:20:21Z,xpostn,1.0374
2026-03-20T19:20:21Z,ypostn,0.248
2026-03-20T19:20:21Z,zpostn,-9.6962
2026-03-20T19:20:21Z,xlod,8
2026-03-20T19:20:21Z,ylod,9
2026-03-20T19:20:21Z,zlod,38
2026-03-20T19:20:21Z,fact,5.349786
2026-03-20T19:20:21Z,toolnum,5
2026-03-20T19:20:21Z,program,CDSDRYRUN
2026-03-20T19:20:22Z,xpostn,0.94615
2026-03-20T19:20:22Z,ypostn,-0.49255
2026-03-20T19:20:22Z,zpostn,-9.91015
2026-03-20T19:20:22Z,xlod,9
2026-03-20T19:20:22Z,ylod,14
2026-03-20T19:20:22Z,zlod,38
2026-03-20T19:20:22Z,fact,5.349786
2026-03-20T19:20:22Z,toolnum,5
2026-03-20T19:20:22Z,program,CDSDRYRUN
2026-03-20T19:20:23Z,xpostn,-0.5315
2026-03-20T19:20:23Z,ypostn,0.92645
2026-03-20T19:20:23Z,zpostn,-10.00915
2026-03-20T19:20:23Z,xlod,12
2026-03-20T19:20:23Z,ylod,11
2026-03-20T19:20:23Z,zlod,38
2026-03-20T19:20:23Z,fact,5.349786
2026-03-20T19:20:23Z,toolnum,5
2026-03-20T19:20:23Z,program,CDSDRYRUN
2026-03-20T19:20:24Z,xpostn,0.20475
2026-03-20T19:20:24Z,ypostn,1.04755
2026-03-20T19:20:24Z,zpostn,-10.22285
2026-03-20T19:20:24Z,xlod,12
2026-03-20T19:20:24Z,ylod,11
2026-03-20T19:20:24Z,zlod,38
2026-03-20T19:20:24Z,fact,5.349786
2026-03-20T19:20:24Z,toolnum,5
2026-03-20T19:20:24Z,program,CDSDRYRUN
2026-03-20T19:20:25Z,xpostn,0.73845
2026-03-20T19:20:25Z,ypostn,0.77
2026-03-20T19:20:25Z,zpostn,-10.44265
2026-03-20T19:20:25Z,xlod,12
2026-03-20T19:20:25Z,ylod,11
2026-03-20T19:20:25Z,zlod,38
2026-03-20T19:20:25Z,fact,5.349786
2026-03-20T19:20:25Z,toolnum,5
2026-03-20T19:20:25Z,program,CDSDRYRUN
2026-03-20T19:20:26Z,xpostn,0.73845
2026-03-20T19:20:26Z,ypostn,0.77
2026-03-20T19:20:26Z,zpostn,-10.68405
2026-03-20T19:20:26Z,xlod,12
2026-03-20T19:20:26Z,ylod,11
2026-03-20T19:20:26Z,zlod,38
2026-03-20T19:20:26Z,fact,5.349786
2026-03-20T19:20:26Z,toolnum,5
2026-03-20T19:20:26Z,program,CDSDRYRUN
2026-03-20T19:20:27Z,xpostn,0.94615
2026-03-20T19:20:27Z,ypostn,-0.49255
2026-03-20T19:20:27Z,zpostn,-10.87615
2026-03-20T19:20:27Z,xlod,9
2026-03-20T19:20:27Z,ylod,14
2026-03-20T19:20:27Z,zlod,38
2026-03-20T19:20:27Z,fact,5.349786
2026-03-20T19:20:27Z,toolnum,5
2026-03-20T19:20:27Z,program,CDSDRYRUN
2026-03-20T19:20:28Z,xpostn,0.94615
2026-03-20T19:20:28Z,ypostn,-0.49255
2026-03-20T19:20:28Z,zpostn,-11.11795
2026-03-20T19:20:28Z,xlod,9
2026-03-20T19:20:28Z,ylod,14
2026-03-20T19:20:28Z,zlod,38
2026-03-20T19:20:28Z,fact,5.349786
2026-03-20T19:20:28Z,toolnum,5
2026-03-20T19:20:28Z,program,CDSDRYRUN
2026-03-20T19:20:29Z,xpostn,-0.39425
2026-03-20T19:20:29Z,ypostn,0.99255
2026-03-20T19:20:29Z,zpostn,-11.2107
2026-03-20T19:20:29Z,xlod,9
2026-03-20T19:20:29Z,ylod,7
2026-03-20T19:20:29Z,zlod,38
2026-03-20T19:20:29Z,fact,5.349786
2026-03-20T19:20:29Z,toolnum,5
2026-03-20T19:20:29Z,program,CDSDRYRUN
2026-03-20T19:20:30Z,xpostn,0.20475
2026-03-20T19:20:30Z,ypostn,1.04755
2026-03-20T19:20:30Z,zpostn,-11.43065
2026-03-20T19:20:30Z,xlod,12
2026-03-20T19:20:30Z,ylod,11
2026-03-20T19:20:30Z,zlod,38
2026-03-20T19:20:30Z,fact,5.349786
2026-03-20T19:20:30Z,toolnum,5
2026-03-20T19:20:30Z,program,CDSDRYRUN
2026-03-20T19:20:31Z,xpostn,0.73845
2026-03-20T19:20:31Z,ypostn,0.77
2026-03-20T19:20:31Z,zpostn,-11.65005
2026-03-20T19:20:31Z,xlod,12
2026-03-20T19:20:31Z,ylod,11
2026-03-20T19:20:31Z,zlod,38
2026-03-20T19:20:31Z,fact,5.349786
2026-03-20T19:20:31Z,toolnum,5
2026-03-20T19:20:31Z,program,CDSDRYRUN
2026-03-20T19:20:32Z,xpostn,1.06215
2026-03-20T19:20:32Z,ypostn,0.0977
2026-03-20T19:20:32Z,zpostn,-11.86415
2026-03-20T19:20:32Z,xlod,9
2026-03-20T19:20:32Z,ylod,11
2026-03-20T19:20:32Z,zlod,38
2026-03-20T19:20:32Z,fact,5.349786
2026-03-20T19:20:32Z,toolnum,5
2026-03-20T19:20:32Z,program,CDSDRYRUN
2026-03-20T19:20:33Z,xpostn,-1.06415
2026-03-20T19:20:33Z,ypostn,-0.0977
2026-03-20T19:20:33Z,zpostn,-11.98475
2026-03-20T19:20:33Z,xlod,9
2026-03-20T19:20:33Z,ylod,11
2026-03-20T19:20:33Z,zlod,38
2026-03-20T19:20:33Z,fact,5.349786
2026-03-20T19:20:33Z,toolnum,5
2026-03-20T19:20:33Z,program,CDSDRYRUN
2026-03-20T19:20:34Z,xpostn,-0.94815
2026-03-20T19:20:34Z,ypostn,0.49255
2026-03-20T19:20:34Z,zpostn,-12.20415
2026-03-20T19:20:34Z,xlod,9
2026-03-20T19:20:34Z,ylod,11
2026-03-20T19:20:34Z,zlod,38
2026-03-20T19:20:34Z,fact,5.349786
2026-03-20T19:20:34Z,toolnum,5
2026-03-20T19:20:34Z,program,CDSDRYRUN
2026-03-20T19:20:35Z,xpostn,-0.8146
2026-03-20T19:20:35Z,ypostn,-0.1626
2026-03-20T19:20:35Z,zpostn,-12.4
2026-03-20T19:20:35Z,xlod,0
2026-03-20T19:20:35Z,ylod,19
2026-03-20T19:20:35Z,zlod,38
2026-03-20T19:20:35Z,fact,12.382838
2026-03-20T19:20:35Z,toolnum,5
2026-03-20T19:20:35Z,program,CDSDRYRUN
2026-03-20T19:20:37Z,xpostn,10.69295
2026-03-20T19:20:37Z,ypostn,12.377
2026-03-20T19:20:37Z,zpostn,6.063
2026-03-20T19:20:37Z,xlod,20
2026-03-20T19:20:37Z,ylod,21
2026-03-20T19:20:37Z,zlod,60
2026-03-20T19:20:37Z,fact,49.814674
2026-03-20T19:20:37Z,toolnum,5
2026-03-20T19:20:37Z,program,CDSDRYRUN
2026-03-20T19:20:38Z,xpostn,27.94725
2026-03-20T19:20:38Z,ypostn,29.6777
2026-03-20T19:20:38Z,zpostn,-2.5996
2026-03-20T19:20:38Z,xlod,10
2026-03-20T19:20:38Z,ylod,8
2026-03-20T19:20:38Z,zlod,42
2026-03-20T19:20:38Z,fact,2.733224
2026-03-20T19:20:38Z,toolnum,5
2026-03-20T19:20:38Z,program,CDSDRYRUN
2026-03-20T19:20:39Z,xpostn,30.54065
2026-03-20T19:20:39Z,ypostn,30.10595
2026-03-20T19:20:39Z,zpostn,-2.8864
2026-03-20T19:20:39Z,xlod,13
2026-03-20T19:20:39Z,ylod,8
2026-03-20T19:20:39Z,zlod,39
2026-03-20T19:20:39Z,fact,5.549778
2026-03-20T19:20:39Z,toolnum,5
2026-03-20T19:20:39Z,program,CDSDRYRUN
2026-03-20T19:20:40Z,xpostn,28.78855
2026-03-20T19:20:40Z,ypostn,27.86415
2026-03-20T19:20:40Z,zpostn,-3.07895
2026-03-20T19:20:40Z,xlod,10
2026-03-20T19:20:40Z,ylod,9
2026-03-20T19:20:40Z,zlod,39
2026-03-20T19:20:40Z,fact,5.549778
2026-03-20T19:20:40Z,toolnum,5
2026-03-20T19:20:40Z,program,CDSDRYRUN
2026-03-20T19:20:41Z,xpostn,30.74205
2026-03-20T19:20:41Z,ypostn,29.73135
2026-03-20T19:20:41Z,zpostn,-3.2003
2026-03-20T19:20:41Z,xlod,10
2026-03-20T19:20:41Z,ylod,9
2026-03-20T19:20:41Z,zlod,39
2026-03-20T19:20:41Z,fact,5.549778
2026-03-20T19:20:41Z,toolnum,5
2026-03-20T19:20:41Z,program,CDSDRYRUN
2026-03-20T19:20:42Z,xpostn,29.12375
2026-03-20T19:20:42Z,ypostn,27.76935
2026-03-20T19:20:42Z,zpostn,-3.42035
2026-03-20T19:20:42Z,xlod,10
2026-03-20T19:20:42Z,ylod,9
2026-03-20T19:20:42Z,zlod,39
2026-03-20T19:20:42Z,fact,5.549778
2026-03-20T19:20:42Z,toolnum,5
2026-03-20T19:20:42Z,program,CDSDRYRUN
2026-03-20T19:20:43Z,xpostn,28.29395
2026-03-20T19:20:43Z,ypostn,30.2529
2026-03-20T19:20:43Z,zpostn,-3.63575
2026-03-20T19:20:43Z,xlod,10
2026-03-20T19:20:43Z,ylod,9
2026-03-20T19:20:43Z,zlod,39
2026-03-20T19:20:43Z,fact,5.549778
2026-03-20T19:20:43Z,toolnum,5
2026-03-20T19:20:43Z,program,CDSDRYRUN
2026-03-20T19:20:44Z,xpostn,30.76665
2026-03-20T19:20:44Z,ypostn,29.65775
2026-03-20T19:20:44Z,zpostn,-3.8557
2026-03-20T19:20:44Z,xlod,10
2026-03-20T19:20:44Z,ylod,9
2026-03-20T19:20:44Z,zlod,39
2026-03-20T19:20:44Z,fact,5.549778
2026-03-20T19:20:44Z,toolnum,5
2026-03-20T19:20:44Z,program,CDSDRYRUN
2026-03-20T19:20:45Z,xpostn,28.89765
2026-03-20T19:20:45Z,ypostn,27.82375
2026-03-20T19:20:45Z,zpostn,-4.07065
2026-03-20T19:20:45Z,xlod,10
2026-03-20T19:20:45Z,ylod,9
2026-03-20T19:20:45Z,zlod,39
2026-03-20T19:20:45Z,fact,5.549778
2026-03-20T19:20:45Z,toolnum,5
2026-03-20T19:20:45Z,program,CDSDRYRUN
2026-03-20T19:20:46Z,xpostn,30.698
2026-03-20T19:20:46Z,ypostn,29.83905
2026-03-20T19:20:46Z,zpostn,-4.1916
2026-03-20T19:20:46Z,xlod,10
2026-03-20T19:20:46Z,ylod,12
2026-03-20T19:20:46Z,zlod,39
2026-03-20T19:20:46Z,fact,5.549778
2026-03-20T19:20:46Z,toolnum,5
2026-03-20T19:20:46Z,program,CDSDRYRUN
2026-03-20T19:20:47Z,xpostn,29.23935
2026-03-20T19:20:47Z,ypostn,27.75565
2026-03-20T19:20:47Z,zpostn,-4.412
2026-03-20T19:20:47Z,xlod,10
2026-03-20T19:20:47Z,ylod,12
2026-03-20T19:20:47Z,zlod,39
2026-03-20T19:20:47Z,fact,5.549778
2026-03-20T19:20:47Z,toolnum,5
2026-03-20T19:20:47Z,program,CDSDRYRUN
2026-03-20T19:20:48Z,xpostn,28.2164
2026-03-20T19:20:48Z,ypostn,30.1661
2026-03-20T19:20:48Z,zpostn,-4.6269
2026-03-20T19:20:48Z,xlod,10
2026-03-20T19:20:48Z,ylod,12
2026-03-20T19:20:48Z,zlod,39
2026-03-20T19:20:48Z,fact,5.549778
2026-03-20T19:20:48Z,toolnum,5
2026-03-20T19:20:48Z,program,CDSDRYRUN
2026-03-20T19:20:49Z,xpostn,30.72835
2026-03-20T19:20:49Z,ypostn,29.7676
2026-03-20T19:20:49Z,zpostn,-4.8477
2026-03-20T19:20:49Z,xlod,10
2026-03-20T19:20:49Z,ylod,14
2026-03-20T19:20:49Z,zlod,39
2026-03-20T19:20:49Z,fact,5.549778
2026-03-20T19:20:49Z,toolnum,5
2026-03-20T19:20:49Z,program,CDSDRYRUN
2026-03-20T19:20:50Z,xpostn,28.4538
2026-03-20T19:20:50Z,ypostn,28.0582
2026-03-20T19:20:50Z,zpostn,-5.04015
2026-03-20T19:20:50Z,xlod,10
2026-03-20T19:20:50Z,ylod,14
2026-03-20T19:20:50Z,zlod,39
2026-03-20T19:20:50Z,fact,5.549778
2026-03-20T19:20:50Z,toolnum,5
2026-03-20T19:20:50Z,program,CDSDRYRUN
2026-03-20T19:20:51Z,xpostn,28.76955
2026-03-20T19:20:51Z,ypostn,30.58185
2026-03-20T19:20:51Z,zpostn,-5.2604
2026-03-20T19:20:51Z,xlod,10
2026-03-20T19:20:51Z,ylod,7
2026-03-20T19:20:51Z,zlod,39
2026-03-20T19:20:51Z,fact,5.549778
2026-03-20T19:20:51Z,toolnum,5
2026-03-20T19:20:51Z,program,CDSDRYRUN
2026-03-20T19:20:52Z,xpostn,28.7529
2026-03-20T19:20:52Z,ypostn,27.8795
2026-03-20T19:20:52Z,zpostn,-5.38155
2026-03-20T19:20:52Z,xlod,10
2026-03-20T19:20:52Z,ylod,7
2026-03-20T19:20:52Z,zlod,39
2026-03-20T19:20:52Z,fact,5.549778
2026-03-20T19:20:52Z,toolnum,5
2026-03-20T19:20:52Z,program,CDSDRYRUN
2026-03-20T19:20:53Z,xpostn,28.597
2026-03-20T19:20:53Z,ypostn,30.4934
2026-03-20T19:20:53Z,zpostn,-5.59625
2026-03-20T19:20:53Z,xlod,10
2026-03-20T19:20:53Z,ylod,13
2026-03-20T19:20:53Z,zlod,39
2026-03-20T19:20:53Z,fact,5.549778
2026-03-20T19:20:53Z,toolnum,5
2026-03-20T19:20:53Z,program,CDSDRYRUN
2026-03-20T19:20:54Z,xpostn,30.72155
2026-03-20T19:20:54Z,ypostn,28.6695
2026-03-20T19:20:54Z,zpostn,-5.7948
2026-03-20T19:20:54Z,xlod,9
2026-03-20T19:20:54Z,ylod,13
2026-03-20T19:20:54Z,zlod,39
2026-03-20T19:20:54Z,fact,5.549778
2026-03-20T19:20:54Z,toolnum,5
2026-03-20T19:20:54Z,program,CDSDRYRUN
2026-03-20T19:20:55Z,xpostn,28.20495
2026-03-20T19:20:55Z,ypostn,28.302
2026-03-20T19:20:55Z,zpostn,-6.0147
2026-03-20T19:20:55Z,xlod,10
2026-03-20T19:20:55Z,ylod,10
2026-03-20T19:20:55Z,zlod,39
2026-03-20T19:20:55Z,fact,5.549778
2026-03-20T19:20:55Z,toolnum,5
2026-03-20T19:20:55Z,program,CDSDRYRUN
2026-03-20T19:20:56Z,xpostn,29.1034
2026-03-20T19:20:56Z,ypostn,30.6813
2026-03-20T19:20:56Z,zpostn,-6.23565
2026-03-20T19:20:56Z,xlod,10
2026-03-20T19:20:56Z,ylod,10
2026-03-20T19:20:56Z,zlod,39
2026-03-20T19:20:56Z,fact,5.549778
2026-03-20T19:20:56Z,toolnum,5
2026-03-20T19:20:56Z,program,CDSDRYRUN
2026-03-20T19:20:57Z,xpostn,30.617
2026-03-20T19:20:57Z,ypostn,28.46175
2026-03-20T19:20:57Z,zpostn,-6.44465
2026-03-20T19:20:57Z,xlod,10
2026-03-20T19:20:57Z,ylod,13
2026-03-20T19:20:57Z,zlod,39
2026-03-20T19:20:57Z,fact,5.549778
2026-03-20T19:20:57Z,toolnum,5
2026-03-20T19:20:57Z,program,CDSDRYRUN
2026-03-20T19:20:58Z,xpostn,28.00405
2026-03-20T19:20:58Z,ypostn,28.63265
2026-03-20T19:20:58Z,zpostn,-6.65975
2026-03-20T19:20:58Z,xlod,10
2026-03-20T19:20:58Z,ylod,13
2026-03-20T19:20:58Z,zlod,39
2026-03-20T19:20:58Z,fact,5.549778
2026-03-20T19:20:58Z,toolnum,5
2026-03-20T19:20:58Z,program,CDSDRYRUN
2026-03-20T19:20:59Z,xpostn,30.34635
2026-03-20T19:20:59Z,ypostn,28.1336
2026-03-20T19:20:59Z,zpostn,-6.75855
2026-03-20T19:20:59Z,xlod,10
2026-03-20T19:20:59Z,ylod,13
2026-03-20T19:20:59Z,zlod,39
2026-03-20T19:20:59Z,fact,5.549778
2026-03-20T19:20:59Z,toolnum,5
2026-03-20T19:20:59Z,program,CDSDRYRUN
2026-03-20T19:21:00Z,xpostn,27.9181
2026-03-20T19:21:00Z,ypostn,28.8899
2026-03-20T19:21:00Z,zpostn,-6.97915
2026-03-20T19:21:00Z,xlod,9
2026-03-20T19:21:00Z,ylod,13
2026-03-20T19:21:00Z,zlod,39
2026-03-20T19:21:00Z,fact,5.549778
2026-03-20T19:21:00Z,toolnum,5
2026-03-20T19:21:00Z,program,CDSDRYRUN
2026-03-20T19:21:01Z,xpostn,29.9035
2026-03-20T19:21:01Z,ypostn,30.59715
2026-03-20T19:21:01Z,zpostn,-7.19365
2026-03-20T19:21:01Z,xlod,12
2026-03-20T19:21:01Z,ylod,13
2026-03-20T19:21:01Z,zlod,39
2026-03-20T19:21:01Z,fact,5.549778
2026-03-20T19:21:01Z,toolnum,5
2026-03-20T19:21:01Z,program,CDSDRYRUN
2026-03-20T19:21:02Z,xpostn,30.1623
2026-03-20T19:21:02Z,ypostn,27.99145
2026-03-20T19:21:02Z,zpostn,-7.4083
2026-03-20T19:21:02Z,xlod,12
2026-03-20T19:21:02Z,ylod,13
2026-03-20T19:21:02Z,zlod,39
2026-03-20T19:21:02Z,fact,5.549778
2026-03-20T19:21:02Z,toolnum,5
2026-03-20T19:21:02Z,program,CDSDRYRUN
2026-03-20T19:21:03Z,xpostn,27.96755
2026-03-20T19:21:03Z,ypostn,29.7302
2026-03-20T19:21:03Z,zpostn,-7.60685
2026-03-20T19:21:03Z,xlod,12
2026-03-20T19:21:03Z,ylod,13
2026-03-20T19:21:03Z,zlod,39
2026-03-20T19:21:03Z,fact,5.549778
2026-03-20T19:21:03Z,toolnum,5
2026-03-20T19:21:03Z,program,CDSDRYRUN
2026-03-20T19:21:04Z,xpostn,30.56335
2026-03-20T19:21:04Z,ypostn,30.07445
2026-03-20T19:21:04Z,zpostn,-7.82205
2026-03-20T19:21:04Z,xlod,13
2026-03-20T19:21:04Z,ylod,13
2026-03-20T19:21:04Z,zlod,39
2026-03-20T19:21:04Z,fact,5.549778
2026-03-20T19:21:04Z,toolnum,5
2026-03-20T19:21:04Z,program,CDSDRYRUN
2026-03-20T19:21:05Z,xpostn,28.89765
2026-03-20T19:21:05Z,ypostn,27.82375
2026-03-20T19:21:05Z,zpostn,-8.0201
2026-03-20T19:21:05Z,xlod,9
2026-03-20T19:21:05Z,ylod,13
2026-03-20T19:21:05Z,zlod,39
2026-03-20T19:21:05Z,fact,5.549778
2026-03-20T19:21:05Z,toolnum,5
2026-03-20T19:21:05Z,program,CDSDRYRUN
2026-03-20T19:21:06Z,xpostn,28.4683
2026-03-20T19:21:06Z,ypostn,30.40685
2026-03-20T19:21:06Z,zpostn,-8.23475
2026-03-20T19:21:06Z,xlod,9
2026-03-20T19:21:06Z,ylod,10
2026-03-20T19:21:06Z,zlod,39
2026-03-20T19:21:06Z,fact,5.549778
2026-03-20T19:21:06Z,toolnum,5
2026-03-20T19:21:06Z,program,CDSDRYRUN
2026-03-20T19:21:07Z,xpostn,30.8168
2026-03-20T19:21:07Z,ypostn,29.43065
2026-03-20T19:21:07Z,zpostn,-8.45535
2026-03-20T19:21:07Z,xlod,9
2026-03-20T19:21:07Z,ylod,14
2026-03-20T19:21:07Z,zlod,39
2026-03-20T19:21:07Z,fact,5.549778
2026-03-20T19:21:07Z,toolnum,5
2026-03-20T19:21:07Z,program,CDSDRYRUN
2026-03-20T19:21:08Z,xpostn,28.6829
2026-03-20T19:21:08Z,ypostn,27.913
2026-03-20T19:21:08Z,zpostn,-8.6698
2026-03-20T19:21:08Z,xlod,9
2026-03-20T19:21:08Z,ylod,11
2026-03-20T19:21:08Z,zlod,39
2026-03-20T19:21:08Z,fact,5.549778
2026-03-20T19:21:08Z,toolnum,5
2026-03-20T19:21:08Z,program,CDSDRYRUN
2026-03-20T19:21:09Z,xpostn,30.7828
2026-03-20T19:21:09Z,ypostn,28.8534
2026-03-20T19:21:09Z,zpostn,-8.7637
2026-03-20T19:21:09Z,xlod,9
2026-03-20T19:21:09Z,ylod,11
2026-03-20T19:21:09Z,zlod,39
2026-03-20T19:21:09Z,fact,5.549778
2026-03-20T19:21:09Z,toolnum,5
2026-03-20T19:21:09Z,program,CDSDRYRUN
2026-03-20T19:21:10Z,xpostn,28.3361
2026-03-20T19:21:10Z,ypostn,28.15925
2026-03-20T19:21:10Z,zpostn,-8.98435
2026-03-20T19:21:10Z,xlod,13
2026-03-20T19:21:10Z,ylod,11
2026-03-20T19:21:10Z,zlod,39
2026-03-20T19:21:10Z,fact,5.549778
2026-03-20T19:21:10Z,toolnum,5
2026-03-20T19:21:10Z,program,CDSDRYRUN
2026-03-20T19:21:11Z,xpostn,28.915
2026-03-20T19:21:11Z,ypostn,30.6358
2026-03-20T19:21:11Z,zpostn,-9.20455
2026-03-20T19:21:11Z,xlod,10
2026-03-20T19:21:11Z,ylod,8
2026-03-20T19:21:11Z,zlod,39
2026-03-20T19:21:11Z,fact,5.549778
2026-03-20T19:21:11Z,toolnum,5
2026-03-20T19:21:11Z,program,CDSDRYRUN
2026-03-20T19:21:12Z,xpostn,30.45565
2026-03-20T19:21:12Z,ypostn,28.24375
2026-03-20T19:21:12Z,zpostn,-9.39705
2026-03-20T19:21:12Z,xlod,10
2026-03-20T19:21:12Z,ylod,14
2026-03-20T19:21:12Z,zlod,39
2026-03-20T19:21:12Z,fact,5.549778
2026-03-20T19:21:12Z,toolnum,5
2026-03-20T19:21:12Z,program,CDSDRYRUN
2026-03-20T19:21:13Z,xpostn,27.9614
2026-03-20T19:21:13Z,ypostn,28.74095
2026-03-20T19:21:13Z,zpostn,-9.6176
2026-03-20T19:21:13Z,xlod,9
2026-03-20T19:21:13Z,ylod,13
2026-03-20T19:21:13Z,zlod,39
2026-03-20T19:21:13Z,fact,5.549778
2026-03-20T19:21:13Z,toolnum,5
2026-03-20T19:21:13Z,program,CDSDRYRUN
2026-03-20T19:21:15Z,xpostn,30.65545
2026-03-20T19:21:15Z,ypostn,28.52915
2026-03-20T19:21:15Z,zpostn,-9.7384
2026-03-20T19:21:15Z,xlod,9
2026-03-20T19:21:15Z,ylod,13
2026-03-20T19:21:15Z,zlod,39
2026-03-20T19:21:15Z,fact,5.549778
2026-03-20T19:21:15Z,toolnum,5
2026-03-20T19:21:15Z,program,CDSDRYRUN
2026-03-20T19:21:16Z,xpostn,28.03715
2026-03-20T19:21:16Z,ypostn,28.56245
2026-03-20T19:21:16Z,zpostn,-9.9535
2026-03-20T19:21:16Z,xlod,14
2026-03-20T19:21:16Z,ylod,12
2026-03-20T19:21:16Z,zlod,39
2026-03-20T19:21:16Z,fact,5.549778
2026-03-20T19:21:16Z,toolnum,5
2026-03-20T19:21:16Z,program,CDSDRYRUN
2026-03-20T19:21:17Z,xpostn,28.80535
2026-03-20T19:21:17Z,ypostn,30.59675
2026-03-20T19:21:17Z,zpostn,-10.1957
2026-03-20T19:21:17Z,xlod,8
2026-03-20T19:21:17Z,ylod,12
2026-03-20T19:21:17Z,zlod,39
2026-03-20T19:21:17Z,fact,5.549778
2026-03-20T19:21:17Z,toolnum,5
2026-03-20T19:21:17Z,program,CDSDRYRUN
2026-03-20T19:21:18Z,xpostn,30.81945
2026-03-20T19:21:18Z,ypostn,29.0438
2026-03-20T19:21:18Z,zpostn,-10.4166
2026-03-20T19:21:18Z,xlod,11
2026-03-20T19:21:18Z,ylod,12
2026-03-20T19:21:18Z,zlod,39
2026-03-20T19:21:18Z,fact,5.549778
2026-03-20T19:21:18Z,toolnum,5
2026-03-20T19:21:18Z,program,CDSDRYRUN
2026-03-20T19:21:19Z,xpostn,28.3645
2026-03-20T19:21:19Z,ypostn,28.1328
2026-03-20T19:21:19Z,zpostn,-10.631
2026-03-20T19:21:19Z,xlod,11
2026-03-20T19:21:19Z,ylod,9
2026-03-20T19:21:19Z,zlod,39
2026-03-20T19:21:19Z,fact,5.549778
2026-03-20T19:21:19Z,toolnum,5
2026-03-20T19:21:19Z,program,CDSDRYRUN
2026-03-20T19:21:20Z,xpostn,30.7064
2026-03-20T19:21:20Z,ypostn,28.63375
2026-03-20T19:21:20Z,zpostn,-10.7304
2026-03-20T19:21:20Z,xlod,11
2026-03-20T19:21:20Z,ylod,9
2026-03-20T19:21:20Z,zlod,39
2026-03-20T19:21:20Z,fact,5.549778
2026-03-20T19:21:20Z,toolnum,5
2026-03-20T19:21:20Z,program,CDSDRYRUN
2026-03-20T19:21:21Z,xpostn,28.181
2026-03-20T19:21:21Z,ypostn,28.33255
2026-03-20T19:21:21Z,zpostn,-10.95035
2026-03-20T19:21:21Z,xlod,11
2026-03-20T19:21:21Z,ylod,9
2026-03-20T19:21:21Z,zlod,39
2026-03-20T19:21:21Z,fact,5.549778
2026-03-20T19:21:21Z,toolnum,5
2026-03-20T19:21:21Z,program,CDSDRYRUN
2026-03-20T19:21:22Z,xpostn,29.2962
2026-03-20T19:21:22Z,ypostn,30.70175
2026-03-20T19:21:22Z,zpostn,-11.1652
2026-03-20T19:21:22Z,xlod,11
2026-03-20T19:21:22Z,ylod,12
2026-03-20T19:21:22Z,zlod,39
2026-03-20T19:21:22Z,fact,5.549778
2026-03-20T19:21:22Z,toolnum,5
2026-03-20T19:21:22Z,program,CDSDRYRUN
2026-03-20T19:21:23Z,xpostn,30.1623
2026-03-20T19:21:23Z,ypostn,27.99145
2026-03-20T19:21:23Z,zpostn,-11.35805
2026-03-20T19:21:23Z,xlod,11
2026-03-20T19:21:23Z,ylod,12
2026-03-20T19:21:23Z,zlod,39
2026-03-20T19:21:23Z,fact,5.549778
2026-03-20T19:21:23Z,toolnum,5
2026-03-20T19:21:23Z,program,CDSDRYRUN
2026-03-20T19:21:24Z,xpostn,27.88295
2026-03-20T19:21:24Z,ypostn,29.11975
2026-03-20T19:21:24Z,zpostn,-11.57795
2026-03-20T19:21:24Z,xlod,11
2026-03-20T19:21:24Z,ylod,12
2026-03-20T19:21:24Z,zlod,39
2026-03-20T19:21:24Z,fact,5.549778
2026-03-20T19:21:24Z,toolnum,5
2026-03-20T19:21:24Z,program,CDSDRYRUN
2026-03-20T19:21:25Z,xpostn,30.11195
2026-03-20T19:21:25Z,ypostn,30.494
2026-03-20T19:21:25Z,zpostn,-11.79335
2026-03-20T19:21:25Z,xlod,11
2026-03-20T19:21:25Z,ylod,12
2026-03-20T19:21:25Z,zlod,39
2026-03-20T19:21:25Z,fact,5.549778
2026-03-20T19:21:25Z,toolnum,5
2026-03-20T19:21:25Z,program,CDSDRYRUN
2026-03-20T19:21:26Z,xpostn,29.9582
2026-03-20T19:21:26Z,ypostn,27.87995
2026-03-20T19:21:26Z,zpostn,-12.0081
2026-03-20T19:21:26Z,xlod,11
2026-03-20T19:21:26Z,ylod,12
2026-03-20T19:21:26Z,zlod,39
2026-03-20T19:21:26Z,fact,5.549778
2026-03-20T19:21:26Z,toolnum,5
2026-03-20T19:21:26Z,program,CDSDRYRUN
2026-03-20T19:21:27Z,xpostn,27.88445
2026-03-20T19:21:27Z,ypostn,29.35235
2026-03-20T19:21:27Z,zpostn,-12.22865
2026-03-20T19:21:27Z,xlod,11
2026-03-20T19:21:27Z,ylod,12
2026-03-20T19:21:27Z,zlod,39
2026-03-20T19:21:27Z,fact,5.549778
2026-03-20T19:21:27Z,toolnum,5
2026-03-20T19:21:27Z,program,CDSDRYRUN
2026-03-20T19:21:28Z,xpostn,30.2564
2026-03-20T19:21:28Z,ypostn,28.05865
2026-03-20T19:21:28Z,zpostn,-12.34975
2026-03-20T19:21:28Z,xlod,11
2026-03-20T19:21:28Z,ylod,12
2026-03-20T19:21:28Z,zlod,39
2026-03-20T19:21:28Z,fact,5.549778
2026-03-20T19:21:28Z,toolnum,5
2026-03-20T19:21:28Z,program,CDSDRYRUN
2026-03-20T19:21:29Z,xpostn,30.184
2026-03-20T19:21:29Z,ypostn,30.309
2026-03-20T19:21:29Z,zpostn,-6.4907
2026-03-20T19:21:29Z,xlod,7
2026-03-20T19:21:29Z,ylod,7
2026-03-20T19:21:29Z,zlod,71
2026-03-20T19:21:29Z,fact,49.998
2026-03-20T19:21:29Z,toolnum,5
2026-03-20T19:21:29Z,program,CDSDRYRUN
2026-03-20T19:21:30Z,xpostn,29.0594
2026-03-20T19:21:30Z,ypostn,-9.86945
2026-03-20T19:21:30Z,zpostn,6.063
2026-03-20T19:21:30Z,xlod,10
2026-03-20T19:21:30Z,ylod,22
2026-03-20T19:21:30Z,zlod,61
2026-03-20T19:21:30Z,fact,50.014666
2026-03-20T19:21:30Z,toolnum,5
2026-03-20T19:21:30Z,program,CDSDRYRUN
2026-03-20T19:21:31Z,xpostn,27.88805
2026-03-20T19:21:31Z,ypostn,-29.0667
2026-03-20T19:21:31Z,zpostn,-2.6805
2026-03-20T19:21:31Z,xlod,10
2026-03-20T19:21:31Z,ylod,8
2026-03-20T19:21:31Z,zlod,41
2026-03-20T19:21:31Z,fact,1.699932
2026-03-20T19:21:31Z,toolnum,5
2026-03-20T19:21:31Z,program,CDSDRYRUN
2026-03-20T19:21:32Z,xpostn,30.20795
2026-03-20T19:21:32Z,ypostn,-28.02305
2026-03-20T19:21:32Z,zpostn,-2.9077
2026-03-20T19:21:32Z,xlod,10
2026-03-20T19:21:32Z,ylod,13
2026-03-20T19:21:32Z,zlod,41
2026-03-20T19:21:32Z,fact,5.549778
2026-03-20T19:21:32Z,toolnum,5
2026-03-20T19:21:32Z,program,CDSDRYRUN
2026-03-20T19:21:33Z,xpostn,27.9957
2026-03-20T19:21:33Z,ypostn,-28.65315
2026-03-20T19:21:33Z,zpostn,-3.001
2026-03-20T19:21:33Z,xlod,10
2026-03-20T19:21:33Z,ylod,10
2026-03-20T19:21:33Z,zlod,38
2026-03-20T19:21:33Z,fact,5.549778
2026-03-20T19:21:33Z,toolnum,5
2026-03-20T19:21:33Z,program,CDSDRYRUN
2026-03-20T19:21:34Z,xpostn,30.81615
2026-03-20T19:21:34Z,ypostn,-29.02195
2026-03-20T19:21:34Z,zpostn,-3.19415
2026-03-20T19:21:34Z,xlod,10
2026-03-20T19:21:34Z,ylod,10
2026-03-20T19:21:34Z,zlod,38
2026-03-20T19:21:34Z,fact,5.549778
2026-03-20T19:21:34Z,toolnum,5
2026-03-20T19:21:34Z,program,CDSDRYRUN
2026-03-20T19:21:35Z,xpostn,28.8261
2026-03-20T19:21:35Z,ypostn,-30.6044
2026-03-20T19:21:35Z,zpostn,-3.41415
2026-03-20T19:21:35Z,xlod,10
2026-03-20T19:21:35Z,ylod,10
2026-03-20T19:21:35Z,zlod,38
2026-03-20T19:21:35Z,fact,5.549778
2026-03-20T19:21:35Z,toolnum,5
2026-03-20T19:21:35Z,program,CDSDRYRUN
2026-03-20T19:21:36Z,xpostn,28.40665
2026-03-20T19:21:36Z,ypostn,-28.0967
2026-03-20T19:21:36Z,zpostn,-3.6351
2026-03-20T19:21:36Z,xlod,10
2026-03-20T19:21:36Z,ylod,9
2026-03-20T19:21:36Z,zlod,38
2026-03-20T19:21:36Z,fact,5.549778
2026-03-20T19:21:36Z,toolnum,5
2026-03-20T19:21:36Z,program,CDSDRYRUN
2026-03-20T19:21:37Z,xpostn,30.5621
2026-03-20T19:21:37Z,ypostn,-28.37855
2026-03-20T19:21:37Z,zpostn,-3.8771
2026-03-20T19:21:37Z,xlod,10
2026-03-20T19:21:37Z,ylod,15
2026-03-20T19:21:37Z,zlod,38
2026-03-20T19:21:37Z,fact,5.549778
2026-03-20T19:21:37Z,toolnum,5
2026-03-20T19:21:37Z,program,CDSDRYRUN
2026-03-20T19:21:38Z,xpostn,28.26665
2026-03-20T19:21:38Z,ypostn,-28.23075
2026-03-20T19:21:38Z,zpostn,-3.971
2026-03-20T19:21:38Z,xlod,10
2026-03-20T19:21:38Z,ylod,10
2026-03-20T19:21:38Z,zlod,38
2026-03-20T19:21:38Z,fact,5.549778
2026-03-20T19:21:38Z,toolnum,5
2026-03-20T19:21:38Z,program,CDSDRYRUN
2026-03-20T19:21:39Z,xpostn,30.4405
2026-03-20T19:21:39Z,ypostn,-28.22765
2026-03-20T19:21:39Z,zpostn,-4.213
2026-03-20T19:21:39Z,xlod,13
2026-03-20T19:21:39Z,ylod,13
2026-03-20T19:21:39Z,zlod,38
2026-03-20T19:21:39Z,fact,5.549778
2026-03-20T19:21:39Z,toolnum,5
2026-03-20T19:21:39Z,program,CDSDRYRUN
2026-03-20T19:21:40Z,xpostn,29.7029
2026-03-20T19:21:40Z,ypostn,-30.6609
2026-03-20T19:21:40Z,zpostn,-4.4333
2026-03-20T19:21:40Z,xlod,10
2026-03-20T19:21:40Z,ylod,4
2026-03-20T19:21:40Z,zlod,38
2026-03-20T19:21:40Z,fact,5.549778
2026-03-20T19:21:40Z,toolnum,5
2026-03-20T19:21:40Z,program,CDSDRYRUN
2026-03-20T19:21:41Z,xpostn,27.9811
2026-03-20T19:21:41Z,ypostn,-28.68905
2026-03-20T19:21:41Z,zpostn,-4.6483
2026-03-20T19:21:41Z,xlod,10
2026-03-20T19:21:41Z,ylod,13
2026-03-20T19:21:41Z,zlod,38
2026-03-20T19:21:41Z,fact,5.549778
2026-03-20T19:21:41Z,toolnum,5
2026-03-20T19:21:41Z,program,CDSDRYRUN
2026-03-20T19:21:42Z,xpostn,30.4915
2026-03-20T19:21:42Z,ypostn,-28.2861
2026-03-20T19:21:42Z,zpostn,-4.86895
2026-03-20T19:21:42Z,xlod,13
2026-03-20T19:21:42Z,ylod,10
2026-03-20T19:21:42Z,zlod,38
2026-03-20T19:21:42Z,fact,5.549778
2026-03-20T19:21:42Z,toolnum,5
2026-03-20T19:21:42Z,program,CDSDRYRUN
2026-03-20T19:21:43Z,xpostn,28.10275
2026-03-20T19:21:43Z,ypostn,-28.44675
2026-03-20T19:21:43Z,zpostn,-4.96775
2026-03-20T19:21:43Z,xlod,9
2026-03-20T19:21:43Z,ylod,13
2026-03-20T19:21:43Z,zlod,38
2026-03-20T19:21:43Z,fact,5.549778
2026-03-20T19:21:43Z,toolnum,5
2026-03-20T19:21:43Z,program,CDSDRYRUN
2026-03-20T19:21:44Z,xpostn,30.71265
2026-03-20T19:21:44Z,ypostn,-28.64925
2026-03-20T19:21:44Z,zpostn,-5.18285
2026-03-20T19:21:44Z,xlod,9
2026-03-20T19:21:44Z,ylod,10
2026-03-20T19:21:44Z,zlod,38
2026-03-20T19:21:44Z,fact,5.549778
2026-03-20T19:21:44Z,toolnum,5
2026-03-20T19:21:44Z,program,CDSDRYRUN
2026-03-20T19:21:45Z,xpostn,29.2022
2026-03-20T19:21:45Z,ypostn,-30.6945
2026-03-20T19:21:45Z,zpostn,-5.40295
2026-03-20T19:21:45Z,xlod,9
2026-03-20T19:21:45Z,ylod,10
2026-03-20T19:21:45Z,zlod,38
2026-03-20T19:21:45Z,fact,5.549778
2026-03-20T19:21:45Z,toolnum,5
2026-03-20T19:21:45Z,program,CDSDRYRUN
2026-03-20T19:21:46Z,xpostn,28.24085
2026-03-20T19:21:46Z,ypostn,-28.2597
2026-03-20T19:21:46Z,zpostn,-5.61755
2026-03-20T19:21:46Z,xlod,9
2026-03-20T19:21:46Z,ylod,10
2026-03-20T19:21:46Z,zlod,38
2026-03-20T19:21:46Z,fact,5.549778
2026-03-20T19:21:46Z,toolnum,5
2026-03-20T19:21:46Z,program,CDSDRYRUN
2026-03-20T19:21:47Z,xpostn,30.78655
2026-03-20T19:21:47Z,ypostn,-28.8697
2026-03-20T19:21:47Z,zpostn,-5.8326
2026-03-20T19:21:47Z,xlod,9
2026-03-20T19:21:47Z,ylod,10
2026-03-20T19:21:47Z,zlod,38
2026-03-20T19:21:47Z,fact,5.549778
2026-03-20T19:21:47Z,toolnum,5
2026-03-20T19:21:47Z,program,CDSDRYRUN
2026-03-20T19:21:48Z,xpostn,28.30975
2026-03-20T19:21:48Z,ypostn,-30.26835
2026-03-20T19:21:48Z,zpostn,-6.02505
2026-03-20T19:21:48Z,xlod,9
2026-03-20T19:21:48Z,ylod,13
2026-03-20T19:21:48Z,zlod,38
2026-03-20T19:21:48Z,fact,5.549778
2026-03-20T19:21:48Z,toolnum,5
2026-03-20T19:21:48Z,program,CDSDRYRUN
2026-03-20T19:21:49Z,xpostn,28.95085
2026-03-20T19:21:49Z,ypostn,-27.80795
2026-03-20T19:21:49Z,zpostn,-6.246
2026-03-20T19:21:49Z,xlod,9
2026-03-20T19:21:49Z,ylod,9
2026-03-20T19:21:49Z,zlod,38
2026-03-20T19:21:49Z,fact,5.549778
2026-03-20T19:21:49Z,toolnum,5
2026-03-20T19:21:49Z,program,CDSDRYRUN
2026-03-20T19:21:50Z,xpostn,30.43015
2026-03-20T19:21:50Z,ypostn,-30.2375
2026-03-20T19:21:50Z,zpostn,-6.43845
2026-03-20T19:21:50Z,xlod,9
2026-03-20T19:21:50Z,ylod,12
2026-03-20T19:21:50Z,zlod,38
2026-03-20T19:21:50Z,fact,5.549778
2026-03-20T19:21:50Z,toolnum,5
2026-03-20T19:21:50Z,program,CDSDRYRUN
2026-03-20T19:21:51Z,xpostn,27.95
2026-03-20T19:21:51Z,ypostn,-29.67755
2026-03-20T19:21:51Z,zpostn,-6.65905
2026-03-20T19:21:51Z,xlod,9
2026-03-20T19:21:51Z,ylod,12
2026-03-20T19:21:51Z,zlod,38
2026-03-20T19:21:51Z,fact,5.549778
2026-03-20T19:21:51Z,toolnum,5
2026-03-20T19:21:51Z,program,CDSDRYRUN
2026-03-20T19:21:53Z,xpostn,30.63705
2026-03-20T19:21:53Z,ypostn,-29.9573
2026-03-20T19:21:53Z,zpostn,-6.7798
2026-03-20T19:21:53Z,xlod,9
2026-03-20T19:21:53Z,ylod,12
2026-03-20T19:21:53Z,zlod,38
2026-03-20T19:21:53Z,fact,5.549778
2026-03-20T19:21:53Z,toolnum,5
2026-03-20T19:21:53Z,program,CDSDRYRUN
2026-03-20T19:21:54Z,xpostn,28.51795
2026-03-20T19:21:54Z,ypostn,-30.44205
2026-03-20T19:21:54Z,zpostn,-7.02235
2026-03-20T19:21:54Z,xlod,9
2026-03-20T19:21:54Z,ylod,11
2026-03-20T19:21:54Z,zlod,38
2026-03-20T19:21:54Z,fact,5.549778
2026-03-20T19:21:54Z,toolnum,5
2026-03-20T19:21:54Z,program,CDSDRYRUN
2026-03-20T19:21:55Z,xpostn,28.698
2026-03-20T19:21:55Z,ypostn,-27.9059
2026-03-20T19:21:55Z,zpostn,-7.24265
2026-03-20T19:21:55Z,xlod,12
2026-03-20T19:21:55Z,ylod,10
2026-03-20T19:21:55Z,zlod,38
2026-03-20T19:21:55Z,fact,5.549778
2026-03-20T19:21:55Z,toolnum,5
2026-03-20T19:21:55Z,program,CDSDRYRUN
2026-03-20T19:21:56Z,xpostn,30.81395
2026-03-20T19:21:56Z,ypostn,-29.4471
2026-03-20T19:21:56Z,zpostn,-7.45705
2026-03-20T19:21:56Z,xlod,12
2026-03-20T19:21:56Z,ylod,10
2026-03-20T19:21:56Z,zlod,38
2026-03-20T19:21:56Z,fact,5.549778
2026-03-20T19:21:56Z,toolnum,5
2026-03-20T19:21:56Z,program,CDSDRYRUN
2026-03-20T19:21:57Z,xpostn,29.256
2026-03-20T19:21:57Z,ypostn,-27.75485
2026-03-20T19:21:57Z,zpostn,-7.55095
2026-03-20T19:21:57Z,xlod,12
2026-03-20T19:21:57Z,ylod,10
2026-03-20T19:21:57Z,zlod,38
2026-03-20T19:21:57Z,fact,5.549778
2026-03-20T19:21:57Z,toolnum,5
2026-03-20T19:21:57Z,program,CDSDRYRUN
2026-03-20T19:21:58Z,xpostn,30.6906
2026-03-20T19:21:58Z,ypostn,-29.854
2026-03-20T19:21:58Z,zpostn,-7.77185
2026-03-20T19:21:58Z,xlod,12
2026-03-20T19:21:58Z,ylod,10
2026-03-20T19:21:58Z,zlod,38
2026-03-20T19:21:58Z,fact,5.549778
2026-03-20T19:21:58Z,toolnum,5
2026-03-20T19:21:58Z,program,CDSDRYRUN
2026-03-20T19:21:59Z,xpostn,28.6163
2026-03-20T19:21:59Z,ypostn,-30.5042
2026-03-20T19:21:59Z,zpostn,-8.01385
2026-03-20T19:21:59Z,xlod,12
2026-03-20T19:21:59Z,ylod,12
2026-03-20T19:21:59Z,zlod,38
2026-03-20T19:21:59Z,fact,5.549778
2026-03-20T19:21:59Z,toolnum,5
2026-03-20T19:21:59Z,program,CDSDRYRUN
2026-03-20T19:22:00Z,xpostn,29.3335
2026-03-20T19:22:00Z,ypostn,-27.75165
2026-03-20T19:22:00Z,zpostn,-8.2066
2026-03-20T19:22:00Z,xlod,12
2026-03-20T19:22:00Z,ylod,12
2026-03-20T19:22:00Z,zlod,38
2026-03-20T19:22:00Z,fact,5.549778
2026-03-20T19:22:00Z,toolnum,5
2026-03-20T19:22:00Z,program,CDSDRYRUN
2026-03-20T19:22:01Z,xpostn,30.82675
2026-03-20T19:22:01Z,ypostn,-29.3315
2026-03-20T19:22:01Z,zpostn,-8.44915
2026-03-20T19:22:01Z,xlod,9
2026-03-20T19:22:01Z,ylod,12
2026-03-20T19:22:01Z,zlod,38
2026-03-20T19:22:01Z,fact,5.549778
2026-03-20T19:22:01Z,toolnum,5
2026-03-20T19:22:01Z,program,CDSDRYRUN
2026-03-20T19:22:02Z,xpostn,28.11535
2026-03-20T19:22:02Z,ypostn,-30.0272
2026-03-20T19:22:02Z,zpostn,-8.647
2026-03-20T19:22:02Z,xlod,9
2026-03-20T19:22:02Z,ylod,13
2026-03-20T19:22:02Z,zlod,38
2026-03-20T19:22:02Z,fact,5.549778
2026-03-20T19:22:02Z,toolnum,5
2026-03-20T19:22:02Z,program,CDSDRYRUN
2026-03-20T19:22:03Z,xpostn,29.41105
2026-03-20T19:22:03Z,ypostn,-27.75265
2026-03-20T19:22:03Z,zpostn,-8.8624
2026-03-20T19:22:03Z,xlod,13
2026-03-20T19:22:03Z,ylod,13
2026-03-20T19:22:03Z,zlod,38
2026-03-20T19:22:03Z,fact,5.549778
2026-03-20T19:22:03Z,toolnum,5
2026-03-20T19:22:03Z,program,CDSDRYRUN
2026-03-20T19:22:04Z,xpostn,28.23095
2026-03-20T19:22:04Z,ypostn,-30.18275
2026-03-20T19:22:04Z,zpostn,-8.98365
2026-03-20T19:22:04Z,xlod,13
2026-03-20T19:22:04Z,ylod,13
2026-03-20T19:22:04Z,zlod,38
2026-03-20T19:22:04Z,fact,5.549778
2026-03-20T19:22:04Z,toolnum,5
2026-03-20T19:22:04Z,program,CDSDRYRUN
2026-03-20T19:22:05Z,xpostn,29.21735
2026-03-20T19:22:05Z,ypostn,-27.75795
2026-03-20T19:22:05Z,zpostn,-9.1983
2026-03-20T19:22:05Z,xlod,12
2026-03-20T19:22:05Z,ylod,13
2026-03-20T19:22:05Z,zlod,38
2026-03-20T19:22:05Z,fact,5.549778
2026-03-20T19:22:05Z,toolnum,5
2026-03-20T19:22:05Z,program,CDSDRYRUN
2026-03-20T19:22:06Z,xpostn,30.7066
2026-03-20T19:22:06Z,ypostn,-29.8187
2026-03-20T19:22:06Z,zpostn,-9.4183
2026-03-20T19:22:06Z,xlod,9
2026-03-20T19:22:06Z,ylod,13
2026-03-20T19:22:06Z,zlod,38
2026-03-20T19:22:06Z,fact,5.549778
2026-03-20T19:22:06Z,toolnum,5
2026-03-20T19:22:06Z,program,CDSDRYRUN
2026-03-20T19:22:07Z,xpostn,28.09475
2026-03-20T19:22:07Z,ypostn,-29.99435
2026-03-20T19:22:07Z,zpostn,-9.6334
2026-03-20T19:22:07Z,xlod,12
2026-03-20T19:22:07Z,ylod,10
2026-03-20T19:22:07Z,zlod,38
2026-03-20T19:22:07Z,fact,5.549778
2026-03-20T19:22:07Z,toolnum,5
2026-03-20T19:22:07Z,program,CDSDRYRUN
2026-03-20T19:22:08Z,xpostn,29.7551
2026-03-20T19:22:08Z,ypostn,-27.80685
2026-03-20T19:22:08Z,zpostn,-9.837
2026-03-20T19:22:08Z,xlod,12
2026-03-20T19:22:08Z,ylod,10
2026-03-20T19:22:08Z,zlod,38
2026-03-20T19:22:08Z,fact,5.549778
2026-03-20T19:22:08Z,toolnum,5
2026-03-20T19:22:08Z,program,CDSDRYRUN
2026-03-20T19:22:09Z,xpostn,30.1633
2026-03-20T19:22:09Z,ypostn,-30.46135
2026-03-20T19:22:09Z,zpostn,-10.0461
2026-03-20T19:22:09Z,xlod,9
2026-03-20T19:22:09Z,ylod,15
2026-03-20T19:22:09Z,zlod,38
2026-03-20T19:22:09Z,fact,5.549778
2026-03-20T19:22:09Z,toolnum,5
2026-03-20T19:22:09Z,program,CDSDRYRUN
2026-03-20T19:22:10Z,xpostn,30.38645
2026-03-20T19:22:10Z,ypostn,-28.172
2026-03-20T19:22:10Z,zpostn,-10.13975
2026-03-20T19:22:10Z,xlod,12
2026-03-20T19:22:10Z,ylod,15
2026-03-20T19:22:10Z,zlod,38
2026-03-20T19:22:10Z,fact,5.549778
2026-03-20T19:22:10Z,toolnum,5
2026-03-20T19:22:10Z,program,CDSDRYRUN
2026-03-20T19:22:11Z,xpostn,29.77775
2026-03-20T19:22:11Z,ypostn,-30.6406
2026-03-20T19:22:11Z,zpostn,-10.3607
2026-03-20T19:22:11Z,xlod,12
2026-03-20T19:22:11Z,ylod,10
2026-03-20T19:22:11Z,zlod,38
2026-03-20T19:22:11Z,fact,5.549778
2026-03-20T19:22:11Z,toolnum,5
2026-03-20T19:22:11Z,program,CDSDRYRUN
2026-03-20T19:22:12Z,xpostn,27.91365
2026-03-20T19:22:12Z,ypostn,-28.91155
2026-03-20T19:22:12Z,zpostn,-10.58065
2026-03-20T19:22:12Z,xlod,9
2026-03-20T19:22:12Z,ylod,13
2026-03-20T19:22:12Z,zlod,38
2026-03-20T19:22:12Z,fact,5.549778
2026-03-20T19:22:12Z,toolnum,5
2026-03-20T19:22:12Z,program,CDSDRYRUN
2026-03-20T19:22:13Z,xpostn,30.4405
2026-03-20T19:22:13Z,ypostn,-28.22765
2026-03-20T19:22:13Z,zpostn,-10.7957
2026-03-20T19:22:13Z,xlod,13
2026-03-20T19:22:13Z,ylod,13
2026-03-20T19:22:13Z,zlod,38
2026-03-20T19:22:13Z,fact,5.549778
2026-03-20T19:22:13Z,toolnum,5
2026-03-20T19:22:13Z,program,CDSDRYRUN
2026-03-20T19:22:14Z,xpostn,30.25805
2026-03-20T19:22:14Z,ypostn,-30.39385
2026-03-20T19:22:14Z,zpostn,-11.038
2026-03-20T19:22:14Z,xlod,9
2026-03-20T19:22:14Z,ylod,13
2026-03-20T19:22:14Z,zlod,38
2026-03-20T19:22:14Z,fact,5.549778
2026-03-20T19:22:14Z,toolnum,5
2026-03-20T19:22:14Z,program,CDSDRYRUN
2026-03-20T19:22:15Z,xpostn,29.4498
2026-03-20T19:22:15Z,ypostn,-27.7546
2026-03-20T19:22:15Z,zpostn,-11.1645
2026-03-20T19:22:15Z,xlod,12
2026-03-20T19:22:15Z,ylod,13
2026-03-20T19:22:15Z,zlod,38
2026-03-20T19:22:15Z,fact,5.549778
2026-03-20T19:22:15Z,toolnum,5
2026-03-20T19:22:15Z,program,CDSDRYRUN
2026-03-20T19:22:16Z,xpostn,30.5064
2026-03-20T19:22:16Z,ypostn,-30.14965
2026-03-20T19:22:16Z,zpostn,-11.37945
2026-03-20T19:22:16Z,xlod,12
2026-03-20T19:22:16Z,ylod,10
2026-03-20T19:22:16Z,zlod,38
2026-03-20T19:22:16Z,fact,5.549778
2026-03-20T19:22:16Z,toolnum,5
2026-03-20T19:22:16Z,program,CDSDRYRUN
2026-03-20T19:22:17Z,xpostn,27.93865
2026-03-20T19:22:17Z,ypostn,-29.64045
2026-03-20T19:22:17Z,zpostn,-11.59385
2026-03-20T19:22:17Z,xlod,12
2026-03-20T19:22:17Z,ylod,10
2026-03-20T19:22:17Z,zlod,38
2026-03-20T19:22:17Z,fact,5.549778
2026-03-20T19:22:17Z,toolnum,5
2026-03-20T19:22:17Z,program,CDSDRYRUN
2026-03-20T19:22:18Z,xpostn,29.6799
2026-03-20T19:22:18Z,ypostn,-27.7878
2026-03-20T19:22:18Z,zpostn,-11.81475
2026-03-20T19:22:18Z,xlod,12
2026-03-20T19:22:18Z,ylod,13
2026-03-20T19:22:18Z,zlod,38
2026-03-20T19:22:18Z,fact,5.549778
2026-03-20T19:22:18Z,toolnum,5
2026-03-20T19:22:18Z,program,CDSDRYRUN
2026-03-20T19:22:19Z,xpostn,27.88685
2026-03-20T19:22:19Z,ypostn,-29.3743
2026-03-20T19:22:19Z,zpostn,-11.9141
2026-03-20T19:22:19Z,xlod,12
2026-03-20T19:22:19Z,ylod,13
2026-03-20T19:22:19Z,zlod,38
2026-03-20T19:22:19Z,fact,5.549778
2026-03-20T19:22:19Z,toolnum,5
2026-03-20T19:22:19Z,program,CDSDRYRUN
2026-03-20T19:22:20Z,xpostn,30.07685
2026-03-20T19:22:20Z,ypostn,-27.9402
2026-03-20T19:22:20Z,zpostn,-12.12855
2026-03-20T19:22:20Z,xlod,9
2026-03-20T19:22:20Z,ylod,13
2026-03-20T19:22:20Z,zlod,38
2026-03-20T19:22:20Z,fact,5.549778
2026-03-20T19:22:20Z,toolnum,5
2026-03-20T19:22:20Z,program,CDSDRYRUN
2026-03-20T19:22:21Z,xpostn,30.5759
2026-03-20T19:22:21Z,ypostn,-30.057
2026-03-20T19:22:21Z,zpostn,-12.3711
2026-03-20T19:22:21Z,xlod,10
2026-03-20T19:22:21Z,ylod,13
2026-03-20T19:22:21Z,zlod,38
2026-03-20T19:22:21Z,fact,13.949442
2026-03-20T19:22:21Z,toolnum,5
2026-03-20T19:22:21Z,program,CDSDRYRUN
2026-03-20T19:22:22Z,xpostn,30.279
2026-03-20T19:22:22Z,ypostn,-28.225
2026-03-20T19:22:22Z,zpostn,-6.66795
2026-03-20T19:22:22Z,xlod,7
2026-03-20T19:22:22Z,ylod,7
2026-03-20T19:22:22Z,zlod,70
2026-03-20T19:22:22Z,fact,10.649574
2026-03-20T19:22:22Z,toolnum,5
2026-03-20T19:22:22Z,program,CDSDRYRUN
2026-03-20T19:22:23Z,xpostn,-8.23385
2026-03-20T19:22:23Z,ypostn,-29.18675
2026-03-20T19:22:23Z,zpostn,6.063
2026-03-20T19:22:23Z,xlod,21
2026-03-20T19:22:23Z,ylod,12
2026-03-20T19:22:23Z,zlod,60
2026-03-20T19:22:23Z,fact,49.998
2026-03-20T19:22:23Z,toolnum,5
2026-03-20T19:22:23Z,program,CDSDRYRUN
2026-03-20T19:22:24Z,xpostn,-29.8097
2026-03-20T19:22:24Z,ypostn,-30.4327
2026-03-20T19:22:24Z,zpostn,-2.6347
2026-03-20T19:22:24Z,xlod,9
2026-03-20T19:22:24Z,ylod,11
2026-03-20T19:22:24Z,zlod,42
2026-03-20T19:22:24Z,fact,3.533192
2026-03-20T19:22:24Z,toolnum,5
2026-03-20T19:22:24Z,program,CDSDRYRUN
2026-03-20T19:22:25Z,xpostn,-29.9409
2026-03-20T19:22:25Z,ypostn,-27.8116
2026-03-20T19:22:25Z,zpostn,-2.8912
2026-03-20T19:22:25Z,xlod,9
2026-03-20T19:22:25Z,ylod,11
2026-03-20T19:22:25Z,zlod,39
2026-03-20T19:22:25Z,fact,5.549778
2026-03-20T19:22:25Z,toolnum,5
2026-03-20T19:22:25Z,program,CDSDRYRUN
2026-03-20T19:22:26Z,xpostn,-29.6369
2026-03-20T19:22:26Z,ypostn,-30.49675
2026-03-20T19:22:26Z,zpostn,-3.012
2026-03-20T19:22:26Z,xlod,9
2026-03-20T19:22:26Z,ylod,11
2026-03-20T19:22:26Z,zlod,39
2026-03-20T19:22:26Z,fact,5.549778
2026-03-20T19:22:26Z,toolnum,5
2026-03-20T19:22:26Z,program,CDSDRYRUN
2026-03-20T19:22:27Z,xpostn,-30.21925
2026-03-20T19:22:27Z,ypostn,-28.021
2026-03-20T19:22:27Z,zpostn,-3.23255
2026-03-20T19:22:27Z,xlod,12
2026-03-20T19:22:27Z,ylod,11
2026-03-20T19:22:27Z,zlod,39
2026-03-20T19:22:27Z,fact,5.549778
2026-03-20T19:22:27Z,toolnum,5
2026-03-20T19:22:27Z,program,CDSDRYRUN
2026-03-20T19:22:28Z,xpostn,-27.7761
2026-03-20T19:22:28Z,ypostn,-29.47925
2026-03-20T19:22:28Z,zpostn,-3.4252
2026-03-20T19:22:28Z,xlod,8
2026-03-20T19:22:28Z,ylod,11
2026-03-20T19:22:28Z,zlod,39
2026-03-20T19:22:28Z,fact,5.549778
2026-03-20T19:22:28Z,toolnum,5
2026-03-20T19:22:28Z,program,CDSDRYRUN
2026-03-20T19:22:30Z,xpostn,-30.3362
2026-03-20T19:22:30Z,ypostn,-30.028
2026-03-20T19:22:30Z,zpostn,-3.6406
2026-03-20T19:22:30Z,xlod,12
2026-03-20T19:22:30Z,ylod,11
2026-03-20T19:22:30Z,zlod,39
2026-03-20T19:22:30Z,fact,5.549778
2026-03-20T19:22:30Z,toolnum,5
2026-03-20T19:22:30Z,program,CDSDRYRUN
2026-03-20T19:22:31Z,xpostn,-29.4705
2026-03-20T19:22:31Z,ypostn,-27.6368
2026-03-20T19:22:31Z,zpostn,-3.8605
2026-03-20T19:22:31Z,xlod,12
2026-03-20T19:22:31Z,ylod,5
2026-03-20T19:22:31Z,zlod,39
2026-03-20T19:22:31Z,fact,5.549778
2026-03-20T19:22:31Z,toolnum,5
2026-03-20T19:22:31Z,program,CDSDRYRUN
2026-03-20T19:22:32Z,xpostn,-27.79865
2026-03-20T19:22:32Z,ypostn,-29.5535
2026-03-20T19:22:32Z,zpostn,-4.08095
2026-03-20T19:22:32Z,xlod,9
2026-03-20T19:22:32Z,ylod,12
2026-03-20T19:22:32Z,zlod,39
2026-03-20T19:22:32Z,fact,5.549778
2026-03-20T19:22:32Z,toolnum,5
2026-03-20T19:22:32Z,program,CDSDRYRUN
2026-03-20T19:22:33Z,xpostn,-29.8029
2026-03-20T19:22:33Z,ypostn,-27.7408
2026-03-20T19:22:33Z,zpostn,-4.20195
2026-03-20T19:22:33Z,xlod,9
2026-03-20T19:22:33Z,ylod,12
2026-03-20T19:22:33Z,zlod,39
2026-03-20T19:22:33Z,fact,5.549778
2026-03-20T19:22:33Z,toolnum,5
2026-03-20T19:22:33Z,program,CDSDRYRUN
2026-03-20T19:22:34Z,xpostn,-27.7497
2026-03-20T19:22:34Z,ypostn,-29.36595
2026-03-20T19:22:34Z,zpostn,-4.4168
2026-03-20T19:22:34Z,xlod,9
2026-03-20T19:22:34Z,ylod,12
2026-03-20T19:22:34Z,zlod,39
2026-03-20T19:22:34Z,fact,5.549778
2026-03-20T19:22:34Z,toolnum,5
2026-03-20T19:22:34Z,program,CDSDRYRUN
2026-03-20T19:22:35Z,xpostn,-30.1448
2026-03-20T19:22:35Z,ypostn,-30.22025
2026-03-20T19:22:35Z,zpostn,-4.63725
2026-03-20T19:22:35Z,xlod,9
2026-03-20T19:22:35Z,ylod,12
2026-03-20T19:22:35Z,zlod,39
2026-03-20T19:22:35Z,fact,5.549778
2026-03-20T19:22:35Z,toolnum,5
2026-03-20T19:22:35Z,program,CDSDRYRUN
2026-03-20T19:22:36Z,xpostn,-29.5839
2026-03-20T19:22:36Z,ypostn,-27.6627
2026-03-20T19:22:36Z,zpostn,-4.8525
2026-03-20T19:22:36Z,xlod,12
2026-03-20T19:22:36Z,ylod,6
2026-03-20T19:22:36Z,zlod,39
2026-03-20T19:22:36Z,fact,5.549778
2026-03-20T19:22:36Z,toolnum,5
2026-03-20T19:22:36Z,program,CDSDRYRUN
2026-03-20T19:22:37Z,xpostn,-29.98815
2026-03-20T19:22:37Z,ypostn,-30.33445
2026-03-20T19:22:37Z,zpostn,-4.97325
2026-03-20T19:22:37Z,xlod,12
2026-03-20T19:22:37Z,ylod,12
2026-03-20T19:22:37Z,zlod,39
2026-03-20T19:22:37Z,fact,5.549778
2026-03-20T19:22:37Z,toolnum,5
2026-03-20T19:22:37Z,program,CDSDRYRUN
2026-03-20T19:22:38Z,xpostn,-29.3168
2026-03-20T19:22:38Z,ypostn,-27.61635
2026-03-20T19:22:38Z,zpostn,-5.1719
2026-03-20T19:22:38Z,xlod,12
2026-03-20T19:22:38Z,ylod,12
2026-03-20T19:22:38Z,zlod,39
2026-03-20T19:22:38Z,fact,5.549778
2026-03-20T19:22:38Z,toolnum,5
2026-03-20T19:22:38Z,program,CDSDRYRUN
2026-03-20T19:22:39Z,xpostn,-27.72325
2026-03-20T19:22:39Z,ypostn,-29.096
2026-03-20T19:22:39Z,zpostn,-5.414
2026-03-20T19:22:39Z,xlod,12
2026-03-20T19:22:39Z,ylod,12
2026-03-20T19:22:39Z,zlod,39
2026-03-20T19:22:39Z,fact,5.549778
2026-03-20T19:22:39Z,toolnum,5
2026-03-20T19:22:39Z,program,CDSDRYRUN
2026-03-20T19:22:40Z,xpostn,-30.0526
2026-03-20T19:22:40Z,ypostn,-30.29125
2026-03-20T19:22:40Z,zpostn,-5.6285
2026-03-20T19:22:40Z,xlod,12
2026-03-20T19:22:40Z,ylod,9
2026-03-20T19:22:40Z,zlod,39
2026-03-20T19:22:40Z,fact,5.549778
2026-03-20T19:22:40Z,toolnum,5
2026-03-20T19:22:40Z,program,CDSDRYRUN
2026-03-20T19:22:41Z,xpostn,-29.8381
2026-03-20T19:22:41Z,ypostn,-27.75715
2026-03-20T19:22:41Z,zpostn,-5.8491
2026-03-20T19:22:41Z,xlod,11
2026-03-20T19:22:41Z,ylod,11
2026-03-20T19:22:41Z,zlod,39
2026-03-20T19:22:41Z,fact,5.549778
2026-03-20T19:22:41Z,toolnum,5
2026-03-20T19:22:41Z,program,CDSDRYRUN
2026-03-20T19:22:42Z,xpostn,-27.7429
2026-03-20T19:22:42Z,ypostn,-29.32775
2026-03-20T19:22:42Z,zpostn,-6.06375
2026-03-20T19:22:42Z,xlod,11
2026-03-20T19:22:42Z,ylod,11
2026-03-20T19:22:42Z,zlod,39
2026-03-20T19:22:42Z,fact,5.549778
2026-03-20T19:22:42Z,toolnum,5
2026-03-20T19:22:42Z,program,CDSDRYRUN
2026-03-20T19:22:43Z,xpostn,-30.57195
2026-03-20T19:22:43Z,ypostn,-29.62865
2026-03-20T19:22:43Z,zpostn,-6.25705
2026-03-20T19:22:43Z,xlod,8
2026-03-20T19:22:43Z,ylod,11
2026-03-20T19:22:43Z,zlod,39
2026-03-20T19:22:43Z,fact,5.549778
2026-03-20T19:22:43Z,toolnum,5
2026-03-20T19:22:43Z,program,CDSDRYRUN
2026-03-20T19:22:44Z,xpostn,-27.8718
2026-03-20T19:22:44Z,ypostn,-29.733
2026-03-20T19:22:44Z,zpostn,-6.3781
2026-03-20T19:22:44Z,xlod,8
2026-03-20T19:22:44Z,ylod,11
2026-03-20T19:22:44Z,zlod,39
2026-03-20T19:22:44Z,fact,5.549778
2026-03-20T19:22:44Z,toolnum,5
2026-03-20T19:22:44Z,program,CDSDRYRUN
2026-03-20T19:22:45Z,xpostn,-30.40675
2026-03-20T19:22:45Z,ypostn,-29.93545
2026-03-20T19:22:45Z,zpostn,-6.59845
2026-03-20T19:22:45Z,xlod,11
2026-03-20T19:22:45Z,ylod,10
2026-03-20T19:22:45Z,zlod,39
2026-03-20T19:22:45Z,fact,5.549778
2026-03-20T19:22:45Z,toolnum,5
2026-03-20T19:22:45Z,program,CDSDRYRUN
2026-03-20T19:22:46Z,xpostn,-29.20055
2026-03-20T19:22:46Z,ypostn,-27.6117
2026-03-20T19:22:46Z,zpostn,-6.81285
2026-03-20T19:22:46Z,xlod,11
2026-03-20T19:22:46Z,ylod,13
2026-03-20T19:22:46Z,zlod,39
2026-03-20T19:22:46Z,fact,5.549778
2026-03-20T19:22:46Z,toolnum,5
2026-03-20T19:22:46Z,program,CDSDRYRUN
2026-03-20T19:22:47Z,xpostn,-27.90755
2026-03-20T19:22:47Z,ypostn,-29.8019
2026-03-20T19:22:47Z,zpostn,-7.03335
2026-03-20T19:22:47Z,xlod,8
2026-03-20T19:22:47Z,ylod,13
2026-03-20T19:22:47Z,zlod,39
2026-03-20T19:22:47Z,fact,5.549778
2026-03-20T19:22:47Z,toolnum,5
2026-03-20T19:22:47Z,program,CDSDRYRUN
2026-03-20T19:22:48Z,xpostn,-30.525
2026-03-20T19:22:48Z,ypostn,-29.73515
2026-03-20T19:22:48Z,zpostn,-7.24815
2026-03-20T19:22:48Z,xlod,12
2026-03-20T19:22:48Z,ylod,11
2026-03-20T19:22:48Z,zlod,39
2026-03-20T19:22:48Z,fact,5.549778
2026-03-20T19:22:48Z,toolnum,5
2026-03-20T19:22:48Z,program,CDSDRYRUN
2026-03-20T19:22:49Z,xpostn,-27.8251
2026-03-20T19:22:49Z,ypostn,-29.62645
2026-03-20T19:22:49Z,zpostn,-7.3692
2026-03-20T19:22:49Z,xlod,9
2026-03-20T19:22:49Z,ylod,11
2026-03-20T19:22:49Z,zlod,39
2026-03-20T19:22:49Z,fact,5.549778
2026-03-20T19:22:49Z,toolnum,5
2026-03-20T19:22:49Z,program,CDSDRYRUN
2026-03-20T19:22:50Z,xpostn,-30.3362
2026-03-20T19:22:50Z,ypostn,-30.028
2026-03-20T19:22:50Z,zpostn,-7.5896
2026-03-20T19:22:50Z,xlod,13
2026-03-20T19:22:50Z,ylod,11
2026-03-20T19:22:50Z,zlod,39
2026-03-20T19:22:50Z,fact,5.549778
2026-03-20T19:22:50Z,toolnum,5
2026-03-20T19:22:50Z,program,CDSDRYRUN
2026-03-20T19:22:51Z,xpostn,-28.7059
2026-03-20T19:22:51Z,ypostn,-27.6966
2026-03-20T19:22:51Z,zpostn,-7.7829
2026-03-20T19:22:51Z,xlod,12
2026-03-20T19:22:51Z,ylod,14
2026-03-20T19:22:51Z,zlod,39
2026-03-20T19:22:51Z,fact,5.549778
2026-03-20T19:22:51Z,toolnum,5
2026-03-20T19:22:51Z,program,CDSDRYRUN
2026-03-20T19:22:52Z,xpostn,-27.8553
2026-03-20T19:22:52Z,ypostn,-29.6979
2026-03-20T19:22:52Z,zpostn,-8.0249
2026-03-20T19:22:52Z,xlod,7
2026-03-20T19:22:52Z,ylod,14
2026-03-20T19:22:52Z,zlod,39
2026-03-20T19:22:52Z,fact,5.549778
2026-03-20T19:22:52Z,toolnum,5
2026-03-20T19:22:52Z,program,CDSDRYRUN
2026-03-20T19:22:53Z,xpostn,-30.46985
2026-03-20T19:22:53Z,ypostn,-29.83765
2026-03-20T19:22:53Z,zpostn,-8.23955
2026-03-20T19:22:53Z,xlod,13
2026-03-20T19:22:53Z,ylod,15
2026-03-20T19:22:53Z,zlod,39
2026-03-20T19:22:53Z,fact,5.549778
2026-03-20T19:22:53Z,toolnum,5
2026-03-20T19:22:53Z,program,CDSDRYRUN
2026-03-20T19:22:54Z,xpostn,-29.23935
2026-03-20T19:22:54Z,ypostn,-27.6122
2026-03-20T19:22:54Z,zpostn,-8.46015
2026-03-20T19:22:54Z,xlod,12
2026-03-20T19:22:54Z,ylod,11
2026-03-20T19:22:54Z,zlod,39
2026-03-20T19:22:54Z,fact,5.549778
2026-03-20T19:22:54Z,toolnum,5
2026-03-20T19:22:54Z,program,CDSDRYRUN
2026-03-20T19:22:55Z,xpostn,-30.5857
2026-03-20T19:22:55Z,ypostn,-29.5924
2026-03-20T19:22:55Z,zpostn,-8.55895
2026-03-20T19:22:55Z,xlod,7
2026-03-20T19:22:55Z,ylod,16
2026-03-20T19:22:55Z,zlod,39
2026-03-20T19:22:55Z,fact,5.549778
2026-03-20T19:22:55Z,toolnum,5
2026-03-20T19:22:55Z,program,CDSDRYRUN
2026-03-20T19:22:56Z,xpostn,-28.81705
2026-03-20T19:22:56Z,ypostn,-27.6621
2026-03-20T19:22:56Z,zpostn,-8.77405
2026-03-20T19:22:56Z,xlod,10
2026-03-20T19:22:56Z,ylod,13
2026-03-20T19:22:56Z,zlod,39
2026-03-20T19:22:56Z,fact,5.549778
2026-03-20T19:22:56Z,toolnum,5
2026-03-20T19:22:56Z,program,CDSDRYRUN
2026-03-20T19:22:57Z,xpostn,-28.7954
2026-03-20T19:22:57Z,ypostn,-30.50715
2026-03-20T19:22:57Z,zpostn,-8.96715
2026-03-20T19:22:57Z,xlod,10
2026-03-20T19:22:57Z,ylod,7
2026-03-20T19:22:57Z,zlod,39
2026-03-20T19:22:57Z,fact,5.549778
2026-03-20T19:22:57Z,toolnum,5
2026-03-20T19:22:57Z,program,CDSDRYRUN
2026-03-20T19:22:58Z,xpostn,-30.64785
2026-03-20T19:22:58Z,ypostn,-29.36825
2026-03-20T19:22:58Z,zpostn,-9.20935
2026-03-20T19:22:58Z,xlod,1
2026-03-20T19:22:58Z,ylod,12
2026-03-20T19:22:58Z,zlod,39
2026-03-20T19:22:58Z,fact,5.549778
2026-03-20T19:22:58Z,toolnum,5
2026-03-20T19:22:58Z,program,CDSDRYRUN
2026-03-20T19:22:59Z,xpostn,-28.0998
2026-03-20T19:22:59Z,ypostn,-28.1029
2026-03-20T19:22:59Z,zpostn,-9.40185
2026-03-20T19:22:59Z,xlod,10
2026-03-20T19:22:59Z,ylod,12
2026-03-20T19:22:59Z,zlod,39
2026-03-20T19:22:59Z,fact,5.549778
2026-03-20T19:22:59Z,toolnum,5
2026-03-20T19:22:59Z,program,CDSDRYRUN
2026-03-20T19:23:00Z,xpostn,-28.31175
2026-03-20T19:23:00Z,ypostn,-30.26695
2026-03-20T19:23:00Z,zpostn,-9.6444
2026-03-20T19:23:00Z,xlod,10
2026-03-20T19:23:00Z,ylod,12
2026-03-20T19:23:00Z,zlod,39
2026-03-20T19:23:00Z,fact,5.549778
2026-03-20T19:23:00Z,toolnum,5
2026-03-20T19:23:00Z,program,CDSDRYRUN
2026-03-20T19:23:01Z,xpostn,-30.56575
2026-03-20T19:23:01Z,ypostn,-28.53055
2026-03-20T19:23:01Z,zpostn,-9.837
2026-03-20T19:23:01Z,xlod,10
2026-03-20T19:23:01Z,ylod,12
2026-03-20T19:23:01Z,zlod,39
2026-03-20T19:23:01Z,fact,5.549778
2026-03-20T19:23:01Z,toolnum,5
2026-03-20T19:23:01Z,program,CDSDRYRUN
2026-03-20T19:23:02Z,xpostn,-28.68485
2026-03-20T19:23:02Z,ypostn,-30.47095
2026-03-20T19:23:02Z,zpostn,-9.9583
2026-03-20T19:23:02Z,xlod,10
2026-03-20T19:23:02Z,ylod,12
2026-03-20T19:23:02Z,zlod,39
2026-03-20T19:23:02Z,fact,5.549778
2026-03-20T19:23:02Z,toolnum,5
2026-03-20T19:23:02Z,program,CDSDRYRUN
2026-03-20T19:23:03Z,xpostn,-30.65815
2026-03-20T19:23:03Z,ypostn,-28.86645
2026-03-20T19:23:03Z,zpostn,-10.1784
2026-03-20T19:23:03Z,xlod,10
2026-03-20T19:23:03Z,ylod,12
2026-03-20T19:23:03Z,zlod,39
2026-03-20T19:23:03Z,fact,5.549778
2026-03-20T19:23:03Z,toolnum,5
2026-03-20T19:23:03Z,program,CDSDRYRUN
2026-03-20T19:23:04Z,xpostn,-28.2986
2026-03-20T19:23:04Z,ypostn,-27.91835
2026-03-20T19:23:04Z,zpostn,-10.39935
2026-03-20T19:23:04Z,xlod,10
2026-03-20T19:23:04Z,ylod,12
2026-03-20T19:23:04Z,zlod,39
2026-03-20T19:23:04Z,fact,5.549778
2026-03-20T19:23:04Z,toolnum,5
2026-03-20T19:23:04Z,program,CDSDRYRUN
2026-03-20T19:23:05Z,xpostn,-28.75825
2026-03-20T19:23:05Z,ypostn,-30.49605
2026-03-20T19:23:05Z,zpostn,-10.61375
2026-03-20T19:23:05Z,xlod,10
2026-03-20T19:23:05Z,ylod,9
2026-03-20T19:23:05Z,zlod,39
2026-03-20T19:23:05Z,fact,5.549778
2026-03-20T19:23:05Z,toolnum,5
2026-03-20T19:23:05Z,program,CDSDRYRUN
2026-03-20T19:23:06Z,xpostn,-30.64455
2026-03-20T19:23:06Z,ypostn,-28.79005
2026-03-20T19:23:06Z,zpostn,-10.83415
2026-03-20T19:23:06Z,xlod,10
2026-03-20T19:23:06Z,ylod,12
2026-03-20T19:23:06Z,zlod,39
2026-03-20T19:23:06Z,fact,5.549778
2026-03-20T19:23:06Z,toolnum,5
2026-03-20T19:23:06Z,program,CDSDRYRUN
2026-03-20T19:23:08Z,xpostn,-29.17805
2026-03-20T19:23:08Z,ypostn,-30.5632
2026-03-20T19:23:08Z,zpostn,-10.92755
2026-03-20T19:23:08Z,xlod,10
2026-03-20T19:23:08Z,ylod,12
2026-03-20T19:23:08Z,zlod,39
2026-03-20T19:23:08Z,fact,5.549778
2026-03-20T19:23:08Z,toolnum,5
2026-03-20T19:23:08Z,program,CDSDRYRUN
2026-03-20T19:23:09Z,xpostn,-30.49975
2026-03-20T19:23:09Z,ypostn,-28.39015
2026-03-20T19:23:09Z,zpostn,-11.14805
2026-03-20T19:23:09Z,xlod,10
2026-03-20T19:23:09Z,ylod,12
2026-03-20T19:23:09Z,zlod,39
2026-03-20T19:23:09Z,fact,5.549778
2026-03-20T19:23:09Z,toolnum,5
2026-03-20T19:23:09Z,program,CDSDRYRUN
2026-03-20T19:23:10Z,xpostn,-27.95875
2026-03-20T19:23:10Z,ypostn,-28.28785
2026-03-20T19:23:10Z,zpostn,-11.3684
2026-03-20T19:23:10Z,xlod,13
2026-03-20T19:23:10Z,ylod,13
2026-03-20T19:23:10Z,zlod,39
2026-03-20T19:23:10Z,fact,5.549778
2026-03-20T19:23:10Z,toolnum,5
2026-03-20T19:23:10Z,program,CDSDRYRUN
2026-03-20T19:23:11Z,xpostn,-29.25565
2026-03-20T19:23:11Z,ypostn,-30.5622
2026-03-20T19:23:11Z,zpostn,-11.5828
2026-03-20T19:23:11Z,xlod,9
2026-03-20T19:23:11Z,ylod,10
2026-03-20T19:23:11Z,zlod,39
2026-03-20T19:23:11Z,fact,5.549778
2026-03-20T19:23:11Z,toolnum,5
2026-03-20T19:23:11Z,program,CDSDRYRUN
2026-03-20T19:23:12Z,xpostn,-30.4613
2026-03-20T19:23:12Z,ypostn,-28.3228
2026-03-20T19:23:12Z,zpostn,-11.8037
2026-03-20T19:23:12Z,xlod,13
2026-03-20T19:23:12Z,ylod,10
2026-03-20T19:23:12Z,zlod,39
2026-03-20T19:23:12Z,fact,5.549778
2026-03-20T19:23:12Z,toolnum,5
2026-03-20T19:23:12Z,program,CDSDRYRUN
2026-03-20T19:23:13Z,xpostn,-27.8485
2026-03-20T19:23:13Z,ypostn,-28.49265
2026-03-20T19:23:13Z,zpostn,-12.0184
2026-03-20T19:23:13Z,xlod,10
2026-03-20T19:23:13Z,ylod,10
2026-03-20T19:23:13Z,zlod,39
2026-03-20T19:23:13Z,fact,5.549778
2026-03-20T19:23:13Z,toolnum,5
2026-03-20T19:23:13Z,program,CDSDRYRUN
2026-03-20T19:23:14Z,xpostn,-30.55065
2026-03-20T19:23:14Z,ypostn,-28.4948
2026-03-20T19:23:14Z,zpostn,-12.1396
2026-03-20T19:23:14Z,xlod,10
2026-03-20T19:23:14Z,ylod,10
2026-03-20T19:23:14Z,zlod,39
2026-03-20T19:23:14Z,fact,5.549778
2026-03-20T19:23:14Z,toolnum,5
2026-03-20T19:23:14Z,program,CDSDRYRUN
2026-03-20T19:23:15Z,xpostn,-27.9383
2026-03-20T19:23:15Z,ypostn,-28.32175
2026-03-20T19:23:15Z,zpostn,-12.35455
2026-03-20T19:23:15Z,xlod,13
2026-03-20T19:23:15Z,ylod,13
2026-03-20T19:23:15Z,zlod,39
2026-03-20T19:23:15Z,fact,9.649614
2026-03-20T19:23:15Z,toolnum,5
2026-03-20T19:23:15Z,program,CDSDRYRUN
2026-03-20T19:23:16Z,xpostn,-30.092
2026-03-20T19:23:16Z,ypostn,-28.058
2026-03-20T19:23:16Z,zpostn,-5.24995
2026-03-20T19:23:16Z,xlod,9
2026-03-20T19:23:16Z,ylod,6
2026-03-20T19:23:16Z,zlod,72
2026-03-20T19:23:16Z,fact,30.032132
2026-03-20T19:23:16Z,toolnum,5
2026-03-20T19:23:16Z,program,CDSDRYRUN
2026-03-20T19:23:17Z,xpostn,-30.49385
2026-03-20T19:23:17Z,ypostn,13.3884
2026-03-20T19:23:17Z,zpostn,6.063
2026-03-20T19:23:17Z,xlod,13
2026-03-20T19:23:17Z,ylod,25
2026-03-20T19:23:17Z,zlod,56
2026-03-20T19:23:17Z,fact,49.998
2026-03-20T19:23:17Z,toolnum,5
2026-03-20T19:23:17Z,program,CDSDRYRUN
2026-03-20T19:23:18Z,xpostn,-29.5818
2026-03-20T19:23:18Z,ypostn,27.92405
2026-03-20T19:23:18Z,zpostn,-2.7016
2026-03-20T19:23:18Z,xlod,12
2026-03-20T19:23:18Z,ylod,11
2026-03-20T19:23:18Z,zlod,41
2026-03-20T19:23:18Z,fact,4.099836
2026-03-20T19:23:18Z,toolnum,5
2026-03-20T19:23:18Z,program,CDSDRYRUN
2026-03-20T19:23:19Z,xpostn,-27.6836
2026-03-20T19:23:19Z,ypostn,29.2247
2026-03-20T19:23:19Z,zpostn,-2.7955
2026-03-20T19:23:19Z,xlod,8
2026-03-20T19:23:19Z,ylod,11
2026-03-20T19:23:19Z,zlod,41
2026-03-20T19:23:19Z,fact,5.549778
2026-03-20T19:23:19Z,toolnum,5
2026-03-20T19:23:19Z,program,CDSDRYRUN
2026-03-20T19:23:20Z,xpostn,-29.96715
2026-03-20T19:23:20Z,ypostn,28.10435
2026-03-20T19:23:20Z,zpostn,-3.01545
2026-03-20T19:23:20Z,xlod,11
2026-03-20T19:23:20Z,ylod,11
2026-03-20T19:23:20Z,zlod,41
2026-03-20T19:23:20Z,fact,5.549778
2026-03-20T19:23:20Z,toolnum,5
2026-03-20T19:23:20Z,program,CDSDRYRUN
2026-03-20T19:23:21Z,xpostn,-29.6995
2026-03-20T19:23:21Z,ypostn,30.7092
2026-03-20T19:23:21Z,zpostn,-3.2305
2026-03-20T19:23:21Z,xlod,8
2026-03-20T19:23:21Z,ylod,7
2026-03-20T19:23:21Z,zlod,38
2026-03-20T19:23:21Z,fact,5.549778
2026-03-20T19:23:21Z,toolnum,5
2026-03-20T19:23:21Z,program,CDSDRYRUN
2026-03-20T19:23:22Z,xpostn,-27.9843
2026-03-20T19:23:22Z,ypostn,28.43845
2026-03-20T19:23:22Z,zpostn,-3.42315
2026-03-20T19:23:22Z,xlod,8
2026-03-20T19:23:22Z,ylod,10
2026-03-20T19:23:22Z,zlod,38
2026-03-20T19:23:22Z,fact,5.549778
2026-03-20T19:23:22Z,toolnum,5
2026-03-20T19:23:22Z,program,CDSDRYRUN
2026-03-20T19:23:23Z,xpostn,-30.15075
2026-03-20T19:23:23Z,ypostn,28.24715
2026-03-20T19:23:23Z,zpostn,-3.66615
2026-03-20T19:23:23Z,xlod,11
2026-03-20T19:23:23Z,ylod,10
2026-03-20T19:23:23Z,zlod,38
2026-03-20T19:23:23Z,fact,5.549778
2026-03-20T19:23:23Z,toolnum,5
2026-03-20T19:23:23Z,program,CDSDRYRUN
2026-03-20T19:23:24Z,xpostn,-29.62665
2026-03-20T19:23:24Z,ypostn,30.7359
2026-03-20T19:23:24Z,zpostn,-3.88605
2026-03-20T19:23:24Z,xlod,11
2026-03-20T19:23:24Z,ylod,9
2026-03-20T19:23:24Z,zlod,38
2026-03-20T19:23:24Z,fact,5.549778
2026-03-20T19:23:24Z,toolnum,5
2026-03-20T19:23:24Z,program,CDSDRYRUN
2026-03-20T19:23:25Z,xpostn,-28.03315
2026-03-20T19:23:25Z,ypostn,28.3781
2026-03-20T19:23:25Z,zpostn,-4.0789
2026-03-20T19:23:25Z,xlod,11
2026-03-20T19:23:25Z,ylod,12
2026-03-20T19:23:25Z,zlod,38
2026-03-20T19:23:25Z,fact,5.549778
2026-03-20T19:23:25Z,toolnum,5
2026-03-20T19:23:25Z,program,CDSDRYRUN
2026-03-20T19:23:26Z,xpostn,-29.2081
2026-03-20T19:23:26Z,ypostn,30.81205
2026-03-20T19:23:26Z,zpostn,-4.1999
2026-03-20T19:23:26Z,xlod,11
2026-03-20T19:23:26Z,ylod,12
2026-03-20T19:23:26Z,zlod,38
2026-03-20T19:23:26Z,fact,5.549778
2026-03-20T19:23:26Z,toolnum,5
2026-03-20T19:23:26Z,program,CDSDRYRUN
2026-03-20T19:23:27Z,xpostn,-28.1122
2026-03-20T19:23:27Z,ypostn,28.2927
2026-03-20T19:23:27Z,zpostn,-4.40375
2026-03-20T19:23:27Z,xlod,8
2026-03-20T19:23:27Z,ylod,12
2026-03-20T19:23:27Z,zlod,38
2026-03-20T19:23:27Z,fact,5.549778
2026-03-20T19:23:27Z,toolnum,5
2026-03-20T19:23:27Z,program,CDSDRYRUN
2026-03-20T19:23:28Z,xpostn,-30.62825
2026-03-20T19:23:28Z,ypostn,29.23605
2026-03-20T19:23:28Z,zpostn,-4.6131
2026-03-20T19:23:28Z,xlod,9
2026-03-20T19:23:28Z,ylod,12
2026-03-20T19:23:28Z,zlod,38
2026-03-20T19:23:28Z,fact,5.549778
2026-03-20T19:23:28Z,toolnum,5
2026-03-20T19:23:28Z,program,CDSDRYRUN
2026-03-20T19:23:29Z,xpostn,-29.1305
2026-03-20T19:23:29Z,ypostn,30.81275
2026-03-20T19:23:29Z,zpostn,-4.8559
2026-03-20T19:23:29Z,xlod,12
2026-03-20T19:23:29Z,ylod,12
2026-03-20T19:23:29Z,zlod,38
2026-03-20T19:23:29Z,fact,5.549778
2026-03-20T19:23:29Z,toolnum,5
2026-03-20T19:23:29Z,program,CDSDRYRUN
2026-03-20T19:23:30Z,xpostn,-28.2892
2026-03-20T19:23:30Z,ypostn,28.1418
2026-03-20T19:23:30Z,zpostn,-5.05395
2026-03-20T19:23:30Z,xlod,8
2026-03-20T19:23:30Z,ylod,12
2026-03-20T19:23:30Z,zlod,38
2026-03-20T19:23:30Z,fact,5.549778
2026-03-20T19:23:30Z,toolnum,5
2026-03-20T19:23:30Z,program,CDSDRYRUN
2026-03-20T19:23:31Z,xpostn,-30.6209
2026-03-20T19:23:31Z,ypostn,29.15885
2026-03-20T19:23:31Z,zpostn,-5.2741
2026-03-20T19:23:31Z,xlod,9
2026-03-20T19:23:31Z,ylod,12
2026-03-20T19:23:31Z,zlod,38
2026-03-20T19:23:31Z,fact,5.549778
2026-03-20T19:23:31Z,toolnum,5
2026-03-20T19:23:31Z,program,CDSDRYRUN
2026-03-20T19:23:32Z,xpostn,-28.8149
2026-03-20T19:23:32Z,ypostn,27.90075
2026-03-20T19:23:32Z,zpostn,-5.36225
2026-03-20T19:23:32Z,xlod,9
2026-03-20T19:23:32Z,ylod,1
2026-03-20T19:23:32Z,zlod,38
2026-03-20T19:23:32Z,fact,5.549778
2026-03-20T19:23:32Z,toolnum,5
2026-03-20T19:23:32Z,program,CDSDRYRUN
2026-03-20T19:23:33Z,xpostn,-30.5769
2026-03-20T19:23:33Z,ypostn,29.7354
2026-03-20T19:23:33Z,zpostn,-5.58255
2026-03-20T19:23:33Z,xlod,8
2026-03-20T19:23:33Z,ylod,13
2026-03-20T19:23:33Z,zlod,38
2026-03-20T19:23:33Z,fact,5.549778
2026-03-20T19:23:33Z,toolnum,5
2026-03-20T19:23:33Z,program,CDSDRYRUN
2026-03-20T19:23:34Z,xpostn,-28.6373
2026-03-20T19:23:34Z,ypostn,30.7189
2026-03-20T19:23:34Z,zpostn,-5.8251
2026-03-20T19:23:34Z,xlod,11
2026-03-20T19:23:34Z,ylod,13
2026-03-20T19:23:34Z,zlod,38
2026-03-20T19:23:34Z,fact,5.549778
2026-03-20T19:23:34Z,toolnum,5
2026-03-20T19:23:34Z,program,CDSDRYRUN
2026-03-20T19:23:35Z,xpostn,-28.3209
2026-03-20T19:23:35Z,ypostn,28.11945
2026-03-20T19:23:35Z,zpostn,-6.03955
2026-03-20T19:23:35Z,xlod,11
2026-03-20T19:23:35Z,ylod,14
2026-03-20T19:23:35Z,zlod,38
2026-03-20T19:23:35Z,fact,5.549778
2026-03-20T19:23:35Z,toolnum,5
2026-03-20T19:23:35Z,program,CDSDRYRUN
2026-03-20T19:23:36Z,xpostn,-30.4967
2026-03-20T19:23:36Z,ypostn,29.9537
2026-03-20T19:23:36Z,zpostn,-6.23285
2026-03-20T19:23:36Z,xlod,11
2026-03-20T19:23:36Z,ylod,14
2026-03-20T19:23:36Z,zlod,38
2026-03-20T19:23:36Z,fact,5.549778
2026-03-20T19:23:36Z,toolnum,5
2026-03-20T19:23:36Z,program,CDSDRYRUN
2026-03-20T19:23:37Z,xpostn,-27.966
2026-03-20T19:23:37Z,ypostn,30.2108
2026-03-20T19:23:37Z,zpostn,-6.4529
2026-03-20T19:23:37Z,xlod,14
2026-03-20T19:23:37Z,ylod,10
2026-03-20T19:23:37Z,zlod,38
2026-03-20T19:23:37Z,fact,5.549778
2026-03-20T19:23:37Z,toolnum,5
2026-03-20T19:23:37Z,program,CDSDRYRUN
2026-03-20T19:23:38Z,xpostn,-30.26515
2026-03-20T19:23:38Z,ypostn,30.31055
2026-03-20T19:23:38Z,zpostn,-6.5467
2026-03-20T19:23:38Z,xlod,10
2026-03-20T19:23:38Z,ylod,10
2026-03-20T19:23:38Z,zlod,38
2026-03-20T19:23:38Z,fact,5.549778
2026-03-20T19:23:38Z,toolnum,5
2026-03-20T19:23:38Z,program,CDSDRYRUN
2026-03-20T19:23:39Z,xpostn,-28.32775
2026-03-20T19:23:39Z,ypostn,30.55885
2026-03-20T19:23:39Z,zpostn,-6.79975
2026-03-20T19:23:39Z,xlod,13
2026-03-20T19:23:39Z,ylod,14
2026-03-20T19:23:39Z,zlod,38
2026-03-20T19:23:39Z,fact,5.549778
2026-03-20T19:23:39Z,toolnum,5
2026-03-20T19:23:39Z,program,CDSDRYRUN
2026-03-20T19:23:40Z,xpostn,-28.6296
2026-03-20T19:23:40Z,ypostn,27.95775
2026-03-20T19:23:40Z,zpostn,-7.0148
2026-03-20T19:23:40Z,xlod,9
2026-03-20T19:23:40Z,ylod,8
2026-03-20T19:23:40Z,zlod,38
2026-03-20T19:23:40Z,fact,5.549778
2026-03-20T19:23:40Z,toolnum,5
2026-03-20T19:23:40Z,program,CDSDRYRUN
2026-03-20T19:23:41Z,xpostn,-30.5869
2026-03-20T19:23:41Z,ypostn,29.6979
2026-03-20T19:23:41Z,zpostn,-7.22955
2026-03-20T19:23:41Z,xlod,9
2026-03-20T19:23:41Z,ylod,12
2026-03-20T19:23:41Z,zlod,38
2026-03-20T19:23:41Z,fact,5.549778
2026-03-20T19:23:41Z,toolnum,5
2026-03-20T19:23:41Z,program,CDSDRYRUN
2026-03-20T19:23:42Z,xpostn,-28.26465
2026-03-20T19:23:42Z,ypostn,30.51365
2026-03-20T19:23:42Z,zpostn,-7.455
2026-03-20T19:23:42Z,xlod,14
2026-03-20T19:23:42Z,ylod,12
2026-03-20T19:23:42Z,zlod,38
2026-03-20T19:23:42Z,fact,5.549778
2026-03-20T19:23:42Z,toolnum,5
2026-03-20T19:23:42Z,program,CDSDRYRUN
2026-03-20T19:23:43Z,xpostn,-28.8528
2026-03-20T19:23:43Z,ypostn,27.8923
2026-03-20T19:23:43Z,zpostn,-7.66485
2026-03-20T19:23:43Z,xlod,10
2026-03-20T19:23:43Z,ylod,9
2026-03-20T19:23:43Z,zlod,38
2026-03-20T19:23:43Z,fact,5.549778
2026-03-20T19:23:43Z,toolnum,5
2026-03-20T19:23:43Z,program,CDSDRYRUN
2026-03-20T19:23:44Z,xpostn,-28.1747
2026-03-20T19:23:44Z,ypostn,30.4398
2026-03-20T19:23:44Z,zpostn,-7.7808
2026-03-20T19:23:44Z,xlod,10
2026-03-20T19:23:44Z,ylod,9
2026-03-20T19:23:44Z,zlod,38
2026-03-20T19:23:44Z,fact,5.549778
2026-03-20T19:23:44Z,toolnum,5
2026-03-20T19:23:44Z,program,CDSDRYRUN
2026-03-20T19:23:45Z,xpostn,-28.66605
2026-03-20T19:23:45Z,ypostn,27.9444
2026-03-20T19:23:45Z,zpostn,-8.00075
2026-03-20T19:23:45Z,xlod,10
2026-03-20T19:23:45Z,ylod,8
2026-03-20T19:23:45Z,zlod,38
2026-03-20T19:23:45Z,fact,5.549778
2026-03-20T19:23:45Z,toolnum,5
2026-03-20T19:23:45Z,program,CDSDRYRUN
2026-03-20T19:23:47Z,xpostn,-30.29035
2026-03-20T19:23:47Z,ypostn,30.28105
2026-03-20T19:23:47Z,zpostn,-8.1936
2026-03-20T19:23:47Z,xlod,13
2026-03-20T19:23:47Z,ylod,12
2026-03-20T19:23:47Z,zlod,38
2026-03-20T19:23:47Z,fact,5.549778
2026-03-20T19:23:47Z,toolnum,5
2026-03-20T19:23:47Z,program,CDSDRYRUN
2026-03-20T19:23:48Z,xpostn,-27.7797
2026-03-20T19:23:48Z,ypostn,29.8717
2026-03-20T19:23:48Z,zpostn,-8.414
2026-03-20T19:23:48Z,xlod,10
2026-03-20T19:23:48Z,ylod,15
2026-03-20T19:23:48Z,zlod,38
2026-03-20T19:23:48Z,fact,5.549778
2026-03-20T19:23:48Z,toolnum,5
2026-03-20T19:23:48Z,program,CDSDRYRUN
2026-03-20T19:23:49Z,xpostn,-29.50695
2026-03-20T19:23:49Z,ypostn,27.90355
2026-03-20T19:23:49Z,zpostn,-8.6284
2026-03-20T19:23:49Z,xlod,10
2026-03-20T19:23:49Z,ylod,13
2026-03-20T19:23:49Z,zlod,38
2026-03-20T19:23:49Z,fact,5.549778
2026-03-20T19:23:49Z,toolnum,5
2026-03-20T19:23:49Z,program,CDSDRYRUN
2026-03-20T19:23:50Z,xpostn,-27.9434
2026-03-20T19:23:50Z,ypostn,30.1792
2026-03-20T19:23:50Z,zpostn,-8.7554
2026-03-20T19:23:50Z,xlod,16
2026-03-20T19:23:50Z,ylod,13
2026-03-20T19:23:50Z,zlod,38
2026-03-20T19:23:50Z,fact,5.549778
2026-03-20T19:23:50Z,toolnum,5
2026-03-20T19:23:50Z,program,CDSDRYRUN
2026-03-20T19:23:51Z,xpostn,-28.55785
2026-03-20T19:23:51Z,ypostn,27.9873
2026-03-20T19:23:51Z,zpostn,-8.99255
2026-03-20T19:23:51Z,xlod,11
2026-03-20T19:23:51Z,ylod,13
2026-03-20T19:23:51Z,zlod,38
2026-03-20T19:23:51Z,fact,5.549778
2026-03-20T19:23:51Z,toolnum,5
2026-03-20T19:23:51Z,program,CDSDRYRUN
2026-03-20T19:23:52Z,xpostn,-30.6258
2026-03-20T19:23:52Z,ypostn,29.4686
2026-03-20T19:23:52Z,zpostn,-9.2128
2026-03-20T19:23:52Z,xlod,11
2026-03-20T19:23:52Z,ylod,13
2026-03-20T19:23:52Z,zlod,38
2026-03-20T19:23:52Z,fact,5.549778
2026-03-20T19:23:52Z,toolnum,5
2026-03-20T19:23:52Z,program,CDSDRYRUN
2026-03-20T19:23:53Z,xpostn,-28.20405
2026-03-20T19:23:53Z,ypostn,30.4652
2026-03-20T19:23:53Z,zpostn,-9.42725
2026-03-20T19:23:53Z,xlod,11
2026-03-20T19:23:53Z,ylod,13
2026-03-20T19:23:53Z,zlod,38
2026-03-20T19:23:53Z,fact,5.549778
2026-03-20T19:23:53Z,toolnum,5
2026-03-20T19:23:53Z,program,CDSDRYRUN
2026-03-20T19:23:54Z,xpostn,-28.6296
2026-03-20T19:23:54Z,ypostn,27.95775
2026-03-20T19:23:54Z,zpostn,-9.6478
2026-03-20T19:23:54Z,xlod,11
2026-03-20T19:23:54Z,ylod,10
2026-03-20T19:23:54Z,zlod,38
2026-03-20T19:23:54Z,fact,5.549778
2026-03-20T19:23:54Z,toolnum,5
2026-03-20T19:23:54Z,program,CDSDRYRUN
2026-03-20T19:23:55Z,xpostn,-28.01355
2026-03-20T19:23:55Z,ypostn,30.2721
2026-03-20T19:23:55Z,zpostn,-9.74665
2026-03-20T19:23:55Z,xlod,11
2026-03-20T19:23:55Z,ylod,10
2026-03-20T19:23:55Z,zlod,38
2026-03-20T19:23:55Z,fact,5.549778
2026-03-20T19:23:55Z,toolnum,5
2026-03-20T19:23:55Z,program,CDSDRYRUN
2026-03-20T19:23:56Z,xpostn,-29.0448
2026-03-20T19:23:56Z,ypostn,27.86515
2026-03-20T19:23:56Z,zpostn,-9.9617
2026-03-20T19:23:56Z,xlod,11
2026-03-20T19:23:56Z,ylod,9
2026-03-20T19:23:56Z,zlod,38
2026-03-20T19:23:56Z,fact,5.549778
2026-03-20T19:23:56Z,toolnum,5
2026-03-20T19:23:56Z,program,CDSDRYRUN
2026-03-20T19:23:57Z,xpostn,-30.4967
2026-03-20T19:23:57Z,ypostn,29.9537
2026-03-20T19:23:57Z,zpostn,-10.18185
2026-03-20T19:23:57Z,xlod,11
2026-03-20T19:23:57Z,ylod,9
2026-03-20T19:23:57Z,zlod,38
2026-03-20T19:23:57Z,fact,5.549778
2026-03-20T19:23:57Z,toolnum,5
2026-03-20T19:23:57Z,program,CDSDRYRUN
2026-03-20T19:23:58Z,xpostn,-28.4266
2026-03-20T19:23:58Z,ypostn,30.62025
2026-03-20T19:23:58Z,zpostn,-10.42485
2026-03-20T19:23:58Z,xlod,11
2026-03-20T19:23:58Z,ylod,13
2026-03-20T19:23:58Z,zlod,38
2026-03-20T19:23:58Z,fact,5.549778
2026-03-20T19:23:58Z,toolnum,5
2026-03-20T19:23:58Z,program,CDSDRYRUN
2026-03-20T19:23:59Z,xpostn,-30.6209
2026-03-20T19:23:59Z,ypostn,29.15885
2026-03-20T19:23:59Z,zpostn,-10.5401
2026-03-20T19:23:59Z,xlod,11
2026-03-20T19:23:59Z,ylod,10
2026-03-20T19:23:59Z,zlod,38
2026-03-20T19:23:59Z,fact,5.549778
2026-03-20T19:23:59Z,toolnum,5
2026-03-20T19:23:59Z,program,CDSDRYRUN
2026-03-20T19:24:00Z,xpostn,-28.60115
2026-03-20T19:24:00Z,ypostn,30.70475
2026-03-20T19:24:00Z,zpostn,-10.7607
2026-03-20T19:24:00Z,xlod,11
2026-03-20T19:24:00Z,ylod,14
2026-03-20T19:24:00Z,zlod,38
2026-03-20T19:24:00Z,fact,5.549778
2026-03-20T19:24:00Z,toolnum,5
2026-03-20T19:24:00Z,program,CDSDRYRUN
2026-03-20T19:24:01Z,xpostn,-28.92915
2026-03-20T19:24:01Z,ypostn,27.8784
2026-03-20T19:24:01Z,zpostn,-10.9531
2026-03-20T19:24:01Z,xlod,11
2026-03-20T19:24:01Z,ylod,10
2026-03-20T19:24:01Z,zlod,38
2026-03-20T19:24:01Z,fact,5.549778
2026-03-20T19:24:01Z,toolnum,5
2026-03-20T19:24:01Z,program,CDSDRYRUN
2026-03-20T19:24:02Z,xpostn,-30.54115
2026-03-20T19:24:02Z,ypostn,29.84615
2026-03-20T19:24:02Z,zpostn,-11.1734
2026-03-20T19:24:02Z,xlod,11
2026-03-20T19:24:02Z,ylod,10
2026-03-20T19:24:02Z,zlod,38
2026-03-20T19:24:02Z,fact,5.549778
2026-03-20T19:24:02Z,toolnum,5
2026-03-20T19:24:02Z,program,CDSDRYRUN
2026-03-20T19:24:03Z,xpostn,-27.9434
2026-03-20T19:24:03Z,ypostn,30.1792
2026-03-20T19:24:03Z,zpostn,-11.3884
2026-03-20T19:24:03Z,xlod,16
2026-03-20T19:24:03Z,ylod,14
2026-03-20T19:24:03Z,zlod,38
2026-03-20T19:24:03Z,fact,5.549778
2026-03-20T19:24:03Z,toolnum,5
2026-03-20T19:24:03Z,program,CDSDRYRUN
2026-03-20T19:24:04Z,xpostn,-29.0061
2026-03-20T19:24:04Z,ypostn,27.86855
2026-03-20T19:24:04Z,zpostn,-11.60835
2026-03-20T19:24:04Z,xlod,11
2026-03-20T19:24:04Z,ylod,11
2026-03-20T19:24:04Z,zlod,38
2026-03-20T19:24:04Z,fact,5.549778
2026-03-20T19:24:04Z,toolnum,5
2026-03-20T19:24:04Z,program,CDSDRYRUN
2026-03-20T19:24:05Z,xpostn,-28.0643
2026-03-20T19:24:05Z,ypostn,30.3308
2026-03-20T19:24:05Z,zpostn,-11.7243
2026-03-20T19:24:05Z,xlod,11
2026-03-20T19:24:05Z,ylod,11
2026-03-20T19:24:05Z,zlod,38
2026-03-20T19:24:05Z,fact,5.549778
2026-03-20T19:24:05Z,toolnum,5
2026-03-20T19:24:05Z,program,CDSDRYRUN
2026-03-20T19:24:06Z,xpostn,-28.8149
2026-03-20T19:24:06Z,ypostn,27.90075
2026-03-20T19:24:06Z,zpostn,-11.94495
2026-03-20T19:24:06Z,xlod,11
2026-03-20T19:24:06Z,ylod,6
2026-03-20T19:24:06Z,zlod,38
2026-03-20T19:24:06Z,fact,5.549778
2026-03-20T19:24:06Z,toolnum,5
2026-03-20T19:24:06Z,program,CDSDRYRUN
2026-03-20T19:24:07Z,xpostn,-30.5769
2026-03-20T19:24:07Z,ypostn,29.7354
2026-03-20T19:24:07Z,zpostn,-12.16515
2026-03-20T19:24:07Z,xlod,9
2026-03-20T19:24:07Z,ylod,14
2026-03-20T19:24:07Z,zlod,38
2026-03-20T19:24:07Z,fact,5.549778
2026-03-20T19:24:07Z,toolnum,5
2026-03-20T19:24:07Z,program,CDSDRYRUN
2026-03-20T19:24:08Z,xpostn,-28.0126
2026-03-20T19:24:08Z,ypostn,30.2705
2026-03-20T19:24:08Z,zpostn,-12.38005
2026-03-20T19:24:08Z,xlod,14
2026-03-20T19:24:08Z,ylod,14
2026-03-20T19:24:08Z,zlod,38
2026-03-20T19:24:08Z,fact,14.616082
2026-03-20T19:24:08Z,toolnum,5
2026-03-20T19:24:08Z,program,CDSDRYRUN
2026-03-20T19:24:09Z,xpostn,-29.645
2026-03-20T19:24:09Z,ypostn,30.609
2026-03-20T19:24:09Z,zpostn,-4.34575
2026-03-20T19:24:09Z,xlod,7
2026-03-20T19:24:09Z,ylod,5
2026-03-20T19:24:09Z,zlod,70
2026-03-20T19:24:09Z,fact,7.399704
2026-03-20T19:24:09Z,toolnum,5
2026-03-20T19:24:09Z,program,CDSDRYRUN
2026-03-20T19:24:10Z,xpostn,-29.645
2026-03-20T19:24:10Z,ypostn,30.609
2026-03-20T19:24:10Z,zpostn,15
2026-03-20T19:24:10Z,xlod,7
2026-03-20T19:24:10Z,ylod,2
2026-03-20T19:24:10Z,zlod,63
2026-03-20T19:24:10Z,fact,0
2026-03-20T19:24:10Z,toolnum,5
2026-03-20T19:24:10Z,program,CDSDRYRUN
2026-03-20T19:24:11Z,xpostn,-29.645
2026-03-20T19:24:11Z,ypostn,30.609
2026-03-20T19:24:11Z,zpostn,172.77015
2026-03-20T19:24:11Z,xlod,7
2026-03-20T19:24:11Z,ylod,2
2026-03-20T19:24:11Z,zlod,103
2026-03-20T19:24:11Z,fact,49.998
2026-03-20T19:24:11Z,toolnum,5
2026-03-20T19:24:11Z,program,CDSDRYRUN
2026-03-20T19:24:12Z,xpostn,-29.645
2026-03-20T19:24:12Z,ypostn,30.609
2026-03-20T19:24:12Z,zpostn,235.2975
2026-03-20T19:24:12Z,xlod,7
2026-03-20T19:24:12Z,ylod,2
2026-03-20T19:24:12Z,zlod,69
2026-03-20T19:24:12Z,fact,49.998
2026-03-20T19:24:12Z,toolnum,5
2026-03-20T19:24:12Z,program,CDSDRYRUN
2026-03-20T19:24:13Z,xpostn,-29.645
2026-03-20T19:24:13Z,ypostn,30.609
2026-03-20T19:24:13Z,zpostn,292.14455
2026-03-20T19:24:13Z,xlod,7
2026-03-20T19:24:13Z,ylod,2
2026-03-20T19:24:13Z,zlod,69
2026-03-20T19:24:13Z,fact,49.998
2026-03-20T19:24:13Z,toolnum,5
2026-03-20T19:24:13Z,program,CDSDRYRUN
2026-03-20T19:24:14Z,xpostn,-29.645
2026-03-20T19:24:14Z,ypostn,30.609
2026-03-20T19:24:14Z,zpostn,353.25515
2026-03-20T19:24:14Z,xlod,7
2026-03-20T19:24:14Z,ylod,2
2026-03-20T19:24:14Z,zlod,69
2026-03-20T19:24:14Z,fact,49.998
2026-03-20T19:24:14Z,toolnum,5
2026-03-20T19:24:14Z,program,CDSDRYRUN
2026-03-20T19:24:15Z,xpostn,-29.645
2026-03-20T19:24:15Z,ypostn,30.609
2026-03-20T19:24:15Z,zpostn,378.83635
2026-03-20T19:24:15Z,xlod,7
2026-03-20T19:24:15Z,ylod,2
2026-03-20T19:24:15Z,zlod,74
2026-03-20T19:24:15Z,fact,15.466048
2026-03-20T19:24:15Z,toolnum,5
2026-03-20T19:24:15Z,program,CDSDRYRUN
2026-03-20T19:24:16Z,xpostn,15.3517
2026-03-20T19:24:16Z,ypostn,65.81645
2026-03-20T19:24:16Z,zpostn,383.07
2026-03-20T19:24:16Z,xlod,20
2026-03-20T19:24:16Z,ylod,20
2026-03-20T19:24:16Z,zlod,60
2026-03-20T19:24:16Z,fact,63.480794
2026-03-20T19:24:16Z,toolnum,5
2026-03-20T19:24:16Z,program,CDSDRYRUN
2026-03-20T19:24:17Z,xpostn,65.118
2026-03-20T19:24:17Z,ypostn,104.7558
2026-03-20T19:24:17Z,zpostn,383.07
2026-03-20T19:24:17Z,xlod,20
2026-03-20T19:24:17Z,ylod,20
2026-03-20T19:24:17Z,zlod,64
2026-03-20T19:24:17Z,fact,63.480794
2026-03-20T19:24:17Z,toolnum,5
2026-03-20T19:24:17Z,program,CDSDRYRUN
2026-03-20T19:24:18Z,xpostn,120.57185
2026-03-20T19:24:18Z,ypostn,148.1454
2026-03-20T19:24:18Z,zpostn,383.07
2026-03-20T19:24:18Z,xlod,20
2026-03-20T19:24:18Z,ylod,20
2026-03-20T19:24:18Z,zlod,64
2026-03-20T19:24:18Z,fact,63.480794
2026-03-20T19:24:18Z,toolnum,5
2026-03-20T19:24:18Z,program,CDSDRYRUN
2026-03-20T19:24:19Z,xpostn,177.44755
2026-03-20T19:24:19Z,ypostn,192.64755
2026-03-20T19:24:19Z,zpostn,383.07
2026-03-20T19:24:19Z,xlod,20
2026-03-20T19:24:19Z,ylod,20
2026-03-20T19:24:19Z,zlod,64
2026-03-20T19:24:19Z,fact,63.480794
2026-03-20T19:24:19Z,toolnum,5
2026-03-20T19:24:19Z,program,CDSDRYRUN
2026-03-20T19:24:20Z,xpostn,234.3233
2026-03-20T19:24:20Z,ypostn,237.14965
2026-03-20T19:24:20Z,zpostn,383.07
2026-03-20T19:24:20Z,xlod,20
2026-03-20T19:24:20Z,ylod,24
2026-03-20T19:24:20Z,zlod,64
2026-03-20T19:24:20Z,fact,63.480794
2026-03-20T19:24:20Z,toolnum,5
2026-03-20T19:24:20Z,program,CDSDRYRUN
2026-03-20T19:24:21Z,xpostn,250.468
2026-03-20T19:24:21Z,ypostn,249.782
2026-03-20T19:24:21Z,zpostn,226.933
2026-03-20T19:24:21Z,xlod,6
2026-03-20T19:24:21Z,ylod,3
2026-03-20T19:24:21Z,zlod,64
2026-03-20T19:24:21Z,fact,0
2026-03-20T19:24:21Z,toolnum,5
2026-03-20T19:24:21Z,program,CDSDRYRUN
2026-03-20T19:24:22Z,xpostn,250.468
2026-03-20T19:24:22Z,ypostn,249.782
2026-03-20T19:24:22Z,zpostn,226.933
2026-03-20T19:24:22Z,xlod,6
2026-03-20T19:24:22Z,ylod,3
2026-03-20T19:24:22Z,zlod,64
2026-03-20T19:24:22Z,fact,0
2026-03-20T19:24:22Z,toolnum,5
2026-03-20T19:24:22Z,program,CDSDRYRUN
2026-03-20T19:24:23Z,xpostn,250.468
2026-03-20T19:24:23Z,ypostn,249.782
2026-03-20T19:24:23Z,zpostn,226.933
2026-03-20T19:24:23Z,xlod,6
2026-03-20T19:24:23Z,ylod,3
2026-03-20T19:24:23Z,zlod,64
2026-03-20T19:24:23Z,fact,0
2026-03-20T19:24:23Z,toolnum,5
2026-03-20T19:24:23Z,program,CDSDRYRUN
2026-03-20T19:24:25Z,xpostn,250.468
2026-03-20T19:24:25Z,ypostn,249.782
2026-03-20T19:24:25Z,zpostn,226.933
2026-03-20T19:24:25Z,xlod,6
2026-03-20T19:24:25Z,ylod,3
2026-03-20T19:24:25Z,zlod,64
2026-03-20T19:24:25Z,fact,0
2026-03-20T19:24:25Z,toolnum,5
2026-03-20T19:24:25Z,program,CDSDRYRUN
2026-03-20T19:24:26Z,xpostn,250.468
2026-03-20T19:24:26Z,ypostn,249.782
2026-03-20T19:24:26Z,zpostn,226.933
2026-03-20T19:24:26Z,xlod,6
2026-03-20T19:24:26Z,ylod,3
2026-03-20T19:24:26Z,zlod,64
2026-03-20T19:24:26Z,fact,0
2026-03-20T19:24:26Z,toolnum,5
2026-03-20T19:24:26Z,program,CDSDRYRUN
